t,phase,cmd0,cmd1,cmd2,cmd3,cmd4,cmd5,act0,act1,act2,act3,act4,act5,clearance
0.01,settle,1.04732,-2.23214,2.02661,-1.36527,-1.57080,2.62751,1.04732,-2.23214,2.02661,-1.36527,-1.57080,2.62751,0.11070
0.02,settle,1.04732,-2.23214,2.02661,-1.36527,-1.57080,2.62751,1.04732,-2.23214,2.02661,-1.36527,-1.57080,2.62751,0.11070
0.03,settle,1.04732,-2.23214,2.02661,-1.36527,-1.57080,2.62751,1.04732,-2.23214,2.02661,-1.36527,-1.57080,2.62751,0.11070
0.04,settle,1.04732,-2.23214,2.02661,-1.36527,-1.57080,2.62751,1.04732,-2.23214,2.02661,-1.36527,-1.57080,2.62751,0.11070
0.05,settle,1.04732,-2.23214,2.02661,-1.36527,-1.57080,2.62751,1.04732,-2.23214,2.02661,-1.36527,-1.57080,2.62751,0.11070
0.06,settle,1.04732,-2.23214,2.02661,-1.36527,-1.57080,2.62751,1.04732,-2.23214,2.02661,-1.36527,-1.57080,2.62751,0.11070
0.07,settle,1.04732,-2.23214,2.02661,-1.36527,-1.57080,2.62751,1.04732,-2.23214,2.02661,-1.36527,-1.57080,2.62751,0.11070
0.08,settle,1.04732,-2.23214,2.02661,-1.36527,-1.57080,2.62751,1.04732,-2.23214,2.02661,-1.36527,-1.57080,2.62751,0.11070
0.09,settle,1.04732,-2.23214,2.02661,-1.36527,-1.57080,2.62751,1.04732,-2.23214,2.02661,-1.36527,-1.57080,2.62751,0.11070
0.10,settle,1.04732,-2.23214,2.02661,-1.36527,-1.57080,2.62751,1.04732,-2.23214,2.02661,-1.36527,-1.57080,2.62751,0.11070
0.11,settle,1.04732,-2.23214,2.02661,-1.36527,-1.57080,2.62751,1.04732,-2.23214,2.02661,-1.36527,-1.57080,2.62751,0.11070
0.12,settle,1.04732,-2.23214,2.02661,-1.36527,-1.57080,2.62751,1.04732,-2.23214,2.02661,-1.36527,-1.57080,2.62751,0.11070
0.13,settle,1.04732,-2.23214,2.02661,-1.36527,-1.57080,2.62751,1.04732,-2.23214,2.02661,-1.36527,-1.57080,2.62751,0.11070
0.14,settle,1.04732,-2.23214,2.02661,-1.36527,-1.57080,2.62751,1.04732,-2.23214,2.02661,-1.36527,-1.57080,2.62751,0.11070
0.15,settle,1.04732,-2.23214,2.02661,-1.36527,-1.57080,2.62751,1.04732,-2.23214,2.02661,-1.36527,-1.57080,2.62751,0.11070
0.16,settle,1.04732,-2.23214,2.02661,-1.36527,-1.57080,2.62751,1.04732,-2.23214,2.02661,-1.36527,-1.57080,2.62751,0.11070
0.17,settle,1.04732,-2.23214,2.02661,-1.36527,-1.57080,2.62751,1.04732,-2.23214,2.02661,-1.36527,-1.57080,2.62751,0.11070
0.18,settle,1.04732,-2.23214,2.02661,-1.36527,-1.57080,2.62751,1.04732,-2.23214,2.02661,-1.36527,-1.57080,2.62751,0.11070
0.19,settle,1.04732,-2.23214,2.02661,-1.36527,-1.57080,2.62751,1.04732,-2.23214,2.02661,-1.36527,-1.57080,2.62751,0.11070
0.20,settle,1.04732,-2.23214,2.02661,-1.36527,-1.57080,2.62751,1.04732,-2.23214,2.02661,-1.36527,-1.57080,2.62751,0.11070
0.21,settle,1.04732,-2.23214,2.02661,-1.36527,-1.57080,2.62751,1.04732,-2.23214,2.02661,-1.36527,-1.57080,2.62751,0.11070
0.22,settle,1.04732,-2.23214,2.02661,-1.36527,-1.57080,2.62751,1.04732,-2.23214,2.02661,-1.36527,-1.57080,2.62751,0.11070
0.23,settle,1.04732,-2.23214,2.02661,-1.36527,-1.57080,2.62751,1.04732,-2.23214,2.02661,-1.36527,-1.57080,2.62751,0.11070
0.24,settle,1.04732,-2.23214,2.02661,-1.36527,-1.57080,2.62751,1.04732,-2.23214,2.02661,-1.36527,-1.57080,2.62751,0.11070
0.25,settle,1.04732,-2.23214,2.02661,-1.36527,-1.57080,2.62751,1.04732,-2.23214,2.02661,-1.36527,-1.57080,2.62751,0.11070
0.26,settle,1.04732,-2.23214,2.02661,-1.36527,-1.57080,2.62751,1.04732,-2.23214,2.02661,-1.36527,-1.57080,2.62751,0.11070
0.27,settle,1.04732,-2.23214,2.02661,-1.36527,-1.57080,2.62751,1.04732,-2.23214,2.02661,-1.36527,-1.57080,2.62751,0.11070
0.28,settle,1.04732,-2.23214,2.02661,-1.36527,-1.57080,2.62751,1.04732,-2.23214,2.02661,-1.36527,-1.57080,2.62751,0.11070
0.29,settle,1.04732,-2.23214,2.02661,-1.36527,-1.57080,2.62751,1.04732,-2.23214,2.02661,-1.36527,-1.57080,2.62751,0.11070
0.30,settle,1.04732,-2.23214,2.02661,-1.36527,-1.57080,2.62751,1.04732,-2.23214,2.02661,-1.36527,-1.57080,2.62751,0.11070
0.31,settle,1.04732,-2.23214,2.02661,-1.36527,-1.57080,2.62751,1.04732,-2.23214,2.02661,-1.36527,-1.57080,2.62751,0.11070
0.32,settle,1.04732,-2.23214,2.02661,-1.36527,-1.57080,2.62751,1.04732,-2.23214,2.02661,-1.36527,-1.57080,2.62751,0.11070
0.33,settle,1.04732,-2.23214,2.02661,-1.36527,-1.57080,2.62751,1.04732,-2.23214,2.02661,-1.36527,-1.57080,2.62751,0.11070
0.34,settle,1.04732,-2.23214,2.02661,-1.36527,-1.57080,2.62751,1.04732,-2.23214,2.02661,-1.36527,-1.57080,2.62751,0.11070
0.35,settle,1.04732,-2.23214,2.02661,-1.36527,-1.57080,2.62751,1.04732,-2.23214,2.02661,-1.36527,-1.57080,2.62751,0.11070
0.36,settle,1.04732,-2.23214,2.02661,-1.36527,-1.57080,2.62751,1.04732,-2.23214,2.02661,-1.36527,-1.57080,2.62751,0.11070
0.37,settle,1.04732,-2.23214,2.02661,-1.36527,-1.57080,2.62751,1.04732,-2.23214,2.02661,-1.36527,-1.57080,2.62751,0.11070
0.38,settle,1.04732,-2.23214,2.02661,-1.36527,-1.57080,2.62751,1.04732,-2.23214,2.02661,-1.36527,-1.57080,2.62751,0.11070
0.39,settle,1.04732,-2.23214,2.02661,-1.36527,-1.57080,2.62751,1.04732,-2.23214,2.02661,-1.36527,-1.57080,2.62751,0.11070
0.40,settle,1.04732,-2.23214,2.02661,-1.36527,-1.57080,2.62751,1.04732,-2.23214,2.02661,-1.36527,-1.57080,2.62751,0.11070
0.41,settle,1.04732,-2.23214,2.02661,-1.36527,-1.57080,2.62751,1.04732,-2.23214,2.02661,-1.36527,-1.57080,2.62751,0.11070
0.42,settle,1.04732,-2.23214,2.02661,-1.36527,-1.57080,2.62751,1.04732,-2.23214,2.02661,-1.36527,-1.57080,2.62751,0.11070
0.43,settle,1.04732,-2.23214,2.02661,-1.36527,-1.57080,2.62751,1.04732,-2.23214,2.02661,-1.36527,-1.57080,2.62751,0.11070
0.44,settle,1.04732,-2.23214,2.02661,-1.36527,-1.57080,2.62751,1.04732,-2.23214,2.02661,-1.36527,-1.57080,2.62751,0.11070
0.45,settle,1.04732,-2.23214,2.02661,-1.36527,-1.57080,2.62751,1.04732,-2.23214,2.02661,-1.36527,-1.57080,2.62751,0.11070
0.46,settle,1.04732,-2.23214,2.02661,-1.36527,-1.57080,2.62751,1.04732,-2.23214,2.02661,-1.36527,-1.57080,2.62751,0.11070
0.47,settle,1.04732,-2.23214,2.02661,-1.36527,-1.57080,2.62751,1.04732,-2.23214,2.02661,-1.36527,-1.57080,2.62751,0.11070
0.48,settle,1.04732,-2.23214,2.02661,-1.36527,-1.57080,2.62751,1.04732,-2.23214,2.02661,-1.36527,-1.57080,2.62751,0.11070
0.49,settle,1.04732,-2.23214,2.02661,-1.36527,-1.57080,2.62751,1.04732,-2.23214,2.02661,-1.36527,-1.57080,2.62751,0.11070
0.50,settle,1.04732,-2.23214,2.02661,-1.36527,-1.57080,2.62751,1.04732,-2.23214,2.02661,-1.36527,-1.57080,2.62751,0.11070
0.51,test_close,1.04732,-2.23214,2.02661,-1.36527,-1.57080,2.62751,1.04732,-2.23214,2.02661,-1.36527,-1.57080,2.62751,0.11070
0.52,test_close,1.04732,-2.23214,2.02661,-1.36527,-1.57080,2.62751,1.04732,-2.23214,2.02661,-1.36527,-1.57080,2.62751,0.11070
0.53,test_close,1.04732,-2.23214,2.02661,-1.36527,-1.57080,2.62751,1.04732,-2.23214,2.02661,-1.36527,-1.57080,2.62751,0.11070
0.54,test_close,1.04732,-2.23214,2.02661,-1.36527,-1.57080,2.62751,1.04732,-2.23214,2.02661,-1.36527,-1.57080,2.62751,0.11070
0.55,test_close,1.04732,-2.23214,2.02661,-1.36527,-1.57080,2.62751,1.04732,-2.23214,2.02661,-1.36527,-1.57080,2.62751,0.11070
0.56,test_close,1.04732,-2.23214,2.02661,-1.36527,-1.57080,2.62751,1.04732,-2.23214,2.02661,-1.36527,-1.57080,2.62751,0.11070
0.57,test_close,1.04732,-2.23214,2.02661,-1.36527,-1.57080,2.62751,1.04732,-2.23214,2.02661,-1.36527,-1.57080,2.62751,0.11070
0.58,test_close,1.04732,-2.23214,2.02661,-1.36527,-1.57080,2.62751,1.04732,-2.23214,2.02661,-1.36527,-1.57080,2.62751,0.11070
0.59,test_close,1.04732,-2.23214,2.02661,-1.36527,-1.57080,2.62751,1.04732,-2.23214,2.02661,-1.36527,-1.57080,2.62751,0.11070
0.60,test_close,1.04732,-2.23214,2.02661,-1.36527,-1.57080,2.62751,1.04732,-2.23214,2.02661,-1.36527,-1.57080,2.62751,0.11070
0.61,test_close,1.04732,-2.23214,2.02661,-1.36527,-1.57080,2.62751,1.04732,-2.23214,2.02661,-1.36527,-1.57080,2.62751,0.11070
0.62,test_close,1.04732,-2.23214,2.02661,-1.36527,-1.57080,2.62751,1.04732,-2.23214,2.02661,-1.36527,-1.57080,2.62751,0.11070
0.63,test_close,1.04732,-2.23214,2.02661,-1.36527,-1.57080,2.62751,1.04732,-2.23214,2.02661,-1.36527,-1.57080,2.62751,0.11070
0.64,test_close,1.04732,-2.23214,2.02661,-1.36527,-1.57080,2.62751,1.04732,-2.23214,2.02661,-1.36527,-1.57080,2.62751,0.11070
0.65,test_close,1.04732,-2.23214,2.02661,-1.36527,-1.57080,2.62751,1.04732,-2.23214,2.02661,-1.36527,-1.57080,2.62751,0.11070
0.66,test_close,1.04732,-2.23214,2.02661,-1.36527,-1.57080,2.62751,1.04732,-2.23214,2.02661,-1.36527,-1.57080,2.62751,0.11070
0.67,test_close,1.04732,-2.23214,2.02661,-1.36527,-1.57080,2.62751,1.04732,-2.23214,2.02661,-1.36527,-1.57080,2.62751,0.11070
0.68,test_close,1.04732,-2.23214,2.02661,-1.36527,-1.57080,2.62751,1.04732,-2.23214,2.02661,-1.36527,-1.57080,2.62751,0.11070
0.69,test_close,1.04732,-2.23214,2.02661,-1.36527,-1.57080,2.62751,1.04732,-2.23214,2.02661,-1.36527,-1.57080,2.62751,0.11070
0.70,test_close,1.04732,-2.23214,2.02661,-1.36527,-1.57080,2.62751,1.04732,-2.23214,2.02661,-1.36527,-1.57080,2.62751,0.11070
0.71,test_close,1.04732,-2.23214,2.02661,-1.36527,-1.57080,2.62751,1.04732,-2.23214,2.02661,-1.36527,-1.57080,2.62751,0.11070
0.72,test_close,1.04732,-2.23214,2.02661,-1.36527,-1.57080,2.62751,1.04732,-2.23214,2.02661,-1.36527,-1.57080,2.62751,0.11070
0.73,test_close,1.04732,-2.23214,2.02661,-1.36527,-1.57080,2.62751,1.04732,-2.23214,2.02661,-1.36527,-1.57080,2.62751,0.11070
0.74,test_close,1.04732,-2.23214,2.02661,-1.36527,-1.57080,2.62751,1.04732,-2.23214,2.02661,-1.36527,-1.57080,2.62751,0.11070
0.75,test_close,1.04732,-2.23214,2.02661,-1.36527,-1.57080,2.62751,1.04732,-2.23214,2.02661,-1.36527,-1.57080,2.62751,0.11070
0.76,test_close,1.04732,-2.23214,2.02661,-1.36527,-1.57080,2.62751,1.04732,-2.23214,2.02661,-1.36527,-1.57080,2.62751,0.11070
0.77,test_close,1.04732,-2.23214,2.02661,-1.36527,-1.57080,2.62751,1.04732,-2.23214,2.02661,-1.36527,-1.57080,2.62751,0.11070
0.78,test_close,1.04732,-2.23214,2.02661,-1.36527,-1.57080,2.62751,1.04732,-2.23214,2.02661,-1.36527,-1.57080,2.62751,0.11070
0.79,test_close,1.04732,-2.23214,2.02661,-1.36527,-1.57080,2.62751,1.04732,-2.23214,2.02661,-1.36527,-1.57080,2.62751,0.11070
0.80,test_close,1.04732,-2.23214,2.02661,-1.36527,-1.57080,2.62751,1.04732,-2.23214,2.02661,-1.36527,-1.57080,2.62751,0.11070
0.81,test_close,1.04732,-2.23214,2.02661,-1.36527,-1.57080,2.62751,1.04732,-2.23214,2.02661,-1.36527,-1.57080,2.62751,0.11070
0.82,test_close,1.04732,-2.23214,2.02661,-1.36527,-1.57080,2.62751,1.04732,-2.23214,2.02661,-1.36527,-1.57080,2.62751,0.11070
0.83,test_close,1.04732,-2.23214,2.02661,-1.36527,-1.57080,2.62751,1.04732,-2.23214,2.02661,-1.36527,-1.57080,2.62751,0.11070
0.84,test_close,1.04732,-2.23214,2.02661,-1.36527,-1.57080,2.62751,1.04732,-2.23214,2.02661,-1.36527,-1.57080,2.62751,0.11070
0.85,test_close,1.04732,-2.23214,2.02661,-1.36527,-1.57080,2.62751,1.04732,-2.23214,2.02661,-1.36527,-1.57080,2.62751,0.11070
0.86,test_close,1.04732,-2.23214,2.02661,-1.36527,-1.57080,2.62751,1.04732,-2.23214,2.02661,-1.36527,-1.57080,2.62751,0.11070
0.87,test_close,1.04732,-2.23214,2.02661,-1.36527,-1.57080,2.62751,1.04732,-2.23214,2.02661,-1.36527,-1.57080,2.62751,0.11070
0.88,test_close,1.04732,-2.23214,2.02661,-1.36527,-1.57080,2.62751,1.04732,-2.23214,2.02661,-1.36527,-1.57080,2.62751,0.11070
0.89,test_close,1.04732,-2.23214,2.02661,-1.36527,-1.57080,2.62751,1.04732,-2.23214,2.02661,-1.36527,-1.57080,2.62751,0.11070
0.90,test_close,1.04732,-2.23214,2.02661,-1.36527,-1.57080,2.62751,1.04732,-2.23214,2.02661,-1.36527,-1.57080,2.62751,0.11070
0.91,test_close,1.04732,-2.23214,2.02661,-1.36527,-1.57080,2.62751,1.04732,-2.23214,2.02661,-1.36527,-1.57080,2.62751,0.11070
0.92,test_close,1.04732,-2.23214,2.02661,-1.36527,-1.57080,2.62751,1.04732,-2.23214,2.02661,-1.36527,-1.57080,2.62751,0.11070
0.93,test_close,1.04732,-2.23214,2.02661,-1.36527,-1.57080,2.62751,1.04732,-2.23214,2.02661,-1.36527,-1.57080,2.62751,0.11070
0.94,test_close,1.04732,-2.23214,2.02661,-1.36527,-1.57080,2.62751,1.04732,-2.23214,2.02661,-1.36527,-1.57080,2.62751,0.11070
0.95,test_close,1.04732,-2.23214,2.02661,-1.36527,-1.57080,2.62751,1.04732,-2.23214,2.02661,-1.36527,-1.57080,2.62751,0.11070
0.96,test_close,1.04732,-2.23214,2.02661,-1.36527,-1.57080,2.62751,1.04732,-2.23214,2.02661,-1.36527,-1.57080,2.62751,0.11070
0.97,test_close,1.04732,-2.23214,2.02661,-1.36527,-1.57080,2.62751,1.04732,-2.23214,2.02661,-1.36527,-1.57080,2.62751,0.11070
0.98,test_close,1.04732,-2.23214,2.02661,-1.36527,-1.57080,2.62751,1.04732,-2.23214,2.02661,-1.36527,-1.57080,2.62751,0.11070
0.99,test_close,1.04732,-2.23214,2.02661,-1.36527,-1.57080,2.62751,1.04732,-2.23214,2.02661,-1.36527,-1.57080,2.62751,0.11070
1.00,test_close,1.04732,-2.23214,2.02661,-1.36527,-1.57080,2.62751,1.04732,-2.23214,2.02661,-1.36527,-1.57080,2.62751,0.11070
1.01,test_close,1.04732,-2.23214,2.02661,-1.36527,-1.57080,2.62751,1.04732,-2.23214,2.02661,-1.36527,-1.57080,2.62751,0.11070
1.02,test_close,1.04732,-2.23214,2.02661,-1.36527,-1.57080,2.62751,1.04732,-2.23214,2.02661,-1.36527,-1.57080,2.62751,0.11070
1.03,test_close,1.04732,-2.23214,2.02661,-1.36527,-1.57080,2.62751,1.04732,-2.23214,2.02661,-1.36527,-1.57080,2.62751,0.11070
1.04,test_close,1.04732,-2.23214,2.02661,-1.36527,-1.57080,2.62751,1.04732,-2.23214,2.02661,-1.36527,-1.57080,2.62751,0.11070
1.05,test_close,1.04732,-2.23214,2.02661,-1.36527,-1.57080,2.62751,1.04732,-2.23214,2.02661,-1.36527,-1.57080,2.62751,0.11070
1.06,test_close,1.04732,-2.23214,2.02661,-1.36527,-1.57080,2.62751,1.04732,-2.23214,2.02661,-1.36527,-1.57080,2.62751,0.11070
1.07,test_close,1.04732,-2.23214,2.02661,-1.36527,-1.57080,2.62751,1.04732,-2.23214,2.02661,-1.36527,-1.57080,2.62751,0.11070
1.08,test_close,1.04732,-2.23214,2.02661,-1.36527,-1.57080,2.62751,1.04732,-2.23214,2.02661,-1.36527,-1.57080,2.62751,0.11070
1.09,test_close,1.04732,-2.23214,2.02661,-1.36527,-1.57080,2.62751,1.04732,-2.23214,2.02661,-1.36527,-1.57080,2.62751,0.11070
1.10,test_close,1.04732,-2.23214,2.02661,-1.36527,-1.57080,2.62751,1.04732,-2.23214,2.02661,-1.36527,-1.57080,2.62751,0.11070
1.11,test_close,1.04732,-2.23214,2.02661,-1.36527,-1.57080,2.62751,1.04732,-2.23214,2.02661,-1.36527,-1.57080,2.62751,0.11070
1.12,test_close,1.04732,-2.23214,2.02661,-1.36527,-1.57080,2.62751,1.04732,-2.23214,2.02661,-1.36527,-1.57080,2.62751,0.11070
1.13,test_close,1.04732,-2.23214,2.02661,-1.36527,-1.57080,2.62751,1.04732,-2.23214,2.02661,-1.36527,-1.57080,2.62751,0.11070
1.14,test_close,1.04732,-2.23214,2.02661,-1.36527,-1.57080,2.62751,1.04732,-2.23214,2.02661,-1.36527,-1.57080,2.62751,0.11070
1.15,test_close,1.04732,-2.23214,2.02661,-1.36527,-1.57080,2.62751,1.04732,-2.23214,2.02661,-1.36527,-1.57080,2.62751,0.11070
1.16,test_close,1.04732,-2.23214,2.02661,-1.36527,-1.57080,2.62751,1.04732,-2.23214,2.02661,-1.36527,-1.57080,2.62751,0.11070
1.17,test_close,1.04732,-2.23214,2.02661,-1.36527,-1.57080,2.62751,1.04732,-2.23214,2.02661,-1.36527,-1.57080,2.62751,0.11070
1.18,test_close,1.04732,-2.23214,2.02661,-1.36527,-1.57080,2.62751,1.04732,-2.23214,2.02661,-1.36527,-1.57080,2.62751,0.11070
1.19,test_close,1.04732,-2.23214,2.02661,-1.36527,-1.57080,2.62751,1.04732,-2.23214,2.02661,-1.36527,-1.57080,2.62751,0.11070
1.20,test_close,1.04732,-2.23214,2.02661,-1.36527,-1.57080,2.62751,1.04732,-2.23214,2.02661,-1.36527,-1.57080,2.62751,0.11070
1.21,test_close,1.04732,-2.23214,2.02661,-1.36527,-1.57080,2.62751,1.04732,-2.23214,2.02661,-1.36527,-1.57080,2.62751,0.11070
1.22,test_close,1.04732,-2.23214,2.02661,-1.36527,-1.57080,2.62751,1.04732,-2.23214,2.02661,-1.36527,-1.57080,2.62751,0.11070
1.23,test_close,1.04732,-2.23214,2.02661,-1.36527,-1.57080,2.62751,1.04732,-2.23214,2.02661,-1.36527,-1.57080,2.62751,0.11070
1.24,test_close,1.04732,-2.23214,2.02661,-1.36527,-1.57080,2.62751,1.04732,-2.23214,2.02661,-1.36527,-1.57080,2.62751,0.11070
1.25,test_close,1.04732,-2.23214,2.02661,-1.36527,-1.57080,2.62751,1.04732,-2.23214,2.02661,-1.36527,-1.57080,2.62751,0.11070
1.26,test_close,1.04732,-2.23214,2.02661,-1.36527,-1.57080,2.62751,1.04732,-2.23214,2.02661,-1.36527,-1.57080,2.62751,0.11070
1.27,test_close,1.04732,-2.23214,2.02661,-1.36527,-1.57080,2.62751,1.04732,-2.23214,2.02661,-1.36527,-1.57080,2.62751,0.11070
1.28,test_close,1.04732,-2.23214,2.02661,-1.36527,-1.57080,2.62751,1.04732,-2.23214,2.02661,-1.36527,-1.57080,2.62751,0.11070
1.29,test_close,1.04732,-2.23214,2.02661,-1.36527,-1.57080,2.62751,1.04732,-2.23214,2.02661,-1.36527,-1.57080,2.62751,0.11070
1.30,test_close,1.04732,-2.23214,2.02661,-1.36527,-1.57080,2.62751,1.04732,-2.23214,2.02661,-1.36527,-1.57080,2.62751,0.11070
1.31,test_open,1.04732,-2.23214,2.02661,-1.36527,-1.57080,2.62751,1.04732,-2.23214,2.02661,-1.36527,-1.57080,2.62751,0.11070
1.32,test_open,1.04732,-2.23214,2.02661,-1.36527,-1.57080,2.62751,1.04732,-2.23214,2.02661,-1.36527,-1.57080,2.62751,0.11070
1.33,test_open,1.04732,-2.23214,2.02661,-1.36527,-1.57080,2.62751,1.04732,-2.23214,2.02661,-1.36527,-1.57080,2.62751,0.11070
1.34,test_open,1.04732,-2.23214,2.02661,-1.36527,-1.57080,2.62751,1.04732,-2.23214,2.02661,-1.36527,-1.57080,2.62751,0.11070
1.35,test_open,1.04732,-2.23214,2.02661,-1.36527,-1.57080,2.62751,1.04732,-2.23214,2.02661,-1.36527,-1.57080,2.62751,0.11070
1.36,test_open,1.04732,-2.23214,2.02661,-1.36527,-1.57080,2.62751,1.04732,-2.23214,2.02661,-1.36527,-1.57080,2.62751,0.11070
1.37,test_open,1.04732,-2.23214,2.02661,-1.36527,-1.57080,2.62751,1.04732,-2.23214,2.02661,-1.36527,-1.57080,2.62751,0.11070
1.38,test_open,1.04732,-2.23214,2.02661,-1.36527,-1.57080,2.62751,1.04732,-2.23214,2.02661,-1.36527,-1.57080,2.62751,0.11070
1.39,test_open,1.04732,-2.23214,2.02661,-1.36527,-1.57080,2.62751,1.04732,-2.23214,2.02661,-1.36527,-1.57080,2.62751,0.11070
1.40,test_open,1.04732,-2.23214,2.02661,-1.36527,-1.57080,2.62751,1.04732,-2.23214,2.02661,-1.36527,-1.57080,2.62751,0.11070
1.41,test_open,1.04732,-2.23214,2.02661,-1.36527,-1.57080,2.62751,1.04732,-2.23214,2.02661,-1.36527,-1.57080,2.62751,0.11070
1.42,test_open,1.04732,-2.23214,2.02661,-1.36527,-1.57080,2.62751,1.04732,-2.23214,2.02661,-1.36527,-1.57080,2.62751,0.11070
1.43,test_open,1.04732,-2.23214,2.02661,-1.36527,-1.57080,2.62751,1.04732,-2.23214,2.02661,-1.36527,-1.57080,2.62751,0.11070
1.44,test_open,1.04732,-2.23214,2.02661,-1.36527,-1.57080,2.62751,1.04732,-2.23214,2.02661,-1.36527,-1.57080,2.62751,0.11070
1.45,test_open,1.04732,-2.23214,2.02661,-1.36527,-1.57080,2.62751,1.04732,-2.23214,2.02661,-1.36527,-1.57080,2.62751,0.11070
1.46,test_open,1.04732,-2.23214,2.02661,-1.36527,-1.57080,2.62751,1.04732,-2.23214,2.02661,-1.36527,-1.57080,2.62751,0.11070
1.47,test_open,1.04732,-2.23214,2.02661,-1.36527,-1.57080,2.62751,1.04732,-2.23214,2.02661,-1.36527,-1.57080,2.62751,0.11070
1.48,test_open,1.04732,-2.23214,2.02661,-1.36527,-1.57080,2.62751,1.04732,-2.23214,2.02661,-1.36527,-1.57080,2.62751,0.11070
1.49,test_open,1.04732,-2.23214,2.02661,-1.36527,-1.57080,2.62751,1.04732,-2.23214,2.02661,-1.36527,-1.57080,2.62751,0.11070
1.50,test_open,1.04732,-2.23214,2.02661,-1.36527,-1.57080,2.62751,1.04732,-2.23214,2.02661,-1.36527,-1.57080,2.62751,0.11070
1.51,test_open,1.04732,-2.23214,2.02661,-1.36527,-1.57080,2.62751,1.04732,-2.23214,2.02661,-1.36527,-1.57080,2.62751,0.11070
1.52,test_open,1.04732,-2.23214,2.02661,-1.36527,-1.57080,2.62751,1.04732,-2.23214,2.02661,-1.36527,-1.57080,2.62751,0.11070
1.53,test_open,1.04732,-2.23214,2.02661,-1.36527,-1.57080,2.62751,1.04732,-2.23214,2.02661,-1.36527,-1.57080,2.62751,0.11070
1.54,test_open,1.04732,-2.23214,2.02661,-1.36527,-1.57080,2.62751,1.04732,-2.23214,2.02661,-1.36527,-1.57080,2.62751,0.11070
1.55,test_open,1.04732,-2.23214,2.02661,-1.36527,-1.57080,2.62751,1.04732,-2.23214,2.02661,-1.36527,-1.57080,2.62751,0.11070
1.56,test_open,1.04732,-2.23214,2.02661,-1.36527,-1.57080,2.62751,1.04732,-2.23214,2.02661,-1.36527,-1.57080,2.62751,0.11070
1.57,test_open,1.04732,-2.23214,2.02661,-1.36527,-1.57080,2.62751,1.04732,-2.23214,2.02661,-1.36527,-1.57080,2.62751,0.11070
1.58,test_open,1.04732,-2.23214,2.02661,-1.36527,-1.57080,2.62751,1.04732,-2.23214,2.02661,-1.36527,-1.57080,2.62751,0.11070
1.59,test_open,1.04732,-2.23214,2.02661,-1.36527,-1.57080,2.62751,1.04732,-2.23214,2.02661,-1.36527,-1.57080,2.62751,0.11070
1.60,test_open,1.04732,-2.23214,2.02661,-1.36527,-1.57080,2.62751,1.04732,-2.23214,2.02661,-1.36527,-1.57080,2.62751,0.11070
1.61,test_open,1.04732,-2.23214,2.02661,-1.36527,-1.57080,2.62751,1.04732,-2.23214,2.02661,-1.36527,-1.57080,2.62751,0.11070
1.62,test_open,1.04732,-2.23214,2.02661,-1.36527,-1.57080,2.62751,1.04732,-2.23214,2.02661,-1.36527,-1.57080,2.62751,0.11070
1.63,test_open,1.04732,-2.23214,2.02661,-1.36527,-1.57080,2.62751,1.04732,-2.23214,2.02661,-1.36527,-1.57080,2.62751,0.11070
1.64,test_open,1.04732,-2.23214,2.02661,-1.36527,-1.57080,2.62751,1.04732,-2.23214,2.02661,-1.36527,-1.57080,2.62751,0.11070
1.65,test_open,1.04732,-2.23214,2.02661,-1.36527,-1.57080,2.62751,1.04732,-2.23214,2.02661,-1.36527,-1.57080,2.62751,0.11070
1.66,test_open,1.04732,-2.23214,2.02661,-1.36527,-1.57080,2.62751,1.04732,-2.23214,2.02661,-1.36527,-1.57080,2.62751,0.11070
1.67,test_open,1.04732,-2.23214,2.02661,-1.36527,-1.57080,2.62751,1.04732,-2.23214,2.02661,-1.36527,-1.57080,2.62751,0.11070
1.68,test_open,1.04732,-2.23214,2.02661,-1.36527,-1.57080,2.62751,1.04732,-2.23214,2.02661,-1.36527,-1.57080,2.62751,0.11070
1.69,test_open,1.04732,-2.23214,2.02661,-1.36527,-1.57080,2.62751,1.04732,-2.23214,2.02661,-1.36527,-1.57080,2.62751,0.11070
1.70,test_open,1.04732,-2.23214,2.02661,-1.36527,-1.57080,2.62751,1.04732,-2.23214,2.02661,-1.36527,-1.57080,2.62751,0.11070
1.71,test_open,1.04732,-2.23214,2.02661,-1.36527,-1.57080,2.62751,1.04732,-2.23214,2.02661,-1.36527,-1.57080,2.62751,0.11070
1.72,test_open,1.04732,-2.23214,2.02661,-1.36527,-1.57080,2.62751,1.04732,-2.23214,2.02661,-1.36527,-1.57080,2.62751,0.11070
1.73,test_open,1.04732,-2.23214,2.02661,-1.36527,-1.57080,2.62751,1.04732,-2.23214,2.02661,-1.36527,-1.57080,2.62751,0.11070
1.74,test_open,1.04732,-2.23214,2.02661,-1.36527,-1.57080,2.62751,1.04732,-2.23214,2.02661,-1.36527,-1.57080,2.62751,0.11070
1.75,test_open,1.04732,-2.23214,2.02661,-1.36527,-1.57080,2.62751,1.04732,-2.23214,2.02661,-1.36527,-1.57080,2.62751,0.11070
1.76,test_open,1.04732,-2.23214,2.02661,-1.36527,-1.57080,2.62751,1.04732,-2.23214,2.02661,-1.36527,-1.57080,2.62751,0.11070
1.77,test_open,1.04732,-2.23214,2.02661,-1.36527,-1.57080,2.62751,1.04732,-2.23214,2.02661,-1.36527,-1.57080,2.62751,0.11070
1.78,test_open,1.04732,-2.23214,2.02661,-1.36527,-1.57080,2.62751,1.04732,-2.23214,2.02661,-1.36527,-1.57080,2.62751,0.11070
1.79,test_open,1.04732,-2.23214,2.02661,-1.36527,-1.57080,2.62751,1.04732,-2.23214,2.02661,-1.36527,-1.57080,2.62751,0.11070
1.80,test_open,1.04732,-2.23214,2.02661,-1.36527,-1.57080,2.62751,1.04732,-2.23214,2.02661,-1.36527,-1.57080,2.62751,0.11070
1.81,test_open,1.04732,-2.23214,2.02661,-1.36527,-1.57080,2.62751,1.04732,-2.23214,2.02661,-1.36527,-1.57080,2.62751,0.11070
1.82,test_open,1.04732,-2.23214,2.02661,-1.36527,-1.57080,2.62751,1.04732,-2.23214,2.02661,-1.36527,-1.57080,2.62751,0.11070
1.83,test_open,1.04732,-2.23214,2.02661,-1.36527,-1.57080,2.62751,1.04732,-2.23214,2.02661,-1.36527,-1.57080,2.62751,0.11070
1.84,test_open,1.04732,-2.23214,2.02661,-1.36527,-1.57080,2.62751,1.04732,-2.23214,2.02661,-1.36527,-1.57080,2.62751,0.11070
1.85,test_open,1.04732,-2.23214,2.02661,-1.36527,-1.57080,2.62751,1.04732,-2.23214,2.02661,-1.36527,-1.57080,2.62751,0.11070
1.86,test_open,1.04732,-2.23214,2.02661,-1.36527,-1.57080,2.62751,1.04732,-2.23214,2.02661,-1.36527,-1.57080,2.62751,0.11070
1.87,test_open,1.04732,-2.23214,2.02661,-1.36527,-1.57080,2.62751,1.04732,-2.23214,2.02661,-1.36527,-1.57080,2.62751,0.11070
1.88,test_open,1.04732,-2.23214,2.02661,-1.36527,-1.57080,2.62751,1.04732,-2.23214,2.02661,-1.36527,-1.57080,2.62751,0.11070
1.89,test_open,1.04732,-2.23214,2.02661,-1.36527,-1.57080,2.62751,1.04732,-2.23214,2.02661,-1.36527,-1.57080,2.62751,0.11070
1.90,test_open,1.04732,-2.23214,2.02661,-1.36527,-1.57080,2.62751,1.04732,-2.23214,2.02661,-1.36527,-1.57080,2.62751,0.11070
1.91,test_open,1.04732,-2.23214,2.02661,-1.36527,-1.57080,2.62751,1.04732,-2.23214,2.02661,-1.36527,-1.57080,2.62751,0.11070
1.92,test_open,1.04732,-2.23214,2.02661,-1.36527,-1.57080,2.62751,1.04732,-2.23214,2.02661,-1.36527,-1.57080,2.62751,0.11070
1.93,test_open,1.04732,-2.23214,2.02661,-1.36527,-1.57080,2.62751,1.04732,-2.23214,2.02661,-1.36527,-1.57080,2.62751,0.11070
1.94,test_open,1.04732,-2.23214,2.02661,-1.36527,-1.57080,2.62751,1.04732,-2.23214,2.02661,-1.36527,-1.57080,2.62751,0.11070
1.95,test_open,1.04732,-2.23214,2.02661,-1.36527,-1.57080,2.62751,1.04732,-2.23214,2.02661,-1.36527,-1.57080,2.62751,0.11070
1.96,test_open,1.04732,-2.23214,2.02661,-1.36527,-1.57080,2.62751,1.04732,-2.23214,2.02661,-1.36527,-1.57080,2.62751,0.11070
1.97,test_open,1.04732,-2.23214,2.02661,-1.36527,-1.57080,2.62751,1.04732,-2.23214,2.02661,-1.36527,-1.57080,2.62751,0.11070
1.98,test_open,1.04732,-2.23214,2.02661,-1.36527,-1.57080,2.62751,1.04732,-2.23214,2.02661,-1.36527,-1.57080,2.62751,0.11070
1.99,test_open,1.04732,-2.23214,2.02661,-1.36527,-1.57080,2.62751,1.04732,-2.23214,2.02661,-1.36527,-1.57080,2.62751,0.11070
2.00,test_open,1.04732,-2.23214,2.02661,-1.36527,-1.57080,2.62751,1.04732,-2.23214,2.02661,-1.36527,-1.57080,2.62751,0.11070
2.01,test_open,1.04732,-2.23214,2.02661,-1.36527,-1.57080,2.62751,1.04732,-2.23214,2.02661,-1.36527,-1.57080,2.62751,0.11070
2.02,test_open,1.04732,-2.23214,2.02661,-1.36527,-1.57080,2.62751,1.04732,-2.23214,2.02661,-1.36527,-1.57080,2.62751,0.11070
2.03,test_open,1.04732,-2.23214,2.02661,-1.36527,-1.57080,2.62751,1.04732,-2.23214,2.02661,-1.36527,-1.57080,2.62751,0.11070
2.04,test_open,1.04732,-2.23214,2.02661,-1.36527,-1.57080,2.62751,1.04732,-2.23214,2.02661,-1.36527,-1.57080,2.62751,0.11070
2.05,test_open,1.04732,-2.23214,2.02661,-1.36527,-1.57080,2.62751,1.04732,-2.23214,2.02661,-1.36527,-1.57080,2.62751,0.11070
2.06,test_open,1.04732,-2.23214,2.02661,-1.36527,-1.57080,2.62751,1.04732,-2.23214,2.02661,-1.36527,-1.57080,2.62751,0.11070
2.07,test_open,1.04732,-2.23214,2.02661,-1.36527,-1.57080,2.62751,1.04732,-2.23214,2.02661,-1.36527,-1.57080,2.62751,0.11070
2.08,test_open,1.04732,-2.23214,2.02661,-1.36527,-1.57080,2.62751,1.04732,-2.23214,2.02661,-1.36527,-1.57080,2.62751,0.11070
2.09,test_open,1.04732,-2.23214,2.02661,-1.36527,-1.57080,2.62751,1.04732,-2.23214,2.02661,-1.36527,-1.57080,2.62751,0.11070
2.10,test_open,1.04732,-2.23214,2.02661,-1.36527,-1.57080,2.62751,1.04732,-2.23214,2.02661,-1.36527,-1.57080,2.62751,0.11070
2.11,pregrasp,1.04439,-2.23197,2.01941,-1.36665,-1.56625,2.62844,1.04712,-2.23208,2.02619,-1.36537,-1.57026,2.62762,0.11070
2.12,pregrasp,1.04146,-2.23181,2.01221,-1.36803,-1.56170,2.62938,1.04659,-2.23195,2.02505,-1.36561,-1.56926,2.62782,0.11070
2.13,pregrasp,1.03853,-2.23164,2.00501,-1.36941,-1.55715,2.63031,1.04576,-2.23179,2.02319,-1.36599,-1.56783,2.62812,0.11070
2.14,pregrasp,1.03560,-2.23148,1.99781,-1.37079,-1.55260,2.63125,1.04467,-2.23161,2.02066,-1.36649,-1.56605,2.62848,0.11070
2.15,pregrasp,1.03267,-2.23131,1.99061,-1.37217,-1.54805,2.63218,1.04335,-2.23143,2.01755,-1.36710,-1.56393,2.62892,0.11070
2.16,pregrasp,1.02974,-2.23115,1.98341,-1.37355,-1.54350,2.63312,1.04183,-2.23125,2.01392,-1.36781,-1.56154,2.62941,0.11070
2.17,pregrasp,1.02682,-2.23098,1.97621,-1.37493,-1.53894,2.63405,1.04013,-2.23109,2.00984,-1.36860,-1.55889,2.62995,0.11070
2.18,pregrasp,1.02389,-2.23082,1.96901,-1.37631,-1.53439,2.63499,1.03828,-2.23093,2.00536,-1.36946,-1.55601,2.63054,0.11070
2.19,pregrasp,1.02096,-2.23065,1.96181,-1.37769,-1.52984,2.63592,1.03630,-2.23078,2.00054,-1.37039,-1.55294,2.63117,0.11070
2.20,pregrasp,1.01803,-2.23049,1.95461,-1.37907,-1.52529,2.63686,1.03420,-2.23064,1.99541,-1.37138,-1.54970,2.63184,0.11070
2.21,pregrasp,1.01510,-2.23032,1.94741,-1.38045,-1.52074,2.63779,1.03200,-2.23050,1.99001,-1.37241,-1.54630,2.63254,0.11070
2.22,pregrasp,1.01217,-2.23016,1.94021,-1.38183,-1.51619,2.63873,1.02972,-2.23036,1.98439,-1.37349,-1.54277,2.63326,0.11070
2.23,pregrasp,1.00924,-2.22999,1.93301,-1.38321,-1.51164,2.63966,1.02735,-2.23022,1.97856,-1.37460,-1.53912,2.63402,0.11070
2.24,pregrasp,1.00631,-2.22983,1.92581,-1.38459,-1.50709,2.64060,1.02491,-2.23009,1.97256,-1.37575,-1.53536,2.63479,0.11070
2.25,pregrasp,1.00338,-2.22966,1.91861,-1.38597,-1.50254,2.64153,1.02241,-2.22995,1.96641,-1.37693,-1.53151,2.63558,0.11070
2.26,pregrasp,1.00045,-2.22950,1.91141,-1.38735,-1.49799,2.64246,1.01986,-2.22982,1.96012,-1.37813,-1.52758,2.63639,0.11070
2.27,pregrasp,0.99752,-2.22933,1.90421,-1.38873,-1.49344,2.64340,1.01726,-2.22968,1.95371,-1.37935,-1.52358,2.63721,0.11070
2.28,pregrasp,0.99459,-2.22917,1.89701,-1.39011,-1.48889,2.64433,1.01462,-2.22954,1.94721,-1.38060,-1.51951,2.63805,0.11070
2.29,pregrasp,0.99166,-2.22900,1.88981,-1.39149,-1.48434,2.64527,1.01195,-2.22940,1.94061,-1.38186,-1.51538,2.63889,0.11070
2.30,pregrasp,0.98873,-2.22884,1.88261,-1.39287,-1.47979,2.64620,1.00924,-2.22926,1.93394,-1.38313,-1.51121,2.63975,0.11070
2.31,pregrasp,0.98580,-2.22867,1.87541,-1.39425,-1.47524,2.64714,1.00651,-2.22911,1.92720,-1.38442,-1.50699,2.64062,0.11070
2.32,pregrasp,0.98287,-2.22851,1.86821,-1.39563,-1.47069,2.64807,1.00375,-2.22897,1.92040,-1.38572,-1.50273,2.64149,0.11070
2.33,pregrasp,0.97994,-2.22834,1.86101,-1.39701,-1.46614,2.64901,1.00097,-2.22882,1.91356,-1.38703,-1.49844,2.64237,0.11070
2.34,pregrasp,0.97701,-2.22818,1.85381,-1.39839,-1.46159,2.64994,0.99817,-2.22867,1.90666,-1.38835,-1.49412,2.64326,0.11070
2.35,pregrasp,0.97408,-2.22801,1.84661,-1.39977,-1.45704,2.65088,0.99536,-2.22852,1.89973,-1.38968,-1.48977,2.64415,0.11070
2.36,pregrasp,0.97115,-2.22785,1.83941,-1.40115,-1.45249,2.65181,0.99253,-2.22836,1.89276,-1.39101,-1.48540,2.64505,0.11070
2.37,pregrasp,0.96822,-2.22768,1.83221,-1.40253,-1.44794,2.65275,0.98968,-2.22821,1.88576,-1.39235,-1.48101,2.64595,0.11070
2.38,pregrasp,0.96529,-2.22752,1.82501,-1.40391,-1.44339,2.65368,0.98683,-2.22805,1.87874,-1.39369,-1.47659,2.64686,0.11070
2.39,pregrasp,0.96236,-2.22735,1.81781,-1.40529,-1.43884,2.65462,0.98397,-2.22790,1.87170,-1.39504,-1.47217,2.64777,0.11070
2.40,pregrasp,0.95943,-2.22719,1.81061,-1.40667,-1.43429,2.65555,0.98110,-2.22774,1.86463,-1.39639,-1.46772,2.64868,0.11070
2.41,pregrasp,0.95650,-2.22702,1.80341,-1.40805,-1.42974,2.65649,0.97822,-2.22758,1.85755,-1.39775,-1.46327,2.64960,0.11070
2.42,pregrasp,0.95357,-2.22686,1.79621,-1.40943,-1.42519,2.65742,0.97533,-2.22742,1.85045,-1.39911,-1.45880,2.65052,0.11070
2.43,pregrasp,0.95064,-2.22669,1.78901,-1.41081,-1.42064,2.65836,0.97244,-2.22726,1.84334,-1.40047,-1.45433,2.65144,0.11070
2.44,pregrasp,0.94771,-2.22653,1.78181,-1.41219,-1.41609,2.65929,0.96955,-2.22709,1.83622,-1.40183,-1.44984,2.65236,0.11070
2.45,pregrasp,0.94478,-2.22636,1.77461,-1.41357,-1.41153,2.66023,0.96664,-2.22693,1.82909,-1.40320,-1.44535,2.65328,0.11070
2.46,pregrasp,0.94185,-2.22620,1.76741,-1.41495,-1.40698,2.66116,0.96374,-2.22677,1.82195,-1.40457,-1.44085,2.65420,0.11070
2.47,pregrasp,0.93892,-2.22603,1.76021,-1.41633,-1.40243,2.66210,0.96083,-2.22660,1.81480,-1.40593,-1.43635,2.65513,0.11070
2.48,pregrasp,0.93599,-2.22587,1.75301,-1.41770,-1.39788,2.66303,0.95792,-2.22643,1.80764,-1.40731,-1.43184,2.65606,0.11070
2.49,pregrasp,0.93306,-2.22570,1.74581,-1.41908,-1.39333,2.66396,0.95501,-2.22627,1.80048,-1.40868,-1.42732,2.65698,0.11070
2.50,pregrasp,0.93013,-2.22554,1.73861,-1.42046,-1.38878,2.66490,0.95209,-2.22610,1.79332,-1.41005,-1.42280,2.65791,0.11070
2.51,pregrasp,0.92720,-2.22537,1.73141,-1.42184,-1.38423,2.66583,0.94917,-2.22593,1.78615,-1.41142,-1.41828,2.65884,0.11070
2.52,pregrasp,0.92427,-2.22521,1.72421,-1.42322,-1.37968,2.66677,0.94626,-2.22577,1.77897,-1.41280,-1.41375,2.65977,0.11070
2.53,pregrasp,0.92134,-2.22504,1.71701,-1.42460,-1.37513,2.66770,0.94333,-2.22560,1.77180,-1.41417,-1.40923,2.66070,0.11070
2.54,pregrasp,0.91841,-2.22488,1.70981,-1.42598,-1.37058,2.66864,0.94041,-2.22543,1.76462,-1.41555,-1.40470,2.66163,0.11070
2.55,pregrasp,0.91548,-2.22471,1.70261,-1.42736,-1.36603,2.66957,0.93749,-2.22527,1.75743,-1.41692,-1.40016,2.66256,0.11070
2.56,pregrasp,0.91255,-2.22455,1.69541,-1.42874,-1.36148,2.67051,0.93456,-2.22510,1.75025,-1.41830,-1.39563,2.66350,0.11070
2.57,pregrasp,0.90962,-2.22438,1.68821,-1.43012,-1.35693,2.67144,0.93164,-2.22493,1.74306,-1.41968,-1.39109,2.66443,0.11070
2.58,pregrasp,0.90669,-2.22422,1.68101,-1.43150,-1.35238,2.67238,0.92871,-2.22476,1.73587,-1.42105,-1.38655,2.66536,0.11070
2.59,pregrasp,0.90376,-2.22405,1.67381,-1.43288,-1.34783,2.67331,0.92578,-2.22459,1.72868,-1.42243,-1.38201,2.66629,0.11070
2.60,pregrasp,0.90083,-2.22389,1.66661,-1.43426,-1.34328,2.67425,0.92286,-2.22442,1.72149,-1.42381,-1.37747,2.66723,0.11070
2.61,pregrasp,0.89790,-2.22372,1.65941,-1.43564,-1.33873,2.67518,0.91993,-2.22425,1.71430,-1.42519,-1.37293,2.66816,0.11070
2.62,pregrasp,0.89497,-2.22356,1.65221,-1.43702,-1.33418,2.67612,0.91700,-2.22408,1.70710,-1.42657,-1.36839,2.66909,0.11070
2.63,pregrasp,0.89204,-2.22339,1.64501,-1.43840,-1.32963,2.67705,0.91407,-2.22391,1.69991,-1.42794,-1.36384,2.67003,0.11070
2.64,pregrasp,0.88911,-2.22323,1.63781,-1.43978,-1.32508,2.67799,0.91114,-2.22374,1.69271,-1.42932,-1.35930,2.67096,0.11070
2.65,pregrasp,0.88618,-2.22306,1.63061,-1.44116,-1.32053,2.67892,0.90821,-2.22357,1.68552,-1.43070,-1.35475,2.67189,0.11070
2.66,pregrasp,0.88325,-2.22290,1.62341,-1.44254,-1.31598,2.67986,0.90528,-2.22340,1.67832,-1.43208,-1.35021,2.67283,0.11070
2.67,pregrasp,0.88032,-2.22273,1.61621,-1.44392,-1.31143,2.68079,0.90235,-2.22323,1.67112,-1.43346,-1.34566,2.67376,0.11070
2.68,pregrasp,0.87739,-2.22257,1.60901,-1.44530,-1.30688,2.68173,0.89942,-2.22306,1.66393,-1.43484,-1.34111,2.67470,0.11070
2.69,pregrasp,0.87446,-2.22241,1.60181,-1.44668,-1.30233,2.68266,0.89649,-2.22289,1.65673,-1.43622,-1.33657,2.67563,0.11070
2.70,pregrasp,0.87153,-2.22224,1.59461,-1.44806,-1.29778,2.68359,0.89356,-2.22271,1.64953,-1.43760,-1.33202,2.67657,0.11070
2.71,pregrasp,0.86860,-2.22208,1.58741,-1.44944,-1.29323,2.68453,0.89063,-2.22254,1.64233,-1.43898,-1.32747,2.67750,0.11070
2.72,pregrasp,0.86567,-2.22191,1.58021,-1.45082,-1.28868,2.68546,0.88770,-2.22237,1.63513,-1.44036,-1.32293,2.67843,0.11070
2.73,pregrasp,0.86274,-2.22175,1.57301,-1.45220,-1.28412,2.68640,0.88477,-2.22220,1.62793,-1.44173,-1.31838,2.67937,0.11070
2.74,pregrasp,0.85981,-2.22158,1.56581,-1.45358,-1.27957,2.68733,0.88184,-2.22203,1.62074,-1.44311,-1.31383,2.68030,0.11070
2.75,pregrasp,0.85688,-2.22142,1.55861,-1.45496,-1.27502,2.68827,0.87890,-2.22186,1.61354,-1.44449,-1.30928,2.68124,0.11070
2.76,pregrasp,0.85395,-2.22125,1.55141,-1.45634,-1.27047,2.68920,0.87597,-2.22169,1.60634,-1.44587,-1.30473,2.68217,0.11070
2.77,pregrasp,0.85102,-2.22109,1.54421,-1.45772,-1.26592,2.69014,0.87304,-2.22152,1.59914,-1.44725,-1.30018,2.68311,0.11070
2.78,pregrasp,0.84809,-2.22092,1.53701,-1.45910,-1.26137,2.69107,0.87011,-2.22135,1.59194,-1.44863,-1.29563,2.68404,0.11070
2.79,pregrasp,0.84516,-2.22076,1.52981,-1.46048,-1.25682,2.69201,0.86718,-2.22118,1.58474,-1.45001,-1.29109,2.68498,0.11070
2.80,pregrasp,0.84223,-2.22059,1.52261,-1.46186,-1.25227,2.69294,0.86425,-2.22101,1.57754,-1.45139,-1.28654,2.68591,0.11070
2.81,pregrasp,0.83930,-2.22043,1.51541,-1.46324,-1.24772,2.69388,0.86131,-2.22084,1.57034,-1.45277,-1.28199,2.68685,0.11070
2.82,pregrasp,0.83637,-2.22026,1.50820,-1.46462,-1.24317,2.69481,0.85838,-2.22067,1.56314,-1.45415,-1.27744,2.68778,0.11070
2.83,pregrasp,0.83345,-2.22010,1.50100,-1.46600,-1.23862,2.69575,0.85545,-2.22050,1.55594,-1.45553,-1.27289,2.68872,0.11070
2.84,pregrasp,0.83052,-2.21993,1.49380,-1.46738,-1.23407,2.69668,0.85252,-2.22033,1.54874,-1.45691,-1.26834,2.68965,0.11070
2.85,pregrasp,0.82759,-2.21977,1.48660,-1.46876,-1.22952,2.69762,0.84959,-2.22016,1.54154,-1.45829,-1.26379,2.69058,0.11070
2.86,pregrasp,0.82466,-2.21960,1.47940,-1.47014,-1.22497,2.69855,0.84666,-2.21999,1.53434,-1.45967,-1.25924,2.69152,0.11070
2.87,pregrasp,0.82173,-2.21944,1.47220,-1.47152,-1.22042,2.69949,0.84372,-2.21981,1.52714,-1.46105,-1.25469,2.69245,0.11070
2.88,pregrasp,0.81880,-2.21927,1.46500,-1.47290,-1.21587,2.70042,0.84079,-2.21964,1.51994,-1.46243,-1.25014,2.69339,0.11070
2.89,pregrasp,0.81587,-2.21911,1.45780,-1.47428,-1.21132,2.70136,0.83786,-2.21947,1.51274,-1.46381,-1.24559,2.69432,0.11070
2.90,pregrasp,0.81294,-2.21894,1.45060,-1.47566,-1.20677,2.70229,0.83493,-2.21930,1.50554,-1.46519,-1.24104,2.69526,0.11070
2.91,pregrasp,0.81001,-2.21878,1.44340,-1.47704,-1.20222,2.70323,0.83200,-2.21913,1.49834,-1.46657,-1.23649,2.69619,0.11070
2.92,pregrasp,0.80708,-2.21861,1.43620,-1.47842,-1.19767,2.70416,0.82907,-2.21896,1.49114,-1.46795,-1.23194,2.69713,0.11070
2.93,pregrasp,0.80415,-2.21845,1.42900,-1.47980,-1.19312,2.70509,0.82614,-2.21879,1.48393,-1.46933,-1.22739,2.69806,0.11070
2.94,pregrasp,0.80122,-2.21828,1.42180,-1.48118,-1.18857,2.70603,0.82320,-2.21862,1.47673,-1.47071,-1.22284,2.69900,0.11070
2.95,pregrasp,0.79829,-2.21812,1.41460,-1.48256,-1.18402,2.70696,0.82027,-2.21845,1.46953,-1.47209,-1.21829,2.69993,0.11070
2.96,pregrasp,0.79536,-2.21795,1.40740,-1.48394,-1.17947,2.70790,0.81734,-2.21828,1.46233,-1.47347,-1.21374,2.70087,0.11070
2.97,pregrasp,0.79243,-2.21779,1.40020,-1.48532,-1.17492,2.70883,0.81441,-2.21811,1.45513,-1.47485,-1.20919,2.70180,0.11070
2.98,pregrasp,0.78950,-2.21762,1.39300,-1.48670,-1.17037,2.70977,0.81148,-2.21794,1.44793,-1.47623,-1.20464,2.70273,0.11070
2.99,pregrasp,0.78657,-2.21746,1.38580,-1.48808,-1.16582,2.71070,0.80855,-2.21776,1.44073,-1.47761,-1.20009,2.70367,0.11070
3.00,pregrasp,0.78364,-2.21729,1.37860,-1.48946,-1.16126,2.71164,0.80562,-2.21759,1.43353,-1.47899,-1.19554,2.70460,0.11070
3.01,pregrasp,0.78071,-2.21713,1.37140,-1.49084,-1.15671,2.71257,0.80268,-2.21742,1.42633,-1.48037,-1.19099,2.70554,0.11070
3.02,pregrasp,0.77778,-2.21696,1.36420,-1.49222,-1.15216,2.71351,0.79975,-2.21725,1.41913,-1.48175,-1.18644,2.70647,0.11070
3.03,pregrasp,0.77485,-2.21680,1.35700,-1.49360,-1.14761,2.71444,0.79682,-2.21708,1.41193,-1.48312,-1.18189,2.70741,0.11070
3.04,pregrasp,0.77192,-2.21663,1.34980,-1.49497,-1.14306,2.71538,0.79389,-2.21691,1.40473,-1.48450,-1.17734,2.70834,0.11070
3.05,pregrasp,0.76899,-2.21647,1.34260,-1.49635,-1.13851,2.71631,0.79096,-2.21674,1.39753,-1.48588,-1.17279,2.70928,0.11070
3.06,pregrasp,0.76606,-2.21630,1.33540,-1.49773,-1.13396,2.71725,0.78803,-2.21657,1.39033,-1.48726,-1.16824,2.71021,0.11070
3.07,pregrasp,0.76313,-2.21614,1.32820,-1.49911,-1.12941,2.71818,0.78510,-2.21640,1.38313,-1.48864,-1.16370,2.71115,0.11070
3.08,pregrasp,0.76020,-2.21597,1.32100,-1.50049,-1.12486,2.71912,0.78217,-2.21623,1.37593,-1.49002,-1.15915,2.71208,0.11070
3.09,pregrasp,0.75727,-2.21581,1.31380,-1.50187,-1.12031,2.72005,0.77924,-2.21606,1.36873,-1.49140,-1.15460,2.71302,0.11070
3.10,pregrasp,0.75434,-2.21564,1.30660,-1.50325,-1.11576,2.72099,0.77630,-2.21589,1.36153,-1.49278,-1.15005,2.71395,0.11070
3.11,pregrasp,0.75141,-2.21548,1.29940,-1.50463,-1.11121,2.72192,0.77337,-2.21572,1.35433,-1.49416,-1.14550,2.71489,0.11070
3.12,pregrasp,0.74848,-2.21531,1.29220,-1.50601,-1.10666,2.72286,0.77044,-2.21555,1.34713,-1.49554,-1.14095,2.71582,0.11070
3.13,pregrasp,0.74555,-2.21515,1.28500,-1.50739,-1.10211,2.72379,0.76751,-2.21538,1.33993,-1.49692,-1.13640,2.71676,0.11070
3.14,pregrasp,0.74262,-2.21498,1.27780,-1.50877,-1.09756,2.72472,0.76458,-2.21521,1.33272,-1.49830,-1.13185,2.71769,0.11070
3.15,pregrasp,0.73969,-2.21482,1.27060,-1.51015,-1.09301,2.72566,0.76165,-2.21504,1.32552,-1.49968,-1.12730,2.71862,0.11070
3.16,pregrasp,0.73676,-2.21465,1.26340,-1.51153,-1.08846,2.72659,0.75872,-2.21487,1.31832,-1.50106,-1.12275,2.71956,0.11070
3.17,pregrasp,0.73383,-2.21449,1.25620,-1.51291,-1.08391,2.72753,0.75579,-2.21470,1.31112,-1.50244,-1.11820,2.72049,0.11070
3.18,pregrasp,0.73090,-2.21432,1.24900,-1.51429,-1.07936,2.72846,0.75286,-2.21453,1.30392,-1.50382,-1.11365,2.72143,0.11070
3.19,pregrasp,0.72797,-2.21416,1.24180,-1.51567,-1.07481,2.72940,0.74993,-2.21436,1.29672,-1.50520,-1.10910,2.72236,0.11070
3.20,pregrasp,0.72504,-2.21399,1.23460,-1.51705,-1.07026,2.73033,0.74700,-2.21419,1.28952,-1.50658,-1.10455,2.72330,0.11070
3.21,pregrasp,0.72211,-2.21383,1.22740,-1.51843,-1.06571,2.73127,0.74407,-2.21402,1.28232,-1.50796,-1.10000,2.72423,0.11070
3.22,pregrasp,0.71918,-2.21366,1.22020,-1.51981,-1.06116,2.73220,0.74114,-2.21384,1.27512,-1.50934,-1.09545,2.72517,0.11070
3.23,pregrasp,0.71625,-2.21350,1.21300,-1.52119,-1.05661,2.73314,0.73820,-2.21367,1.26792,-1.51072,-1.09090,2.72610,0.11070
3.24,pregrasp,0.71332,-2.21333,1.20580,-1.52257,-1.05206,2.73407,0.73527,-2.21350,1.26072,-1.51210,-1.08635,2.72704,0.11070
3.25,pregrasp,0.71039,-2.21317,1.19860,-1.52395,-1.04751,2.73501,0.73234,-2.21333,1.25352,-1.51348,-1.08180,2.72797,0.11070
3.26,pregrasp,0.70746,-2.21300,1.19140,-1.52533,-1.04296,2.73594,0.72941,-2.21316,1.24632,-1.51486,-1.07725,2.72891,0.11070
3.27,pregrasp,0.70453,-2.21284,1.18420,-1.52671,-1.03841,2.73688,0.72648,-2.21299,1.23912,-1.51624,-1.07270,2.72984,0.11070
3.28,pregrasp,0.70160,-2.21267,1.17700,-1.52809,-1.03385,2.73781,0.72355,-2.21282,1.23192,-1.51762,-1.06815,2.73078,0.11070
3.29,pregrasp,0.69867,-2.21251,1.16980,-1.52947,-1.02930,2.73875,0.72062,-2.21265,1.22472,-1.51900,-1.06360,2.73171,0.11070
3.30,pregrasp,0.69574,-2.21234,1.16260,-1.53085,-1.02475,2.73968,0.71769,-2.21248,1.21752,-1.52038,-1.05905,2.73265,0.11070
3.31,pregrasp,0.69281,-2.21218,1.15540,-1.53223,-1.02020,2.74062,0.71476,-2.21231,1.21032,-1.52176,-1.05450,2.73358,0.11070
3.32,pregrasp,0.68988,-2.21201,1.14820,-1.53361,-1.01565,2.74155,0.71183,-2.21214,1.20312,-1.52314,-1.04995,2.73451,0.11070
3.33,pregrasp,0.68695,-2.21185,1.14100,-1.53499,-1.01110,2.74249,0.70890,-2.21197,1.19591,-1.52452,-1.04540,2.73545,0.11070
3.34,pregrasp,0.68402,-2.21168,1.13380,-1.53637,-1.00655,2.74342,0.70597,-2.21180,1.18871,-1.52590,-1.04085,2.73638,0.11070
3.35,pregrasp,0.68109,-2.21152,1.12660,-1.53775,-1.00200,2.74436,0.70305,-2.21163,1.18151,-1.52728,-1.03630,2.73732,0.11070
3.36,pregrasp,0.67816,-2.21136,1.11940,-1.53913,-0.99745,2.74529,0.70012,-2.21146,1.17431,-1.52866,-1.03175,2.73825,0.11070
3.37,pregrasp,0.67523,-2.21119,1.11220,-1.54051,-0.99290,2.74622,0.69719,-2.21129,1.16711,-1.53004,-1.02720,2.73919,0.11070
3.38,pregrasp,0.67230,-2.21103,1.10500,-1.54189,-0.98835,2.74716,0.69426,-2.21112,1.15991,-1.53142,-1.02265,2.74012,0.11070
3.39,pregrasp,0.66937,-2.21086,1.09780,-1.54327,-0.98380,2.74809,0.69133,-2.21095,1.15271,-1.53279,-1.01810,2.74106,0.11070
3.40,pregrasp,0.66644,-2.21070,1.09060,-1.54465,-0.97925,2.74903,0.68840,-2.21078,1.14551,-1.53417,-1.01355,2.74199,0.11070
3.41,pregrasp,0.66351,-2.21053,1.08340,-1.54603,-0.97470,2.74996,0.68547,-2.21061,1.13831,-1.53555,-1.00900,2.74293,0.11070
3.42,pregrasp,0.66058,-2.21037,1.07620,-1.54741,-0.97015,2.75090,0.68254,-2.21044,1.13111,-1.53693,-1.00445,2.74386,0.11070
3.43,pregrasp,0.65765,-2.21020,1.06900,-1.54879,-0.96560,2.75183,0.67961,-2.21027,1.12391,-1.53831,-0.99990,2.74480,0.11070
3.44,pregrasp,0.65472,-2.21004,1.06180,-1.55017,-0.96105,2.75277,0.67668,-2.21010,1.11671,-1.53969,-0.99535,2.74573,0.11070
3.45,pregrasp,0.65179,-2.20987,1.05460,-1.55155,-0.95650,2.75370,0.67375,-2.20993,1.10951,-1.54107,-0.99080,2.74667,0.11070
3.46,pregrasp,0.64886,-2.20971,1.04740,-1.55293,-0.95195,2.75464,0.67082,-2.20976,1.10231,-1.54245,-0.98625,2.74760,0.11070
3.47,pregrasp,0.64593,-2.20954,1.04020,-1.55431,-0.94740,2.75557,0.66789,-2.20960,1.09511,-1.54383,-0.98170,2.74854,0.11070
3.48,pregrasp,0.64300,-2.20938,1.03300,-1.55569,-0.94285,2.75651,0.66496,-2.20943,1.08791,-1.54521,-0.97715,2.74947,0.11070
3.49,pregrasp,0.64008,-2.20921,1.02580,-1.55707,-0.93830,2.75744,0.66203,-2.20926,1.08071,-1.54659,-0.97260,2.75041,0.11070
3.50,pregrasp,0.63715,-2.20905,1.01860,-1.55845,-0.93375,2.75838,0.65910,-2.20909,1.07351,-1.54797,-0.96805,2.75134,0.11070
3.51,pregrasp,0.63422,-2.20888,1.01140,-1.55983,-0.92920,2.75931,0.65618,-2.20892,1.06630,-1.54935,-0.96350,2.75228,0.11070
3.52,pregrasp,0.63129,-2.20872,1.00420,-1.56121,-0.92465,2.76025,0.65325,-2.20875,1.05910,-1.55073,-0.95895,2.75321,0.11070
3.53,pregrasp,0.62836,-2.20855,0.99700,-1.56259,-0.92010,2.76118,0.65032,-2.20858,1.05190,-1.55211,-0.95440,2.75415,0.11070
3.54,pregrasp,0.62543,-2.20839,0.98980,-1.56397,-0.91555,2.76212,0.64739,-2.20841,1.04470,-1.55349,-0.94985,2.75508,0.11070
3.55,pregrasp,0.62250,-2.20822,0.98260,-1.56535,-0.91100,2.76305,0.64446,-2.20825,1.03750,-1.55487,-0.94530,2.75602,0.11070
3.56,pregrasp,0.61957,-2.20806,0.97540,-1.56673,-0.90644,2.76399,0.64153,-2.20808,1.03030,-1.55625,-0.94075,2.75695,0.11070
3.57,pregrasp,0.61664,-2.20789,0.96820,-1.56811,-0.90189,2.76492,0.63860,-2.20791,1.02310,-1.55763,-0.93620,2.75789,0.11070
3.58,pregrasp,0.61371,-2.20773,0.96100,-1.56949,-0.89734,2.76585,0.63568,-2.20774,1.01590,-1.55901,-0.93165,2.75882,0.11070
3.59,pregrasp,0.61078,-2.20756,0.95380,-1.57087,-0.89279,2.76679,0.63275,-2.20757,1.00870,-1.56039,-0.92710,2.75976,0.11070
3.60,pregrasp,0.60785,-2.20740,0.94660,-1.57225,-0.88824,2.76772,0.62982,-2.20740,1.00150,-1.56177,-0.92255,2.76069,0.11070
3.61,pregrasp,0.60492,-2.20723,0.93940,-1.57362,-0.88369,2.76866,0.62689,-2.20723,0.99430,-1.56315,-0.91800,2.76163,0.11070
3.62,pregrasp,0.60199,-2.20707,0.93220,-1.57500,-0.87914,2.76959,0.62396,-2.20706,0.98710,-1.56453,-0.91345,2.76256,0.11070
3.63,pregrasp,0.59906,-2.20690,0.92500,-1.57638,-0.87459,2.77053,0.62103,-2.20689,0.97990,-1.56591,-0.90890,2.76349,0.11070
3.64,pregrasp,0.59613,-2.20674,0.91780,-1.57776,-0.87004,2.77146,0.61811,-2.20672,0.97270,-1.56729,-0.90435,2.76443,0.11070
3.65,pregrasp,0.59320,-2.20657,0.91060,-1.57914,-0.86549,2.77240,0.61518,-2.20655,0.96550,-1.56866,-0.89980,2.76536,0.11070
3.66,pregrasp,0.59027,-2.20641,0.90340,-1.58052,-0.86094,2.77333,0.61225,-2.20638,0.95830,-1.57004,-0.89525,2.76630,0.11070
3.67,pregrasp,0.58734,-2.20624,0.89620,-1.58190,-0.85639,2.77427,0.60932,-2.20621,0.95110,-1.57142,-0.89070,2.76723,0.11070
3.68,pregrasp,0.58441,-2.20608,0.88900,-1.58328,-0.85184,2.77520,0.60639,-2.20605,0.94390,-1.57280,-0.88615,2.76817,0.11070
3.69,pregrasp,0.58148,-2.20591,0.88180,-1.58466,-0.84729,2.77614,0.60347,-2.20588,0.93670,-1.57418,-0.88160,2.76910,0.11070
3.70,pregrasp,0.57855,-2.20575,0.87460,-1.58604,-0.84274,2.77707,0.60054,-2.20571,0.92949,-1.57556,-0.87705,2.77004,0.11070
3.71,pregrasp,0.57562,-2.20558,0.86740,-1.58742,-0.83819,2.77801,0.59761,-2.20554,0.92229,-1.57694,-0.87250,2.77097,0.11070
3.72,pregrasp,0.57269,-2.20542,0.86020,-1.58880,-0.83364,2.77894,0.59468,-2.20537,0.91509,-1.57832,-0.86795,2.77191,0.11070
3.73,pregrasp,0.56976,-2.20525,0.85300,-1.59018,-0.82909,2.77988,0.59176,-2.20521,0.90789,-1.57970,-0.86340,2.77284,0.11070
3.74,pregrasp,0.56683,-2.20509,0.84580,-1.59156,-0.82454,2.78081,0.58883,-2.20504,0.90069,-1.58108,-0.85885,2.77378,0.11070
3.75,pregrasp,0.56390,-2.20492,0.83860,-1.59294,-0.81999,2.78175,0.58590,-2.20487,0.89349,-1.58246,-0.85430,2.77471,0.11070
3.76,pregrasp,0.56097,-2.20476,0.83140,-1.59432,-0.81544,2.78268,0.58297,-2.20470,0.88629,-1.58384,-0.84975,2.77565,0.11070
3.77,pregrasp,0.55804,-2.20459,0.82420,-1.59570,-0.81089,2.78362,0.58005,-2.20453,0.87909,-1.58522,-0.84520,2.77658,0.11070
3.78,pregrasp,0.55511,-2.20443,0.81700,-1.59708,-0.80634,2.78455,0.57712,-2.20436,0.87189,-1.58660,-0.84065,2.77752,0.11070
3.79,pregrasp,0.55218,-2.20426,0.80980,-1.59846,-0.80179,2.78549,0.57419,-2.20419,0.86469,-1.58798,-0.83610,2.77845,0.11070
3.80,pregrasp,0.54925,-2.20410,0.80260,-1.59984,-0.79724,2.78642,0.57127,-2.20402,0.85749,-1.58936,-0.83155,2.77939,0.11070
3.81,pregrasp,0.54632,-2.20393,0.79540,-1.60122,-0.79269,2.78735,0.56834,-2.20386,0.85029,-1.59074,-0.82700,2.78032,0.11070
3.82,pregrasp,0.54339,-2.20377,0.78820,-1.60260,-0.78814,2.78829,0.56541,-2.20369,0.84309,-1.59212,-0.82245,2.78126,0.11070
3.83,pregrasp,0.54046,-2.20360,0.78100,-1.60398,-0.78359,2.78922,0.56249,-2.20352,0.83589,-1.59350,-0.81790,2.78219,0.11070
3.84,pregrasp,0.53753,-2.20344,0.77380,-1.60536,-0.77903,2.79016,0.55956,-2.20335,0.82869,-1.59487,-0.81335,2.78313,0.11070
3.85,pregrasp,0.53460,-2.20327,0.76660,-1.60674,-0.77448,2.79109,0.55663,-2.20318,0.82149,-1.59625,-0.80880,2.78406,0.11070
3.86,pregrasp,0.53167,-2.20311,0.75940,-1.60812,-0.76993,2.79203,0.55370,-2.20301,0.81429,-1.59763,-0.80425,2.78500,0.11070
3.87,pregrasp,0.52874,-2.20294,0.75220,-1.60950,-0.76538,2.79296,0.55078,-2.20285,0.80709,-1.59901,-0.79970,2.78593,0.11070
3.88,pregrasp,0.52581,-2.20278,0.74500,-1.61088,-0.76083,2.79390,0.54785,-2.20268,0.79989,-1.60039,-0.79515,2.78687,0.11070
3.89,pregrasp,0.52288,-2.20261,0.73780,-1.61226,-0.75628,2.79483,0.54493,-2.20251,0.79269,-1.60177,-0.79060,2.78780,0.11070
3.90,pregrasp,0.51995,-2.20245,0.73060,-1.61364,-0.75173,2.79577,0.54200,-2.20234,0.78549,-1.60315,-0.78605,2.78874,0.11070
3.91,pregrasp,0.51702,-2.20228,0.72340,-1.61502,-0.74718,2.79670,0.53907,-2.20218,0.77829,-1.60453,-0.78150,2.78967,0.11070
3.92,pregrasp,0.51409,-2.20212,0.71620,-1.61640,-0.74263,2.79764,0.53615,-2.20201,0.77108,-1.60591,-0.77695,2.79061,0.11070
3.93,pregrasp,0.51116,-2.20195,0.70900,-1.61778,-0.73808,2.79857,0.53322,-2.20184,0.76388,-1.60729,-0.77240,2.79154,0.11070
3.94,pregrasp,0.50823,-2.20179,0.70180,-1.61916,-0.73353,2.79951,0.53029,-2.20167,0.75668,-1.60867,-0.76785,2.79247,0.11070
3.95,pregrasp,0.50530,-2.20162,0.69460,-1.62054,-0.72898,2.80044,0.52737,-2.20150,0.74948,-1.61005,-0.76330,2.79341,0.11070
3.96,pregrasp,0.50237,-2.20146,0.68740,-1.62192,-0.72443,2.80138,0.52444,-2.20134,0.74228,-1.61143,-0.75875,2.79434,0.11070
3.97,pregrasp,0.49944,-2.20129,0.68020,-1.62330,-0.71988,2.80231,0.52152,-2.20117,0.73508,-1.61281,-0.75420,2.79528,0.11070
3.98,pregrasp,0.49651,-2.20113,0.67300,-1.62468,-0.71533,2.80325,0.51859,-2.20100,0.72788,-1.61419,-0.74965,2.79621,0.11070
3.99,pregrasp,0.49358,-2.20096,0.66580,-1.62606,-0.71078,2.80418,0.51566,-2.20083,0.72068,-1.61557,-0.74510,2.79715,0.11070
4.00,pregrasp,0.49065,-2.20080,0.65859,-1.62744,-0.70623,2.80512,0.51274,-2.20066,0.71348,-1.61695,-0.74055,2.79808,0.11070
4.01,pregrasp,0.48772,-2.20063,0.65139,-1.62882,-0.70168,2.80605,0.50981,-2.20050,0.70628,-1.61833,-0.73600,2.79902,0.11070
4.02,pregrasp,0.48479,-2.20047,0.64419,-1.63020,-0.69713,2.80698,0.50689,-2.20033,0.69908,-1.61971,-0.73145,2.79995,0.11070
4.03,pregrasp,0.48186,-2.20030,0.63699,-1.63158,-0.69258,2.80792,0.50396,-2.20016,0.69188,-1.62108,-0.72690,2.80089,0.11070
4.04,pregrasp,0.47893,-2.20014,0.62979,-1.63296,-0.68803,2.80885,0.50104,-2.20000,0.68468,-1.62246,-0.72235,2.80182,0.11070
4.05,pregrasp,0.47600,-2.19998,0.62259,-1.63434,-0.68348,2.80979,0.49811,-2.19983,0.67748,-1.62384,-0.71780,2.80276,0.11070
4.06,pregrasp,0.47307,-2.19981,0.61539,-1.63572,-0.67893,2.81072,0.49518,-2.19966,0.67028,-1.62522,-0.71325,2.80369,0.11070
4.07,pregrasp,0.47014,-2.19965,0.60819,-1.63710,-0.67438,2.81166,0.49226,-2.19949,0.66308,-1.62660,-0.70870,2.80463,0.11070
4.08,pregrasp,0.46721,-2.19948,0.60099,-1.63848,-0.66983,2.81259,0.48933,-2.19933,0.65588,-1.62798,-0.70415,2.80556,0.11070
4.09,pregrasp,0.46428,-2.19932,0.59379,-1.63986,-0.66528,2.81353,0.48641,-2.19916,0.64868,-1.62936,-0.69960,2.80650,0.11070
4.10,pregrasp,0.46135,-2.19915,0.58659,-1.64124,-0.66073,2.81446,0.48348,-2.19899,0.64148,-1.63074,-0.69505,2.80743,0.11070
4.11,pregrasp,0.45842,-2.19899,0.57939,-1.64262,-0.65618,2.81540,0.48056,-2.19883,0.63428,-1.63212,-0.69050,2.80837,0.11070
4.12,pregrasp,0.45549,-2.19882,0.57219,-1.64400,-0.65162,2.81633,0.47763,-2.19866,0.62708,-1.63350,-0.68595,2.80930,0.11070
4.13,pregrasp,0.45256,-2.19866,0.56499,-1.64538,-0.64707,2.81727,0.47471,-2.19849,0.61988,-1.63488,-0.68140,2.81024,0.11070
4.14,pregrasp,0.44963,-2.19849,0.55779,-1.64676,-0.64252,2.81820,0.47178,-2.19833,0.61268,-1.63626,-0.67685,2.81117,0.11070
4.15,pregrasp,0.44670,-2.19833,0.55059,-1.64814,-0.63797,2.81914,0.46886,-2.19816,0.60548,-1.63764,-0.67230,2.81211,0.11070
4.16,pregrasp,0.44378,-2.19816,0.54339,-1.64952,-0.63342,2.82007,0.46593,-2.19799,0.59828,-1.63901,-0.66775,2.81304,0.11070
4.17,pregrasp,0.44085,-2.19800,0.53619,-1.65089,-0.62887,2.82101,0.46301,-2.19783,0.59108,-1.64039,-0.66320,2.81397,0.11070
4.18,pregrasp,0.43792,-2.19783,0.52899,-1.65227,-0.62432,2.82194,0.46008,-2.19766,0.58388,-1.64177,-0.65865,2.81491,0.11070
4.19,pregrasp,0.43499,-2.19767,0.52179,-1.65365,-0.61977,2.82288,0.45716,-2.19749,0.57668,-1.64315,-0.65410,2.81584,0.11070
4.20,pregrasp,0.43206,-2.19750,0.51459,-1.65503,-0.61522,2.82381,0.45423,-2.19733,0.56947,-1.64453,-0.64955,2.81678,0.11070
4.21,pregrasp,0.42913,-2.19734,0.50739,-1.65641,-0.61067,2.82475,0.45131,-2.19716,0.56227,-1.64591,-0.64500,2.81771,0.11070
4.22,pregrasp,0.42620,-2.19717,0.50019,-1.65779,-0.60612,2.82568,0.44838,-2.19699,0.55507,-1.64729,-0.64045,2.81865,0.11070
4.23,pregrasp,0.42327,-2.19701,0.49299,-1.65917,-0.60157,2.82662,0.44546,-2.19683,0.54787,-1.64867,-0.63590,2.81958,0.11070
4.24,pregrasp,0.42034,-2.19684,0.48579,-1.66055,-0.59702,2.82755,0.44254,-2.19666,0.54067,-1.65005,-0.63135,2.82052,0.11070
4.25,pregrasp,0.41741,-2.19668,0.47859,-1.66193,-0.59247,2.82848,0.43961,-2.19650,0.53347,-1.65143,-0.62680,2.82145,0.11070
4.26,pregrasp,0.41448,-2.19651,0.47139,-1.66331,-0.58792,2.82942,0.43669,-2.19633,0.52627,-1.65280,-0.62225,2.82239,0.11070
4.27,pregrasp,0.41155,-2.19635,0.46419,-1.66469,-0.58337,2.83035,0.43376,-2.19616,0.51907,-1.65418,-0.61770,2.82332,0.11070
4.28,pregrasp,0.40862,-2.19618,0.45699,-1.66607,-0.57882,2.83129,0.43084,-2.19600,0.51187,-1.65556,-0.61315,2.82426,0.11070
4.29,pregrasp,0.40569,-2.19602,0.44979,-1.66745,-0.57427,2.83222,0.42791,-2.19583,0.50467,-1.65694,-0.60860,2.82519,0.11070
4.30,pregrasp,0.40276,-2.19585,0.44259,-1.66883,-0.56972,2.83316,0.42499,-2.19566,0.49747,-1.65832,-0.60405,2.82613,0.11070
4.31,pregrasp,0.39983,-2.19569,0.43539,-1.67021,-0.56517,2.83409,0.42206,-2.19550,0.49027,-1.65970,-0.59950,2.82706,0.11070
4.32,pregrasp,0.39690,-2.19552,0.42819,-1.67159,-0.56062,2.83503,0.41914,-2.19533,0.48307,-1.66108,-0.59495,2.82800,0.11070
4.33,pregrasp,0.39397,-2.19536,0.42099,-1.67297,-0.55607,2.83596,0.41622,-2.19517,0.47587,-1.66246,-0.59040,2.82893,0.11070
4.34,pregrasp,0.39104,-2.19519,0.41379,-1.67435,-0.55152,2.83690,0.41329,-2.19500,0.46867,-1.66384,-0.58585,2.82987,0.11070
4.35,pregrasp,0.38811,-2.19503,0.40659,-1.67573,-0.54697,2.83783,0.41037,-2.19483,0.46147,-1.66522,-0.58130,2.83080,0.11070
4.36,pregrasp,0.38518,-2.19486,0.39939,-1.67711,-0.54242,2.83877,0.40744,-2.19467,0.45427,-1.66660,-0.57675,2.83174,0.11070
4.37,pregrasp,0.38225,-2.19470,0.39219,-1.67849,-0.53787,2.83970,0.40452,-2.19450,0.44707,-1.66797,-0.57220,2.83267,0.11070
4.38,pregrasp,0.37932,-2.19453,0.38499,-1.67987,-0.53332,2.84064,0.40160,-2.19433,0.43987,-1.66935,-0.56765,2.83361,0.11070
4.39,pregrasp,0.37639,-2.19437,0.37779,-1.68125,-0.52877,2.84157,0.39867,-2.19417,0.43267,-1.67073,-0.56309,2.83454,0.11070
4.40,pregrasp,0.37346,-2.19420,0.37059,-1.68263,-0.52421,2.84251,0.39575,-2.19400,0.42547,-1.67211,-0.55854,2.83548,0.11070
4.41,pregrasp,0.37053,-2.19404,0.36339,-1.68401,-0.51966,2.84344,0.39282,-2.19384,0.41827,-1.67349,-0.55399,2.83641,0.11070
4.42,pregrasp,0.36760,-2.19387,0.35619,-1.68539,-0.51511,2.84438,0.38990,-2.19367,0.41107,-1.67487,-0.54944,2.83735,0.11070
4.43,pregrasp,0.36467,-2.19371,0.34899,-1.68677,-0.51056,2.84531,0.38698,-2.19351,0.40387,-1.67625,-0.54489,2.83828,0.11070
4.44,pregrasp,0.36174,-2.19354,0.34179,-1.68815,-0.50601,2.84625,0.38405,-2.19334,0.39667,-1.67763,-0.54034,2.83922,0.11070
4.45,pregrasp,0.35881,-2.19338,0.33459,-1.68953,-0.50146,2.84718,0.38113,-2.19317,0.38947,-1.67901,-0.53579,2.84015,0.11070
4.46,pregrasp,0.35588,-2.19321,0.32739,-1.69091,-0.49691,2.84811,0.37821,-2.19301,0.38227,-1.68039,-0.53124,2.84109,0.11070
4.47,pregrasp,0.35295,-2.19305,0.32019,-1.69229,-0.49236,2.84905,0.37528,-2.19284,0.37507,-1.68176,-0.52669,2.84202,0.11070
4.48,pregrasp,0.35002,-2.19288,0.31299,-1.69367,-0.48781,2.84998,0.37236,-2.19268,0.36787,-1.68314,-0.52214,2.84295,0.11070
4.49,pregrasp,0.34709,-2.19272,0.30579,-1.69505,-0.48326,2.85092,0.36943,-2.19251,0.36067,-1.68452,-0.51759,2.84389,0.11070
4.50,pregrasp,0.34416,-2.19255,0.29859,-1.69643,-0.47871,2.85185,0.36651,-2.19235,0.35347,-1.68590,-0.51304,2.84482,0.11070
4.51,pregrasp,0.34123,-2.19239,0.29139,-1.69781,-0.47416,2.85279,0.36359,-2.19218,0.34627,-1.68728,-0.50849,2.84576,0.11070
4.52,pregrasp,0.33830,-2.19222,0.28419,-1.69919,-0.46961,2.85372,0.36066,-2.19202,0.33907,-1.68866,-0.50394,2.84669,0.11070
4.53,pregrasp,0.33537,-2.19206,0.27699,-1.70057,-0.46506,2.85466,0.35774,-2.19185,0.33187,-1.69004,-0.49939,2.84763,0.11070
4.54,pregrasp,0.33244,-2.19189,0.26979,-1.70195,-0.46051,2.85559,0.35482,-2.19169,0.32467,-1.69142,-0.49484,2.84856,0.11070
4.55,pregrasp,0.32951,-2.19173,0.26259,-1.70333,-0.45596,2.85653,0.35189,-2.19153,0.31747,-1.69279,-0.49029,2.84950,0.11070
4.56,pregrasp,0.32658,-2.19156,0.25539,-1.70471,-0.45141,2.85746,0.34897,-2.19136,0.31027,-1.69417,-0.48574,2.85043,0.11070
4.57,pregrasp,0.32365,-2.19140,0.24819,-1.70609,-0.44686,2.85840,0.34605,-2.19120,0.30307,-1.69555,-0.48119,2.85137,0.11070
4.58,pregrasp,0.32072,-2.19123,0.24099,-1.70747,-0.44231,2.85933,0.34312,-2.19103,0.29587,-1.69693,-0.47664,2.85230,0.11070
4.59,pregrasp,0.31779,-2.19107,0.23379,-1.70885,-0.43776,2.86027,0.34020,-2.19087,0.28867,-1.69831,-0.47209,2.85324,0.11070
4.60,pregrasp,0.31486,-2.19090,0.22659,-1.71023,-0.43321,2.86120,0.33728,-2.19070,0.28147,-1.69969,-0.46754,2.85417,0.11070
4.61,pregrasp,0.31193,-2.19074,0.21939,-1.71161,-0.42866,2.86214,0.33435,-2.19054,0.27427,-1.70107,-0.46299,2.85511,0.11070
4.62,pregrasp,0.30900,-2.19057,0.21219,-1.71299,-0.42411,2.86307,0.33143,-2.19037,0.26707,-1.70245,-0.45844,2.85604,0.11070
4.63,pregrasp,0.30607,-2.19041,0.20499,-1.71437,-0.41956,2.86401,0.32851,-2.19021,0.25987,-1.70383,-0.45389,2.85698,0.11070
4.64,pregrasp,0.30314,-2.19024,0.19779,-1.71575,-0.41501,2.86494,0.32558,-2.19004,0.25267,-1.70521,-0.44934,2.85791,0.11070
4.65,pregrasp,0.30021,-2.19008,0.19059,-1.71713,-0.41046,2.86588,0.32266,-2.18988,0.24547,-1.70658,-0.44479,2.85885,0.11070
4.66,pregrasp,0.29728,-2.18991,0.18339,-1.71851,-0.40591,2.86681,0.31974,-2.18971,0.23827,-1.70796,-0.44024,2.85978,0.11070
4.67,pregrasp,0.29435,-2.18975,0.17619,-1.71989,-0.40135,2.86774,0.31681,-2.18955,0.23107,-1.70934,-0.43569,2.86072,0.11070
4.68,pregrasp,0.29142,-2.18958,0.16899,-1.72127,-0.39680,2.86868,0.31389,-2.18938,0.22387,-1.71072,-0.43114,2.86165,0.11070
4.69,pregrasp,0.28849,-2.18942,0.16179,-1.72265,-0.39225,2.86961,0.31097,-2.18922,0.21667,-1.71210,-0.42659,2.86259,0.11070
4.70,pregrasp,0.28556,-2.18925,0.15459,-1.72403,-0.38770,2.87055,0.30804,-2.18905,0.20947,-1.71348,-0.42204,2.86352,0.11070
4.71,pregrasp,0.28263,-2.18909,0.14739,-1.72541,-0.38315,2.87148,0.30512,-2.18889,0.20227,-1.71486,-0.41748,2.86445,0.11070
4.72,pregrasp,0.27970,-2.18893,0.14019,-1.72679,-0.37860,2.87242,0.30220,-2.18873,0.19507,-1.71623,-0.41293,2.86539,0.11070
4.73,pregrasp,0.27677,-2.18876,0.13299,-1.72816,-0.37405,2.87335,0.29927,-2.18856,0.18787,-1.71761,-0.40838,2.86632,0.11070
4.74,pregrasp,0.27384,-2.18860,0.12579,-1.72954,-0.36950,2.87429,0.29635,-2.18840,0.18067,-1.71899,-0.40383,2.86726,0.11070
4.75,pregrasp,0.27091,-2.18843,0.11859,-1.73092,-0.36495,2.87522,0.29343,-2.18823,0.17347,-1.72037,-0.39928,2.86819,0.11070
4.76,pregrasp,0.26798,-2.18827,0.11139,-1.73230,-0.36040,2.87616,0.29050,-2.18807,0.16627,-1.72175,-0.39473,2.86913,0.11070
4.77,pregrasp,0.26505,-2.18810,0.10419,-1.73368,-0.35585,2.87709,0.28758,-2.18790,0.15907,-1.72313,-0.39018,2.87006,0.11070
4.78,pregrasp,0.26212,-2.18794,0.09699,-1.73506,-0.35130,2.87803,0.28466,-2.18774,0.15187,-1.72451,-0.38563,2.87100,0.11070
4.79,pregrasp,0.25919,-2.18777,0.08979,-1.73644,-0.34675,2.87896,0.28174,-2.18758,0.14467,-1.72589,-0.38108,2.87193,0.11070
4.80,pregrasp,0.25626,-2.18761,0.08259,-1.73782,-0.34220,2.87990,0.27881,-2.18741,0.13747,-1.72727,-0.37653,2.87287,0.11070
4.81,pregrasp,0.25333,-2.18744,0.07539,-1.73920,-0.33765,2.88083,0.27589,-2.18725,0.13028,-1.72865,-0.37198,2.87380,0.11070
4.82,pregrasp,0.25041,-2.18728,0.06819,-1.74058,-0.33310,2.88177,0.27297,-2.18708,0.12308,-1.73002,-0.36743,2.87474,0.11070
4.83,pregrasp,0.24748,-2.18711,0.06099,-1.74196,-0.32855,2.88270,0.27004,-2.18692,0.11588,-1.73140,-0.36288,2.87567,0.11070
4.84,pregrasp,0.24455,-2.18695,0.05379,-1.74334,-0.32400,2.88364,0.26712,-2.18676,0.10868,-1.73278,-0.35833,2.87661,0.11070
4.85,pregrasp,0.24162,-2.18678,0.04659,-1.74472,-0.31945,2.88457,0.26420,-2.18659,0.10148,-1.73416,-0.35378,2.87754,0.11070
4.86,pregrasp,0.23869,-2.18662,0.03939,-1.74610,-0.31490,2.88551,0.26127,-2.18643,0.09428,-1.73554,-0.34923,2.87848,0.11070
4.87,pregrasp,0.23576,-2.18645,0.03219,-1.74748,-0.31035,2.88644,0.25835,-2.18627,0.08708,-1.73692,-0.34468,2.87941,0.11070
4.88,pregrasp,0.23283,-2.18629,0.02499,-1.74886,-0.30580,2.88738,0.25543,-2.18610,0.07988,-1.73830,-0.34013,2.88035,0.11070
4.89,pregrasp,0.22990,-2.18612,0.01779,-1.75024,-0.30125,2.88831,0.25250,-2.18594,0.07268,-1.73967,-0.33558,2.88128,0.11070
4.90,pregrasp,0.22697,-2.18596,0.01059,-1.75162,-0.29670,2.88924,0.24958,-2.18578,0.06548,-1.74105,-0.33103,2.88222,0.11070
4.91,pregrasp,0.22404,-2.18579,0.00339,-1.75300,-0.29215,2.89018,0.24666,-2.18561,0.05828,-1.74243,-0.32648,2.88315,0.11070
4.92,pregrasp,0.22111,-2.18563,-0.00381,-1.75438,-0.28760,2.89111,0.24373,-2.18545,0.05108,-1.74381,-0.32193,2.88409,0.11070
4.93,pregrasp,0.21818,-2.18546,-0.01101,-1.75576,-0.28305,2.89205,0.24081,-2.18529,0.04388,-1.74519,-0.31737,2.88502,0.11070
4.94,pregrasp,0.21525,-2.18530,-0.01821,-1.75714,-0.27850,2.89298,0.23789,-2.18512,0.03668,-1.74657,-0.31282,2.88596,0.11070
4.95,pregrasp,0.21232,-2.18513,-0.02541,-1.75852,-0.27394,2.89392,0.23496,-2.18496,0.02948,-1.74795,-0.30827,2.88689,0.11070
4.96,pregrasp,0.20939,-2.18497,-0.03261,-1.75990,-0.26939,2.89485,0.23204,-2.18480,0.02228,-1.74933,-0.30372,2.88782,0.11070
4.97,pregrasp,0.20646,-2.18480,-0.03981,-1.76128,-0.26484,2.89579,0.22912,-2.18463,0.01508,-1.75071,-0.29917,2.88876,0.11070
4.98,pregrasp,0.20353,-2.18464,-0.04701,-1.76266,-0.26029,2.89672,0.22619,-2.18447,0.00788,-1.75208,-0.29462,2.88969,0.11070
4.99,pregrasp,0.20060,-2.18447,-0.05421,-1.76404,-0.25574,2.89766,0.22327,-2.18431,0.00068,-1.75346,-0.29007,2.89063,0.11070
5.00,pregrasp,0.19767,-2.18431,-0.06141,-1.76542,-0.25119,2.89859,0.22035,-2.18414,-0.00652,-1.75484,-0.28552,2.89156,0.11070
5.01,pregrasp,0.19474,-2.18414,-0.06861,-1.76680,-0.24664,2.89953,0.21742,-2.18398,-0.01372,-1.75622,-0.28097,2.89250,0.11070
5.02,pregrasp,0.19181,-2.18398,-0.07581,-1.76818,-0.24209,2.90046,0.21450,-2.18382,-0.02092,-1.75760,-0.27642,2.89343,0.11070
5.03,pregrasp,0.18888,-2.18381,-0.08301,-1.76956,-0.23754,2.90140,0.21158,-2.18366,-0.02812,-1.75898,-0.27187,2.89437,0.11070
5.04,pregrasp,0.18595,-2.18365,-0.09021,-1.77094,-0.23299,2.90233,0.20865,-2.18349,-0.03532,-1.76036,-0.26732,2.89530,0.11070
5.05,pregrasp,0.18302,-2.18348,-0.09741,-1.77232,-0.22844,2.90327,0.20573,-2.18333,-0.04252,-1.76174,-0.26277,2.89624,0.11070
5.06,pregrasp,0.18009,-2.18332,-0.10461,-1.77370,-0.22389,2.90420,0.20281,-2.18317,-0.04972,-1.76311,-0.25822,2.89717,0.11070
5.07,pregrasp,0.17716,-2.18315,-0.11181,-1.77508,-0.21934,2.90514,0.19988,-2.18301,-0.05692,-1.76449,-0.25367,2.89811,0.11070
5.08,pregrasp,0.17423,-2.18299,-0.11901,-1.77646,-0.21479,2.90607,0.19696,-2.18284,-0.06412,-1.76587,-0.24912,2.89904,0.11070
5.09,pregrasp,0.17130,-2.18282,-0.12621,-1.77784,-0.21024,2.90701,0.19404,-2.18268,-0.07132,-1.76725,-0.24457,2.89998,0.11070
5.10,pregrasp,0.16837,-2.18266,-0.13341,-1.77922,-0.20569,2.90794,0.19111,-2.18252,-0.07851,-1.76863,-0.24002,2.90091,0.11070
5.11,pregrasp,0.16544,-2.18249,-0.14061,-1.78060,-0.20114,2.90887,0.18819,-2.18236,-0.08571,-1.77001,-0.23547,2.90184,0.11070
5.12,pregrasp,0.16251,-2.18233,-0.14781,-1.78198,-0.19659,2.90981,0.18527,-2.18220,-0.09291,-1.77139,-0.23092,2.90278,0.11070
5.13,pregrasp,0.15958,-2.18216,-0.15501,-1.78336,-0.19204,2.91074,0.18234,-2.18203,-0.10011,-1.77277,-0.22637,2.90371,0.11070
5.14,pregrasp,0.15665,-2.18200,-0.16221,-1.78474,-0.18749,2.91168,0.17942,-2.18187,-0.10731,-1.77415,-0.22181,2.90465,0.11070
5.15,pregrasp,0.15372,-2.18183,-0.16941,-1.78612,-0.18294,2.91261,0.17649,-2.18171,-0.11451,-1.77552,-0.21726,2.90558,0.11070
5.16,pregrasp,0.15079,-2.18167,-0.17661,-1.78750,-0.17839,2.91355,0.17357,-2.18155,-0.12171,-1.77690,-0.21271,2.90652,0.11070
5.17,pregrasp,0.14786,-2.18150,-0.18381,-1.78888,-0.17384,2.91448,0.17065,-2.18139,-0.12891,-1.77828,-0.20816,2.90745,0.11070
5.18,pregrasp,0.14493,-2.18134,-0.19102,-1.79026,-0.16929,2.91542,0.16772,-2.18122,-0.13611,-1.77966,-0.20361,2.90839,0.11070
5.19,pregrasp,0.14200,-2.18117,-0.19822,-1.79164,-0.16474,2.91635,0.16480,-2.18106,-0.14331,-1.78104,-0.19906,2.90932,0.11070
5.20,pregrasp,0.13907,-2.18101,-0.20542,-1.79302,-0.16019,2.91729,0.16188,-2.18090,-0.15051,-1.78242,-0.19451,2.91026,0.11070
5.21,pregrasp,0.13614,-2.18084,-0.21262,-1.79440,-0.15564,2.91822,0.15895,-2.18074,-0.15771,-1.78380,-0.18996,2.91119,0.11070
5.22,pregrasp,0.13321,-2.18068,-0.21982,-1.79578,-0.15109,2.91916,0.15603,-2.18058,-0.16491,-1.78518,-0.18541,2.91213,0.11070
5.23,pregrasp,0.13028,-2.18051,-0.22702,-1.79716,-0.14653,2.92009,0.15310,-2.18042,-0.17211,-1.78656,-0.18086,2.91306,0.11070
5.24,pregrasp,0.12735,-2.18035,-0.23422,-1.79854,-0.14198,2.92103,0.15018,-2.18025,-0.17931,-1.78794,-0.17631,2.91399,0.11070
5.25,pregrasp,0.12442,-2.18018,-0.24142,-1.79992,-0.13743,2.92196,0.14726,-2.18009,-0.18651,-1.78931,-0.17176,2.91493,0.11070
5.26,pregrasp,0.12149,-2.18002,-0.24862,-1.80130,-0.13288,2.92290,0.14433,-2.17993,-0.19371,-1.79069,-0.16721,2.91586,0.11070
5.27,pregrasp,0.11856,-2.17985,-0.25582,-1.80268,-0.12833,2.92383,0.14141,-2.17977,-0.20091,-1.79207,-0.16266,2.91680,0.11070
5.28,pregrasp,0.11563,-2.17969,-0.26302,-1.80406,-0.12378,2.92477,0.13848,-2.17961,-0.20811,-1.79345,-0.15811,2.91773,0.11070
5.29,pregrasp,0.11270,-2.17952,-0.27022,-1.80543,-0.11923,2.92570,0.13556,-2.17944,-0.21530,-1.79483,-0.15356,2.91867,0.11070
5.30,pregrasp,0.10977,-2.17936,-0.27742,-1.80681,-0.11468,2.92664,0.13263,-2.17928,-0.22250,-1.79621,-0.14901,2.91960,0.11070
5.31,pregrasp,0.10684,-2.17919,-0.28462,-1.80819,-0.11013,2.92757,0.12971,-2.17912,-0.22970,-1.79759,-0.14446,2.92054,0.11070
5.32,pregrasp,0.10391,-2.17903,-0.29182,-1.80957,-0.10558,2.92851,0.12678,-2.17896,-0.23690,-1.79897,-0.13991,2.92147,0.11070
5.33,pregrasp,0.10098,-2.17886,-0.29902,-1.81095,-0.10103,2.92944,0.12386,-2.17880,-0.24410,-1.80035,-0.13535,2.92241,0.11070
5.34,pregrasp,0.09805,-2.17870,-0.30622,-1.81233,-0.09648,2.93037,0.12094,-2.17864,-0.25130,-1.80173,-0.13080,2.92334,0.11070
5.35,pregrasp,0.09512,-2.17853,-0.31342,-1.81371,-0.09193,2.93131,0.11801,-2.17848,-0.25850,-1.80311,-0.12625,2.92428,0.11070
5.36,pregrasp,0.09219,-2.17837,-0.32062,-1.81509,-0.08738,2.93224,0.11509,-2.17831,-0.26570,-1.80448,-0.12170,2.92521,0.11070
5.37,pregrasp,0.08926,-2.17821,-0.32782,-1.81647,-0.08283,2.93318,0.11216,-2.17815,-0.27290,-1.80586,-0.11715,2.92615,0.11070
5.38,pregrasp,0.08633,-2.17804,-0.33502,-1.81785,-0.07828,2.93411,0.10924,-2.17799,-0.28010,-1.80724,-0.11260,2.92708,0.11070
5.39,pregrasp,0.08340,-2.17788,-0.34222,-1.81923,-0.07373,2.93505,0.10631,-2.17783,-0.28730,-1.80862,-0.10805,2.92802,0.11070
5.40,pregrasp,0.08047,-2.17771,-0.34942,-1.82061,-0.06918,2.93598,0.10339,-2.17767,-0.29450,-1.81000,-0.10350,2.92895,0.11070
5.41,pregrasp,0.07754,-2.17755,-0.35662,-1.82199,-0.06463,2.93692,0.10046,-2.17751,-0.30170,-1.81138,-0.09895,2.92989,0.11070
5.42,pregrasp,0.07461,-2.17738,-0.36382,-1.82337,-0.06008,2.93785,0.09754,-2.17735,-0.30890,-1.81276,-0.09440,2.93082,0.11070
5.43,pregrasp,0.07168,-2.17722,-0.37102,-1.82475,-0.05553,2.93879,0.09461,-2.17719,-0.31610,-1.81414,-0.08985,2.93176,0.11070
5.44,pregrasp,0.06875,-2.17705,-0.37822,-1.82613,-0.05098,2.93972,0.09169,-2.17703,-0.32330,-1.81552,-0.08530,2.93269,0.11070
5.45,pregrasp,0.06582,-2.17689,-0.38542,-1.82751,-0.04643,2.94066,0.08876,-2.17686,-0.33049,-1.81690,-0.08075,2.93363,0.11070
5.46,pregrasp,0.06289,-2.17672,-0.39262,-1.82889,-0.04188,2.94159,0.08584,-2.17670,-0.33769,-1.81828,-0.07620,2.93456,0.11070
5.47,pregrasp,0.05996,-2.17656,-0.39982,-1.83027,-0.03733,2.94253,0.08291,-2.17654,-0.34489,-1.81966,-0.07165,2.93550,0.11070
5.48,pregrasp,0.05704,-2.17639,-0.40702,-1.83165,-0.03278,2.94346,0.07999,-2.17638,-0.35209,-1.82104,-0.06710,2.93643,0.11070
5.49,pregrasp,0.05411,-2.17623,-0.41422,-1.83303,-0.02823,2.94440,0.07706,-2.17622,-0.35929,-1.82242,-0.06255,2.93736,0.11070
5.50,pregrasp,0.05118,-2.17606,-0.42142,-1.83441,-0.02368,2.94533,0.07414,-2.17606,-0.36649,-1.82379,-0.05800,2.93830,0.11070
5.51,pregrasp,0.04825,-2.17590,-0.42862,-1.83579,-0.01912,2.94627,0.07121,-2.17590,-0.37369,-1.82517,-0.05345,2.93923,0.11070
5.52,pregrasp,0.04532,-2.17573,-0.43582,-1.83717,-0.01457,2.94720,0.06829,-2.17574,-0.38089,-1.82655,-0.04890,2.94017,0.11070
5.53,pregrasp,0.04239,-2.17557,-0.44302,-1.83855,-0.01002,2.94814,0.06536,-2.17558,-0.38809,-1.82793,-0.04434,2.94110,0.11070
5.54,pregrasp,0.03946,-2.17540,-0.45022,-1.83993,-0.00547,2.94907,0.06243,-2.17542,-0.39529,-1.82931,-0.03979,2.94204,0.11070
5.55,pregrasp,0.03653,-2.17524,-0.45742,-1.84131,-0.00092,2.95001,0.05951,-2.17526,-0.40249,-1.83069,-0.03524,2.94297,0.11070
5.56,pregrasp,0.03360,-2.17507,-0.46462,-1.84269,0.00363,2.95094,0.05658,-2.17510,-0.40969,-1.83207,-0.03069,2.94391,0.11070
5.57,pregrasp,0.03067,-2.17491,-0.47182,-1.84407,0.00818,2.95187,0.05366,-2.17494,-0.41689,-1.83345,-0.02614,2.94484,0.11070
5.58,pregrasp,0.02774,-2.17474,-0.47902,-1.84545,0.01273,2.95281,0.05073,-2.17478,-0.42409,-1.83483,-0.02159,2.94578,0.11070
5.59,pregrasp,0.02481,-2.17458,-0.48622,-1.84683,0.01728,2.95374,0.04781,-2.17462,-0.43129,-1.83621,-0.01704,2.94671,0.11070
5.60,pregrasp,0.02188,-2.17441,-0.49342,-1.84821,0.02183,2.95468,0.04488,-2.17446,-0.43848,-1.83759,-0.01249,2.94765,0.11070
5.61,pregrasp,0.01895,-2.17425,-0.50062,-1.84959,0.02638,2.95561,0.04195,-2.17430,-0.44568,-1.83897,-0.00794,2.94858,0.11070
5.62,pregrasp,0.01602,-2.17408,-0.50782,-1.85097,0.03093,2.95655,0.03903,-2.17414,-0.45288,-1.84035,-0.00339,2.94952,0.11070
5.63,pregrasp,0.01309,-2.17392,-0.51502,-1.85235,0.03548,2.95748,0.03610,-2.17398,-0.46008,-1.84173,0.00116,2.95045,0.11070
5.64,pregrasp,0.01016,-2.17375,-0.52222,-1.85373,0.04003,2.95842,0.03318,-2.17382,-0.46728,-1.84311,0.00571,2.95139,0.11070
5.65,pregrasp,0.00723,-2.17359,-0.52942,-1.85511,0.04458,2.95935,0.03025,-2.17366,-0.47448,-1.84449,0.01026,2.95232,0.11070
5.66,pregrasp,0.00430,-2.17342,-0.53662,-1.85649,0.04913,2.96029,0.02732,-2.17350,-0.48168,-1.84587,0.01481,2.95325,0.11070
5.67,pregrasp,0.00137,-2.17326,-0.54382,-1.85787,0.05368,2.96122,0.02440,-2.17334,-0.48888,-1.84725,0.01936,2.95419,0.11070
5.68,pregrasp,-0.00156,-2.17309,-0.55102,-1.85925,0.05823,2.96216,0.02147,-2.17318,-0.49608,-1.84863,0.02391,2.95512,0.11070
5.69,pregrasp,-0.00449,-2.17293,-0.55822,-1.86063,0.06278,2.96309,0.01854,-2.17301,-0.50328,-1.85001,0.02846,2.95606,0.11070
5.70,pregrasp,-0.00742,-2.17276,-0.56542,-1.86201,0.06733,2.96403,0.01562,-2.17285,-0.51048,-1.85139,0.03301,2.95699,0.11070
5.71,pregrasp,-0.01035,-2.17260,-0.57262,-1.86339,0.07188,2.96496,0.01269,-2.17269,-0.51768,-1.85277,0.03756,2.95793,0.11070
5.72,pregrasp,-0.01328,-2.17243,-0.57982,-1.86477,0.07643,2.96590,0.00976,-2.17253,-0.52488,-1.85415,0.04211,2.95886,0.11070
5.73,pregrasp,-0.01621,-2.17227,-0.58702,-1.86615,0.08098,2.96683,0.00684,-2.17237,-0.53207,-1.85553,0.04666,2.95980,0.11070
5.74,pregrasp,-0.01914,-2.17210,-0.59422,-1.86753,0.08553,2.96777,0.00391,-2.17221,-0.53927,-1.85691,0.05121,2.96073,0.11070
5.75,pregrasp,-0.02207,-2.17194,-0.60142,-1.86891,0.09008,2.96870,0.00098,-2.17205,-0.54647,-1.85829,0.05577,2.96166,0.11070
5.76,pregrasp,-0.02500,-2.17177,-0.60862,-1.87029,0.09463,2.96964,-0.00195,-2.17189,-0.55367,-1.85967,0.06032,2.96260,0.11070
5.77,pregrasp,-0.02793,-2.17161,-0.61582,-1.87167,0.09918,2.97057,-0.00487,-2.17173,-0.56087,-1.86105,0.06487,2.96353,0.11070
5.78,pregrasp,-0.03086,-2.17144,-0.62302,-1.87305,0.10373,2.97150,-0.00780,-2.17157,-0.56807,-1.86243,0.06942,2.96447,0.11070
5.79,pregrasp,-0.03379,-2.17128,-0.63022,-1.87443,0.10829,2.97244,-0.01073,-2.17141,-0.57527,-1.86381,0.07397,2.96540,0.11070
5.80,pregrasp,-0.03672,-2.17111,-0.63742,-1.87581,0.11284,2.97337,-0.01365,-2.17125,-0.58247,-1.86519,0.07852,2.96634,0.11070
5.81,pregrasp,-0.03965,-2.17095,-0.64462,-1.87719,0.11739,2.97431,-0.01658,-2.17109,-0.58967,-1.86657,0.08307,2.96727,0.11070
5.82,pregrasp,-0.04258,-2.17078,-0.65182,-1.87857,0.12194,2.97524,-0.01951,-2.17094,-0.59687,-1.86795,0.08762,2.96821,0.11070
5.83,pregrasp,-0.04551,-2.17062,-0.65902,-1.87995,0.12649,2.97618,-0.02244,-2.17078,-0.60407,-1.86933,0.09217,2.96914,0.11070
5.84,pregrasp,-0.04844,-2.17045,-0.66622,-1.88133,0.13104,2.97711,-0.02536,-2.17062,-0.61127,-1.87071,0.09672,2.97008,0.11070
5.85,pregrasp,-0.05137,-2.17029,-0.67342,-1.88271,0.13559,2.97805,-0.02829,-2.17046,-0.61847,-1.87209,0.10127,2.97101,0.11070
5.86,pregrasp,-0.05430,-2.17012,-0.68062,-1.88408,0.14014,2.97898,-0.03122,-2.17030,-0.62567,-1.87347,0.10582,2.97195,0.11070
5.87,pregrasp,-0.05723,-2.16996,-0.68782,-1.88546,0.14469,2.97992,-0.03415,-2.17014,-0.63286,-1.87485,0.11037,2.97288,0.11070
5.88,pregrasp,-0.06016,-2.16979,-0.69502,-1.88684,0.14924,2.98085,-0.03708,-2.16998,-0.64006,-1.87623,0.11492,2.97381,0.11070
5.89,pregrasp,-0.06309,-2.16963,-0.70222,-1.88822,0.15379,2.98179,-0.04000,-2.16982,-0.64726,-1.87761,0.11947,2.97475,0.11070
5.90,pregrasp,-0.06602,-2.16946,-0.70942,-1.88960,0.15834,2.98272,-0.04293,-2.16966,-0.65446,-1.87899,0.12402,2.97568,0.11070
5.91,pregrasp,-0.06895,-2.16930,-0.71662,-1.89098,0.16289,2.98366,-0.04586,-2.16950,-0.66166,-1.88037,0.12857,2.97662,0.11070
5.92,pregrasp,-0.07188,-2.16913,-0.72382,-1.89236,0.16744,2.98459,-0.04879,-2.16934,-0.66886,-1.88175,0.13312,2.97755,0.11070
5.93,pregrasp,-0.07481,-2.16897,-0.73102,-1.89374,0.17199,2.98553,-0.05172,-2.16918,-0.67606,-1.88313,0.13767,2.97849,0.11070
5.94,pregrasp,-0.07774,-2.16880,-0.73822,-1.89512,0.17654,2.98646,-0.05465,-2.16902,-0.68326,-1.88451,0.14222,2.97942,0.11070
5.95,pregrasp,-0.08067,-2.16864,-0.74542,-1.89650,0.18109,2.98740,-0.05757,-2.16886,-0.69046,-1.88589,0.14677,2.98036,0.11070
5.96,pregrasp,-0.08360,-2.16847,-0.75262,-1.89788,0.18564,2.98833,-0.06050,-2.16870,-0.69766,-1.88727,0.15132,2.98129,0.11070
5.97,pregrasp,-0.08653,-2.16831,-0.75982,-1.89926,0.19019,2.98927,-0.06343,-2.16854,-0.70486,-1.88865,0.15587,2.98223,0.11070
5.98,pregrasp,-0.08946,-2.16814,-0.76702,-1.90064,0.19474,2.99020,-0.06636,-2.16838,-0.71206,-1.89003,0.16042,2.98316,0.11070
5.99,pregrasp,-0.09239,-2.16798,-0.77422,-1.90202,0.19929,2.99113,-0.06929,-2.16822,-0.71926,-1.89141,0.16498,2.98410,0.11070
6.00,pregrasp,-0.09532,-2.16781,-0.78142,-1.90340,0.20384,2.99207,-0.07222,-2.16806,-0.72645,-1.89279,0.16953,2.98503,0.11070
6.01,pregrasp,-0.09825,-2.16765,-0.78862,-1.90478,0.20839,2.99300,-0.07515,-2.16790,-0.73365,-1.89417,0.17408,2.98597,0.11070
6.02,pregrasp,-0.10118,-2.16748,-0.79582,-1.90616,0.21294,2.99394,-0.07807,-2.16774,-0.74085,-1.89555,0.17863,2.98690,0.11070
6.03,pregrasp,-0.10411,-2.16732,-0.80302,-1.90754,0.21749,2.99487,-0.08100,-2.16758,-0.74805,-1.89693,0.18318,2.98784,0.11070
6.04,pregrasp,-0.10704,-2.16716,-0.81022,-1.90892,0.22204,2.99581,-0.08393,-2.16743,-0.75525,-1.89831,0.18773,2.98877,0.11070
6.05,pregrasp,-0.10997,-2.16699,-0.81742,-1.91030,0.22659,2.99674,-0.08686,-2.16727,-0.76245,-1.89969,0.19228,2.98971,0.11070
6.06,pregrasp,-0.11290,-2.16683,-0.82462,-1.91168,0.23114,2.99768,-0.08979,-2.16711,-0.76965,-1.90107,0.19683,2.99064,0.11070
6.07,pregrasp,-0.11583,-2.16666,-0.83182,-1.91306,0.23570,2.99861,-0.09272,-2.16695,-0.77685,-1.90245,0.20138,2.99158,0.11070
6.08,pregrasp,-0.11876,-2.16650,-0.83902,-1.91444,0.24025,2.99955,-0.09565,-2.16679,-0.78405,-1.90383,0.20593,2.99251,0.11070
6.09,pregrasp,-0.12169,-2.16633,-0.84622,-1.91582,0.24480,3.00048,-0.09858,-2.16663,-0.79125,-1.90521,0.21048,2.99345,0.11070
6.10,pregrasp,-0.12462,-2.16617,-0.85342,-1.91720,0.24935,3.00142,-0.10151,-2.16647,-0.79845,-1.90659,0.21503,2.99438,0.11070
6.11,pregrasp,-0.12755,-2.16600,-0.86062,-1.91858,0.25390,3.00235,-0.10444,-2.16631,-0.80565,-1.90797,0.21958,2.99532,0.11070
6.12,pregrasp,-0.13048,-2.16584,-0.86782,-1.91996,0.25845,3.00329,-0.10737,-2.16615,-0.81285,-1.90935,0.22413,2.99625,0.11070
6.13,pregrasp,-0.13341,-2.16567,-0.87502,-1.92134,0.26300,3.00422,-0.11030,-2.16599,-0.82005,-1.91073,0.22868,2.99719,0.11070
6.14,pregrasp,-0.13634,-2.16551,-0.88222,-1.92272,0.26755,3.00516,-0.11323,-2.16583,-0.82725,-1.91211,0.23323,2.99812,0.11070
6.15,pregrasp,-0.13926,-2.16534,-0.88942,-1.92410,0.27210,3.00609,-0.11616,-2.16568,-0.83445,-1.91349,0.23778,2.99905,0.11070
6.16,pregrasp,-0.14219,-2.16518,-0.89662,-1.92548,0.27665,3.00703,-0.11909,-2.16552,-0.84164,-1.91487,0.24233,2.99999,0.11070
6.17,pregrasp,-0.14512,-2.16501,-0.90382,-1.92686,0.28120,3.00796,-0.12202,-2.16536,-0.84884,-1.91625,0.24688,3.00092,0.11070
6.18,pregrasp,-0.14805,-2.16485,-0.91102,-1.92824,0.28575,3.00890,-0.12495,-2.16520,-0.85604,-1.91763,0.25143,3.00186,0.11070
6.19,pregrasp,-0.15098,-2.16468,-0.91822,-1.92962,0.29030,3.00983,-0.12788,-2.16504,-0.86324,-1.91901,0.25598,3.00279,0.11070
6.20,pregrasp,-0.15391,-2.16452,-0.92542,-1.93100,0.29485,3.01077,-0.13081,-2.16488,-0.87044,-1.92039,0.26053,3.00373,0.11070
6.21,pregrasp,-0.15684,-2.16435,-0.93262,-1.93238,0.29940,3.01170,-0.13374,-2.16472,-0.87764,-1.92177,0.26508,3.00466,0.11070
6.22,pregrasp,-0.15977,-2.16419,-0.93982,-1.93376,0.30395,3.01263,-0.13667,-2.16457,-0.88484,-1.92316,0.26963,3.00560,0.11070
6.23,pregrasp,-0.16270,-2.16402,-0.94702,-1.93514,0.30850,3.01357,-0.13960,-2.16441,-0.89204,-1.92454,0.27418,3.00653,0.11070
6.24,pregrasp,-0.16563,-2.16386,-0.95422,-1.93652,0.31305,3.01450,-0.14253,-2.16425,-0.89924,-1.92592,0.27873,3.00747,0.11070
6.25,pregrasp,-0.16856,-2.16369,-0.96142,-1.93790,0.31760,3.01544,-0.14546,-2.16409,-0.90644,-1.92730,0.28329,3.00840,0.11070
6.26,pregrasp,-0.17149,-2.16353,-0.96862,-1.93928,0.32215,3.01637,-0.14839,-2.16393,-0.91364,-1.92868,0.28784,3.00934,0.11070
6.27,pregrasp,-0.17442,-2.16336,-0.97582,-1.94066,0.32670,3.01731,-0.15132,-2.16377,-0.92084,-1.93006,0.29239,3.01027,0.11070
6.28,pregrasp,-0.17735,-2.16320,-0.98302,-1.94204,0.33125,3.01824,-0.15425,-2.16361,-0.92804,-1.93144,0.29694,3.01120,0.11070
6.29,pregrasp,-0.18028,-2.16303,-0.99022,-1.94342,0.33580,3.01918,-0.15718,-2.16345,-0.93524,-1.93282,0.30149,3.01214,0.11070
6.30,pregrasp,-0.18321,-2.16287,-0.99742,-1.94480,0.34035,3.02011,-0.16012,-2.16329,-0.94244,-1.93420,0.30604,3.01307,0.11070
6.31,pregrasp,-0.18614,-2.16270,-1.00462,-1.94618,0.34490,3.02105,-0.16305,-2.16313,-0.94964,-1.93558,0.31059,3.01401,0.11070
6.32,pregrasp,-0.18907,-2.16254,-1.01182,-1.94756,0.34945,3.02198,-0.16598,-2.16297,-0.95683,-1.93696,0.31514,3.01494,0.11070
6.33,pregrasp,-0.19200,-2.16237,-1.01902,-1.94894,0.35400,3.02292,-0.16891,-2.16281,-0.96403,-1.93834,0.31969,3.01588,0.11070
6.34,pregrasp,-0.19493,-2.16221,-1.02622,-1.95032,0.35856,3.02385,-0.17184,-2.16265,-0.97123,-1.93972,0.32424,3.01681,0.11070
6.35,pregrasp,-0.19786,-2.16204,-1.03342,-1.95170,0.36311,3.02479,-0.17477,-2.16249,-0.97843,-1.94110,0.32879,3.01775,0.11070
6.36,pregrasp,-0.20079,-2.16188,-1.04062,-1.95308,0.36766,3.02572,-0.17770,-2.16233,-0.98563,-1.94248,0.33334,3.01868,0.11070
6.37,pregrasp,-0.20372,-2.16171,-1.04783,-1.95446,0.37221,3.02666,-0.18063,-2.16217,-0.99283,-1.94386,0.33789,3.01962,0.11070
6.38,pregrasp,-0.20665,-2.16155,-1.05503,-1.95584,0.37676,3.02759,-0.18357,-2.16202,-1.00003,-1.94524,0.34244,3.02055,0.11070
6.39,pregrasp,-0.20958,-2.16138,-1.06223,-1.95722,0.38131,3.02853,-0.18650,-2.16186,-1.00723,-1.94662,0.34699,3.02149,0.11070
6.40,pregrasp,-0.21251,-2.16122,-1.06943,-1.95860,0.38586,3.02946,-0.18943,-2.16170,-1.01443,-1.94800,0.35154,3.02242,0.11070
6.41,pregrasp,-0.21544,-2.16105,-1.07663,-1.95998,0.39041,3.03040,-0.19236,-2.16154,-1.02163,-1.94938,0.35609,3.02336,0.11070
6.42,pregrasp,-0.21837,-2.16089,-1.08383,-1.96135,0.39496,3.03133,-0.19529,-2.16138,-1.02883,-1.95076,0.36064,3.02429,0.11070
6.43,pregrasp,-0.22130,-2.16072,-1.09103,-1.96273,0.39951,3.03226,-0.19822,-2.16122,-1.03603,-1.95214,0.36519,3.02523,0.11070
6.44,pregrasp,-0.22423,-2.16056,-1.09823,-1.96411,0.40406,3.03320,-0.20116,-2.16107,-1.04323,-1.95352,0.36974,3.02616,0.11070
6.45,pregrasp,-0.22716,-2.16039,-1.10543,-1.96549,0.40861,3.03413,-0.20409,-2.16091,-1.05043,-1.95491,0.37429,3.02710,0.11070
6.46,pregrasp,-0.23009,-2.16023,-1.11263,-1.96687,0.41316,3.03507,-0.20702,-2.16075,-1.05763,-1.95629,0.37884,3.02803,0.11070
6.47,pregrasp,-0.23302,-2.16006,-1.11983,-1.96825,0.41771,3.03600,-0.20995,-2.16059,-1.06483,-1.95767,0.38339,3.02897,0.11070
6.48,pregrasp,-0.23595,-2.15990,-1.12703,-1.96963,0.42226,3.03694,-0.21288,-2.16043,-1.07203,-1.95905,0.38794,3.02990,0.11070
6.49,pregrasp,-0.23888,-2.15973,-1.13423,-1.97101,0.42681,3.03787,-0.21582,-2.16027,-1.07923,-1.96043,0.39249,3.03084,0.11070
6.50,pregrasp,-0.24181,-2.15957,-1.14143,-1.97239,0.43136,3.03881,-0.21875,-2.16012,-1.08642,-1.96181,0.39704,3.03177,0.11070
6.51,pregrasp,-0.24474,-2.15940,-1.14863,-1.97377,0.43591,3.03974,-0.22168,-2.15996,-1.09362,-1.96319,0.40159,3.03270,0.11070
6.52,pregrasp,-0.24767,-2.15924,-1.15583,-1.97515,0.44046,3.04068,-0.22461,-2.15980,-1.10082,-1.96457,0.40614,3.03364,0.11070
6.53,pregrasp,-0.25060,-2.15907,-1.16303,-1.97653,0.44501,3.04161,-0.22754,-2.15964,-1.10802,-1.96595,0.41070,3.03457,0.11070
6.54,pregrasp,-0.25353,-2.15891,-1.17023,-1.97791,0.44956,3.04255,-0.23048,-2.15948,-1.11522,-1.96733,0.41525,3.03551,0.11070
6.55,pregrasp,-0.25646,-2.15874,-1.17743,-1.97929,0.45411,3.04348,-0.23341,-2.15932,-1.12242,-1.96871,0.41980,3.03644,0.11070
6.56,pregrasp,-0.25939,-2.15858,-1.18463,-1.98067,0.45866,3.04442,-0.23634,-2.15916,-1.12962,-1.97009,0.42435,3.03738,0.11070
6.57,pregrasp,-0.26232,-2.15841,-1.19183,-1.98205,0.46321,3.04535,-0.23928,-2.15900,-1.13682,-1.97147,0.42890,3.03831,0.11070
6.58,pregrasp,-0.26525,-2.15825,-1.19903,-1.98343,0.46776,3.04629,-0.24221,-2.15884,-1.14402,-1.97285,0.43345,3.03925,0.11070
6.59,pregrasp,-0.26818,-2.15808,-1.20623,-1.98481,0.47231,3.04722,-0.24514,-2.15868,-1.15122,-1.97423,0.43800,3.04018,0.11070
6.60,pregrasp,-0.27111,-2.15792,-1.21343,-1.98619,0.47686,3.04816,-0.24807,-2.15852,-1.15842,-1.97561,0.44255,3.04112,0.11070
6.61,pregrasp,-0.27404,-2.15775,-1.22063,-1.98757,0.48141,3.04909,-0.25101,-2.15836,-1.16562,-1.97699,0.44710,3.04205,0.11070
6.62,pregrasp,-0.27697,-2.15759,-1.22783,-1.98895,0.48597,3.05003,-0.25394,-2.15820,-1.17282,-1.97837,0.45165,3.04299,0.11070
6.63,pregrasp,-0.27990,-2.15742,-1.23503,-1.99033,0.49052,3.05096,-0.25687,-2.15804,-1.18002,-1.97975,0.45620,3.04392,0.11070
6.64,pregrasp,-0.28283,-2.15726,-1.24223,-1.99171,0.49507,3.05190,-0.25980,-2.15788,-1.18722,-1.98113,0.46075,3.04486,0.11070
6.65,pregrasp,-0.28576,-2.15709,-1.24943,-1.99309,0.49962,3.05283,-0.26274,-2.15772,-1.19442,-1.98251,0.46530,3.04579,0.11070
6.66,pregrasp,-0.28869,-2.15693,-1.25663,-1.99447,0.50417,3.05376,-0.26567,-2.15756,-1.20162,-1.98389,0.46985,3.04673,0.11070
6.67,pregrasp,-0.29162,-2.15676,-1.26383,-1.99585,0.50872,3.05470,-0.26860,-2.15741,-1.20882,-1.98527,0.47440,3.04766,0.11070
6.68,pregrasp,-0.29455,-2.15660,-1.27103,-1.99723,0.51327,3.05563,-0.27154,-2.15725,-1.21602,-1.98666,0.47895,3.04860,0.11070
6.69,pregrasp,-0.29748,-2.15643,-1.27823,-1.99861,0.51782,3.05657,-0.27447,-2.15709,-1.22322,-1.98804,0.48350,3.04953,0.11070
6.70,pregrasp,-0.30041,-2.15627,-1.28543,-1.99999,0.52237,3.05750,-0.27740,-2.15693,-1.23042,-1.98942,0.48805,3.05047,0.11070
6.71,pregrasp,-0.30334,-2.15610,-1.29263,-2.00137,0.52692,3.05844,-0.28034,-2.15677,-1.23762,-1.99080,0.49260,3.05140,0.11070
6.72,pregrasp,-0.30627,-2.15594,-1.29983,-2.00275,0.53147,3.05937,-0.28327,-2.15661,-1.24482,-1.99218,0.49715,3.05233,0.11070
6.73,pregrasp,-0.30920,-2.15578,-1.30703,-2.00413,0.53602,3.06031,-0.28620,-2.15645,-1.25202,-1.99356,0.50170,3.05327,0.11070
6.74,pregrasp,-0.31213,-2.15561,-1.31423,-2.00551,0.54057,3.06124,-0.28914,-2.15629,-1.25921,-1.99494,0.50625,3.05420,0.11070
6.75,pregrasp,-0.31506,-2.15545,-1.32143,-2.00689,0.54512,3.06218,-0.29207,-2.15613,-1.26641,-1.99632,0.51080,3.05514,0.11070
6.76,pregrasp,-0.31799,-2.15528,-1.32863,-2.00827,0.54967,3.06311,-0.29500,-2.15598,-1.27361,-1.99770,0.51535,3.05607,0.11070
6.77,pregrasp,-0.32092,-2.15512,-1.33583,-2.00965,0.55422,3.06405,-0.29794,-2.15582,-1.28081,-1.99908,0.51990,3.05701,0.11070
6.78,pregrasp,-0.32385,-2.15495,-1.34303,-2.01103,0.55877,3.06498,-0.30087,-2.15566,-1.28801,-2.00046,0.52446,3.05794,0.11070
6.79,pregrasp,-0.32678,-2.15479,-1.35023,-2.01241,0.56332,3.06592,-0.30380,-2.15550,-1.29521,-2.00184,0.52901,3.05888,0.11070
6.80,pregrasp,-0.32971,-2.15462,-1.35743,-2.01379,0.56787,3.06685,-0.30674,-2.15534,-1.30241,-2.00322,0.53356,3.05981,0.11070
6.81,pregrasp,-0.33263,-2.15446,-1.36463,-2.01517,0.57242,3.06779,-0.30967,-2.15518,-1.30961,-2.00460,0.53811,3.06075,0.11070
6.82,pregrasp,-0.33556,-2.15429,-1.37183,-2.01655,0.57697,3.06872,-0.31260,-2.15502,-1.31681,-2.00598,0.54266,3.06168,0.11070
6.83,pregrasp,-0.33849,-2.15413,-1.37903,-2.01793,0.58152,3.06966,-0.31554,-2.15486,-1.32401,-2.00736,0.54721,3.06262,0.11070
6.84,pregrasp,-0.34142,-2.15396,-1.38623,-2.01931,0.58607,3.07059,-0.31847,-2.15470,-1.33121,-2.00874,0.55176,3.06355,0.11070
6.85,pregrasp,-0.34435,-2.15380,-1.39343,-2.02069,0.59062,3.07153,-0.32140,-2.15454,-1.33841,-2.01012,0.55631,3.06449,0.11070
6.86,pregrasp,-0.34728,-2.15363,-1.40063,-2.02207,0.59517,3.07246,-0.32434,-2.15438,-1.34561,-2.01150,0.56086,3.06542,0.11070
6.87,pregrasp,-0.35021,-2.15347,-1.40783,-2.02345,0.59972,3.07340,-0.32727,-2.15423,-1.35281,-2.01288,0.56541,3.06636,0.11070
6.88,pregrasp,-0.35314,-2.15330,-1.41503,-2.02483,0.60427,3.07433,-0.33021,-2.15407,-1.36001,-2.01426,0.56996,3.06729,0.11070
6.89,pregrasp,-0.35607,-2.15314,-1.42223,-2.02621,0.60882,3.07526,-0.33314,-2.15391,-1.36721,-2.01565,0.57451,3.06823,0.11070
6.90,pregrasp,-0.35900,-2.15297,-1.42943,-2.02759,0.61338,3.07620,-0.33607,-2.15375,-1.37441,-2.01703,0.57906,3.06916,0.11070
6.91,pregrasp,-0.36193,-2.15281,-1.43663,-2.02897,0.61793,3.07713,-0.33901,-2.15359,-1.38161,-2.01841,0.58361,3.07009,0.11070
6.92,pregrasp,-0.36486,-2.15264,-1.44383,-2.03035,0.62248,3.07807,-0.34194,-2.15343,-1.38881,-2.01979,0.58816,3.07103,0.11070
6.93,pregrasp,-0.36779,-2.15248,-1.45103,-2.03173,0.62703,3.07900,-0.34488,-2.15327,-1.39601,-2.02117,0.59271,3.07196,0.11070
6.94,pregrasp,-0.37072,-2.15231,-1.45823,-2.03311,0.63158,3.07994,-0.34781,-2.15311,-1.40321,-2.02255,0.59726,3.07290,0.11070
6.95,pregrasp,-0.37365,-2.15215,-1.46543,-2.03449,0.63613,3.08087,-0.35074,-2.15295,-1.41041,-2.02393,0.60181,3.07383,0.11070
6.96,pregrasp,-0.37658,-2.15198,-1.47263,-2.03587,0.64068,3.08181,-0.35368,-2.15279,-1.41761,-2.02531,0.60636,3.07477,0.11070
6.97,pregrasp,-0.37951,-2.15182,-1.47983,-2.03725,0.64523,3.08274,-0.35661,-2.15264,-1.42481,-2.02669,0.61091,3.07570,0.11070
6.98,pregrasp,-0.38244,-2.15165,-1.48703,-2.03863,0.64978,3.08368,-0.35955,-2.15248,-1.43201,-2.02807,0.61546,3.07664,0.11070
6.99,pregrasp,-0.38537,-2.15149,-1.49423,-2.04000,0.65433,3.08461,-0.36248,-2.15232,-1.43921,-2.02945,0.62001,3.07757,0.11070
7.00,pregrasp,-0.38830,-2.15132,-1.50143,-2.04138,0.65888,3.08555,-0.36541,-2.15216,-1.44641,-2.03083,0.62456,3.07851,0.11070
7.01,pregrasp,-0.39123,-2.15116,-1.50863,-2.04276,0.66343,3.08648,-0.36835,-2.15200,-1.45361,-2.03221,0.62911,3.07944,0.11070
7.02,pregrasp,-0.39416,-2.15099,-1.51583,-2.04414,0.66798,3.08742,-0.37128,-2.15184,-1.46081,-2.03359,0.63366,3.08038,0.11070
7.03,pregrasp,-0.39709,-2.15083,-1.52303,-2.04552,0.67253,3.08835,-0.37422,-2.15168,-1.46801,-2.03497,0.63821,3.08131,0.11070
7.04,pregrasp,-0.40002,-2.15066,-1.53023,-2.04690,0.67708,3.08929,-0.37715,-2.15152,-1.47521,-2.03635,0.64277,3.08225,0.11070
7.05,pregrasp,-0.40295,-2.15050,-1.53743,-2.04828,0.68163,3.09022,-0.38009,-2.15136,-1.48241,-2.03773,0.64732,3.08318,0.11070
7.06,pregrasp,-0.40588,-2.15033,-1.54463,-2.04966,0.68618,3.09116,-0.38302,-2.15120,-1.48961,-2.03911,0.65187,3.08412,0.11070
7.07,pregrasp,-0.40881,-2.15017,-1.55183,-2.05104,0.69073,3.09209,-0.38595,-2.15104,-1.49681,-2.04049,0.65642,3.08505,0.11070
7.08,pregrasp,-0.41174,-2.15000,-1.55903,-2.05242,0.69528,3.09303,-0.38889,-2.15088,-1.50401,-2.04187,0.66097,3.08599,0.11070
7.09,pregrasp,-0.41467,-2.14984,-1.56623,-2.05380,0.69983,3.09396,-0.39182,-2.15072,-1.51121,-2.04325,0.66552,3.08692,0.11070
7.10,pregrasp,-0.41760,-2.14967,-1.57343,-2.05518,0.70438,3.09489,-0.39476,-2.15057,-1.51841,-2.04463,0.67007,3.08786,0.11070
7.11,pregrasp,-0.42053,-2.14951,-1.58063,-2.05656,0.70893,3.09583,-0.39769,-2.15041,-1.52561,-2.04601,0.67462,3.08879,0.11070
7.12,pregrasp,-0.42346,-2.14934,-1.58783,-2.05794,0.71348,3.09676,-0.40063,-2.15025,-1.53281,-2.04739,0.67917,3.08973,0.11070
7.13,pregrasp,-0.42639,-2.14918,-1.59503,-2.05932,0.71803,3.09770,-0.40356,-2.15009,-1.54001,-2.04877,0.68372,3.09066,0.11070
7.14,pregrasp,-0.42932,-2.14901,-1.60223,-2.06070,0.72258,3.09863,-0.40649,-2.14993,-1.54721,-2.05015,0.68827,3.09159,0.11070
7.15,pregrasp,-0.43225,-2.14885,-1.60943,-2.06208,0.72713,3.09957,-0.40943,-2.14977,-1.55441,-2.05153,0.69282,3.09253,0.11070
7.16,pregrasp,-0.43518,-2.14868,-1.61663,-2.06346,0.73168,3.10050,-0.41236,-2.14961,-1.56161,-2.05291,0.69737,3.09346,0.11070
7.17,pregrasp,-0.43811,-2.14852,-1.62383,-2.06484,0.73623,3.10144,-0.41530,-2.14945,-1.56881,-2.05429,0.70192,3.09440,0.11070
7.18,pregrasp,-0.44104,-2.14835,-1.63103,-2.06622,0.74079,3.10237,-0.41823,-2.14929,-1.57601,-2.05567,0.70647,3.09533,0.11070
7.19,pregrasp,-0.44397,-2.14819,-1.63823,-2.06760,0.74534,3.10331,-0.42117,-2.14913,-1.58321,-2.05705,0.71102,3.09627,0.11070
7.20,pregrasp,-0.44690,-2.14802,-1.64543,-2.06898,0.74989,3.10424,-0.42410,-2.14897,-1.59041,-2.05843,0.71557,3.09720,0.10924
7.21,pregrasp,-0.44983,-2.14786,-1.65263,-2.07036,0.75444,3.10518,-0.42703,-2.14881,-1.59761,-2.05981,0.72012,3.09814,0.10661
7.22,pregrasp,-0.45276,-2.14769,-1.65983,-2.07174,0.75899,3.10611,-0.42997,-2.14865,-1.60481,-2.06120,0.72467,3.09907,0.10403
7.23,pregrasp,-0.45569,-2.14753,-1.66703,-2.07312,0.76354,3.10705,-0.43290,-2.14849,-1.61201,-2.06258,0.72922,3.10001,0.10150
7.24,pregrasp,-0.45862,-2.14736,-1.67423,-2.07450,0.76809,3.10798,-0.43584,-2.14833,-1.61921,-2.06396,0.73377,3.10094,0.09902
7.25,pregrasp,-0.46155,-2.14720,-1.68143,-2.07588,0.77264,3.10892,-0.43877,-2.14817,-1.62641,-2.06534,0.73832,3.10188,0.09659
7.26,pregrasp,-0.46448,-2.14703,-1.68863,-2.07726,0.77719,3.10985,-0.44171,-2.14801,-1.63361,-2.06672,0.74287,3.10281,0.09421
7.27,pregrasp,-0.46741,-2.14687,-1.69583,-2.07864,0.78174,3.11079,-0.44464,-2.14785,-1.64081,-2.06810,0.74742,3.10375,0.09188
7.28,pregrasp,-0.47034,-2.14670,-1.70303,-2.08002,0.78629,3.11172,-0.44758,-2.14769,-1.64801,-2.06948,0.75197,3.10468,0.08961
7.29,pregrasp,-0.47327,-2.14654,-1.71023,-2.08140,0.79084,3.11266,-0.45051,-2.14753,-1.65521,-2.07086,0.75652,3.10562,0.08738
7.30,pregrasp,-0.47620,-2.14637,-1.71743,-2.08278,0.79539,3.11359,-0.45344,-2.14737,-1.66241,-2.07224,0.76108,3.10655,0.08520
7.31,pregrasp,-0.47913,-2.14621,-1.72463,-2.08416,0.79994,3.11452,-0.45638,-2.14721,-1.66961,-2.07362,0.76563,3.10749,0.08307
7.32,pregrasp,-0.48206,-2.14604,-1.73183,-2.08554,0.80449,3.11546,-0.45931,-2.14705,-1.67681,-2.07500,0.77018,3.10842,0.08099
7.33,pregrasp,-0.48499,-2.14588,-1.73903,-2.08692,0.80904,3.11639,-0.46225,-2.14689,-1.68401,-2.07638,0.77473,3.10936,0.07897
7.34,pregrasp,-0.48792,-2.14571,-1.74623,-2.08830,0.81359,3.11733,-0.46518,-2.14673,-1.69121,-2.07776,0.77928,3.11029,0.07699
7.35,pregrasp,-0.49085,-2.14555,-1.75343,-2.08968,0.81814,3.11826,-0.46812,-2.14657,-1.69841,-2.07914,0.78383,3.11123,0.07507
7.36,pregrasp,-0.49378,-2.14538,-1.76063,-2.09106,0.82269,3.11920,-0.47105,-2.14641,-1.70561,-2.08052,0.78838,3.11216,0.07319
7.37,pregrasp,-0.49671,-2.14522,-1.76783,-2.09244,0.82724,3.12013,-0.47376,-2.14589,-1.71185,-2.08204,0.79119,3.11781,0.07197
7.38,pregrasp,-0.49964,-2.14505,-1.77503,-2.09382,0.83179,3.12107,-0.47574,-2.14362,-1.71635,-2.08331,0.79550,3.11881,0.07207
7.39,pregrasp,-0.50257,-2.14489,-1.78223,-2.09520,0.83634,3.12200,-0.47771,-2.14100,-1.72133,-2.08454,0.79919,3.12200,0.07230
7.40,pregrasp,-0.50550,-2.14473,-1.78943,-2.09658,0.84089,3.12294,-0.47983,-2.13841,-1.72642,-2.08579,0.80299,3.12477,0.07249
7.41,pregrasp,-0.50843,-2.14456,-1.79663,-2.09796,0.84544,3.12387,-0.48201,-2.13584,-1.73157,-2.08715,0.80658,3.12651,0.07270
7.42,pregrasp,-0.51136,-2.14440,-1.80383,-2.09934,0.84999,3.12481,-0.48419,-2.13330,-1.73672,-2.08852,0.81014,3.12835,0.07291
7.43,pregrasp,-0.51429,-2.14423,-1.81103,-2.10072,0.85454,3.12574,-0.48637,-2.13077,-1.74185,-2.08992,0.81371,3.13020,0.07312
7.44,pregrasp,-0.51722,-2.14407,-1.81823,-2.10210,0.85909,3.12668,-0.48856,-2.12826,-1.74699,-2.09133,0.81728,3.13206,0.07334
7.45,pregrasp,-0.52015,-2.14390,-1.82543,-2.10348,0.86364,3.12761,-0.49075,-2.12577,-1.75212,-2.09277,0.82086,3.13392,0.07357
7.46,pregrasp,-0.52308,-2.14374,-1.83263,-2.10486,0.86820,3.12855,-0.49294,-2.12329,-1.75724,-2.09422,0.82444,3.13579,0.07379
7.47,pregrasp,-0.52601,-2.14357,-1.83983,-2.10624,0.87275,3.12948,-0.49514,-2.12084,-1.76237,-2.09570,0.82802,3.13765,0.07403
7.48,pregrasp,-0.52893,-2.14341,-1.84703,-2.10762,0.87730,3.13042,-0.49733,-2.11840,-1.76749,-2.09720,0.83160,3.13952,0.07427
7.49,pregrasp,-0.53186,-2.14324,-1.85423,-2.10900,0.88185,3.13135,-0.49954,-2.11598,-1.77262,-2.09873,0.83519,3.14137,0.07451
7.50,pregrasp,-0.53479,-2.14308,-1.86143,-2.11038,0.88640,3.13229,-0.50174,-2.11357,-1.77774,-2.10028,0.83878,3.14321,0.07476
7.51,pregrasp,-0.53772,-2.14291,-1.86863,-2.11176,0.89095,3.13322,-0.50395,-2.11119,-1.78288,-2.10185,0.84238,3.14504,0.07501
7.52,pregrasp,-0.54065,-2.14275,-1.87583,-2.11314,0.89550,3.13416,-0.50617,-2.10882,-1.78801,-2.10345,0.84598,3.14685,0.07527
7.53,pregrasp,-0.54358,-2.14258,-1.88303,-2.11452,0.90005,3.13509,-0.50840,-2.10648,-1.79315,-2.10507,0.84958,3.14864,0.07553
7.54,pregrasp,-0.54651,-2.14242,-1.89024,-2.11590,0.90460,3.13602,-0.51063,-2.10415,-1.79829,-2.10672,0.85319,3.15041,0.07580
7.55,pregrasp,-0.54944,-2.14225,-1.89744,-2.11727,0.90915,3.13696,-0.51286,-2.10184,-1.80345,-2.10840,0.85680,3.15216,0.07607
7.56,pregrasp,-0.55237,-2.14209,-1.90464,-2.11865,0.91370,3.13789,-0.51511,-2.09956,-1.80861,-2.11011,0.86041,3.15389,0.07635
7.57,pregrasp,-0.55530,-2.14192,-1.91184,-2.12003,0.91825,3.13883,-0.51737,-2.09729,-1.81378,-2.11184,0.86403,3.15558,0.07664
7.58,pregrasp,-0.55823,-2.14176,-1.91904,-2.12141,0.92280,3.13976,-0.51963,-2.09505,-1.81896,-2.11361,0.86766,3.15725,0.07693
7.59,pregrasp,-0.56116,-2.14159,-1.92624,-2.12279,0.92735,3.14070,-0.52190,-2.09282,-1.82415,-2.11540,0.87129,3.15889,0.07722
7.60,pregrasp,-0.56409,-2.14143,-1.93344,-2.12417,0.93190,3.14163,-0.52418,-2.09063,-1.82935,-2.11723,0.87492,3.16050,0.07753
7.61,pregrasp,-0.56702,-2.14126,-1.94064,-2.12555,0.93645,3.14257,-0.52648,-2.08845,-1.83457,-2.11908,0.87856,3.16207,0.07783
7.62,pregrasp,-0.56995,-2.14110,-1.94784,-2.12693,0.94100,3.14350,-0.52878,-2.08630,-1.83980,-2.12097,0.88221,3.16360,0.07814
7.63,pregrasp,-0.57288,-2.14093,-1.95504,-2.12831,0.94555,3.14444,-0.53109,-2.08418,-1.84504,-2.12289,0.88586,3.16510,0.07846
7.64,pregrasp,-0.57581,-2.14077,-1.96224,-2.12969,0.95010,3.14537,-0.53341,-2.08208,-1.85030,-2.12484,0.88952,3.16656,0.07879
7.65,pregrasp,-0.57874,-2.14060,-1.96944,-2.13107,0.95465,3.14631,-0.53575,-2.08001,-1.85558,-2.12683,0.89318,3.16797,0.07912
7.66,pregrasp,-0.58167,-2.14044,-1.97664,-2.13245,0.95920,3.14724,-0.53810,-2.07797,-1.86088,-2.12885,0.89686,3.16934,0.07945
7.67,pregrasp,-0.58460,-2.14027,-1.98384,-2.13383,0.96375,3.14818,-0.54046,-2.07596,-1.86620,-2.13091,0.90054,3.17066,0.07980
7.68,pregrasp,-0.58753,-2.14011,-1.99104,-2.13521,0.96830,3.14911,-0.54283,-2.07398,-1.87154,-2.13300,0.90422,3.17193,0.08014
7.69,pregrasp,-0.59046,-2.13994,-1.99824,-2.13659,0.97285,3.15005,-0.54521,-2.07203,-1.87691,-2.13513,0.90792,3.17315,0.08050
7.70,pregrasp,-0.59339,-2.13978,-2.00544,-2.13797,0.97740,3.15098,-0.54761,-2.07011,-1.88230,-2.13729,0.91163,3.17432,0.08086
7.71,pregrasp,-0.59339,-2.13978,-2.00544,-2.13797,0.97740,3.15098,-0.54996,-2.06836,-1.88737,-2.13935,0.91495,3.17513,0.08120
7.72,pregrasp,-0.59339,-2.13978,-2.00544,-2.13797,0.97740,3.15098,-0.55215,-2.06685,-1.89191,-2.14125,0.91791,3.17564,0.08151
7.73,pregrasp,-0.59339,-2.13978,-2.00544,-2.13797,0.97740,3.15098,-0.55412,-2.06556,-1.89593,-2.14302,0.92051,3.17604,0.08179
7.74,pregrasp,-0.59339,-2.13978,-2.00544,-2.13797,0.97740,3.15098,-0.55588,-2.06446,-1.89948,-2.14464,0.92278,3.17641,0.08205
7.75,pregrasp,-0.59339,-2.13978,-2.00544,-2.13797,0.97740,3.15098,-0.55743,-2.06354,-1.90259,-2.14613,0.92475,3.17681,0.08228
7.76,pregrasp,-0.59339,-2.13978,-2.00544,-2.13797,0.97740,3.15098,-0.55880,-2.06275,-1.90532,-2.14750,0.92645,3.17724,0.08250
7.77,pregrasp,-0.59339,-2.13978,-2.00544,-2.13797,0.97740,3.15098,-0.56002,-2.06209,-1.90772,-2.14875,0.92792,3.17770,0.08269
7.78,pregrasp,-0.59339,-2.13978,-2.00544,-2.13797,0.97740,3.15098,-0.56109,-2.06153,-1.90983,-2.14991,0.92920,3.17814,0.08287
7.79,pregrasp,-0.59339,-2.13978,-2.00544,-2.13797,0.97740,3.15098,-0.56204,-2.06106,-1.91169,-2.15096,0.93033,3.17848,0.08209
7.80,pregrasp,-0.59339,-2.13978,-2.00544,-2.13797,0.97740,3.15098,-0.56285,-2.06067,-1.91333,-2.15193,0.93136,3.17860,0.08062
7.81,pregrasp,-0.59339,-2.13978,-2.00544,-2.13797,0.97740,3.15098,-0.56353,-2.06035,-1.91480,-2.15283,0.93233,3.17840,0.07934
7.82,pregrasp,-0.59339,-2.13978,-2.00544,-2.13797,0.97740,3.15098,-0.56409,-2.06009,-1.91611,-2.15365,0.93326,3.17785,0.07821
7.83,pregrasp,-0.59339,-2.13978,-2.00544,-2.13797,0.97740,3.15098,-0.56452,-2.05989,-1.91729,-2.15442,0.93416,3.17700,0.07723
7.84,pregrasp,-0.59339,-2.13978,-2.00544,-2.13797,0.97740,3.15098,-0.56486,-2.05974,-1.91835,-2.15514,0.93501,3.17591,0.07637
7.85,pregrasp,-0.59339,-2.13978,-2.00544,-2.13797,0.97740,3.15098,-0.56511,-2.05964,-1.91929,-2.15581,0.93582,3.17465,0.07562
7.86,pregrasp,-0.59339,-2.13978,-2.00544,-2.13797,0.97740,3.15098,-0.56530,-2.05956,-1.92014,-2.15643,0.93658,3.17328,0.07497
7.87,pregrasp,-0.59339,-2.13978,-2.00544,-2.13797,0.97740,3.15098,-0.56544,-2.05952,-1.92091,-2.15701,0.93728,3.17183,0.07439
7.88,pregrasp,-0.59339,-2.13978,-2.00544,-2.13797,0.97740,3.15098,-0.56555,-2.05950,-1.92159,-2.15754,0.93794,3.17034,0.07389
7.89,pregrasp,-0.59339,-2.13978,-2.00544,-2.13797,0.97740,3.15098,-0.56563,-2.05950,-1.92220,-2.15804,0.93855,3.16882,0.07344
7.90,pregrasp,-0.59339,-2.13978,-2.00544,-2.13797,0.97740,3.15098,-0.56569,-2.05951,-1.92276,-2.15850,0.93912,3.16730,0.07304
7.91,pregrasp,-0.59339,-2.13978,-2.00544,-2.13797,0.97740,3.15098,-0.56574,-2.05954,-1.92326,-2.15893,0.93965,3.16579,0.07268
7.92,pregrasp,-0.59339,-2.13978,-2.00544,-2.13797,0.97740,3.15098,-0.56577,-2.05958,-1.92372,-2.15933,0.94014,3.16429,0.07235
7.93,pregrasp,-0.59339,-2.13978,-2.00544,-2.13797,0.97740,3.15098,-0.56580,-2.05963,-1.92413,-2.15970,0.94060,3.16282,0.07206
7.94,pregrasp,-0.59339,-2.13978,-2.00544,-2.13797,0.97740,3.15098,-0.56583,-2.05969,-1.92450,-2.16004,0.94102,3.16137,0.07179
7.95,pregrasp,-0.59339,-2.13978,-2.00544,-2.13797,0.97740,3.15098,-0.56585,-2.05974,-1.92484,-2.16036,0.94141,3.15997,0.07155
7.96,pregrasp,-0.59339,-2.13978,-2.00544,-2.13797,0.97740,3.15098,-0.56586,-2.05981,-1.92515,-2.16066,0.94178,3.15858,0.07133
7.97,pregrasp,-0.59339,-2.13978,-2.00544,-2.13797,0.97740,3.15098,-0.56588,-2.05987,-1.92544,-2.16094,0.94212,3.15724,0.07113
7.98,pregrasp,-0.59339,-2.13978,-2.00544,-2.13797,0.97740,3.15098,-0.56589,-2.05994,-1.92570,-2.16120,0.94244,3.15593,0.07094
7.99,pregrasp,-0.59339,-2.13978,-2.00544,-2.13797,0.97740,3.15098,-0.56591,-2.06001,-1.92594,-2.16144,0.94273,3.15467,0.07077
8.00,pregrasp,-0.59339,-2.13978,-2.00544,-2.13797,0.97740,3.15098,-0.56592,-2.06008,-1.92615,-2.16167,0.94301,3.15344,0.07061
8.01,pregrasp,-0.59339,-2.13978,-2.00544,-2.13797,0.97740,3.15098,-0.56593,-2.06015,-1.92636,-2.16188,0.94327,3.15225,0.07046
8.02,pregrasp,-0.59339,-2.13978,-2.00544,-2.13797,0.97740,3.15098,-0.56594,-2.06022,-1.92654,-2.16207,0.94351,3.15110,0.07033
8.03,pregrasp,-0.59339,-2.13978,-2.00544,-2.13797,0.97740,3.15098,-0.56595,-2.06029,-1.92672,-2.16226,0.94374,3.14998,0.07020
8.04,pregrasp,-0.59339,-2.13978,-2.00544,-2.13797,0.97740,3.15098,-0.56597,-2.06036,-1.92688,-2.16243,0.94396,3.14891,0.07008
8.05,pregrasp,-0.59339,-2.13978,-2.00544,-2.13797,0.97740,3.15098,-0.56598,-2.06043,-1.92703,-2.16259,0.94416,3.14787,0.06997
8.06,pregrasp,-0.59339,-2.13978,-2.00544,-2.13797,0.97740,3.15098,-0.56599,-2.06049,-1.92717,-2.16274,0.94435,3.14687,0.06987
8.07,pregrasp,-0.59339,-2.13978,-2.00544,-2.13797,0.97740,3.15098,-0.56600,-2.06055,-1.92729,-2.16287,0.94451,3.14597,0.06978
8.08,pregrasp,-0.59339,-2.13978,-2.00544,-2.13797,0.97740,3.15098,-0.56601,-2.06061,-1.92741,-2.16300,0.94470,3.14498,0.06969
8.09,pregrasp,-0.59339,-2.13978,-2.00544,-2.13797,0.97740,3.15098,-0.56602,-2.06067,-1.92751,-2.16312,0.94483,3.14421,0.06961
8.10,pregrasp,-0.59339,-2.13978,-2.00544,-2.13797,0.97740,3.15098,-0.56603,-2.06073,-1.92762,-2.16323,0.94501,3.14323,0.06953
8.11,pregrasp,-0.59339,-2.13978,-2.00544,-2.13797,0.97740,3.15098,-0.56604,-2.06079,-1.92771,-2.16334,0.94511,3.14256,0.06946
8.12,pregrasp,-0.59339,-2.13978,-2.00544,-2.13797,0.97740,3.15098,-0.56605,-2.06084,-1.92781,-2.16343,0.94529,3.14161,0.06938
8.13,pregrasp,-0.59339,-2.13978,-2.00544,-2.13797,0.97740,3.15098,-0.56606,-2.06089,-1.92788,-2.16354,0.94537,3.14105,0.06932
8.14,pregrasp,-0.59339,-2.13978,-2.00544,-2.13797,0.97740,3.15098,-0.56607,-2.06095,-1.92797,-2.16361,0.94554,3.14016,0.06926
8.15,pregrasp,-0.59339,-2.13978,-2.00544,-2.13797,0.97740,3.15098,-0.56609,-2.06099,-1.92804,-2.16371,0.94561,3.13966,0.06920
8.16,pregrasp,-0.59339,-2.13978,-2.00544,-2.13797,0.97740,3.15098,-0.56610,-2.06104,-1.92811,-2.16378,0.94575,3.13885,0.06914
8.17,pregrasp,-0.59339,-2.13978,-2.00544,-2.13797,0.97740,3.15098,-0.56611,-2.06108,-1.92817,-2.16386,0.94582,3.13837,0.06909
8.18,pregrasp,-0.59339,-2.13978,-2.00544,-2.13797,0.97740,3.15098,-0.56612,-2.06113,-1.92824,-2.16392,0.94594,3.13765,0.06904
8.19,pregrasp,-0.59339,-2.13978,-2.00544,-2.13797,0.97740,3.15098,-0.56613,-2.06117,-1.92830,-2.16400,0.94601,3.13717,0.06899
8.20,pregrasp,-0.59339,-2.13978,-2.00544,-2.13797,0.97740,3.15098,-0.56614,-2.06121,-1.92836,-2.16405,0.94612,3.13652,0.06894
8.21,pregrasp,-0.59339,-2.13978,-2.00544,-2.13797,0.97740,3.15098,-0.56615,-2.06125,-1.92841,-2.16412,0.94619,3.13605,0.06890
8.22,pregrasp,-0.59339,-2.13978,-2.00544,-2.13797,0.97740,3.15098,-0.56616,-2.06128,-1.92845,-2.16417,0.94625,3.13559,0.06887
8.23,pregrasp,-0.59339,-2.13978,-2.00544,-2.13797,0.97740,3.15098,-0.56617,-2.06132,-1.92851,-2.16422,0.94634,3.13500,0.06882
8.24,pregrasp,-0.59339,-2.13978,-2.00544,-2.13797,0.97740,3.15098,-0.56617,-2.06136,-1.92856,-2.16427,0.94641,3.13453,0.06879
8.25,pregrasp,-0.59339,-2.13978,-2.00544,-2.13797,0.97740,3.15098,-0.56618,-2.06139,-1.92860,-2.16431,0.94647,3.13410,0.06876
8.26,pregrasp,-0.59339,-2.13978,-2.00544,-2.13797,0.97740,3.15098,-0.56618,-2.06142,-1.92865,-2.16436,0.94655,3.13359,0.06872
8.27,pregrasp,-0.59339,-2.13978,-2.00544,-2.13797,0.97740,3.15098,-0.56619,-2.06145,-1.92869,-2.16441,0.94661,3.13316,0.06869
8.28,pregrasp,-0.59339,-2.13978,-2.00544,-2.13797,0.97740,3.15098,-0.56620,-2.06148,-1.92872,-2.16444,0.94666,3.13281,0.06866
8.29,pregrasp,-0.59339,-2.13978,-2.00544,-2.13797,0.97740,3.15098,-0.56620,-2.06151,-1.92876,-2.16448,0.94673,3.13234,0.06863
8.30,pregrasp,-0.59339,-2.13978,-2.00544,-2.13797,0.97740,3.15098,-0.56621,-2.06154,-1.92881,-2.16453,0.94679,3.13194,0.06860
8.31,pregrasp,-0.59339,-2.13978,-2.00544,-2.13797,0.97740,3.15098,-0.56621,-2.06156,-1.92882,-2.16455,0.94682,3.13170,0.06858
8.32,pregrasp,-0.59339,-2.13978,-2.00544,-2.13797,0.97740,3.15098,-0.56623,-2.06158,-1.92884,-2.16458,0.94685,3.13142,0.06856
8.33,pregrasp,-0.59339,-2.13978,-2.00544,-2.13797,0.97740,3.15098,-0.56624,-2.06161,-1.92888,-2.16461,0.94692,3.13104,0.06853
8.34,pregrasp,-0.59339,-2.13978,-2.00544,-2.13797,0.97740,3.15098,-0.56624,-2.06164,-1.92892,-2.16465,0.94698,3.13064,0.06850
8.35,pregrasp,-0.59339,-2.13978,-2.00544,-2.13797,0.97740,3.15098,-0.56624,-2.06165,-1.92894,-2.16468,0.94700,3.13042,0.06848
8.36,pregrasp,-0.59339,-2.13978,-2.00544,-2.13797,0.97740,3.15098,-0.56626,-2.06167,-1.92895,-2.16470,0.94702,3.13028,0.06846
8.37,pregrasp,-0.59339,-2.13978,-2.00544,-2.13797,0.97740,3.15098,-0.56627,-2.06169,-1.92897,-2.16472,0.94706,3.13007,0.06844
8.38,pregrasp,-0.59339,-2.13978,-2.00544,-2.13797,0.97740,3.15098,-0.56628,-2.06171,-1.92901,-2.16476,0.94711,3.12973,0.06841
8.39,pregrasp,-0.59339,-2.13978,-2.00544,-2.13797,0.97740,3.15098,-0.56627,-2.06173,-1.92904,-2.16479,0.94715,3.12947,0.06839
8.40,pregrasp,-0.59339,-2.13978,-2.00544,-2.13797,0.97740,3.15098,-0.56628,-2.06175,-1.92906,-2.16481,0.94717,3.12926,0.06838
8.41,pregrasp,-0.59339,-2.13978,-2.00544,-2.13797,0.97740,3.15098,-0.56629,-2.06176,-1.92907,-2.16483,0.94720,3.12904,0.06836
8.42,pregrasp,-0.59339,-2.13978,-2.00544,-2.13797,0.97740,3.15098,-0.56629,-2.06178,-1.92909,-2.16485,0.94723,3.12883,0.06835
8.43,pregrasp,-0.59339,-2.13978,-2.00544,-2.13797,0.97740,3.15098,-0.56630,-2.06179,-1.92911,-2.16487,0.94726,3.12862,0.06833
8.44,pregrasp,-0.59339,-2.13978,-2.00544,-2.13797,0.97740,3.15098,-0.56630,-2.06181,-1.92913,-2.16488,0.94729,3.12841,0.06832
8.45,pregrasp,-0.59339,-2.13978,-2.00544,-2.13797,0.97740,3.15098,-0.56630,-2.06182,-1.92915,-2.16490,0.94732,3.12820,0.06830
8.46,pregrasp,-0.59339,-2.13978,-2.00544,-2.13797,0.97740,3.15098,-0.56631,-2.06183,-1.92917,-2.16492,0.94735,3.12800,0.06828
8.47,pregrasp,-0.59339,-2.13978,-2.00544,-2.13797,0.97740,3.15098,-0.56631,-2.06185,-1.92919,-2.16494,0.94738,3.12779,0.06827
8.48,pregrasp,-0.59339,-2.13978,-2.00544,-2.13797,0.97740,3.15098,-0.56632,-2.06186,-1.92921,-2.16495,0.94742,3.12759,0.06825
8.49,pregrasp,-0.59339,-2.13978,-2.00544,-2.13797,0.97740,3.15098,-0.56632,-2.06188,-1.92924,-2.16497,0.94745,3.12739,0.06824
8.50,pregrasp,-0.59339,-2.13978,-2.00544,-2.13797,0.97740,3.15098,-0.56632,-2.06189,-1.92926,-2.16499,0.94748,3.12719,0.06822
8.51,pregrasp,-0.59339,-2.13978,-2.00544,-2.13797,0.97740,3.15098,-0.56633,-2.06190,-1.92928,-2.16501,0.94752,3.12699,0.06820
8.52,pregrasp,-0.59339,-2.13978,-2.00544,-2.13797,0.97740,3.15098,-0.56639,-2.06191,-1.92931,-2.16509,0.94753,3.12711,0.06814
8.53,pregrasp,-0.59339,-2.13978,-2.00544,-2.13797,0.97740,3.15098,-0.56645,-2.06192,-1.92934,-2.16516,0.94755,3.12727,0.06809
8.54,pregrasp,-0.59339,-2.13978,-2.00544,-2.13797,0.97740,3.15098,-0.56652,-2.06193,-1.92938,-2.16525,0.94757,3.12743,0.06802
8.55,pregrasp,-0.59339,-2.13978,-2.00544,-2.13797,0.97740,3.15098,-0.56659,-2.06194,-1.92944,-2.16536,0.94762,3.12752,0.06794
8.56,pregrasp,-0.59339,-2.13978,-2.00544,-2.13797,0.97740,3.15098,-0.56661,-2.06196,-1.92950,-2.16543,0.94768,3.12737,0.06788
8.57,pregrasp,-0.59339,-2.13978,-2.00544,-2.13797,0.97740,3.15098,-0.56666,-2.06196,-1.92952,-2.16550,0.94768,3.12747,0.06784
8.58,pregrasp,-0.59339,-2.13978,-2.00544,-2.13797,0.97740,3.15098,-0.56666,-2.06198,-1.92958,-2.16555,0.94773,3.12730,0.06780
8.59,pregrasp,-0.59339,-2.13978,-2.00544,-2.13797,0.97740,3.15098,-0.56674,-2.06199,-1.92963,-2.16565,0.94776,3.12734,0.06772
8.60,pregrasp,-0.59339,-2.13978,-2.00544,-2.13797,0.97740,3.15098,-0.56673,-2.06201,-1.92967,-2.16566,0.94779,3.12718,0.06770
8.61,pregrasp,-0.59339,-2.13978,-2.00544,-2.13797,0.97740,3.15098,-0.56679,-2.06201,-1.92969,-2.16572,0.94780,3.12716,0.06765
8.62,pregrasp,-0.59339,-2.13978,-2.00544,-2.13797,0.97740,3.15098,-0.56683,-2.06202,-1.92971,-2.16576,0.94779,3.12720,0.06762
8.63,pregrasp,-0.59339,-2.13978,-2.00544,-2.13797,0.97740,3.15098,-0.56682,-2.06203,-1.92974,-2.16578,0.94780,3.12702,0.06760
8.64,pregrasp,-0.59339,-2.13978,-2.00544,-2.13797,0.97740,3.15098,-0.56688,-2.06203,-1.92977,-2.16582,0.94782,3.12699,0.06755
8.65,pregrasp,-0.59339,-2.13978,-2.00544,-2.13797,0.97740,3.15098,-0.56691,-2.06204,-1.92979,-2.16586,0.94781,3.12700,0.06752
8.66,pregrasp,-0.59339,-2.13978,-2.00544,-2.13797,0.97740,3.15098,-0.56690,-2.06205,-1.92982,-2.16588,0.94780,3.12687,0.06751
8.67,pregrasp,-0.59339,-2.13978,-2.00544,-2.13797,0.97740,3.15098,-0.56697,-2.06205,-1.92985,-2.16595,0.94783,3.12688,0.06744
8.68,pregrasp,-0.59339,-2.13978,-2.00544,-2.13797,0.97740,3.15098,-0.56696,-2.06207,-1.92988,-2.16595,0.94783,3.12671,0.06743
8.69,pregrasp,-0.59339,-2.13978,-2.00544,-2.13797,0.97740,3.15098,-0.56702,-2.06207,-1.92992,-2.16600,0.94785,3.12668,0.06737
8.70,pregrasp,-0.59339,-2.13978,-2.00544,-2.13797,0.97740,3.15098,-0.56705,-2.06207,-1.92994,-2.16603,0.94783,3.12669,0.06735
8.71,pregrasp,-0.59339,-2.13978,-2.00544,-2.13797,0.97740,3.15098,-0.56704,-2.06208,-1.92996,-2.16606,0.94782,3.12659,0.06733
8.72,pregrasp,-0.59339,-2.13978,-2.00544,-2.13797,0.97740,3.15098,-0.56712,-2.06209,-1.93000,-2.16613,0.94784,3.12666,0.06727
8.73,pregrasp,-0.59339,-2.13978,-2.00544,-2.13797,0.97740,3.15098,-0.56710,-2.06211,-1.93005,-2.16616,0.94786,3.12646,0.06725
8.74,pregrasp,-0.59339,-2.13978,-2.00544,-2.13797,0.97740,3.15098,-0.56717,-2.06211,-1.93006,-2.16620,0.94787,3.12655,0.06720
8.75,pregrasp,-0.59339,-2.13978,-2.00544,-2.13797,0.97740,3.15098,-0.56719,-2.06211,-1.93008,-2.16624,0.94785,3.12659,0.06717
8.76,pregrasp,-0.59339,-2.13978,-2.00544,-2.13797,0.97740,3.15098,-0.56718,-2.06212,-1.93011,-2.16627,0.94783,3.12647,0.06716
8.77,pregrasp,-0.59339,-2.13978,-2.00544,-2.13797,0.97740,3.15098,-0.56725,-2.06212,-1.93014,-2.16633,0.94786,3.12649,0.06710
8.78,pregrasp,-0.59339,-2.13978,-2.00544,-2.13797,0.97740,3.15098,-0.56724,-2.06214,-1.93018,-2.16634,0.94785,3.12634,0.06709
8.79,pregrasp,-0.59339,-2.13978,-2.00544,-2.13797,0.97740,3.15098,-0.56730,-2.06214,-1.93021,-2.16640,0.94788,3.12632,0.06703
8.80,pregrasp,-0.59339,-2.13978,-2.00544,-2.13797,0.97740,3.15098,-0.56732,-2.06214,-1.93024,-2.16642,0.94785,3.12632,0.06700
8.81,pregrasp,-0.59339,-2.13978,-2.00544,-2.13797,0.97740,3.15098,-0.56732,-2.06215,-1.93026,-2.16645,0.94782,3.12626,0.06699
8.82,pregrasp,-0.59339,-2.13978,-2.00544,-2.13797,0.97740,3.15098,-0.56738,-2.06215,-1.93028,-2.16651,0.94781,3.12638,0.06694
8.83,pregrasp,-0.59339,-2.13978,-2.00544,-2.13797,0.97740,3.15098,-0.56738,-2.06217,-1.93034,-2.16656,0.94786,3.12623,0.06690
8.84,pregrasp,-0.59339,-2.13978,-2.00544,-2.13797,0.97740,3.15098,-0.56745,-2.06218,-1.93039,-2.16666,0.94786,3.12624,0.06683
8.85,pregrasp,-0.59339,-2.13978,-2.00544,-2.13797,0.97740,3.15098,-0.56744,-2.06220,-1.93042,-2.16668,0.94784,3.12621,0.06681
8.86,pregrasp,-0.59339,-2.13978,-2.00544,-2.13797,0.97740,3.15098,-0.56750,-2.06220,-1.93043,-2.16675,0.94782,3.12632,0.06676
8.87,pregrasp,-0.59339,-2.13978,-2.00544,-2.13797,0.97740,3.15098,-0.56750,-2.06222,-1.93050,-2.16679,0.94786,3.12616,0.06673
8.88,pregrasp,-0.59339,-2.13978,-2.00544,-2.13797,0.97740,3.15098,-0.56757,-2.06223,-1.93054,-2.16689,0.94787,3.12613,0.06666
8.89,pregrasp,-0.59339,-2.13978,-2.00544,-2.13797,0.97740,3.15098,-0.56757,-2.06224,-1.93057,-2.16691,0.94784,3.12612,0.06664
8.90,pregrasp,-0.59339,-2.13978,-2.00544,-2.13797,0.97740,3.15098,-0.56759,-2.06223,-1.93057,-2.16695,0.94780,3.12617,0.06662
8.91,pregrasp,-0.59339,-2.13978,-2.00544,-2.13797,0.97740,3.15098,-0.56757,-2.06225,-1.93061,-2.16696,0.94779,3.12598,0.06661
8.92,pregrasp,-0.59339,-2.13978,-2.00544,-2.13797,0.97740,3.15098,-0.56763,-2.06225,-1.93063,-2.16699,0.94782,3.12596,0.06656
8.93,pregrasp,-0.59339,-2.13978,-2.00544,-2.13797,0.97740,3.15098,-0.56768,-2.06225,-1.93066,-2.16704,0.94779,3.12603,0.06652
8.94,pregrasp,-0.59339,-2.13978,-2.00544,-2.13797,0.97740,3.15098,-0.56766,-2.06227,-1.93071,-2.16707,0.94779,3.12584,0.06650
8.95,pregrasp,-0.59339,-2.13978,-2.00544,-2.13797,0.97740,3.15098,-0.56773,-2.06227,-1.93073,-2.16710,0.94781,3.12586,0.06645
8.96,pregrasp,-0.59339,-2.13978,-2.00544,-2.13797,0.97740,3.15098,-0.56778,-2.06227,-1.93076,-2.16715,0.94779,3.12594,0.06641
8.97,pregrasp,-0.59339,-2.13978,-2.00544,-2.13797,0.97740,3.15098,-0.56775,-2.06229,-1.93080,-2.16718,0.94778,3.12575,0.06639
8.98,pregrasp,-0.59339,-2.13978,-2.00544,-2.13797,0.97740,3.15098,-0.56782,-2.06229,-1.93082,-2.16721,0.94781,3.12577,0.06635
8.99,pregrasp,-0.59339,-2.13978,-2.00544,-2.13797,0.97740,3.15098,-0.56787,-2.06229,-1.93085,-2.16727,0.94779,3.12585,0.06630
9.00,pregrasp,-0.59339,-2.13978,-2.00544,-2.13797,0.97740,3.15098,-0.56784,-2.06231,-1.93089,-2.16730,0.94778,3.12567,0.06628
9.01,pregrasp,-0.59339,-2.13978,-2.00544,-2.13797,0.97740,3.15098,-0.56790,-2.06231,-1.93091,-2.16733,0.94780,3.12569,0.06624
9.02,pregrasp,-0.59339,-2.13978,-2.00544,-2.13797,0.97740,3.15098,-0.56795,-2.06231,-1.93094,-2.16739,0.94778,3.12577,0.06619
9.03,pregrasp,-0.59339,-2.13978,-2.00544,-2.13797,0.97740,3.15098,-0.56793,-2.06233,-1.93099,-2.16742,0.94777,3.12559,0.06618
9.04,pregrasp,-0.59339,-2.13978,-2.00544,-2.13797,0.97740,3.15098,-0.56799,-2.06233,-1.93101,-2.16745,0.94780,3.12561,0.06613
9.05,pregrasp,-0.59339,-2.13978,-2.00544,-2.13797,0.97740,3.15098,-0.56804,-2.06232,-1.93104,-2.16751,0.94777,3.12568,0.06608
9.06,pregrasp,-0.59339,-2.13978,-2.00544,-2.13797,0.97740,3.15098,-0.56802,-2.06235,-1.93108,-2.16754,0.94776,3.12551,0.06607
9.07,pregrasp,-0.59339,-2.13978,-2.00544,-2.13797,0.97740,3.15098,-0.56808,-2.06234,-1.93110,-2.16757,0.94779,3.12553,0.06602
9.08,pregrasp,-0.59339,-2.13978,-2.00544,-2.13797,0.97740,3.15098,-0.56813,-2.06234,-1.93114,-2.16764,0.94777,3.12560,0.06597
9.09,pregrasp,-0.59339,-2.13978,-2.00544,-2.13797,0.97740,3.15098,-0.56810,-2.06237,-1.93118,-2.16766,0.94775,3.12543,0.06596
9.10,pregrasp,-0.59339,-2.13978,-2.00544,-2.13797,0.97740,3.15098,-0.56816,-2.06236,-1.93120,-2.16770,0.94778,3.12544,0.06591
9.11,pregrasp,-0.59339,-2.13978,-2.00544,-2.13797,0.97740,3.15098,-0.56822,-2.06237,-1.93123,-2.16776,0.94776,3.12551,0.06585
9.12,pregrasp,-0.59339,-2.13978,-2.00544,-2.13797,0.97740,3.15098,-0.56819,-2.06239,-1.93128,-2.16779,0.94774,3.12534,0.06584
9.13,pregrasp,-0.59339,-2.13978,-2.00544,-2.13797,0.97740,3.15098,-0.56825,-2.06239,-1.93130,-2.16782,0.94777,3.12535,0.06580
9.14,pregrasp,-0.59339,-2.13978,-2.00544,-2.13797,0.97740,3.15098,-0.56831,-2.06239,-1.93133,-2.16789,0.94775,3.12542,0.06574
9.15,pregrasp,-0.59339,-2.13978,-2.00544,-2.13797,0.97740,3.15098,-0.56828,-2.06241,-1.93138,-2.16791,0.94773,3.12525,0.06573
9.16,pregrasp,-0.59339,-2.13978,-2.00544,-2.13797,0.97740,3.15098,-0.56834,-2.06241,-1.93140,-2.16795,0.94776,3.12526,0.06569
9.17,pregrasp,-0.59339,-2.13978,-2.00544,-2.13797,0.97740,3.15098,-0.56839,-2.06241,-1.93143,-2.16802,0.94774,3.12533,0.06563
9.18,pregrasp,-0.59339,-2.13978,-2.00544,-2.13797,0.97740,3.15098,-0.56837,-2.06243,-1.93147,-2.16804,0.94772,3.12516,0.06562
9.19,pregrasp,-0.59339,-2.13978,-2.00544,-2.13797,0.97740,3.15098,-0.56842,-2.06243,-1.93150,-2.16807,0.94775,3.12516,0.06557
9.20,pregrasp,-0.59339,-2.13978,-2.00544,-2.13797,0.97740,3.15098,-0.56848,-2.06243,-1.93153,-2.16814,0.94773,3.12522,0.06552
9.21,pregrasp,-0.59339,-2.13978,-2.00544,-2.13797,0.97740,3.15098,-0.56845,-2.06245,-1.93157,-2.16816,0.94770,3.12506,0.06551
9.22,pregrasp,-0.59339,-2.13978,-2.00544,-2.13797,0.97740,3.15098,-0.56851,-2.06245,-1.93160,-2.16820,0.94774,3.12505,0.06546
9.23,pregrasp,-0.59339,-2.13978,-2.00544,-2.13797,0.97740,3.15098,-0.56857,-2.06245,-1.93163,-2.16827,0.94772,3.12511,0.06540
9.24,pregrasp,-0.59339,-2.13978,-2.00544,-2.13797,0.97740,3.15098,-0.56854,-2.06247,-1.93167,-2.16829,0.94769,3.12495,0.06540
9.25,pregrasp,-0.59339,-2.13978,-2.00544,-2.13797,0.97740,3.15098,-0.56860,-2.06247,-1.93170,-2.16833,0.94773,3.12494,0.06535
9.26,pregrasp,-0.59339,-2.13978,-2.00544,-2.13797,0.97740,3.15098,-0.56866,-2.06247,-1.93174,-2.16840,0.94771,3.12499,0.06529
9.27,pregrasp,-0.59339,-2.13978,-2.00544,-2.13797,0.97740,3.15098,-0.56863,-2.06249,-1.93178,-2.16842,0.94768,3.12483,0.06528
9.28,pregrasp,-0.59339,-2.13978,-2.00544,-2.13797,0.97740,3.15098,-0.56868,-2.06249,-1.93180,-2.16845,0.94772,3.12482,0.06524
9.29,pregrasp,-0.59339,-2.13978,-2.00544,-2.13797,0.97740,3.15098,-0.56874,-2.06250,-1.93184,-2.16852,0.94770,3.12487,0.06518
9.30,pregrasp,-0.59339,-2.13978,-2.00544,-2.13797,0.97740,3.15098,-0.56871,-2.06251,-1.93188,-2.16855,0.94767,3.12472,0.06517
9.31,pregrasp,-0.59339,-2.13978,-2.00544,-2.13797,0.97740,3.15098,-0.56876,-2.06251,-1.93190,-2.16858,0.94772,3.12471,0.06512
9.32,pregrasp,-0.59339,-2.13978,-2.00544,-2.13797,0.97740,3.15098,-0.56883,-2.06252,-1.93194,-2.16865,0.94769,3.12475,0.06506
9.33,pregrasp,-0.59339,-2.13978,-2.00544,-2.13797,0.97740,3.15098,-0.56880,-2.06254,-1.93198,-2.16867,0.94766,3.12460,0.06506
9.34,pregrasp,-0.59339,-2.13978,-2.00544,-2.13797,0.97740,3.15098,-0.56885,-2.06254,-1.93201,-2.16871,0.94771,3.12458,0.06501
9.35,pregrasp,-0.59339,-2.13978,-2.00544,-2.13797,0.97740,3.15098,-0.56891,-2.06254,-1.93204,-2.16878,0.94768,3.12462,0.06495
9.36,pregrasp,-0.59339,-2.13978,-2.00544,-2.13797,0.97740,3.15098,-0.56888,-2.06256,-1.93208,-2.16880,0.94764,3.12447,0.06495
9.37,pregrasp,-0.59339,-2.13978,-2.00544,-2.13797,0.97740,3.15098,-0.56893,-2.06256,-1.93211,-2.16884,0.94770,3.12445,0.06490
9.38,pregrasp,-0.59339,-2.13978,-2.00544,-2.13797,0.97740,3.15098,-0.56899,-2.06256,-1.93214,-2.16891,0.94767,3.12449,0.06484
9.39,pregrasp,-0.59339,-2.13978,-2.00544,-2.13797,0.97740,3.15098,-0.56896,-2.06258,-1.93218,-2.16893,0.94763,3.12434,0.06484
9.40,pregrasp,-0.59339,-2.13978,-2.00544,-2.13797,0.97740,3.15098,-0.56901,-2.06258,-1.93221,-2.16896,0.94769,3.12433,0.06479
9.41,pregrasp,-0.59339,-2.13978,-2.00544,-2.13797,0.97740,3.15098,-0.56908,-2.06259,-1.93224,-2.16903,0.94766,3.12437,0.06473
9.42,pregrasp,-0.59339,-2.13978,-2.00544,-2.13797,0.97740,3.15098,-0.56905,-2.06261,-1.93228,-2.16905,0.94762,3.12422,0.06473
9.43,pregrasp,-0.59339,-2.13978,-2.00544,-2.13797,0.97740,3.15098,-0.56910,-2.06261,-1.93231,-2.16909,0.94768,3.12420,0.06468
9.44,pregrasp,-0.59339,-2.13978,-2.00544,-2.13797,0.97740,3.15098,-0.56916,-2.06261,-1.93235,-2.16916,0.94766,3.12424,0.06462
9.45,pregrasp,-0.59339,-2.13978,-2.00544,-2.13797,0.97740,3.15098,-0.56913,-2.06263,-1.93238,-2.16918,0.94761,3.12409,0.06462
9.46,pregrasp,-0.59339,-2.13978,-2.00544,-2.13797,0.97740,3.15098,-0.56918,-2.06263,-1.93241,-2.16921,0.94767,3.12407,0.06457
9.47,pregrasp,-0.59339,-2.13978,-2.00544,-2.13797,0.97740,3.15098,-0.56924,-2.06263,-1.93245,-2.16929,0.94765,3.12411,0.06451
9.48,pregrasp,-0.59339,-2.13978,-2.00544,-2.13797,0.97740,3.15098,-0.56921,-2.06265,-1.93248,-2.16930,0.94760,3.12395,0.06451
9.49,pregrasp,-0.59339,-2.13978,-2.00544,-2.13797,0.97740,3.15098,-0.56926,-2.06265,-1.93251,-2.16934,0.94766,3.12394,0.06446
9.50,pregrasp,-0.59339,-2.13978,-2.00544,-2.13797,0.97740,3.15098,-0.56932,-2.06266,-1.93255,-2.16941,0.94763,3.12397,0.06440
9.51,pregrasp,-0.59339,-2.13978,-2.00544,-2.13797,0.97740,3.15098,-0.56929,-2.06268,-1.93258,-2.16943,0.94759,3.12382,0.06440
9.52,pregrasp,-0.59339,-2.13978,-2.00544,-2.13797,0.97740,3.15098,-0.56934,-2.06268,-1.93261,-2.16946,0.94765,3.12380,0.06435
9.53,pregrasp,-0.59339,-2.13978,-2.00544,-2.13797,0.97740,3.15098,-0.56940,-2.06268,-1.93264,-2.16953,0.94762,3.12383,0.06430
9.54,pregrasp,-0.59339,-2.13978,-2.00544,-2.13797,0.97740,3.15098,-0.56937,-2.06270,-1.93268,-2.16955,0.94758,3.12368,0.06429
9.55,pregrasp,-0.59339,-2.13978,-2.00544,-2.13797,0.97740,3.15098,-0.56942,-2.06270,-1.93271,-2.16958,0.94764,3.12366,0.06425
9.56,pregrasp,-0.59339,-2.13978,-2.00544,-2.13797,0.97740,3.15098,-0.56948,-2.06270,-1.93274,-2.16965,0.94761,3.12370,0.06419
9.57,pregrasp,-0.59339,-2.13978,-2.00544,-2.13797,0.97740,3.15098,-0.56945,-2.06272,-1.93278,-2.16967,0.94756,3.12355,0.06419
9.58,pregrasp,-0.59339,-2.13978,-2.00544,-2.13797,0.97740,3.15098,-0.56950,-2.06272,-1.93281,-2.16970,0.94763,3.12353,0.06414
9.59,pregrasp,-0.59339,-2.13978,-2.00544,-2.13797,0.97740,3.15098,-0.56955,-2.06273,-1.93284,-2.16978,0.94760,3.12356,0.06408
9.60,pregrasp,-0.59339,-2.13978,-2.00544,-2.13797,0.97740,3.15098,-0.56952,-2.06274,-1.93288,-2.16979,0.94755,3.12341,0.06408
9.61,pregrasp,-0.59339,-2.13978,-2.00544,-2.13797,0.97740,3.15098,-0.56957,-2.06274,-1.93291,-2.16982,0.94762,3.12339,0.06403
9.62,pregrasp,-0.59339,-2.13978,-2.00544,-2.13797,0.97740,3.15098,-0.56963,-2.06275,-1.93294,-2.16990,0.94759,3.12342,0.06398
9.63,pregrasp,-0.59339,-2.13978,-2.00544,-2.13797,0.97740,3.15098,-0.56960,-2.06277,-1.93298,-2.16991,0.94754,3.12327,0.06397
9.64,pregrasp,-0.59339,-2.13978,-2.00544,-2.13797,0.97740,3.15098,-0.56965,-2.06277,-1.93301,-2.16995,0.94761,3.12325,0.06393
9.65,pregrasp,-0.59339,-2.13978,-2.00544,-2.13797,0.97740,3.15098,-0.56971,-2.06277,-1.93304,-2.17002,0.94758,3.12328,0.06387
9.66,pregrasp,-0.59339,-2.13978,-2.00544,-2.13797,0.97740,3.15098,-0.56968,-2.06279,-1.93308,-2.17003,0.94753,3.12312,0.06387
9.67,pregrasp,-0.59339,-2.13978,-2.00544,-2.13797,0.97740,3.15098,-0.56973,-2.06279,-1.93311,-2.17006,0.94760,3.12311,0.06382
9.68,pregrasp,-0.59339,-2.13978,-2.00544,-2.13797,0.97740,3.15098,-0.56978,-2.06280,-1.93314,-2.17013,0.94758,3.12314,0.06377
9.69,pregrasp,-0.59339,-2.13978,-2.00544,-2.13797,0.97740,3.15098,-0.56975,-2.06282,-1.93318,-2.17015,0.94752,3.12298,0.06377
9.70,pregrasp,-0.59339,-2.13978,-2.00544,-2.13797,0.97740,3.15098,-0.56980,-2.06281,-1.93320,-2.17018,0.94759,3.12297,0.06372
9.71,pregrasp,-0.59339,-2.13978,-2.00544,-2.13797,0.97740,3.15098,-0.56986,-2.06282,-1.93323,-2.17025,0.94757,3.12300,0.06367
9.72,pregrasp,-0.59339,-2.13978,-2.00544,-2.13797,0.97740,3.15098,-0.56983,-2.06284,-1.93327,-2.17027,0.94751,3.12284,0.06366
9.73,pregrasp,-0.59339,-2.13978,-2.00544,-2.13797,0.97740,3.15098,-0.56988,-2.06284,-1.93330,-2.17030,0.94758,3.12283,0.06362
9.74,pregrasp,-0.59339,-2.13978,-2.00544,-2.13797,0.97740,3.15098,-0.56993,-2.06284,-1.93333,-2.17037,0.94756,3.12286,0.06356
9.75,pregrasp,-0.59339,-2.13978,-2.00544,-2.13797,0.97740,3.15098,-0.56990,-2.06286,-1.93337,-2.17038,0.94751,3.12270,0.06356
9.76,pregrasp,-0.59339,-2.13978,-2.00544,-2.13797,0.97740,3.15098,-0.56995,-2.06286,-1.93340,-2.17042,0.94758,3.12269,0.06351
9.77,pregrasp,-0.59339,-2.13978,-2.00544,-2.13797,0.97740,3.15098,-0.57001,-2.06286,-1.93343,-2.17049,0.94756,3.12272,0.06346
9.78,pregrasp,-0.59339,-2.13978,-2.00544,-2.13797,0.97740,3.15098,-0.56998,-2.06288,-1.93347,-2.17050,0.94750,3.12256,0.06346
9.79,pregrasp,-0.59339,-2.13978,-2.00544,-2.13797,0.97740,3.15098,-0.57003,-2.06288,-1.93349,-2.17053,0.94757,3.12255,0.06341
9.80,pregrasp,-0.59339,-2.13978,-2.00544,-2.13797,0.97740,3.15098,-0.57008,-2.06289,-1.93352,-2.17060,0.94755,3.12258,0.06336
9.81,pregrasp,-0.59339,-2.13978,-2.00544,-2.13797,0.97740,3.15098,-0.57005,-2.06291,-1.93356,-2.17062,0.94750,3.12242,0.06336
9.82,pregrasp,-0.59339,-2.13978,-2.00544,-2.13797,0.97740,3.15098,-0.57010,-2.06291,-1.93359,-2.17065,0.94757,3.12242,0.06331
9.83,pregrasp,-0.59339,-2.13978,-2.00544,-2.13797,0.97740,3.15098,-0.57016,-2.06291,-1.93362,-2.17072,0.94755,3.12244,0.06326
9.84,pregrasp,-0.59339,-2.13978,-2.00544,-2.13797,0.97740,3.15098,-0.57012,-2.06293,-1.93366,-2.17073,0.94749,3.12229,0.06325
9.85,pregrasp,-0.59339,-2.13978,-2.00544,-2.13797,0.97740,3.15098,-0.57017,-2.06293,-1.93368,-2.17077,0.94756,3.12228,0.06321
9.86,pregrasp,-0.59339,-2.13978,-2.00544,-2.13797,0.97740,3.15098,-0.57023,-2.06293,-1.93371,-2.17084,0.94755,3.12231,0.06316
9.87,pregrasp,-0.59339,-2.13978,-2.00544,-2.13797,0.97740,3.15098,-0.57020,-2.06295,-1.93375,-2.17085,0.94749,3.12215,0.06315
9.88,pregrasp,-0.59339,-2.13978,-2.00544,-2.13797,0.97740,3.15098,-0.57024,-2.06295,-1.93378,-2.17088,0.94756,3.12214,0.06311
9.89,pregrasp,-0.59339,-2.13978,-2.00544,-2.13797,0.97740,3.15098,-0.57030,-2.06296,-1.93381,-2.17095,0.94755,3.12217,0.06306
9.90,pregrasp,-0.59339,-2.13978,-2.00544,-2.13797,0.97740,3.15098,-0.57027,-2.06298,-1.93385,-2.17097,0.94749,3.12201,0.06305
9.91,pregrasp,-0.59339,-2.13978,-2.00544,-2.13797,0.97740,3.15098,-0.57032,-2.06298,-1.93387,-2.17100,0.94756,3.12200,0.06301
9.92,pregrasp,-0.59339,-2.13978,-2.00544,-2.13797,0.97740,3.15098,-0.57037,-2.06298,-1.93390,-2.17107,0.94754,3.12203,0.06296
9.93,pregrasp,-0.59339,-2.13978,-2.00544,-2.13797,0.97740,3.15098,-0.57034,-2.06300,-1.93394,-2.17108,0.94748,3.12187,0.06295
9.94,pregrasp,-0.59339,-2.13978,-2.00544,-2.13797,0.97740,3.15098,-0.57039,-2.06300,-1.93397,-2.17112,0.94756,3.12186,0.06291
9.95,pregrasp,-0.59339,-2.13978,-2.00544,-2.13797,0.97740,3.15098,-0.57045,-2.06300,-1.93400,-2.17119,0.94754,3.12189,0.06286
9.96,pregrasp,-0.59339,-2.13978,-2.00544,-2.13797,0.97740,3.15098,-0.57041,-2.06302,-1.93404,-2.17120,0.94748,3.12173,0.06285
9.97,pregrasp,-0.59339,-2.13978,-2.00544,-2.13797,0.97740,3.15098,-0.57046,-2.06302,-1.93406,-2.17123,0.94756,3.12173,0.06281
9.98,pregrasp,-0.59339,-2.13978,-2.00544,-2.13797,0.97740,3.15098,-0.57052,-2.06303,-1.93409,-2.17130,0.94755,3.12175,0.06275
9.99,pregrasp,-0.59339,-2.13978,-2.00544,-2.13797,0.97740,3.15098,-0.57048,-2.06305,-1.93413,-2.17131,0.94748,3.12160,0.06275
10.00,pregrasp,-0.59339,-2.13978,-2.00544,-2.13797,0.97740,3.15098,-0.57053,-2.06305,-1.93416,-2.17135,0.94756,3.12159,0.06271
10.01,pregrasp,-0.59339,-2.13978,-2.00544,-2.13797,0.97740,3.15098,-0.57059,-2.06305,-1.93419,-2.17142,0.94755,3.12161,0.06265
10.02,pregrasp,-0.59339,-2.13978,-2.00544,-2.13797,0.97740,3.15098,-0.57056,-2.06307,-1.93423,-2.17143,0.94748,3.12146,0.06265
10.03,pregrasp,-0.59339,-2.13978,-2.00544,-2.13797,0.97740,3.15098,-0.57060,-2.06307,-1.93425,-2.17147,0.94756,3.12145,0.06261
10.04,pregrasp,-0.59339,-2.13978,-2.00544,-2.13797,0.97740,3.15098,-0.57066,-2.06308,-1.93428,-2.17154,0.94755,3.12147,0.06256
10.05,pregrasp,-0.59339,-2.13978,-2.00544,-2.13797,0.97740,3.15098,-0.57063,-2.06310,-1.93432,-2.17154,0.94748,3.12131,0.06255
10.06,pregrasp,-0.59339,-2.13978,-2.00544,-2.13797,0.97740,3.15098,-0.57068,-2.06309,-1.93435,-2.17158,0.94756,3.12131,0.06251
10.07,pregrasp,-0.59339,-2.13978,-2.00544,-2.13797,0.97740,3.15098,-0.57073,-2.06310,-1.93437,-2.17165,0.94755,3.12133,0.06246
10.08,pregrasp,-0.59339,-2.13978,-2.00544,-2.13797,0.97740,3.15098,-0.57070,-2.06312,-1.93441,-2.17166,0.94748,3.12117,0.06245
10.09,pregrasp,-0.59339,-2.13978,-2.00544,-2.13797,0.97740,3.15098,-0.57075,-2.06312,-1.93444,-2.17170,0.94756,3.12117,0.06241
10.10,pregrasp,-0.59339,-2.13978,-2.00544,-2.13797,0.97740,3.15098,-0.57080,-2.06312,-1.93447,-2.17177,0.94755,3.12120,0.06236
10.11,wait_pre,-0.59339,-2.13978,-2.00544,-2.13797,0.97740,3.15098,-0.57077,-2.06314,-1.93451,-2.17177,0.94748,3.12104,0.06235
10.12,wait_pre,-0.59339,-2.13978,-2.00544,-2.13797,0.97740,3.15098,-0.57082,-2.06314,-1.93453,-2.17181,0.94756,3.12103,0.06231
10.13,wait_pre,-0.59339,-2.13978,-2.00544,-2.13797,0.97740,3.15098,-0.57087,-2.06315,-1.93456,-2.17188,0.94755,3.12106,0.06226
10.14,wait_pre,-0.59339,-2.13978,-2.00544,-2.13797,0.97740,3.15098,-0.57084,-2.06317,-1.93460,-2.17189,0.94749,3.12090,0.06226
10.15,wait_pre,-0.59339,-2.13978,-2.00544,-2.13797,0.97740,3.15098,-0.57089,-2.06316,-1.93463,-2.17192,0.94757,3.12089,0.06221
10.16,wait_pre,-0.59339,-2.13978,-2.00544,-2.13797,0.97740,3.15098,-0.57094,-2.06317,-1.93466,-2.17199,0.94756,3.12091,0.06216
10.17,wait_pre,-0.59339,-2.13978,-2.00544,-2.13797,0.97740,3.15098,-0.57091,-2.06319,-1.93470,-2.17200,0.94749,3.12075,0.06216
10.18,wait_pre,-0.59339,-2.13978,-2.00544,-2.13797,0.97740,3.15098,-0.57096,-2.06319,-1.93472,-2.17204,0.94757,3.12075,0.06211
10.19,wait_pre,-0.59339,-2.13978,-2.00544,-2.13797,0.97740,3.15098,-0.57100,-2.06318,-1.93469,-2.17205,0.94753,3.12093,0.06211
10.20,wait_pre,-0.59339,-2.13978,-2.00544,-2.13797,0.97740,3.15098,-0.57096,-2.06320,-1.93473,-2.17206,0.94746,3.12078,0.06211
10.21,wait_pre,-0.59339,-2.13978,-2.00544,-2.13797,0.97740,3.15098,-0.57101,-2.06320,-1.93476,-2.17210,0.94754,3.12077,0.06206
10.22,wait_pre,-0.59339,-2.13978,-2.00544,-2.13797,0.97740,3.15098,-0.57105,-2.06319,-1.93473,-2.17211,0.94751,3.12096,0.06206
10.23,wait_pre,-0.59339,-2.13978,-2.00544,-2.13797,0.97740,3.15098,-0.57101,-2.06321,-1.93477,-2.17212,0.94744,3.12081,0.06205
10.24,wait_pre,-0.59339,-2.13978,-2.00544,-2.13797,0.97740,3.15098,-0.57106,-2.06321,-1.93479,-2.17215,0.94752,3.12080,0.06201
10.25,wait_pre,-0.59339,-2.13978,-2.00544,-2.13797,0.97740,3.15098,-0.57110,-2.06320,-1.93476,-2.17216,0.94749,3.12099,0.06200
10.26,wait_pre,-0.59339,-2.13978,-2.00544,-2.13797,0.97740,3.15098,-0.57106,-2.06321,-1.93480,-2.17217,0.94742,3.12084,0.06200
10.27,wait_pre,-0.59339,-2.13978,-2.00544,-2.13797,0.97740,3.15098,-0.57111,-2.06321,-1.93483,-2.17221,0.94750,3.12084,0.06196
10.28,wait_pre,-0.59339,-2.13978,-2.00544,-2.13797,0.97740,3.15098,-0.57114,-2.06320,-1.93480,-2.17222,0.94747,3.12103,0.06195
10.29,wait_pre,-0.59339,-2.13978,-2.00544,-2.13797,0.97740,3.15098,-0.57111,-2.06322,-1.93485,-2.17223,0.94740,3.12088,0.06195
10.30,wait_pre,-0.59339,-2.13978,-2.00544,-2.13797,0.97740,3.15098,-0.57115,-2.06322,-1.93487,-2.17227,0.94748,3.12088,0.06191
10.31,wait_pre,-0.59339,-2.13978,-2.00544,-2.13797,0.97740,3.15098,-0.57119,-2.06321,-1.93485,-2.17228,0.94745,3.12108,0.06190
10.32,wait_pre,-0.59339,-2.13978,-2.00544,-2.13797,0.97740,3.15098,-0.57116,-2.06323,-1.93489,-2.17229,0.94738,3.12093,0.06190
10.33,wait_pre,-0.59339,-2.13978,-2.00544,-2.13797,0.97740,3.15098,-0.57120,-2.06322,-1.93492,-2.17233,0.94746,3.12093,0.06185
10.34,wait_pre,-0.59339,-2.13978,-2.00544,-2.13797,0.97740,3.15098,-0.57124,-2.06321,-1.93489,-2.17233,0.94743,3.12112,0.06185
10.35,wait_pre,-0.59339,-2.13978,-2.00544,-2.13797,0.97740,3.15098,-0.57120,-2.06323,-1.93493,-2.17234,0.94736,3.12097,0.06185
10.36,wait_pre,-0.59339,-2.13978,-2.00544,-2.13797,0.97740,3.15098,-0.57125,-2.06323,-1.93496,-2.17238,0.94744,3.12097,0.06180
10.37,wait_pre,-0.59339,-2.13978,-2.00544,-2.13797,0.97740,3.15098,-0.57128,-2.06322,-1.93493,-2.17239,0.94741,3.12117,0.06180
10.38,wait_pre,-0.59339,-2.13978,-2.00544,-2.13797,0.97740,3.15098,-0.57125,-2.06324,-1.93497,-2.17240,0.94733,3.12102,0.06179
10.39,wait_pre,-0.59339,-2.13978,-2.00544,-2.13797,0.97740,3.15098,-0.57129,-2.06323,-1.93500,-2.17244,0.94742,3.12102,0.06175
10.40,wait_pre,-0.59339,-2.13978,-2.00544,-2.13797,0.97740,3.15098,-0.57133,-2.06322,-1.93497,-2.17245,0.94739,3.12122,0.06174
10.41,wait_pre,-0.59339,-2.13978,-2.00544,-2.13797,0.97740,3.15098,-0.57129,-2.06324,-1.93501,-2.17246,0.94732,3.12107,0.06174
10.42,wait_pre,-0.59339,-2.13978,-2.00544,-2.13797,0.97740,3.15098,-0.57134,-2.06324,-1.93504,-2.17250,0.94740,3.12106,0.06170
10.43,wait_pre,-0.59339,-2.13978,-2.00544,-2.13797,0.97740,3.15098,-0.57138,-2.06323,-1.93501,-2.17251,0.94737,3.12126,0.06169
10.44,wait_pre,-0.59339,-2.13978,-2.00544,-2.13797,0.97740,3.15098,-0.57134,-2.06325,-1.93505,-2.17251,0.94730,3.12111,0.06169
10.45,wait_pre,-0.59339,-2.13978,-2.00544,-2.13797,0.97740,3.15098,-0.57139,-2.06324,-1.93508,-2.17255,0.94738,3.12111,0.06165
10.46,wait_pre,-0.59339,-2.13978,-2.00544,-2.13797,0.97740,3.15098,-0.57142,-2.06323,-1.93505,-2.17256,0.94735,3.12130,0.06164
10.47,wait_pre,-0.59339,-2.13978,-2.00544,-2.13797,0.97740,3.15098,-0.57139,-2.06325,-1.93509,-2.17257,0.94728,3.12115,0.06164
10.48,wait_pre,-0.59339,-2.13978,-2.00544,-2.13797,0.97740,3.15098,-0.57143,-2.06325,-1.93512,-2.17261,0.94736,3.12115,0.06160
10.49,wait_pre,-0.59339,-2.13978,-2.00544,-2.13797,0.97740,3.15098,-0.57147,-2.06324,-1.93509,-2.17262,0.94733,3.12134,0.06159
10.50,wait_pre,-0.59339,-2.13978,-2.00544,-2.13797,0.97740,3.15098,-0.57143,-2.06326,-1.93514,-2.17263,0.94726,3.12120,0.06159
10.51,wait_pre,-0.59339,-2.13978,-2.00544,-2.13797,0.97740,3.15098,-0.57148,-2.06325,-1.93516,-2.17267,0.94735,3.12119,0.06154
10.52,wait_pre,-0.59339,-2.13978,-2.00544,-2.13797,0.97740,3.15098,-0.57152,-2.06324,-1.93514,-2.17268,0.94731,3.12139,0.06154
10.53,wait_pre,-0.59339,-2.13978,-2.00544,-2.13797,0.97740,3.15098,-0.57148,-2.06326,-1.93518,-2.17268,0.94724,3.12124,0.06154
10.54,wait_pre,-0.59339,-2.13978,-2.00544,-2.13797,0.97740,3.15098,-0.57152,-2.06326,-1.93520,-2.17272,0.94733,3.12124,0.06149
10.55,wait_pre,-0.59339,-2.13978,-2.00544,-2.13797,0.97740,3.15098,-0.57156,-2.06325,-1.93518,-2.17273,0.94730,3.12143,0.06148
10.56,wait_pre,-0.59339,-2.13978,-2.00544,-2.13797,0.97740,3.15098,-0.57153,-2.06326,-1.93522,-2.17274,0.94722,3.12128,0.06148
10.57,wait_pre,-0.59339,-2.13978,-2.00544,-2.13797,0.97740,3.15098,-0.57157,-2.06326,-1.93525,-2.17278,0.94731,3.12128,0.06144
10.58,wait_pre,-0.59339,-2.13978,-2.00544,-2.13797,0.97740,3.15098,-0.57161,-2.06325,-1.93522,-2.17279,0.94727,3.12148,0.06143
10.59,wait_pre,-0.59339,-2.13978,-2.00544,-2.13797,0.97740,3.15098,-0.57157,-2.06327,-1.93526,-2.17280,0.94720,3.12133,0.06143
10.60,wait_pre,-0.59339,-2.13978,-2.00544,-2.13797,0.97740,3.15098,-0.57161,-2.06327,-1.93529,-2.17283,0.94729,3.12133,0.06139
10.61,approach,-0.59375,-2.13956,-2.00588,-2.13774,0.97705,3.15098,-0.57165,-2.06324,-1.93528,-2.17281,0.94723,3.12147,0.08404
10.62,approach,-0.59410,-2.13935,-2.00632,-2.13751,0.97670,3.15098,-0.57163,-2.06321,-1.93536,-2.17272,0.94713,3.12125,0.08402
10.63,approach,-0.59445,-2.13914,-2.00676,-2.13728,0.97634,3.15098,-0.57169,-2.06314,-1.93545,-2.17263,0.94719,3.12112,0.08401
10.64,approach,-0.59481,-2.13893,-2.00720,-2.13705,0.97599,3.15098,-0.57175,-2.06304,-1.93549,-2.17245,0.94710,3.12115,0.08400
10.65,approach,-0.59516,-2.13871,-2.00765,-2.13682,0.97564,3.15098,-0.57174,-2.06295,-1.93563,-2.17224,0.94697,3.12080,0.08397
10.66,approach,-0.59551,-2.13850,-2.00809,-2.13660,0.97528,3.15098,-0.57182,-2.06282,-1.93576,-2.17202,0.94700,3.12057,0.08396
10.67,approach,-0.59587,-2.13829,-2.00853,-2.13637,0.97493,3.15098,-0.57191,-2.06268,-1.93591,-2.17180,0.94689,3.12032,0.08394
10.68,approach,-0.59622,-2.13808,-2.00897,-2.13614,0.97457,3.15098,-0.57191,-2.06255,-1.93608,-2.17150,0.94674,3.11988,0.08390
10.69,approach,-0.59657,-2.13786,-2.00941,-2.13591,0.97422,3.15098,-0.57200,-2.06238,-1.93624,-2.17120,0.94675,3.11959,0.08387
10.70,approach,-0.59693,-2.13765,-2.00986,-2.13568,0.97387,3.15098,-0.57209,-2.06221,-1.93642,-2.17090,0.94659,3.11925,0.08385
10.71,approach,-0.59728,-2.13744,-2.01030,-2.13545,0.97351,3.15098,-0.57210,-2.06205,-1.93661,-2.17055,0.94645,3.11874,0.08381
10.72,approach,-0.59764,-2.13723,-2.01074,-2.13522,0.97316,3.15098,-0.57221,-2.06185,-1.93679,-2.17019,0.94643,3.11840,0.08378
10.73,approach,-0.59799,-2.13701,-2.01118,-2.13499,0.97281,3.15098,-0.57230,-2.06166,-1.93699,-2.16985,0.94623,3.11802,0.08375
10.74,approach,-0.59834,-2.13680,-2.01163,-2.13476,0.97245,3.15098,-0.57232,-2.06148,-1.93721,-2.16946,0.94608,3.11746,0.08370
10.75,approach,-0.59870,-2.13659,-2.01207,-2.13453,0.97210,3.15098,-0.57244,-2.06127,-1.93739,-2.16907,0.94604,3.11712,0.08367
10.76,approach,-0.59905,-2.13638,-2.01251,-2.13430,0.97175,3.15098,-0.57253,-2.06106,-1.93760,-2.16868,0.94582,3.11670,0.08364
10.77,approach,-0.59940,-2.13616,-2.01295,-2.13407,0.97139,3.15098,-0.57256,-2.06087,-1.93783,-2.16828,0.94568,3.11609,0.08359
10.78,approach,-0.59976,-2.13595,-2.01339,-2.13384,0.97104,3.15098,-0.57268,-2.06064,-1.93802,-2.16786,0.94560,3.11574,0.08355
10.79,approach,-0.60011,-2.13574,-2.01384,-2.13361,0.97069,3.15098,-0.57276,-2.06043,-1.93823,-2.16743,0.94537,3.11526,0.08351
10.80,approach,-0.60046,-2.13553,-2.01428,-2.13338,0.97033,3.15098,-0.57278,-2.06022,-1.93842,-2.16698,0.94536,3.11469,0.08346
10.81,approach,-0.60082,-2.13531,-2.01472,-2.13315,0.96998,3.15098,-0.57288,-2.06000,-1.93868,-2.16657,0.94520,3.11397,0.08342
10.82,approach,-0.60117,-2.13510,-2.01516,-2.13292,0.96962,3.15098,-0.57295,-2.05978,-1.93889,-2.16611,0.94496,3.11343,0.08338
10.83,approach,-0.60152,-2.13489,-2.01560,-2.13269,0.96927,3.15098,-0.57299,-2.05957,-1.93913,-2.16568,0.94481,3.11274,0.08333
10.84,approach,-0.60188,-2.13468,-2.01605,-2.13246,0.96892,3.15098,-0.57312,-2.05935,-1.93939,-2.16528,0.94463,3.11216,0.08329
10.85,approach,-0.60223,-2.13446,-2.01649,-2.13224,0.96856,3.15098,-0.57319,-2.05914,-1.93965,-2.16484,0.94449,3.11147,0.08324
10.86,approach,-0.60259,-2.13425,-2.01693,-2.13201,0.96821,3.15098,-0.57329,-2.05891,-1.93987,-2.16441,0.94424,3.11100,0.08320
10.87,approach,-0.60294,-2.13404,-2.01737,-2.13178,0.96786,3.15098,-0.57340,-2.05868,-1.94012,-2.16399,0.94402,3.11059,0.08316
10.88,approach,-0.60329,-2.13383,-2.01781,-2.13155,0.96750,3.15098,-0.57349,-2.05847,-1.94038,-2.16357,0.94376,3.11002,0.08312
10.89,approach,-0.60365,-2.13361,-2.01826,-2.13132,0.96715,3.15098,-0.57357,-2.05830,-1.94083,-2.16323,0.94381,3.10804,0.08305
10.90,approach,-0.60400,-2.13340,-2.01870,-2.13109,0.96680,3.15098,-0.57366,-2.05813,-1.94125,-2.16296,0.94362,3.10698,0.08301
10.91,approach,-0.60435,-2.13319,-2.01914,-2.13086,0.96644,3.15098,-0.57375,-2.05797,-1.94171,-2.16264,0.94365,3.10503,0.08293
10.92,approach,-0.60471,-2.13297,-2.01958,-2.13063,0.96609,3.15098,-0.57386,-2.05782,-1.94215,-2.16240,0.94348,3.10384,0.08289
10.93,approach,-0.60506,-2.13276,-2.02002,-2.13040,0.96573,3.15098,-0.57398,-2.05767,-1.94264,-2.16213,0.94350,3.10191,0.08282
10.94,approach,-0.60541,-2.13255,-2.02047,-2.13017,0.96538,3.15098,-0.57412,-2.05753,-1.94311,-2.16192,0.94336,3.10061,0.08277
10.95,approach,-0.60577,-2.13234,-2.02091,-2.12994,0.96503,3.15098,-0.57427,-2.05739,-1.94362,-2.16168,0.94336,3.09875,0.08271
10.96,approach,-0.60612,-2.13212,-2.02135,-2.12971,0.96467,3.15098,-0.57444,-2.05725,-1.94411,-2.16148,0.94323,3.09735,0.08266
10.97,approach,-0.60648,-2.13191,-2.02179,-2.12948,0.96432,3.15098,-0.57462,-2.05711,-1.94463,-2.16127,0.94320,3.09559,0.08260
10.98,approach,-0.60683,-2.13170,-2.02223,-2.12925,0.96397,3.15098,-0.57482,-2.05697,-1.94512,-2.16108,0.94308,3.09419,0.08256
10.99,approach,-0.60718,-2.13149,-2.02268,-2.12902,0.96361,3.15098,-0.57502,-2.05683,-1.94563,-2.16088,0.94302,3.09256,0.08250
11.00,approach,-0.60754,-2.13127,-2.02312,-2.12879,0.96326,3.15098,-0.57523,-2.05668,-1.94613,-2.16070,0.94290,3.09115,0.08246
11.01,approach,-0.60789,-2.13106,-2.02356,-2.12856,0.96291,3.15098,-0.57540,-2.05652,-1.94664,-2.16057,0.94304,3.09030,0.08243
11.02,approach,-0.60824,-2.13085,-2.02400,-2.12833,0.96255,3.15098,-0.57542,-2.05623,-1.94715,-2.16038,0.94328,3.09035,0.08243
11.03,approach,-0.60860,-2.13064,-2.02445,-2.12810,0.96220,3.15098,-0.57546,-2.05595,-1.94763,-2.16019,0.94342,3.09025,0.08244
11.04,approach,-0.60895,-2.13042,-2.02489,-2.12787,0.96184,3.15098,-0.57550,-2.05567,-1.94814,-2.16000,0.94362,3.09027,0.08244
11.05,approach,-0.60930,-2.13021,-2.02533,-2.12765,0.96149,3.15098,-0.57555,-2.05539,-1.94863,-2.15981,0.94377,3.09031,0.08244
11.06,approach,-0.60966,-2.13000,-2.02577,-2.12742,0.96114,3.15098,-0.57562,-2.05512,-1.94912,-2.15963,0.94393,3.09033,0.08244
11.07,approach,-0.61001,-2.12979,-2.02621,-2.12719,0.96078,3.15098,-0.57570,-2.05485,-1.94962,-2.15945,0.94404,3.09037,0.08245
11.08,approach,-0.61037,-2.12957,-2.02666,-2.12696,0.96043,3.15098,-0.57578,-2.05458,-1.95013,-2.15927,0.94420,3.09050,0.08244
11.09,approach,-0.61072,-2.12936,-2.02710,-2.12673,0.96008,3.15098,-0.57589,-2.05431,-1.95061,-2.15909,0.94424,3.09053,0.08245
11.10,approach,-0.61107,-2.12915,-2.02754,-2.12650,0.95972,3.15098,-0.57601,-2.05405,-1.95110,-2.15891,0.94434,3.09054,0.08245
11.11,approach,-0.61143,-2.12894,-2.02798,-2.12627,0.95937,3.15098,-0.57615,-2.05378,-1.95158,-2.15873,0.94434,3.09057,0.08245
11.12,approach,-0.61178,-2.12872,-2.02842,-2.12604,0.95902,3.15098,-0.57630,-2.05352,-1.95205,-2.15856,0.94436,3.09045,0.08246
11.13,approach,-0.61213,-2.12851,-2.02887,-2.12581,0.95866,3.15098,-0.57646,-2.05326,-1.95253,-2.15838,0.94436,3.09048,0.08246
11.14,approach,-0.61249,-2.12830,-2.02931,-2.12558,0.95831,3.15098,-0.57662,-2.05300,-1.95301,-2.15821,0.94435,3.09050,0.08247
11.15,approach,-0.61284,-2.12809,-2.02975,-2.12535,0.95795,3.15098,-0.57679,-2.05274,-1.95350,-2.15803,0.94434,3.09064,0.08247
11.16,approach,-0.61319,-2.12787,-2.03019,-2.12512,0.95760,3.15098,-0.57699,-2.05249,-1.95396,-2.15785,0.94425,3.09064,0.08247
11.17,approach,-0.61355,-2.12766,-2.03063,-2.12489,0.95725,3.15098,-0.57719,-2.05224,-1.95443,-2.15767,0.94420,3.09064,0.08247
11.18,approach,-0.61390,-2.12745,-2.03108,-2.12466,0.95689,3.15098,-0.57740,-2.05198,-1.95489,-2.15749,0.94408,3.09067,0.08248
11.19,approach,-0.61426,-2.12724,-2.03152,-2.12443,0.95654,3.15098,-0.57763,-2.05173,-1.95534,-2.15731,0.94395,3.09053,0.08248
11.20,approach,-0.61461,-2.12702,-2.03196,-2.12420,0.95619,3.15098,-0.57785,-2.05148,-1.95580,-2.15714,0.94384,3.09055,0.08249
11.21,approach,-0.61496,-2.12681,-2.03240,-2.12397,0.95583,3.15098,-0.57809,-2.05123,-1.95626,-2.15695,0.94368,3.09054,0.08249
11.22,approach,-0.61532,-2.12660,-2.03284,-2.12374,0.95548,3.15098,-0.57832,-2.05099,-1.95673,-2.15677,0.94358,3.09066,0.08249
11.23,approach,-0.61567,-2.12638,-2.03329,-2.12351,0.95513,3.15098,-0.57858,-2.05075,-1.95717,-2.15658,0.94336,3.09065,0.08249
11.24,approach,-0.61602,-2.12617,-2.03373,-2.12329,0.95477,3.15098,-0.57883,-2.05050,-1.95762,-2.15640,0.94320,3.09062,0.08250
11.25,approach,-0.61638,-2.12596,-2.03417,-2.12306,0.95442,3.15098,-0.57910,-2.05026,-1.95805,-2.15622,0.94296,3.09051,0.08250
11.26,approach,-0.61673,-2.12575,-2.03461,-2.12283,0.95406,3.15098,-0.57937,-2.05001,-1.95850,-2.15603,0.94278,3.09048,0.08251
11.27,approach,-0.61708,-2.12553,-2.03505,-2.12260,0.95371,3.15098,-0.57964,-2.04977,-1.95894,-2.15585,0.94255,3.09048,0.08251
11.28,approach,-0.61744,-2.12532,-2.03550,-2.12237,0.95336,3.15098,-0.57991,-2.04953,-1.95939,-2.15566,0.94233,3.09046,0.08251
11.29,approach,-0.61779,-2.12511,-2.03594,-2.12214,0.95300,3.15098,-0.58019,-2.04929,-1.95984,-2.15547,0.94212,3.09055,0.08251
11.30,approach,-0.61815,-2.12490,-2.03638,-2.12191,0.95265,3.15098,-0.58047,-2.04905,-1.96027,-2.15528,0.94186,3.09053,0.08251
11.31,approach,-0.61850,-2.12468,-2.03682,-2.12168,0.95230,3.15098,-0.58076,-2.04881,-1.96071,-2.15509,0.94162,3.09050,0.08251
11.32,approach,-0.61885,-2.12447,-2.03726,-2.12145,0.95194,3.15098,-0.58105,-2.04857,-1.96113,-2.15490,0.94132,3.09037,0.08252
11.33,approach,-0.61921,-2.12426,-2.03771,-2.12122,0.95159,3.15098,-0.58134,-2.04833,-1.96157,-2.15472,0.94108,3.09034,0.08252
11.34,approach,-0.61956,-2.12405,-2.03815,-2.12099,0.95124,3.15098,-0.58164,-2.04810,-1.96200,-2.15452,0.94079,3.09033,0.08252
11.35,approach,-0.61991,-2.12383,-2.03859,-2.12076,0.95088,3.15098,-0.58193,-2.04786,-1.96243,-2.15433,0.94052,3.09029,0.08253
11.36,approach,-0.62027,-2.12362,-2.03903,-2.12053,0.95053,3.15098,-0.58223,-2.04763,-1.96287,-2.15413,0.94027,3.09038,0.08252
11.37,approach,-0.62062,-2.12341,-2.03947,-2.12030,0.95017,3.15098,-0.58253,-2.04739,-1.96330,-2.15394,0.93995,3.09035,0.08253
11.38,approach,-0.62097,-2.12320,-2.03992,-2.12007,0.94982,3.15098,-0.58283,-2.04715,-1.96373,-2.15374,0.93967,3.09030,0.08253
11.39,approach,-0.62133,-2.12298,-2.04036,-2.11984,0.94947,3.15098,-0.58314,-2.04692,-1.96414,-2.15355,0.93933,3.09017,0.08253
11.40,approach,-0.62168,-2.12277,-2.04080,-2.11961,0.94911,3.15098,-0.58345,-2.04668,-1.96457,-2.15336,0.93906,3.09012,0.08253
11.41,approach,-0.62203,-2.12256,-2.04124,-2.11938,0.94876,3.15098,-0.58375,-2.04644,-1.96499,-2.15316,0.93874,3.09011,0.08254
11.42,approach,-0.62239,-2.12235,-2.04169,-2.11915,0.94841,3.15098,-0.58406,-2.04621,-1.96542,-2.15296,0.93843,3.09006,0.08254
11.43,approach,-0.62274,-2.12213,-2.04213,-2.11892,0.94805,3.15098,-0.58436,-2.04598,-1.96585,-2.15276,0.93815,3.09014,0.08254
11.44,approach,-0.62310,-2.12192,-2.04257,-2.11870,0.94770,3.15098,-0.58468,-2.04574,-1.96627,-2.15256,0.93781,3.09010,0.08254
11.45,approach,-0.62345,-2.12171,-2.04301,-2.11847,0.94735,3.15098,-0.58499,-2.04551,-1.96669,-2.15236,0.93750,3.09005,0.08254
11.46,approach,-0.62380,-2.12150,-2.04345,-2.11824,0.94699,3.15098,-0.58531,-2.04527,-1.96710,-2.15217,0.93714,3.08991,0.08254
11.47,approach,-0.62416,-2.12128,-2.04390,-2.11801,0.94664,3.15098,-0.58562,-2.04504,-1.96753,-2.15197,0.93684,3.08986,0.08254
11.48,approach,-0.62451,-2.12107,-2.04434,-2.11778,0.94629,3.15098,-0.58594,-2.04480,-1.96794,-2.15177,0.93650,3.08984,0.08255
11.49,approach,-0.62486,-2.12086,-2.04478,-2.11755,0.94593,3.15098,-0.58625,-2.04457,-1.96836,-2.15157,0.93617,3.08979,0.08255
11.50,approach,-0.62522,-2.12065,-2.04522,-2.11732,0.94558,3.15098,-0.58656,-2.04434,-1.96880,-2.15137,0.93587,3.08986,0.08254
11.51,approach,-0.62557,-2.12043,-2.04566,-2.11709,0.94522,3.15098,-0.58688,-2.04410,-1.96921,-2.15117,0.93551,3.08982,0.08255
11.52,approach,-0.62592,-2.12022,-2.04611,-2.11686,0.94487,3.15098,-0.58720,-2.04387,-1.96963,-2.15097,0.93519,3.08977,0.08255
11.53,approach,-0.62628,-2.12001,-2.04655,-2.11663,0.94452,3.15098,-0.58752,-2.04364,-1.97003,-2.15076,0.93481,3.08962,0.08255
11.54,approach,-0.62663,-2.11980,-2.04699,-2.11640,0.94416,3.15098,-0.58784,-2.04340,-1.97046,-2.15057,0.93450,3.08957,0.08255
11.55,approach,-0.62699,-2.11958,-2.04743,-2.11617,0.94381,3.15098,-0.58816,-2.04317,-1.97087,-2.15036,0.93415,3.08954,0.08255
11.56,approach,-0.62734,-2.11937,-2.04787,-2.11594,0.94346,3.15098,-0.58847,-2.04293,-1.97129,-2.15016,0.93381,3.08948,0.08255
11.57,approach,-0.62769,-2.11916,-2.04832,-2.11571,0.94310,3.15098,-0.58879,-2.04270,-1.97172,-2.14996,0.93350,3.08956,0.08255
11.58,approach,-0.62805,-2.11894,-2.04876,-2.11548,0.94275,3.15098,-0.58911,-2.04247,-1.97213,-2.14975,0.93313,3.08951,0.08255
11.59,approach,-0.62840,-2.11873,-2.04920,-2.11525,0.94240,3.15098,-0.58943,-2.04224,-1.97255,-2.14955,0.93280,3.08945,0.08255
11.60,approach,-0.62875,-2.11852,-2.04964,-2.11502,0.94204,3.15098,-0.58976,-2.04200,-1.97295,-2.14934,0.93241,3.08930,0.08256
11.61,approach,-0.62911,-2.11831,-2.05008,-2.11479,0.94169,3.15098,-0.59008,-2.04177,-1.97337,-2.14915,0.93209,3.08924,0.08256
11.62,approach,-0.62946,-2.11809,-2.05053,-2.11456,0.94133,3.15098,-0.59040,-2.04153,-1.97378,-2.14894,0.93173,3.08921,0.08256
11.63,approach,-0.62981,-2.11788,-2.05097,-2.11434,0.94098,3.15098,-0.59072,-2.04130,-1.97420,-2.14874,0.93139,3.08916,0.08256
11.64,approach,-0.63017,-2.11767,-2.05141,-2.11411,0.94063,3.15098,-0.59103,-2.04107,-1.97463,-2.14853,0.93107,3.08924,0.08256
11.65,approach,-0.63052,-2.11746,-2.05185,-2.11388,0.94027,3.15098,-0.59136,-2.04084,-1.97504,-2.14832,0.93069,3.08919,0.08256
11.66,approach,-0.63088,-2.11724,-2.05229,-2.11365,0.93992,3.15098,-0.59168,-2.04061,-1.97545,-2.14812,0.93035,3.08913,0.08256
11.67,approach,-0.63123,-2.11703,-2.05274,-2.11342,0.93957,3.15098,-0.59201,-2.04037,-1.97585,-2.14791,0.92996,3.08897,0.08256
11.68,approach,-0.63158,-2.11682,-2.05318,-2.11319,0.93921,3.15098,-0.59233,-2.04014,-1.97627,-2.14771,0.92963,3.08891,0.08256
11.69,approach,-0.63194,-2.11661,-2.05362,-2.11296,0.93886,3.15098,-0.59265,-2.03990,-1.97668,-2.14751,0.92927,3.08888,0.08256
11.70,approach,-0.63229,-2.11639,-2.05406,-2.11273,0.93851,3.15098,-0.59297,-2.03967,-1.97709,-2.14730,0.92892,3.08882,0.08256
11.71,approach,-0.63264,-2.11618,-2.05451,-2.11250,0.93815,3.15098,-0.59329,-2.03944,-1.97752,-2.14709,0.92859,3.08890,0.08256
11.72,approach,-0.63300,-2.11597,-2.05495,-2.11227,0.93780,3.15098,-0.59361,-2.03921,-1.97793,-2.14688,0.92821,3.08885,0.08256
11.73,approach,-0.63335,-2.11576,-2.05539,-2.11204,0.93744,3.15098,-0.59394,-2.03898,-1.97834,-2.14668,0.92787,3.08878,0.08256
11.74,approach,-0.63370,-2.11554,-2.05583,-2.11181,0.93709,3.15098,-0.59427,-2.03874,-1.97874,-2.14648,0.92747,3.08862,0.08256
11.75,approach,-0.63406,-2.11533,-2.05627,-2.11158,0.93674,3.15098,-0.59459,-2.03851,-1.97916,-2.14627,0.92715,3.08856,0.08257
11.76,approach,-0.63441,-2.11512,-2.05672,-2.11135,0.93638,3.15098,-0.59491,-2.03827,-1.97957,-2.14607,0.92677,3.08853,0.08257
11.77,approach,-0.63477,-2.11491,-2.05716,-2.11112,0.93603,3.15098,-0.59524,-2.03804,-1.97998,-2.14586,0.92642,3.08847,0.08257
11.78,approach,-0.63512,-2.11469,-2.05760,-2.11089,0.93568,3.15098,-0.59555,-2.03781,-1.98041,-2.14565,0.92610,3.08855,0.08256
11.79,approach,-0.63547,-2.11448,-2.05804,-2.11066,0.93532,3.15098,-0.59588,-2.03758,-1.98082,-2.14544,0.92571,3.08850,0.08256
11.80,approach,-0.63583,-2.11427,-2.05848,-2.11043,0.93497,3.15098,-0.59620,-2.03735,-1.98123,-2.14524,0.92537,3.08843,0.08256
11.81,approach,-0.63618,-2.11406,-2.05893,-2.11020,0.93462,3.15098,-0.59653,-2.03711,-1.98162,-2.14503,0.92497,3.08827,0.08257
11.82,approach,-0.63653,-2.11384,-2.05937,-2.10997,0.93426,3.15098,-0.59686,-2.03688,-1.98204,-2.14483,0.92464,3.08821,0.08257
11.83,approach,-0.63689,-2.11363,-2.05981,-2.10975,0.93391,3.15098,-0.59718,-2.03665,-1.98245,-2.14462,0.92426,3.08818,0.08257
11.84,approach,-0.63724,-2.11342,-2.06025,-2.10952,0.93355,3.15098,-0.59750,-2.03641,-1.98286,-2.14442,0.92391,3.08812,0.08257
11.85,approach,-0.63759,-2.11321,-2.06069,-2.10929,0.93320,3.15098,-0.59782,-2.03618,-1.98329,-2.14421,0.92358,3.08820,0.08257
11.86,approach,-0.63795,-2.11299,-2.06114,-2.10906,0.93285,3.15098,-0.59815,-2.03595,-1.98370,-2.14400,0.92320,3.08814,0.08257
11.87,approach,-0.63830,-2.11278,-2.06158,-2.10883,0.93249,3.15098,-0.59847,-2.03572,-1.98411,-2.14379,0.92285,3.08808,0.08257
11.88,approach,-0.63866,-2.11257,-2.06202,-2.10860,0.93214,3.15098,-0.59880,-2.03549,-1.98450,-2.14359,0.92245,3.08792,0.08257
11.89,approach,-0.63901,-2.11236,-2.06246,-2.10837,0.93179,3.15098,-0.59913,-2.03525,-1.98492,-2.14339,0.92212,3.08785,0.08257
11.90,approach,-0.63936,-2.11214,-2.06290,-2.10814,0.93143,3.15098,-0.59945,-2.03502,-1.98533,-2.14318,0.92174,3.08782,0.08257
11.91,approach,-0.63972,-2.11193,-2.06335,-2.10791,0.93108,3.15098,-0.59977,-2.03479,-1.98574,-2.14297,0.92139,3.08776,0.08257
11.92,approach,-0.64007,-2.11172,-2.06379,-2.10768,0.93073,3.15098,-0.60009,-2.03456,-1.98617,-2.14276,0.92106,3.08784,0.08257
11.93,approach,-0.64042,-2.11150,-2.06423,-2.10745,0.93037,3.15098,-0.60042,-2.03433,-1.98657,-2.14255,0.92067,3.08778,0.08257
11.94,approach,-0.64078,-2.11129,-2.06467,-2.10722,0.93002,3.15098,-0.60074,-2.03409,-1.98699,-2.14235,0.92032,3.08772,0.08257
11.95,approach,-0.64113,-2.11108,-2.06511,-2.10699,0.92966,3.15098,-0.60108,-2.03386,-1.98738,-2.14214,0.91992,3.08755,0.08257
11.96,approach,-0.64148,-2.11087,-2.06556,-2.10676,0.92931,3.15098,-0.60140,-2.03362,-1.98780,-2.14194,0.91959,3.08749,0.08257
11.97,approach,-0.64184,-2.11065,-2.06600,-2.10653,0.92896,3.15098,-0.60172,-2.03339,-1.98821,-2.14173,0.91921,3.08746,0.08257
11.98,approach,-0.64219,-2.11044,-2.06644,-2.10630,0.92860,3.15098,-0.60205,-2.03316,-1.98862,-2.14153,0.91885,3.08740,0.08257
11.99,approach,-0.64254,-2.11023,-2.06688,-2.10607,0.92825,3.15098,-0.60236,-2.03293,-1.98905,-2.14132,0.91852,3.08748,0.08257
12.00,approach,-0.64290,-2.11002,-2.06732,-2.10584,0.92790,3.15098,-0.60269,-2.03270,-1.98945,-2.14111,0.91813,3.08743,0.08257
12.01,approach,-0.64325,-2.10980,-2.06777,-2.10561,0.92754,3.15098,-0.60302,-2.03246,-1.98986,-2.14090,0.91779,3.08736,0.08257
12.02,approach,-0.64361,-2.10959,-2.06821,-2.10539,0.92719,3.15098,-0.60335,-2.03223,-1.99025,-2.14070,0.91738,3.08719,0.08258
12.03,approach,-0.64396,-2.10938,-2.06865,-2.10516,0.92684,3.15098,-0.60367,-2.03200,-1.99067,-2.14050,0.91705,3.08713,0.08258
12.04,approach,-0.64431,-2.10917,-2.06909,-2.10493,0.92648,3.15098,-0.60400,-2.03176,-1.99108,-2.14029,0.91667,3.08710,0.08258
12.05,approach,-0.64467,-2.10895,-2.06954,-2.10470,0.92613,3.15098,-0.60432,-2.03153,-1.99149,-2.14008,0.91632,3.08703,0.08258
12.06,approach,-0.64502,-2.10874,-2.06998,-2.10447,0.92578,3.15098,-0.60464,-2.03130,-1.99192,-2.13987,0.91598,3.08711,0.08257
12.07,approach,-0.64537,-2.10853,-2.07042,-2.10424,0.92542,3.15098,-0.60497,-2.03107,-1.99232,-2.13966,0.91559,3.08706,0.08257
12.08,approach,-0.64573,-2.10832,-2.07086,-2.10401,0.92507,3.15098,-0.60529,-2.03084,-1.99273,-2.13946,0.91524,3.08699,0.08257
12.09,approach,-0.64608,-2.10810,-2.07130,-2.10378,0.92471,3.15098,-0.60562,-2.03060,-1.99313,-2.13925,0.91484,3.08683,0.08258
12.10,approach,-0.64643,-2.10789,-2.07175,-2.10355,0.92436,3.15098,-0.60595,-2.03037,-1.99355,-2.13905,0.91451,3.08677,0.08258
12.11,approach,-0.64679,-2.10768,-2.07219,-2.10332,0.92401,3.15098,-0.60627,-2.03014,-1.99395,-2.13884,0.91413,3.08673,0.08258
12.12,approach,-0.64714,-2.10747,-2.07263,-2.10309,0.92365,3.15098,-0.60660,-2.02990,-1.99436,-2.13863,0.91377,3.08667,0.08258
12.13,approach,-0.64750,-2.10725,-2.07307,-2.10286,0.92330,3.15098,-0.60691,-2.02967,-1.99479,-2.13842,0.91344,3.08675,0.08258
12.14,approach,-0.64785,-2.10704,-2.07351,-2.10263,0.92295,3.15098,-0.60724,-2.02944,-1.99519,-2.13821,0.91305,3.08670,0.08258
12.15,approach,-0.64820,-2.10683,-2.07396,-2.10240,0.92259,3.15098,-0.60757,-2.02921,-1.99561,-2.13801,0.91270,3.08663,0.08258
12.16,approach,-0.64856,-2.10662,-2.07440,-2.10217,0.92224,3.15098,-0.60790,-2.02898,-1.99600,-2.13780,0.91229,3.08646,0.08258
12.17,approach,-0.64891,-2.10640,-2.07484,-2.10194,0.92189,3.15098,-0.60822,-2.02874,-1.99642,-2.13760,0.91196,3.08640,0.08258
12.18,approach,-0.64926,-2.10619,-2.07528,-2.10171,0.92153,3.15098,-0.60854,-2.02851,-1.99682,-2.13739,0.91158,3.08636,0.08258
12.19,approach,-0.64962,-2.10598,-2.07572,-2.10148,0.92118,3.15098,-0.60887,-2.02827,-1.99723,-2.13719,0.91123,3.08630,0.08258
12.20,approach,-0.64997,-2.10577,-2.07617,-2.10125,0.92082,3.15098,-0.60919,-2.02804,-1.99766,-2.13698,0.91089,3.08638,0.08258
12.21,approach,-0.65032,-2.10555,-2.07661,-2.10102,0.92047,3.15098,-0.60952,-2.02781,-1.99806,-2.13677,0.91050,3.08633,0.08258
12.22,approach,-0.65068,-2.10534,-2.07705,-2.10080,0.92012,3.15098,-0.60984,-2.02758,-1.99848,-2.13656,0.91015,3.08626,0.08258
12.23,approach,-0.65103,-2.10513,-2.07749,-2.10057,0.91976,3.15098,-0.61017,-2.02735,-1.99887,-2.13636,0.90974,3.08609,0.08258
12.24,approach,-0.65139,-2.10492,-2.07793,-2.10034,0.91941,3.15098,-0.61050,-2.02711,-1.99929,-2.13616,0.90941,3.08603,0.08258
12.25,approach,-0.65174,-2.10470,-2.07838,-2.10011,0.91906,3.15098,-0.61082,-2.02688,-1.99969,-2.13595,0.90903,3.08600,0.08258
12.26,approach,-0.65209,-2.10449,-2.07882,-2.09988,0.91870,3.15098,-0.61114,-2.02665,-2.00012,-2.13574,0.90872,3.08606,0.08258
12.27,approach,-0.65245,-2.10428,-2.07926,-2.09965,0.91835,3.15098,-0.61147,-2.02642,-2.00052,-2.13553,0.90831,3.08602,0.08258
12.28,approach,-0.65280,-2.10406,-2.07970,-2.09942,0.91800,3.15098,-0.61179,-2.02618,-2.00094,-2.13532,0.90797,3.08594,0.08258
12.29,approach,-0.65315,-2.10385,-2.08014,-2.09919,0.91764,3.15098,-0.61212,-2.02595,-2.00134,-2.13511,0.90759,3.08590,0.08258
12.30,approach,-0.65351,-2.10364,-2.08059,-2.09896,0.91729,3.15098,-0.61245,-2.02572,-2.00174,-2.13491,0.90719,3.08571,0.08259
12.31,approach,-0.65386,-2.10343,-2.08103,-2.09873,0.91693,3.15098,-0.61277,-2.02548,-2.00215,-2.13471,0.90686,3.08566,0.08259
12.32,approach,-0.65421,-2.10321,-2.08147,-2.09850,0.91658,3.15098,-0.61310,-2.02525,-2.00256,-2.13450,0.90648,3.08562,0.08259
12.33,approach,-0.65457,-2.10300,-2.08191,-2.09827,0.91623,3.15098,-0.61341,-2.02502,-2.00299,-2.13429,0.90616,3.08569,0.08258
12.34,approach,-0.65492,-2.10279,-2.08236,-2.09804,0.91587,3.15098,-0.61374,-2.02479,-2.00339,-2.13408,0.90576,3.08565,0.08258
12.35,approach,-0.65528,-2.10258,-2.08280,-2.09781,0.91552,3.15098,-0.61407,-2.02456,-2.00380,-2.13388,0.90541,3.08557,0.08258
12.36,approach,-0.65563,-2.10236,-2.08324,-2.09758,0.91517,3.15098,-0.61439,-2.02432,-2.00421,-2.13367,0.90504,3.08554,0.08258
12.37,approach,-0.65598,-2.10215,-2.08368,-2.09735,0.91481,3.15098,-0.61473,-2.02409,-2.00460,-2.13346,0.90464,3.08534,0.08259
12.38,approach,-0.65634,-2.10194,-2.08412,-2.09712,0.91446,3.15098,-0.61505,-2.02385,-2.00502,-2.13326,0.90430,3.08529,0.08259
12.39,approach,-0.65669,-2.10173,-2.08457,-2.09689,0.91411,3.15098,-0.61537,-2.02362,-2.00543,-2.13305,0.90392,3.08525,0.08259
12.40,approach,-0.65704,-2.10151,-2.08501,-2.09666,0.91375,3.15098,-0.61569,-2.02339,-2.00586,-2.13285,0.90361,3.08532,0.08259
12.41,approach,-0.65740,-2.10130,-2.08545,-2.09644,0.91340,3.15098,-0.61602,-2.02316,-2.00626,-2.13263,0.90320,3.08528,0.08259
12.42,approach,-0.65775,-2.10109,-2.08589,-2.09621,0.91304,3.15098,-0.61634,-2.02293,-2.00667,-2.13243,0.90286,3.08520,0.08259
12.43,approach,-0.65810,-2.10088,-2.08633,-2.09598,0.91269,3.15098,-0.61667,-2.02269,-2.00708,-2.13222,0.90248,3.08516,0.08259
12.44,approach,-0.65846,-2.10066,-2.08678,-2.09575,0.91234,3.15098,-0.61700,-2.02246,-2.00747,-2.13202,0.90208,3.08497,0.08259
12.45,approach,-0.65881,-2.10045,-2.08722,-2.09552,0.91198,3.15098,-0.61732,-2.02222,-2.00789,-2.13182,0.90175,3.08492,0.08259
12.46,approach,-0.65917,-2.10024,-2.08766,-2.09529,0.91163,3.15098,-0.61765,-2.02199,-2.00829,-2.13161,0.90137,3.08488,0.08259
12.47,approach,-0.65952,-2.10003,-2.08810,-2.09506,0.91128,3.15098,-0.61796,-2.02176,-2.00872,-2.13140,0.90105,3.08495,0.08259
12.48,approach,-0.65987,-2.09981,-2.08854,-2.09483,0.91092,3.15098,-0.61829,-2.02153,-2.00912,-2.13119,0.90065,3.08491,0.08259
12.49,approach,-0.66023,-2.09960,-2.08899,-2.09460,0.91057,3.15098,-0.61862,-2.02130,-2.00953,-2.13099,0.90031,3.08483,0.08259
12.50,approach,-0.66058,-2.09939,-2.08943,-2.09437,0.91022,3.15098,-0.61894,-2.02106,-2.00994,-2.13078,0.89993,3.08479,0.08259
12.51,approach,-0.66093,-2.09918,-2.08987,-2.09414,0.90986,3.15098,-0.61928,-2.02083,-2.01033,-2.13057,0.89953,3.08459,0.08259
12.52,approach,-0.66129,-2.09896,-2.09031,-2.09391,0.90951,3.15098,-0.61960,-2.02059,-2.01075,-2.13037,0.89919,3.08454,0.08259
12.53,approach,-0.66164,-2.09875,-2.09075,-2.09368,0.90915,3.15098,-0.61992,-2.02036,-2.01116,-2.13016,0.89881,3.08450,0.08260
12.54,approach,-0.66199,-2.09854,-2.09120,-2.09345,0.90880,3.15098,-0.62024,-2.02013,-2.01159,-2.12996,0.89850,3.08458,0.08259
12.55,approach,-0.66235,-2.09833,-2.09164,-2.09322,0.90845,3.15098,-0.62057,-2.01990,-2.01199,-2.12974,0.89809,3.08453,0.08259
12.56,approach,-0.66270,-2.09811,-2.09208,-2.09299,0.90809,3.15098,-0.62089,-2.01967,-2.01240,-2.12954,0.89775,3.08446,0.08259
12.57,approach,-0.66306,-2.09790,-2.09252,-2.09276,0.90774,3.15098,-0.62122,-2.01943,-2.01281,-2.12933,0.89737,3.08442,0.08259
12.58,approach,-0.66341,-2.09769,-2.09296,-2.09253,0.90739,3.15098,-0.62155,-2.01920,-2.01320,-2.12913,0.89697,3.08422,0.08260
12.59,approach,-0.66376,-2.09748,-2.09341,-2.09230,0.90703,3.15098,-0.62187,-2.01896,-2.01362,-2.12893,0.89664,3.08417,0.08260
12.60,approach,-0.66412,-2.09726,-2.09385,-2.09207,0.90668,3.15098,-0.62219,-2.01873,-2.01402,-2.12872,0.89625,3.08413,0.08260
12.61,approach,-0.66447,-2.09705,-2.09429,-2.09185,0.90633,3.15098,-0.62251,-2.01850,-2.01445,-2.12852,0.89594,3.08421,0.08259
12.62,approach,-0.66482,-2.09684,-2.09473,-2.09162,0.90597,3.15098,-0.62284,-2.01827,-2.01485,-2.12830,0.89553,3.08417,0.08259
12.63,approach,-0.66518,-2.09662,-2.09517,-2.09139,0.90562,3.15098,-0.62316,-2.01804,-2.01526,-2.12810,0.89519,3.08409,0.08259
12.64,approach,-0.66553,-2.09641,-2.09562,-2.09116,0.90527,3.15098,-0.62349,-2.01781,-2.01567,-2.12789,0.89481,3.08405,0.08259
12.65,approach,-0.66588,-2.09620,-2.09606,-2.09093,0.90491,3.15098,-0.62382,-2.01757,-2.01606,-2.12769,0.89441,3.08385,0.08260
12.66,approach,-0.66624,-2.09599,-2.09650,-2.09070,0.90456,3.15098,-0.62414,-2.01733,-2.01648,-2.12749,0.89408,3.08380,0.08260
12.67,approach,-0.66659,-2.09577,-2.09694,-2.09047,0.90420,3.15098,-0.62447,-2.01710,-2.01688,-2.12728,0.89369,3.08376,0.08260
12.68,approach,-0.66694,-2.09556,-2.09739,-2.09024,0.90385,3.15098,-0.62478,-2.01687,-2.01731,-2.12707,0.89338,3.08383,0.08260
12.69,approach,-0.66730,-2.09535,-2.09783,-2.09001,0.90350,3.15098,-0.62511,-2.01664,-2.01771,-2.12686,0.89297,3.08379,0.08260
12.70,approach,-0.66765,-2.09514,-2.09827,-2.08978,0.90314,3.15098,-0.62544,-2.01641,-2.01813,-2.12666,0.89264,3.08371,0.08260
12.71,approach,-0.66801,-2.09492,-2.09871,-2.08955,0.90279,3.15098,-0.62576,-2.01618,-2.01853,-2.12645,0.89225,3.08368,0.08260
12.72,approach,-0.66836,-2.09471,-2.09915,-2.08932,0.90244,3.15098,-0.62610,-2.01594,-2.01892,-2.12625,0.89186,3.08347,0.08260
12.73,approach,-0.66871,-2.09450,-2.09960,-2.08909,0.90208,3.15098,-0.62642,-2.01570,-2.01934,-2.12605,0.89152,3.08342,0.08260
12.74,approach,-0.66907,-2.09429,-2.10004,-2.08886,0.90173,3.15098,-0.62674,-2.01547,-2.01975,-2.12584,0.89114,3.08338,0.08260
12.75,approach,-0.66942,-2.09407,-2.10048,-2.08863,0.90138,3.15098,-0.62706,-2.01524,-2.02017,-2.12563,0.89082,3.08346,0.08260
12.76,approach,-0.66977,-2.09386,-2.10092,-2.08840,0.90102,3.15098,-0.62739,-2.01501,-2.02057,-2.12542,0.89042,3.08342,0.08260
12.77,approach,-0.67013,-2.09365,-2.10136,-2.08817,0.90067,3.15098,-0.62771,-2.01478,-2.02099,-2.12522,0.89008,3.08334,0.08260
12.78,approach,-0.67048,-2.09344,-2.10181,-2.08794,0.90031,3.15098,-0.62804,-2.01455,-2.02139,-2.12501,0.88969,3.08330,0.08260
12.79,approach,-0.67083,-2.09322,-2.10225,-2.08771,0.89996,3.15098,-0.62837,-2.01431,-2.02178,-2.12481,0.88930,3.08310,0.08261
12.80,approach,-0.67119,-2.09301,-2.10269,-2.08749,0.89961,3.15098,-0.62869,-2.01407,-2.02220,-2.12461,0.88896,3.08305,0.08261
12.81,approach,-0.67154,-2.09280,-2.10313,-2.08726,0.89925,3.15098,-0.62901,-2.01384,-2.02261,-2.12440,0.88857,3.08301,0.08261
12.82,approach,-0.67190,-2.09259,-2.10357,-2.08703,0.89890,3.15098,-0.62933,-2.01361,-2.02304,-2.12419,0.88826,3.08309,0.08260
12.83,approach,-0.67225,-2.09237,-2.10402,-2.08680,0.89855,3.15098,-0.62966,-2.01338,-2.02344,-2.12398,0.88786,3.08304,0.08260
12.84,approach,-0.67260,-2.09216,-2.10446,-2.08657,0.89819,3.15098,-0.62998,-2.01315,-2.02385,-2.12378,0.88752,3.08297,0.08260
12.85,approach,-0.67296,-2.09195,-2.10490,-2.08634,0.89784,3.15098,-0.63031,-2.01291,-2.02425,-2.12357,0.88713,3.08293,0.08260
12.86,approach,-0.67331,-2.09174,-2.10534,-2.08611,0.89749,3.15098,-0.63064,-2.01268,-2.02465,-2.12337,0.88674,3.08272,0.08261
12.87,approach,-0.67366,-2.09152,-2.10578,-2.08588,0.89713,3.15098,-0.63096,-2.01244,-2.02506,-2.12317,0.88640,3.08268,0.08261
12.88,approach,-0.67402,-2.09131,-2.10623,-2.08565,0.89678,3.15098,-0.63129,-2.01221,-2.02547,-2.12296,0.88601,3.08264,0.08261
12.89,approach,-0.67437,-2.09110,-2.10667,-2.08542,0.89642,3.15098,-0.63160,-2.01198,-2.02590,-2.12276,0.88570,3.08272,0.08261
12.90,approach,-0.67472,-2.09089,-2.10711,-2.08519,0.89607,3.15098,-0.63193,-2.01175,-2.02630,-2.12254,0.88529,3.08267,0.08261
12.91,approach,-0.67508,-2.09067,-2.10755,-2.08496,0.89572,3.15098,-0.63225,-2.01152,-2.02671,-2.12234,0.88496,3.08259,0.08261
12.92,approach,-0.67543,-2.09046,-2.10799,-2.08473,0.89536,3.15098,-0.63258,-2.01128,-2.02711,-2.12213,0.88457,3.08256,0.08261
12.93,approach,-0.67579,-2.09025,-2.10844,-2.08450,0.89501,3.15098,-0.63291,-2.01105,-2.02750,-2.12193,0.88417,3.08235,0.08261
12.94,approach,-0.67614,-2.09003,-2.10888,-2.08427,0.89466,3.15098,-0.63323,-2.01081,-2.02792,-2.12173,0.88384,3.08229,0.08261
12.95,approach,-0.67649,-2.08982,-2.10932,-2.08404,0.89430,3.15098,-0.63356,-2.01058,-2.02833,-2.12152,0.88345,3.08226,0.08261
12.96,approach,-0.67685,-2.08961,-2.10976,-2.08381,0.89395,3.15098,-0.63387,-2.01035,-2.02876,-2.12132,0.88314,3.08234,0.08261
12.97,approach,-0.67720,-2.08940,-2.11020,-2.08358,0.89360,3.15098,-0.63420,-2.01012,-2.02916,-2.12111,0.88273,3.08230,0.08261
12.98,approach,-0.67755,-2.08918,-2.11065,-2.08335,0.89324,3.15098,-0.63453,-2.00988,-2.02957,-2.12091,0.88240,3.08222,0.08261
12.99,approach,-0.67791,-2.08897,-2.11109,-2.08312,0.89289,3.15098,-0.63485,-2.00965,-2.02997,-2.12070,0.88201,3.08219,0.08261
13.00,approach,-0.67826,-2.08876,-2.11153,-2.08290,0.89253,3.15098,-0.63518,-2.00942,-2.03036,-2.12050,0.88161,3.08197,0.08262
13.01,approach,-0.67861,-2.08855,-2.11197,-2.08267,0.89218,3.15098,-0.63550,-2.00918,-2.03078,-2.12030,0.88127,3.08192,0.08262
13.02,approach,-0.67897,-2.08833,-2.11242,-2.08244,0.89183,3.15098,-0.63583,-2.00895,-2.03119,-2.12009,0.88089,3.08188,0.08262
13.03,approach,-0.67932,-2.08812,-2.11286,-2.08221,0.89147,3.15098,-0.63614,-2.00872,-2.03162,-2.11988,0.88058,3.08197,0.08261
13.04,approach,-0.67968,-2.08791,-2.11330,-2.08198,0.89112,3.15098,-0.63647,-2.00849,-2.03202,-2.11967,0.88017,3.08192,0.08261
13.05,approach,-0.68003,-2.08770,-2.11374,-2.08175,0.89077,3.15098,-0.63680,-2.00825,-2.03243,-2.11947,0.87983,3.08185,0.08262
13.06,approach,-0.68038,-2.08748,-2.11418,-2.08152,0.89041,3.15098,-0.63712,-2.00802,-2.03283,-2.11926,0.87945,3.08181,0.08262
13.07,approach,-0.68074,-2.08727,-2.11463,-2.08129,0.89006,3.15098,-0.63745,-2.00778,-2.03322,-2.11906,0.87905,3.08159,0.08262
13.08,approach,-0.68109,-2.08706,-2.11507,-2.08106,0.88971,3.15098,-0.63777,-2.00755,-2.03364,-2.11886,0.87871,3.08155,0.08262
13.09,approach,-0.68144,-2.08685,-2.11551,-2.08083,0.88935,3.15098,-0.63810,-2.00732,-2.03405,-2.11865,0.87833,3.08151,0.08262
13.10,approach,-0.68180,-2.08663,-2.11595,-2.08060,0.88900,3.15098,-0.63841,-2.00708,-2.03448,-2.11845,0.87802,3.08159,0.08262
13.11,approach,-0.68215,-2.08642,-2.11639,-2.08037,0.88864,3.15098,-0.63874,-2.00685,-2.03487,-2.11823,0.87761,3.08155,0.08262
13.12,approach,-0.68250,-2.08621,-2.11684,-2.08014,0.88829,3.15098,-0.63907,-2.00662,-2.03529,-2.11803,0.87727,3.08147,0.08262
13.13,approach,-0.68286,-2.08600,-2.11728,-2.07991,0.88794,3.15098,-0.63939,-2.00639,-2.03569,-2.11783,0.87688,3.08144,0.08262
13.14,approach,-0.68321,-2.08578,-2.11772,-2.07968,0.88758,3.15098,-0.63972,-2.00615,-2.03608,-2.11763,0.87649,3.08122,0.08262
13.15,approach,-0.68357,-2.08557,-2.11816,-2.07945,0.88723,3.15098,-0.64004,-2.00592,-2.03650,-2.11743,0.87615,3.08117,0.08263
13.16,approach,-0.68392,-2.08536,-2.11860,-2.07922,0.88688,3.15098,-0.64037,-2.00568,-2.03690,-2.11722,0.87576,3.08113,0.08263
13.17,approach,-0.68427,-2.08515,-2.11905,-2.07899,0.88652,3.15098,-0.64068,-2.00545,-2.03733,-2.11701,0.87546,3.08121,0.08262
13.18,approach,-0.68463,-2.08493,-2.11949,-2.07876,0.88617,3.15098,-0.64101,-2.00522,-2.03773,-2.11680,0.87504,3.08117,0.08262
13.19,approach,-0.68498,-2.08472,-2.11993,-2.07854,0.88582,3.15098,-0.64134,-2.00499,-2.03814,-2.11660,0.87471,3.08109,0.08262
13.20,approach,-0.68533,-2.08451,-2.12037,-2.07831,0.88546,3.15098,-0.64166,-2.00475,-2.03855,-2.11639,0.87432,3.08106,0.08262
13.21,approach,-0.68569,-2.08430,-2.12081,-2.07808,0.88511,3.15098,-0.64199,-2.00452,-2.03894,-2.11619,0.87392,3.08084,0.08263
13.22,approach,-0.68604,-2.08408,-2.12126,-2.07785,0.88475,3.15098,-0.64231,-2.00428,-2.03935,-2.11599,0.87358,3.08079,0.08263
13.23,approach,-0.68639,-2.08387,-2.12170,-2.07762,0.88440,3.15098,-0.64264,-2.00405,-2.03976,-2.11578,0.87319,3.08075,0.08263
13.24,approach,-0.68675,-2.08366,-2.12214,-2.07739,0.88405,3.15098,-0.64295,-2.00382,-2.04019,-2.11558,0.87289,3.08084,0.08263
13.25,approach,-0.68710,-2.08345,-2.12258,-2.07716,0.88369,3.15098,-0.64328,-2.00359,-2.04059,-2.11537,0.87247,3.08080,0.08263
13.26,approach,-0.68745,-2.08323,-2.12302,-2.07693,0.88334,3.15098,-0.64361,-2.00335,-2.04100,-2.11517,0.87214,3.08072,0.08263
13.27,approach,-0.68781,-2.08302,-2.12347,-2.07670,0.88299,3.15098,-0.64393,-2.00312,-2.04140,-2.11496,0.87175,3.08068,0.08263
13.28,approach,-0.68816,-2.08281,-2.12391,-2.07647,0.88263,3.15098,-0.64426,-2.00289,-2.04179,-2.11476,0.87135,3.08046,0.08263
13.29,approach,-0.68852,-2.08259,-2.12435,-2.07624,0.88228,3.15098,-0.64458,-2.00265,-2.04221,-2.11456,0.87101,3.08041,0.08263
13.30,approach,-0.68887,-2.08238,-2.12479,-2.07601,0.88193,3.15098,-0.64491,-2.00242,-2.04261,-2.11435,0.87063,3.08037,0.08263
13.31,approach,-0.68922,-2.08217,-2.12523,-2.07578,0.88157,3.15098,-0.64522,-2.00219,-2.04304,-2.11415,0.87032,3.08046,0.08263
13.32,approach,-0.68958,-2.08196,-2.12568,-2.07555,0.88122,3.15098,-0.64555,-2.00196,-2.04344,-2.11393,0.86991,3.08042,0.08263
13.33,approach,-0.68993,-2.08174,-2.12612,-2.07532,0.88087,3.15098,-0.64588,-2.00172,-2.04385,-2.11373,0.86957,3.08034,0.08263
13.34,approach,-0.69028,-2.08153,-2.12656,-2.07509,0.88051,3.15098,-0.64620,-2.00149,-2.04426,-2.11353,0.86918,3.08031,0.08263
13.35,approach,-0.69064,-2.08132,-2.12700,-2.07486,0.88016,3.15098,-0.64653,-2.00125,-2.04465,-2.11333,0.86879,3.08008,0.08264
13.36,approach,-0.69099,-2.08111,-2.12745,-2.07463,0.87980,3.15098,-0.64685,-2.00102,-2.04506,-2.11313,0.86845,3.08004,0.08264
13.37,approach,-0.69134,-2.08089,-2.12789,-2.07440,0.87945,3.15098,-0.64718,-2.00078,-2.04547,-2.11292,0.86806,3.07999,0.08264
13.38,approach,-0.69170,-2.08068,-2.12833,-2.07417,0.87910,3.15098,-0.64749,-2.00055,-2.04590,-2.11272,0.86776,3.08009,0.08264
13.39,approach,-0.69205,-2.08047,-2.12877,-2.07395,0.87874,3.15098,-0.64782,-2.00032,-2.04629,-2.11250,0.86734,3.08004,0.08264
13.40,approach,-0.69241,-2.08026,-2.12921,-2.07372,0.87839,3.15098,-0.64814,-2.00009,-2.04671,-2.11231,0.86701,3.07996,0.08264
13.41,approach,-0.69241,-2.08026,-2.12921,-2.07372,0.87839,3.15098,-0.64846,-1.99987,-2.04709,-2.11212,0.86665,3.07994,0.08264
13.42,approach,-0.69241,-2.08026,-2.12921,-2.07372,0.87839,3.15098,-0.64875,-1.99968,-2.04742,-2.11197,0.86636,3.07973,0.08264
13.43,approach,-0.69241,-2.08026,-2.12921,-2.07372,0.87839,3.15098,-0.64899,-1.99950,-2.04775,-2.11185,0.86618,3.07973,0.08265
13.44,approach,-0.69241,-2.08026,-2.12921,-2.07372,0.87839,3.15098,-0.64919,-1.99934,-2.04804,-2.11174,0.86603,3.07973,0.08265
13.45,approach,-0.69241,-2.08026,-2.12921,-2.07372,0.87839,3.15098,-0.64934,-1.99920,-2.04830,-2.11166,0.86594,3.07974,0.08266
13.46,approach,-0.69241,-2.08026,-2.12921,-2.07372,0.87839,3.15098,-0.64947,-1.99908,-2.04856,-2.11159,0.86590,3.07992,0.08266
13.47,approach,-0.69241,-2.08026,-2.12921,-2.07372,0.87839,3.15098,-0.64956,-1.99897,-2.04877,-2.11154,0.86587,3.07995,0.08266
13.48,approach,-0.69241,-2.08026,-2.12921,-2.07372,0.87839,3.15098,-0.64965,-1.99888,-2.04895,-2.11149,0.86582,3.07998,0.08266
13.49,approach,-0.69241,-2.08026,-2.12921,-2.07372,0.87839,3.15098,-0.64969,-1.99879,-2.04914,-2.11148,0.86587,3.08001,0.08267
13.50,approach,-0.69241,-2.08026,-2.12921,-2.07372,0.87839,3.15098,-0.64973,-1.99873,-2.04926,-2.11144,0.86582,3.08003,0.08267
13.51,approach,-0.69241,-2.08026,-2.12921,-2.07372,0.87839,3.15098,-0.64979,-1.99866,-2.04941,-2.11144,0.86581,3.08008,0.08268
13.52,approach,-0.69241,-2.08026,-2.12921,-2.07372,0.87839,3.15098,-0.64983,-1.99861,-2.04949,-2.11139,0.86577,3.08007,0.08267
13.53,approach,-0.69241,-2.08026,-2.12921,-2.07372,0.87839,3.15098,-0.64984,-1.99856,-2.04963,-2.11140,0.86584,3.08014,0.08268
13.54,approach,-0.69241,-2.08026,-2.12921,-2.07372,0.87839,3.15098,-0.64987,-1.99852,-2.04968,-2.11137,0.86580,3.08012,0.08268
13.55,approach,-0.69241,-2.08026,-2.12921,-2.07372,0.87839,3.15098,-0.64987,-1.99848,-2.04980,-2.11139,0.86587,3.08018,0.08269
13.56,approach,-0.69241,-2.08026,-2.12921,-2.07372,0.87839,3.15098,-0.64990,-1.99845,-2.04984,-2.11137,0.86584,3.08018,0.08269
13.57,approach,-0.69241,-2.08026,-2.12921,-2.07372,0.87839,3.15098,-0.64992,-1.99843,-2.04988,-2.11135,0.86581,3.08018,0.08269
13.58,approach,-0.69241,-2.08026,-2.12921,-2.07372,0.87839,3.15098,-0.64993,-1.99841,-2.04994,-2.11135,0.86582,3.08020,0.08269
13.59,approach,-0.69241,-2.08026,-2.12921,-2.07372,0.87839,3.15098,-0.64997,-1.99839,-2.04995,-2.11135,0.86575,3.08006,0.08270
13.60,approach,-0.69241,-2.08026,-2.12921,-2.07372,0.87839,3.15098,-0.65008,-1.99839,-2.04998,-2.11138,0.86557,3.08008,0.08270
13.61,approach,-0.69241,-2.08026,-2.12921,-2.07372,0.87839,3.15098,-0.65020,-1.99839,-2.05005,-2.11144,0.86541,3.08014,0.08272
13.62,approach,-0.69241,-2.08026,-2.12921,-2.07372,0.87839,3.15098,-0.65021,-1.99837,-2.05017,-2.11152,0.86546,3.08026,0.08273
13.63,approach,-0.69241,-2.08026,-2.12921,-2.07372,0.87839,3.15098,-0.65033,-1.99838,-2.05020,-2.11158,0.86529,3.08030,0.08274
13.64,approach,-0.69241,-2.08026,-2.12921,-2.07372,0.87839,3.15098,-0.65032,-1.99836,-2.05032,-2.11167,0.86532,3.08043,0.08275
13.65,approach,-0.69241,-2.08026,-2.12921,-2.07372,0.87839,3.15098,-0.65045,-1.99839,-2.05034,-2.11174,0.86518,3.08046,0.08276
13.66,approach,-0.69241,-2.08026,-2.12921,-2.07372,0.87839,3.15098,-0.65042,-1.99836,-2.05046,-2.11183,0.86521,3.08063,0.08277
13.67,approach,-0.69241,-2.08026,-2.12921,-2.07372,0.87839,3.15098,-0.65053,-1.99840,-2.05049,-2.11191,0.86515,3.08076,0.08278
13.68,approach,-0.69241,-2.08026,-2.12921,-2.07372,0.87839,3.15098,-0.65049,-1.99838,-2.05058,-2.11198,0.86515,3.08096,0.08279
13.69,approach,-0.69241,-2.08026,-2.12921,-2.07372,0.87839,3.15098,-0.65061,-1.99841,-2.05055,-2.11202,0.86498,3.08091,0.08280
13.70,approach,-0.69241,-2.08026,-2.12921,-2.07372,0.87839,3.15098,-0.65058,-1.99839,-2.05066,-2.11209,0.86502,3.08106,0.08280
13.71,approach,-0.69241,-2.08026,-2.12921,-2.07372,0.87839,3.15098,-0.65071,-1.99842,-2.05067,-2.11218,0.86493,3.08107,0.08282
13.72,approach,-0.69241,-2.08026,-2.12921,-2.07372,0.87839,3.15098,-0.65068,-1.99841,-2.05075,-2.11223,0.86491,3.08124,0.08282
13.73,approach,-0.69241,-2.08026,-2.12921,-2.07372,0.87839,3.15098,-0.65078,-1.99843,-2.05073,-2.11226,0.86474,3.08120,0.08283
13.74,approach,-0.69241,-2.08026,-2.12921,-2.07372,0.87839,3.15098,-0.65077,-1.99841,-2.05084,-2.11236,0.86475,3.08132,0.08285
13.75,approach,-0.69241,-2.08026,-2.12921,-2.07372,0.87839,3.15098,-0.65090,-1.99845,-2.05085,-2.11242,0.86465,3.08135,0.08285
13.76,approach,-0.69241,-2.08026,-2.12921,-2.07372,0.87839,3.15098,-0.65086,-1.99843,-2.05095,-2.11250,0.86467,3.08153,0.08286
13.77,approach,-0.69241,-2.08026,-2.12921,-2.07372,0.87839,3.15098,-0.65098,-1.99846,-2.05091,-2.11253,0.86453,3.08147,0.08287
13.78,approach,-0.69241,-2.08026,-2.12921,-2.07372,0.87839,3.15098,-0.65096,-1.99845,-2.05099,-2.11257,0.86454,3.08162,0.08287
13.79,approach,-0.69241,-2.08026,-2.12921,-2.07372,0.87839,3.15098,-0.65107,-1.99848,-2.05096,-2.11261,0.86439,3.08158,0.08288
13.80,approach,-0.69241,-2.08026,-2.12921,-2.07372,0.87839,3.15098,-0.65105,-1.99846,-2.05106,-2.11267,0.86443,3.08171,0.08289
13.81,approach,-0.69241,-2.08026,-2.12921,-2.07372,0.87839,3.15098,-0.65118,-1.99848,-2.05108,-2.11276,0.86435,3.08173,0.08290
13.82,approach,-0.69241,-2.08026,-2.12921,-2.07372,0.87839,3.15098,-0.65115,-1.99848,-2.05115,-2.11281,0.86432,3.08188,0.08290
13.83,approach,-0.69241,-2.08026,-2.12921,-2.07372,0.87839,3.15098,-0.65125,-1.99850,-2.05112,-2.11283,0.86416,3.08185,0.08291
13.84,approach,-0.69241,-2.08026,-2.12921,-2.07372,0.87839,3.15098,-0.65124,-1.99848,-2.05124,-2.11292,0.86417,3.08197,0.08292
13.85,approach,-0.69241,-2.08026,-2.12921,-2.07372,0.87839,3.15098,-0.65139,-1.99851,-2.05123,-2.11300,0.86403,3.08186,0.08294
13.86,approach,-0.69241,-2.08026,-2.12921,-2.07372,0.87839,3.15098,-0.65135,-1.99849,-2.05133,-2.11308,0.86403,3.08202,0.08295
13.87,approach,-0.69241,-2.08026,-2.12921,-2.07372,0.87839,3.15098,-0.65148,-1.99852,-2.05128,-2.11310,0.86392,3.08197,0.08295
13.88,approach,-0.69241,-2.08026,-2.12921,-2.07372,0.87839,3.15098,-0.65145,-1.99851,-2.05135,-2.11314,0.86390,3.08210,0.08296
13.89,approach,-0.69241,-2.08026,-2.12921,-2.07372,0.87839,3.15098,-0.65156,-1.99854,-2.05132,-2.11317,0.86374,3.08208,0.08296
13.90,approach,-0.69241,-2.08026,-2.12921,-2.07372,0.87839,3.15098,-0.65154,-1.99852,-2.05143,-2.11325,0.86375,3.08219,0.08297
13.91,approach,-0.69241,-2.08026,-2.12921,-2.07372,0.87839,3.15098,-0.65167,-1.99855,-2.05144,-2.11333,0.86368,3.08221,0.08298
13.92,approach,-0.69241,-2.08026,-2.12921,-2.07372,0.87839,3.15098,-0.65164,-1.99853,-2.05153,-2.11339,0.86367,3.08237,0.08299
13.93,approach,-0.69241,-2.08026,-2.12921,-2.07372,0.87839,3.15098,-0.65176,-1.99856,-2.05150,-2.11342,0.86356,3.08234,0.08300
13.94,approach,-0.69241,-2.08026,-2.12921,-2.07372,0.87839,3.15098,-0.65173,-1.99855,-2.05158,-2.11347,0.86355,3.08247,0.08300
13.95,approach,-0.69241,-2.08026,-2.12921,-2.07372,0.87839,3.15098,-0.65184,-1.99857,-2.05156,-2.11350,0.86347,3.08255,0.08301
13.96,approach,-0.69241,-2.08026,-2.12921,-2.07372,0.87839,3.15098,-0.65181,-1.99856,-2.05164,-2.11355,0.86347,3.08268,0.08301
13.97,approach,-0.69241,-2.08026,-2.12921,-2.07372,0.87839,3.15098,-0.65194,-1.99859,-2.05161,-2.11358,0.86336,3.08265,0.08302
13.98,approach,-0.69241,-2.08026,-2.12921,-2.07372,0.87839,3.15098,-0.65191,-1.99858,-2.05168,-2.11363,0.86334,3.08276,0.08302
13.99,approach,-0.69241,-2.08026,-2.12921,-2.07372,0.87839,3.15098,-0.65203,-1.99860,-2.05165,-2.11366,0.86321,3.08274,0.08303
14.00,approach,-0.69241,-2.08026,-2.12921,-2.07372,0.87839,3.15098,-0.65200,-1.99858,-2.05175,-2.11372,0.86321,3.08284,0.08304
14.01,approach,-0.69241,-2.08026,-2.12921,-2.07372,0.87839,3.15098,-0.65212,-1.99861,-2.05170,-2.11374,0.86312,3.08281,0.08304
14.02,approach,-0.69241,-2.08026,-2.12921,-2.07372,0.87839,3.15098,-0.65210,-1.99860,-2.05177,-2.11378,0.86307,3.08291,0.08305
14.03,approach,-0.69241,-2.08026,-2.12921,-2.07372,0.87839,3.15098,-0.65218,-1.99862,-2.05174,-2.11378,0.86294,3.08290,0.08305
14.04,approach,-0.69241,-2.08026,-2.12921,-2.07372,0.87839,3.15098,-0.65219,-1.99860,-2.05185,-2.11389,0.86295,3.08303,0.08307
14.05,approach,-0.69241,-2.08026,-2.12921,-2.07372,0.87839,3.15098,-0.65232,-1.99864,-2.05186,-2.11394,0.86285,3.08304,0.08307
14.06,approach,-0.69241,-2.08026,-2.12921,-2.07372,0.87839,3.15098,-0.65228,-1.99861,-2.05196,-2.11402,0.86285,3.08319,0.08308
14.07,approach,-0.69241,-2.08026,-2.12921,-2.07372,0.87839,3.15098,-0.65241,-1.99864,-2.05190,-2.11404,0.86275,3.08313,0.08308
14.08,approach,-0.69241,-2.08026,-2.12921,-2.07372,0.87839,3.15098,-0.65238,-1.99864,-2.05197,-2.11407,0.86269,3.08323,0.08309
14.09,approach,-0.69241,-2.08026,-2.12921,-2.07372,0.87839,3.15098,-0.65247,-1.99866,-2.05194,-2.11409,0.86258,3.08324,0.08309
14.10,approach,-0.69241,-2.08026,-2.12921,-2.07372,0.87839,3.15098,-0.65247,-1.99864,-2.05205,-2.11418,0.86260,3.08335,0.08311
14.11,approach,-0.69241,-2.08026,-2.12921,-2.07372,0.87839,3.15098,-0.65260,-1.99867,-2.05205,-2.11425,0.86252,3.08336,0.08311
14.12,approach,-0.69241,-2.08026,-2.12921,-2.07372,0.87839,3.15098,-0.65256,-1.99865,-2.05215,-2.11429,0.86251,3.08350,0.08312
14.13,approach,-0.69241,-2.08026,-2.12921,-2.07372,0.87839,3.15098,-0.65268,-1.99868,-2.05212,-2.11434,0.86244,3.08349,0.08312
14.14,approach,-0.69241,-2.08026,-2.12921,-2.07372,0.87839,3.15098,-0.65267,-1.99868,-2.05217,-2.11436,0.86238,3.08357,0.08313
14.15,approach,-0.69241,-2.08026,-2.12921,-2.07372,0.87839,3.15098,-0.65274,-1.99869,-2.05215,-2.11437,0.86227,3.08356,0.08313
14.16,approach,-0.69241,-2.08026,-2.12921,-2.07372,0.87839,3.15098,-0.65276,-1.99867,-2.05226,-2.11448,0.86229,3.08369,0.08315
14.17,approach,-0.69241,-2.08026,-2.12921,-2.07372,0.87839,3.15098,-0.65288,-1.99870,-2.05226,-2.11452,0.86219,3.08372,0.08315
14.18,approach,-0.69241,-2.08026,-2.12921,-2.07372,0.87839,3.15098,-0.65285,-1.99868,-2.05237,-2.11460,0.86220,3.08385,0.08316
14.19,approach,-0.69241,-2.08026,-2.12921,-2.07372,0.87839,3.15098,-0.65297,-1.99872,-2.05230,-2.11461,0.86210,3.08378,0.08316
14.20,approach,-0.69241,-2.08026,-2.12921,-2.07372,0.87839,3.15098,-0.65294,-1.99871,-2.05237,-2.11465,0.86205,3.08388,0.08317
14.21,approach,-0.69241,-2.08026,-2.12921,-2.07372,0.87839,3.15098,-0.65305,-1.99873,-2.05234,-2.11468,0.86194,3.08390,0.08317
14.22,approach,-0.69241,-2.08026,-2.12921,-2.07372,0.87839,3.15098,-0.65303,-1.99871,-2.05244,-2.11475,0.86195,3.08399,0.08318
14.23,approach,-0.69241,-2.08026,-2.12921,-2.07372,0.87839,3.15098,-0.65316,-1.99874,-2.05245,-2.11483,0.86191,3.08402,0.08319
14.24,approach,-0.69241,-2.08026,-2.12921,-2.07372,0.87839,3.15098,-0.65315,-1.99873,-2.05250,-2.11487,0.86184,3.08400,0.08320
14.25,approach,-0.69241,-2.08026,-2.12921,-2.07372,0.87839,3.15098,-0.65327,-1.99875,-2.05247,-2.11490,0.86174,3.08399,0.08321
14.26,approach,-0.69241,-2.08026,-2.12921,-2.07372,0.87839,3.15098,-0.65325,-1.99873,-2.05257,-2.11496,0.86175,3.08409,0.08322
14.27,approach,-0.69241,-2.08026,-2.12921,-2.07372,0.87839,3.15098,-0.65337,-1.99876,-2.05251,-2.11497,0.86166,3.08403,0.08322
14.28,approach,-0.69241,-2.08026,-2.12921,-2.07372,0.87839,3.15098,-0.65334,-1.99876,-2.05257,-2.11501,0.86161,3.08413,0.08322
14.29,approach,-0.69241,-2.08026,-2.12921,-2.07372,0.87839,3.15098,-0.65344,-1.99877,-2.05255,-2.11503,0.86150,3.08414,0.08323
14.30,approach,-0.69241,-2.08026,-2.12921,-2.07372,0.87839,3.15098,-0.65343,-1.99876,-2.05265,-2.11511,0.86152,3.08425,0.08324
14.31,approach,-0.69241,-2.08026,-2.12921,-2.07372,0.87839,3.15098,-0.65356,-1.99879,-2.05266,-2.11519,0.86147,3.08427,0.08325
14.32,approach,-0.69241,-2.08026,-2.12921,-2.07372,0.87839,3.15098,-0.65352,-1.99877,-2.05274,-2.11523,0.86144,3.08440,0.08326
14.33,approach,-0.69241,-2.08026,-2.12921,-2.07372,0.87839,3.15098,-0.65364,-1.99879,-2.05272,-2.11528,0.86138,3.08441,0.08326
14.34,approach,-0.69241,-2.08026,-2.12921,-2.07372,0.87839,3.15098,-0.65362,-1.99879,-2.05278,-2.11531,0.86133,3.08448,0.08327
14.35,approach,-0.69241,-2.08026,-2.12921,-2.07372,0.87839,3.15098,-0.65373,-1.99880,-2.05275,-2.11534,0.86123,3.08449,0.08327
14.36,approach,-0.69241,-2.08026,-2.12921,-2.07372,0.87839,3.15098,-0.65371,-1.99879,-2.05285,-2.11541,0.86125,3.08461,0.08328
14.37,approach,-0.69241,-2.08026,-2.12921,-2.07372,0.87839,3.15098,-0.65383,-1.99882,-2.05279,-2.11541,0.86115,3.08453,0.08328
14.38,approach,-0.69241,-2.08026,-2.12921,-2.07372,0.87839,3.15098,-0.65380,-1.99882,-2.05285,-2.11545,0.86111,3.08463,0.08328
14.39,approach,-0.69241,-2.08026,-2.12921,-2.07372,0.87839,3.15098,-0.65390,-1.99883,-2.05283,-2.11547,0.86100,3.08465,0.08329
14.40,approach,-0.69241,-2.08026,-2.12921,-2.07372,0.87839,3.15098,-0.65389,-1.99882,-2.05294,-2.11556,0.86102,3.08476,0.08330
14.41,approach,-0.69241,-2.08026,-2.12921,-2.07372,0.87839,3.15098,-0.65402,-1.99885,-2.05294,-2.11562,0.86096,3.08476,0.08331
14.42,approach,-0.69241,-2.08026,-2.12921,-2.07372,0.87839,3.15098,-0.65397,-1.99883,-2.05302,-2.11568,0.86096,3.08490,0.08332
14.43,approach,-0.69241,-2.08026,-2.12921,-2.07372,0.87839,3.15098,-0.65409,-1.99885,-2.05299,-2.11573,0.86090,3.08492,0.08333
14.44,approach,-0.69241,-2.08026,-2.12921,-2.07372,0.87839,3.15098,-0.65408,-1.99885,-2.05305,-2.11575,0.86084,3.08497,0.08333
14.45,approach,-0.69241,-2.08026,-2.12921,-2.07372,0.87839,3.15098,-0.65415,-1.99886,-2.05302,-2.11576,0.86074,3.08498,0.08333
14.46,approach,-0.69241,-2.08026,-2.12921,-2.07372,0.87839,3.15098,-0.65417,-1.99885,-2.05313,-2.11586,0.86076,3.08508,0.08334
14.47,approach,-0.69241,-2.08026,-2.12921,-2.07372,0.87839,3.15098,-0.65429,-1.99888,-2.05313,-2.11590,0.86068,3.08510,0.08335
14.48,approach,-0.69241,-2.08026,-2.12921,-2.07372,0.87839,3.15098,-0.65425,-1.99886,-2.05323,-2.11599,0.86070,3.08528,0.08336
14.49,approach,-0.69241,-2.08026,-2.12921,-2.07372,0.87839,3.15098,-0.65437,-1.99889,-2.05318,-2.11601,0.86062,3.08523,0.08336
14.50,approach,-0.69241,-2.08026,-2.12921,-2.07372,0.87839,3.15098,-0.65435,-1.99889,-2.05323,-2.11604,0.86057,3.08532,0.08337
14.51,approach,-0.69241,-2.08026,-2.12921,-2.07372,0.87839,3.15098,-0.65442,-1.99890,-2.05321,-2.11605,0.86047,3.08533,0.08337
14.52,approach,-0.69241,-2.08026,-2.12921,-2.07372,0.87839,3.15098,-0.65443,-1.99889,-2.05332,-2.11614,0.86050,3.08543,0.08338
14.53,approach,-0.69241,-2.08026,-2.12921,-2.07372,0.87839,3.15098,-0.65455,-1.99892,-2.05333,-2.11617,0.86044,3.08551,0.08338
14.54,approach,-0.69241,-2.08026,-2.12921,-2.07372,0.87839,3.15098,-0.65450,-1.99890,-2.05343,-2.11626,0.86047,3.08569,0.08339
14.55,approach,-0.69241,-2.08026,-2.12921,-2.07372,0.87839,3.15098,-0.65463,-1.99893,-2.05338,-2.11627,0.86039,3.08562,0.08339
14.56,approach,-0.69241,-2.08026,-2.12921,-2.07372,0.87839,3.15098,-0.65461,-1.99893,-2.05343,-2.11630,0.86034,3.08572,0.08340
14.57,approach,-0.69241,-2.08026,-2.12921,-2.07372,0.87839,3.15098,-0.65463,-1.99893,-2.05341,-2.11631,0.86027,3.08572,0.08340
14.58,approach,-0.69241,-2.08026,-2.12921,-2.07372,0.87839,3.15098,-0.65465,-1.99892,-2.05351,-2.11639,0.86030,3.08581,0.08341
14.59,approach,-0.69241,-2.08026,-2.12921,-2.07372,0.87839,3.15098,-0.65477,-1.99895,-2.05352,-2.11645,0.86023,3.08585,0.08342
14.60,approach,-0.69241,-2.08026,-2.12921,-2.07372,0.87839,3.15098,-0.65474,-1.99893,-2.05362,-2.11652,0.86025,3.08600,0.08343
14.61,wait_grasp,-0.69241,-2.08026,-2.12921,-2.07372,0.87839,3.15098,-0.65486,-1.99896,-2.05356,-2.11653,0.86017,3.08591,0.08343
14.62,wait_grasp,-0.69241,-2.08026,-2.12921,-2.07372,0.87839,3.15098,-0.65477,-1.99895,-2.05355,-2.11648,0.86019,3.08591,0.08342
14.63,wait_grasp,-0.69241,-2.08026,-2.12921,-2.07372,0.87839,3.15098,-0.65477,-1.99895,-2.05354,-2.11650,0.86012,3.08594,0.08343
14.64,wait_grasp,-0.69241,-2.08026,-2.12921,-2.07372,0.87839,3.15098,-0.65475,-1.99893,-2.05362,-2.11655,0.86026,3.08602,0.08343
14.65,wait_grasp,-0.69241,-2.08026,-2.12921,-2.07372,0.87839,3.15098,-0.65488,-1.99896,-2.05362,-2.11661,0.86019,3.08599,0.08344
14.66,wait_grasp,-0.69241,-2.08026,-2.12921,-2.07372,0.87839,3.15098,-0.65474,-1.99894,-2.05368,-2.11661,0.86028,3.08606,0.08344
14.67,wait_grasp,-0.69241,-2.08026,-2.12921,-2.07372,0.87839,3.15098,-0.65484,-1.99896,-2.05366,-2.11667,0.86021,3.08611,0.08345
14.68,wait_grasp,-0.69241,-2.08026,-2.12921,-2.07372,0.87839,3.15098,-0.65484,-1.99896,-2.05370,-2.11668,0.86015,3.08615,0.08345
14.69,wait_grasp,-0.69241,-2.08026,-2.12921,-2.07372,0.87839,3.15098,-0.65488,-1.99896,-2.05368,-2.11668,0.86009,3.08615,0.08345
14.70,wait_grasp,-0.69241,-2.08026,-2.12921,-2.07372,0.87839,3.15098,-0.65491,-1.99895,-2.05378,-2.11677,0.86012,3.08624,0.08346
14.71,wait_grasp,-0.69241,-2.08026,-2.12921,-2.07372,0.87839,3.15098,-0.65503,-1.99898,-2.05377,-2.11683,0.86000,3.08615,0.08347
14.72,wait_grasp,-0.69241,-2.08026,-2.12921,-2.07372,0.87839,3.15098,-0.65491,-1.99894,-2.05384,-2.11685,0.86014,3.08621,0.08348
14.73,wait_grasp,-0.69241,-2.08026,-2.12921,-2.07372,0.87839,3.15098,-0.65503,-1.99898,-2.05378,-2.11687,0.86003,3.08614,0.08348
14.74,wait_grasp,-0.69241,-2.08026,-2.12921,-2.07372,0.87839,3.15098,-0.65493,-1.99897,-2.05378,-2.11683,0.86007,3.08614,0.08347
14.75,wait_grasp,-0.69241,-2.08026,-2.12921,-2.07372,0.87839,3.15098,-0.65497,-1.99898,-2.05376,-2.11685,0.85996,3.08619,0.08348
14.76,wait_grasp,-0.69241,-2.08026,-2.12921,-2.07372,0.87839,3.15098,-0.65500,-1.99897,-2.05387,-2.11694,0.85999,3.08627,0.08349
14.77,wait_grasp,-0.69241,-2.08026,-2.12921,-2.07372,0.87839,3.15098,-0.65512,-1.99900,-2.05386,-2.11699,0.85991,3.08628,0.08349
14.78,wait_grasp,-0.69241,-2.08026,-2.12921,-2.07372,0.87839,3.15098,-0.65498,-1.99896,-2.05394,-2.11702,0.86003,3.08638,0.08350
14.79,wait_grasp,-0.69241,-2.08026,-2.12921,-2.07372,0.87839,3.15098,-0.65509,-1.99899,-2.05390,-2.11705,0.85995,3.08637,0.08350
14.80,wait_grasp,-0.69241,-2.08026,-2.12921,-2.07372,0.87839,3.15098,-0.65508,-1.99899,-2.05394,-2.11707,0.85990,3.08642,0.08350
14.81,wait_grasp,-0.69241,-2.08026,-2.12921,-2.07372,0.87839,3.15098,-0.65515,-1.99900,-2.05392,-2.11707,0.85982,3.08643,0.08351
14.82,wait_grasp,-0.69241,-2.08026,-2.12921,-2.07372,0.87839,3.15098,-0.65518,-1.99899,-2.05402,-2.11716,0.85985,3.08651,0.08352
14.83,wait_grasp,-0.69241,-2.08026,-2.12921,-2.07372,0.87839,3.15098,-0.65529,-1.99902,-2.05402,-2.11720,0.85977,3.08652,0.08352
14.84,wait_grasp,-0.69241,-2.08026,-2.12921,-2.07372,0.87839,3.15098,-0.65516,-1.99898,-2.05410,-2.11723,0.85990,3.08663,0.08353
14.85,wait_grasp,-0.69241,-2.08026,-2.12921,-2.07372,0.87839,3.15098,-0.65527,-1.99901,-2.05405,-2.11725,0.85981,3.08657,0.08353
14.86,wait_grasp,-0.69241,-2.08026,-2.12921,-2.07372,0.87839,3.15098,-0.65518,-1.99900,-2.05404,-2.11720,0.85983,3.08657,0.08352
14.87,wait_grasp,-0.69241,-2.08026,-2.12921,-2.07372,0.87839,3.15098,-0.65519,-1.99900,-2.05404,-2.11722,0.85975,3.08660,0.08353
14.88,wait_grasp,-0.69241,-2.08026,-2.12921,-2.07372,0.87839,3.15098,-0.65521,-1.99899,-2.05413,-2.11729,0.85979,3.08667,0.08354
14.89,wait_grasp,-0.69241,-2.08026,-2.12921,-2.07372,0.87839,3.15098,-0.65533,-1.99902,-2.05413,-2.11735,0.85974,3.08673,0.08354
14.90,wait_grasp,-0.69241,-2.08026,-2.12921,-2.07372,0.87839,3.15098,-0.65520,-1.99898,-2.05421,-2.11736,0.85984,3.08678,0.08355
14.91,wait_grasp,-0.69241,-2.08026,-2.12921,-2.07372,0.87839,3.15098,-0.65532,-1.99901,-2.05416,-2.11739,0.85976,3.08674,0.08355
14.92,wait_grasp,-0.69241,-2.08026,-2.12921,-2.07372,0.87839,3.15098,-0.65530,-1.99901,-2.05421,-2.11741,0.85973,3.08685,0.08355
14.93,wait_grasp,-0.69241,-2.08026,-2.12921,-2.07372,0.87839,3.15098,-0.65532,-1.99901,-2.05419,-2.11741,0.85967,3.08684,0.08356
14.94,wait_grasp,-0.69241,-2.08026,-2.12921,-2.07372,0.87839,3.15098,-0.65534,-1.99900,-2.05428,-2.11748,0.85973,3.08691,0.08357
14.95,wait_grasp,-0.69241,-2.08026,-2.12921,-2.07372,0.87839,3.15098,-0.65546,-1.99902,-2.05428,-2.11754,0.85969,3.08696,0.08357
14.96,wait_grasp,-0.69241,-2.08026,-2.12921,-2.07372,0.87839,3.15098,-0.65532,-1.99899,-2.05435,-2.11753,0.85977,3.08700,0.08357
14.97,wait_grasp,-0.69241,-2.08026,-2.12921,-2.07372,0.87839,3.15098,-0.65543,-1.99901,-2.05431,-2.11758,0.85971,3.08703,0.08358
14.98,wait_grasp,-0.69241,-2.08026,-2.12921,-2.07372,0.87839,3.15098,-0.65543,-1.99902,-2.05435,-2.11759,0.85966,3.08705,0.08358
14.99,wait_grasp,-0.69241,-2.08026,-2.12921,-2.07372,0.87839,3.15098,-0.65546,-1.99902,-2.05434,-2.11759,0.85962,3.08705,0.08358
15.00,wait_grasp,-0.69241,-2.08026,-2.12921,-2.07372,0.87839,3.15098,-0.65548,-1.99901,-2.05443,-2.11767,0.85968,3.08713,0.08359
15.01,wait_grasp,-0.69241,-2.08026,-2.12921,-2.07372,0.87839,3.15098,-0.65560,-1.99903,-2.05443,-2.11772,0.85963,3.08719,0.08360
15.02,wait_grasp,-0.69241,-2.08026,-2.12921,-2.07372,0.87839,3.15098,-0.65546,-1.99900,-2.05450,-2.11773,0.85972,3.08724,0.08360
15.03,wait_grasp,-0.69241,-2.08026,-2.12921,-2.07372,0.87839,3.15098,-0.65558,-1.99903,-2.05446,-2.11777,0.85965,3.08721,0.08360
15.04,wait_grasp,-0.69241,-2.08026,-2.12921,-2.07372,0.87839,3.15098,-0.65549,-1.99902,-2.05444,-2.11771,0.85965,3.08720,0.08359
15.05,wait_grasp,-0.69241,-2.08026,-2.12921,-2.07372,0.87839,3.15098,-0.65546,-1.99901,-2.05446,-2.11773,0.85962,3.08723,0.08360
15.06,wait_grasp,-0.69241,-2.08026,-2.12921,-2.07372,0.87839,3.15098,-0.65549,-1.99902,-2.05444,-2.11772,0.85961,3.08717,0.08360
15.07,wait_grasp,-0.69241,-2.08026,-2.12921,-2.07372,0.87839,3.15098,-0.65545,-1.99900,-2.05450,-2.11773,0.85970,3.08722,0.08360
15.08,wait_grasp,-0.69241,-2.08026,-2.12921,-2.07372,0.87839,3.15098,-0.65559,-1.99903,-2.05445,-2.11776,0.85966,3.08720,0.08360
15.09,wait_grasp,-0.69241,-2.08026,-2.12921,-2.07372,0.87839,3.15098,-0.65558,-1.99903,-2.05450,-2.11778,0.85962,3.08730,0.08360
15.10,wait_grasp,-0.69241,-2.08026,-2.12921,-2.07372,0.87839,3.15098,-0.65557,-1.99902,-2.05450,-2.11779,0.85960,3.08729,0.08361
15.11,close,-0.69241,-2.08026,-2.12921,-2.07372,0.87839,3.15098,-0.65557,-1.99901,-2.05450,-2.11777,0.85962,3.08725,0.08361
15.12,close,-0.69241,-2.08026,-2.12921,-2.07372,0.87839,3.15098,-0.65567,-1.99903,-2.05448,-2.11778,0.85954,3.08726,0.08361
15.13,close,-0.69241,-2.08026,-2.12921,-2.07372,0.87839,3.15098,-0.65567,-1.99901,-2.05459,-2.11786,0.85959,3.08739,0.08362
15.14,close,-0.69241,-2.08026,-2.12921,-2.07372,0.87839,3.15098,-0.65580,-1.99905,-2.05458,-2.11792,0.85954,3.08738,0.08362
15.15,close,-0.69241,-2.08026,-2.12921,-2.07372,0.87839,3.15098,-0.65566,-1.99902,-2.05463,-2.11793,0.85962,3.08745,0.08363
15.16,close,-0.69241,-2.08026,-2.12921,-2.07372,0.87839,3.15098,-0.65577,-1.99904,-2.05461,-2.11799,0.85956,3.08752,0.08364
15.17,close,-0.69241,-2.08026,-2.12921,-2.07372,0.87839,3.15098,-0.65576,-1.99904,-2.05465,-2.11800,0.85951,3.08755,0.08363
15.18,close,-0.69241,-2.08026,-2.12921,-2.07372,0.87839,3.15098,-0.65585,-1.99906,-2.05462,-2.11802,0.85944,3.08758,0.08364
15.19,close,-0.69241,-2.08026,-2.12921,-2.07372,0.87839,3.15098,-0.65586,-1.99904,-2.05473,-2.11810,0.85948,3.08766,0.08365
15.20,close,-0.69241,-2.08026,-2.12921,-2.07372,0.87839,3.15098,-0.65596,-1.99908,-2.05463,-2.11805,0.85936,3.08753,0.08364
15.21,close,-0.69241,-2.08026,-2.12921,-2.07372,0.87839,3.15098,-0.65584,-1.99905,-2.05468,-2.11806,0.85947,3.08761,0.08364
15.22,close,-0.69241,-2.08026,-2.12921,-2.07372,0.87839,3.15098,-0.65594,-1.99907,-2.05466,-2.11812,0.85941,3.08767,0.08365
15.23,close,-0.69241,-2.08026,-2.12921,-2.07372,0.87839,3.15098,-0.65586,-1.99907,-2.05464,-2.11805,0.85940,3.08758,0.08364
15.24,close,-0.69241,-2.08026,-2.12921,-2.07372,0.87839,3.15098,-0.65584,-1.99907,-2.05464,-2.11807,0.85937,3.08762,0.08365
15.25,close,-0.69241,-2.08026,-2.12921,-2.07372,0.87839,3.15098,-0.65582,-1.99905,-2.05468,-2.11807,0.85943,3.08760,0.08365
15.26,close,-0.69241,-2.08026,-2.12921,-2.07372,0.87839,3.15098,-0.65596,-1.99907,-2.05465,-2.11810,0.85941,3.08760,0.08365
15.27,close,-0.69241,-2.08026,-2.12921,-2.07372,0.87839,3.15098,-0.65595,-1.99908,-2.05469,-2.11811,0.85936,3.08767,0.08365
15.28,close,-0.69241,-2.08026,-2.12921,-2.07372,0.87839,3.15098,-0.65594,-1.99908,-2.05471,-2.11810,0.85937,3.08773,0.08364
15.29,close,-0.69241,-2.08026,-2.12921,-2.07372,0.87839,3.15098,-0.65592,-1.99906,-2.05473,-2.11810,0.85939,3.08774,0.08365
15.30,close,-0.69241,-2.08026,-2.12921,-2.07372,0.87839,3.15098,-0.65603,-1.99908,-2.05471,-2.11812,0.85930,3.08776,0.08365
15.31,close,-0.69241,-2.08026,-2.12921,-2.07372,0.87839,3.15098,-0.65602,-1.99907,-2.05480,-2.11818,0.85934,3.08788,0.08366
15.32,close,-0.69241,-2.08026,-2.12921,-2.07372,0.87839,3.15098,-0.65614,-1.99910,-2.05473,-2.11818,0.85925,3.08778,0.08365
15.33,close,-0.69241,-2.08026,-2.12921,-2.07372,0.87839,3.15098,-0.65603,-1.99909,-2.05474,-2.11815,0.85929,3.08780,0.08365
15.34,close,-0.69241,-2.08026,-2.12921,-2.07372,0.87839,3.15098,-0.65610,-1.99910,-2.05473,-2.11819,0.85918,3.08789,0.08366
15.35,close,-0.69241,-2.08026,-2.12921,-2.07372,0.87839,3.15098,-0.65610,-1.99909,-2.05482,-2.11826,0.85921,3.08795,0.08367
15.36,close,-0.69241,-2.08026,-2.12921,-2.07372,0.87839,3.15098,-0.65621,-1.99913,-2.05473,-2.11823,0.85910,3.08782,0.08366
15.37,close,-0.69241,-2.08026,-2.12921,-2.07372,0.87839,3.15098,-0.65610,-1.99911,-2.05476,-2.11822,0.85918,3.08788,0.08366
15.38,close,-0.69241,-2.08026,-2.12921,-2.07372,0.87839,3.15098,-0.65619,-1.99912,-2.05475,-2.11829,0.85912,3.08797,0.08367
15.39,close,-0.69241,-2.08026,-2.12921,-2.07372,0.87839,3.15098,-0.65618,-1.99913,-2.05480,-2.11831,0.85908,3.08798,0.08367
15.40,close,-0.69241,-2.08026,-2.12921,-2.07372,0.87839,3.15098,-0.65630,-1.99914,-2.05478,-2.11835,0.85903,3.08802,0.08368
15.41,close,-0.69241,-2.08026,-2.12921,-2.07372,0.87839,3.15098,-0.65628,-1.99913,-2.05486,-2.11838,0.85903,3.08807,0.08368
15.42,close,-0.69241,-2.08026,-2.12921,-2.07372,0.87839,3.15098,-0.65641,-1.99915,-2.05481,-2.11840,0.85901,3.08802,0.08368
15.43,close,-0.69241,-2.08026,-2.12921,-2.07372,0.87839,3.15098,-0.65633,-1.99915,-2.05479,-2.11834,0.85898,3.08799,0.08367
15.44,close,-0.69241,-2.08026,-2.12921,-2.07372,0.87839,3.15098,-0.65626,-1.99913,-2.05485,-2.11839,0.85903,3.08809,0.08368
15.45,close,-0.69241,-2.08026,-2.12921,-2.07372,0.87839,3.15098,-0.65640,-1.99916,-2.05482,-2.11842,0.85898,3.08804,0.08368
15.46,close,-0.69241,-2.08026,-2.12921,-2.07372,0.87839,3.15098,-0.65632,-1.99915,-2.05480,-2.11835,0.85898,3.08800,0.08367
15.47,close,-0.69241,-2.08026,-2.12921,-2.07372,0.87839,3.15098,-0.65627,-1.99914,-2.05482,-2.11838,0.85899,3.08807,0.08368
15.48,close,-0.69241,-2.08026,-2.12921,-2.07372,0.87839,3.15098,-0.65640,-1.99916,-2.05479,-2.11839,0.85890,3.08803,0.08368
15.49,close,-0.69241,-2.08026,-2.12921,-2.07372,0.87839,3.15098,-0.65637,-1.99914,-2.05489,-2.11845,0.85893,3.08815,0.08369
15.50,close,-0.69241,-2.08026,-2.12921,-2.07372,0.87839,3.15098,-0.65650,-1.99918,-2.05482,-2.11845,0.85885,3.08805,0.08369
15.51,close,-0.69241,-2.08026,-2.12921,-2.07372,0.87839,3.15098,-0.65640,-1.99916,-2.05483,-2.11841,0.85888,3.08807,0.08368
15.52,close,-0.69241,-2.08026,-2.12921,-2.07372,0.87839,3.15098,-0.65644,-1.99917,-2.05482,-2.11844,0.85877,3.08814,0.08369
15.53,close,-0.69241,-2.08026,-2.12921,-2.07372,0.87839,3.15098,-0.65646,-1.99916,-2.05492,-2.11852,0.85880,3.08819,0.08370
15.54,close,-0.69241,-2.08026,-2.12921,-2.07372,0.87839,3.15098,-0.65655,-1.99920,-2.05482,-2.11846,0.85867,3.08805,0.08369
15.55,close,-0.69241,-2.08026,-2.12921,-2.07372,0.87839,3.15098,-0.65643,-1.99917,-2.05487,-2.11848,0.85880,3.08815,0.08369
15.56,close,-0.69241,-2.08026,-2.12921,-2.07372,0.87839,3.15098,-0.65655,-1.99919,-2.05485,-2.11852,0.85872,3.08813,0.08370
15.57,close,-0.69241,-2.08026,-2.12921,-2.07372,0.87839,3.15098,-0.65647,-1.99919,-2.05483,-2.11845,0.85872,3.08809,0.08369
15.58,close,-0.69241,-2.08026,-2.12921,-2.07372,0.87839,3.15098,-0.65642,-1.99917,-2.05486,-2.11848,0.85873,3.08816,0.08370
15.59,close,-0.69241,-2.08026,-2.12921,-2.07372,0.87839,3.15098,-0.65655,-1.99919,-2.05483,-2.11849,0.85864,3.08812,0.08370
15.60,close,-0.69241,-2.08026,-2.12921,-2.07372,0.87839,3.15098,-0.65652,-1.99917,-2.05492,-2.11854,0.85867,3.08823,0.08370
15.61,close,-0.69241,-2.08026,-2.12921,-2.07372,0.87839,3.15098,-0.65665,-1.99920,-2.05486,-2.11854,0.85861,3.08814,0.08370
15.62,close,-0.69241,-2.08026,-2.12921,-2.07372,0.87839,3.15098,-0.65656,-1.99919,-2.05486,-2.11849,0.85862,3.08816,0.08369
15.63,close,-0.69241,-2.08026,-2.12921,-2.07372,0.87839,3.15098,-0.65653,-1.99918,-2.05487,-2.11851,0.85857,3.08821,0.08370
15.64,close,-0.69241,-2.08026,-2.12921,-2.07372,0.87839,3.15098,-0.65651,-1.99917,-2.05490,-2.11852,0.85863,3.08816,0.08370
15.65,close,-0.69241,-2.08026,-2.12921,-2.07372,0.87839,3.15098,-0.65665,-1.99919,-2.05488,-2.11854,0.85861,3.08816,0.08370
15.66,close,-0.69241,-2.08026,-2.12921,-2.07372,0.87839,3.15098,-0.65656,-1.99919,-2.05486,-2.11847,0.85860,3.08812,0.08369
15.67,close,-0.69241,-2.08026,-2.12921,-2.07372,0.87839,3.15098,-0.65651,-1.99917,-2.05489,-2.11851,0.85860,3.08820,0.08370
15.68,close,-0.69241,-2.08026,-2.12921,-2.07372,0.87839,3.15098,-0.65663,-1.99920,-2.05486,-2.11852,0.85851,3.08815,0.08370
15.69,close,-0.69241,-2.08026,-2.12921,-2.07372,0.87839,3.15098,-0.65661,-1.99918,-2.05496,-2.11858,0.85855,3.08827,0.08371
15.70,close,-0.69241,-2.08026,-2.12921,-2.07372,0.87839,3.15098,-0.65676,-1.99921,-2.05487,-2.11858,0.85843,3.08802,0.08371
15.71,close,-0.69241,-2.08026,-2.12921,-2.07372,0.87839,3.15098,-0.65667,-1.99920,-2.05486,-2.11854,0.85848,3.08804,0.08371
15.72,close,-0.69241,-2.08026,-2.12921,-2.07372,0.87839,3.15098,-0.65669,-1.99920,-2.05486,-2.11856,0.85838,3.08810,0.08371
15.73,close,-0.69241,-2.08026,-2.12921,-2.07372,0.87839,3.15098,-0.65666,-1.99918,-2.05494,-2.11861,0.85852,3.08812,0.08372
15.74,close,-0.69241,-2.08026,-2.12921,-2.07372,0.87839,3.15098,-0.65676,-1.99922,-2.05484,-2.11856,0.85839,3.08798,0.08371
15.75,close,-0.69241,-2.08026,-2.12921,-2.07372,0.87839,3.15098,-0.65664,-1.99919,-2.05490,-2.11858,0.85853,3.08811,0.08371
15.76,close,-0.69241,-2.08026,-2.12921,-2.07372,0.87839,3.15098,-0.65675,-1.99922,-2.05487,-2.11861,0.85844,3.08805,0.08372
15.77,close,-0.69241,-2.08026,-2.12921,-2.07372,0.87839,3.15098,-0.65668,-1.99921,-2.05485,-2.11855,0.85845,3.08802,0.08370
15.78,close,-0.69241,-2.08026,-2.12921,-2.07372,0.87839,3.15098,-0.65663,-1.99919,-2.05487,-2.11858,0.85846,3.08810,0.08372
15.79,close,-0.69241,-2.08026,-2.12921,-2.07372,0.87839,3.15098,-0.65674,-1.99922,-2.05484,-2.11858,0.85836,3.08804,0.08371
15.80,close,-0.69241,-2.08026,-2.12921,-2.07372,0.87839,3.15098,-0.65665,-1.99919,-2.05493,-2.11860,0.85853,3.08813,0.08372
15.81,close,-0.69241,-2.08026,-2.12921,-2.07372,0.87839,3.15098,-0.65676,-1.99922,-2.05485,-2.11858,0.85841,3.08800,0.08371
15.82,close,-0.69241,-2.08026,-2.12921,-2.07372,0.87839,3.15098,-0.65665,-1.99920,-2.05487,-2.11857,0.85850,3.08808,0.08371
15.83,close,-0.69241,-2.08026,-2.12921,-2.07372,0.87839,3.15098,-0.65676,-1.99922,-2.05486,-2.11862,0.85840,3.08807,0.08372
15.84,close,-0.69241,-2.08026,-2.12921,-2.07372,0.87839,3.15098,-0.65665,-1.99920,-2.05488,-2.11857,0.85848,3.08806,0.08371
15.85,close,-0.69241,-2.08026,-2.12921,-2.07372,0.87839,3.15098,-0.65675,-1.99921,-2.05486,-2.11863,0.85844,3.08815,0.08372
15.86,close,-0.69241,-2.08026,-2.12921,-2.07372,0.87839,3.15098,-0.65673,-1.99921,-2.05492,-2.11864,0.85840,3.08815,0.08372
15.87,close,-0.69241,-2.08026,-2.12921,-2.07372,0.87839,3.15098,-0.65686,-1.99922,-2.05489,-2.11869,0.85840,3.08821,0.08373
15.88,close,-0.69241,-2.08026,-2.12921,-2.07372,0.87839,3.15098,-0.65684,-1.99922,-2.05495,-2.11870,0.85836,3.08821,0.08373
15.89,close,-0.69241,-2.08026,-2.12921,-2.07372,0.87839,3.15098,-0.65696,-1.99923,-2.05493,-2.11874,0.85833,3.08828,0.08374
15.90,close,-0.69241,-2.08026,-2.12921,-2.07372,0.87839,3.15098,-0.65694,-1.99923,-2.05500,-2.11877,0.85831,3.08830,0.08374
15.91,close,-0.69241,-2.08026,-2.12921,-2.07372,0.87839,3.15098,-0.65708,-1.99925,-2.05496,-2.11880,0.85830,3.08826,0.08374
15.92,close,-0.69241,-2.08026,-2.12921,-2.07372,0.87839,3.15098,-0.65700,-1.99924,-2.05495,-2.11872,0.85827,3.08822,0.08373
15.93,close,-0.69241,-2.08026,-2.12921,-2.07372,0.87839,3.15098,-0.65692,-1.99922,-2.05500,-2.11878,0.85833,3.08834,0.08374
15.94,close,-0.69241,-2.08026,-2.12921,-2.07372,0.87839,3.15098,-0.65706,-1.99925,-2.05497,-2.11880,0.85827,3.08826,0.08374
15.95,close,-0.69241,-2.08026,-2.12921,-2.07372,0.87839,3.15098,-0.65699,-1.99924,-2.05495,-2.11873,0.85828,3.08822,0.08373
15.96,close,-0.69241,-2.08026,-2.12921,-2.07372,0.87839,3.15098,-0.65694,-1.99922,-2.05498,-2.11876,0.85829,3.08832,0.08374
15.97,close,-0.69241,-2.08026,-2.12921,-2.07372,0.87839,3.15098,-0.65706,-1.99925,-2.05495,-2.11877,0.85819,3.08825,0.08374
15.98,close,-0.69241,-2.08026,-2.12921,-2.07372,0.87839,3.15098,-0.65695,-1.99922,-2.05502,-2.11878,0.85836,3.08832,0.08374
15.99,close,-0.69241,-2.08026,-2.12921,-2.07372,0.87839,3.15098,-0.65707,-1.99925,-2.05496,-2.11879,0.85827,3.08824,0.08374
16.00,close,-0.69241,-2.08026,-2.12921,-2.07372,0.87839,3.15098,-0.65697,-1.99924,-2.05496,-2.11874,0.85831,3.08828,0.08373
16.01,close,-0.69241,-2.08026,-2.12921,-2.07372,0.87839,3.15098,-0.65700,-1.99925,-2.05494,-2.11875,0.85820,3.08824,0.08374
16.02,close,-0.69241,-2.08026,-2.12921,-2.07372,0.87839,3.15098,-0.65697,-1.99922,-2.05503,-2.11881,0.85836,3.08834,0.08374
16.03,close,-0.69241,-2.08026,-2.12921,-2.07372,0.87839,3.15098,-0.65707,-1.99926,-2.05494,-2.11876,0.85822,3.08820,0.08373
16.04,close,-0.69241,-2.08026,-2.12921,-2.07372,0.87839,3.15098,-0.65695,-1.99923,-2.05499,-2.11878,0.85836,3.08833,0.08374
16.05,close,-0.69241,-2.08026,-2.12921,-2.07372,0.87839,3.15098,-0.65706,-1.99926,-2.05496,-2.11882,0.85827,3.08828,0.08374
16.06,close,-0.69241,-2.08026,-2.12921,-2.07372,0.87839,3.15098,-0.65699,-1.99925,-2.05494,-2.11875,0.85828,3.08824,0.08373
16.07,close,-0.69241,-2.08026,-2.12921,-2.07372,0.87839,3.15098,-0.65693,-1.99923,-2.05497,-2.11878,0.85830,3.08833,0.08374
16.08,close,-0.69241,-2.08026,-2.12921,-2.07372,0.87839,3.15098,-0.65706,-1.99926,-2.05495,-2.11879,0.85820,3.08826,0.08374
16.09,close,-0.69241,-2.08026,-2.12921,-2.07372,0.87839,3.15098,-0.65695,-1.99923,-2.05500,-2.11878,0.85835,3.08831,0.08374
16.10,close,-0.69241,-2.08026,-2.12921,-2.07372,0.87839,3.15098,-0.65707,-1.99926,-2.05496,-2.11881,0.85829,3.08827,0.08374
16.11,lift,-0.69241,-2.07944,-2.12902,-2.07472,0.87839,3.15098,-0.65699,-1.99925,-2.05494,-2.11874,0.85828,3.08824,0.08373
16.12,lift,-0.69241,-2.07863,-2.12883,-2.07573,0.87839,3.15098,-0.65693,-1.99923,-2.05498,-2.11878,0.85831,3.08835,0.08374
16.13,lift,-0.69241,-2.07782,-2.12863,-2.07674,0.87839,3.15098,-0.65707,-1.99925,-2.05496,-2.11880,0.85824,3.08829,0.08374
16.14,lift,-0.69241,-2.07700,-2.12844,-2.07774,0.87839,3.15098,-0.65704,-1.99924,-2.05503,-2.11882,0.85824,3.08837,0.08374
16.15,lift,-0.69241,-2.07619,-2.12825,-2.07875,0.87839,3.15098,-0.65716,-1.99925,-2.05501,-2.11886,0.85822,3.08837,0.08375
16.16,lift,-0.69241,-2.07538,-2.12805,-2.07975,0.87839,3.15098,-0.65716,-1.99925,-2.05506,-2.11887,0.85821,3.08845,0.08375
16.17,lift,-0.69241,-2.07457,-2.12786,-2.08076,0.87839,3.15098,-0.65722,-1.99925,-2.05504,-2.11890,0.85817,3.08856,0.08376
16.18,lift,-0.69241,-2.07375,-2.12766,-2.08177,0.87839,3.15098,-0.65724,-1.99924,-2.05513,-2.11895,0.85821,3.08854,0.08376
16.19,lift,-0.69241,-2.07294,-2.12747,-2.08277,0.87839,3.15098,-0.65737,-1.99926,-2.05513,-2.11899,0.85820,3.08854,0.08377
16.20,lift,-0.69241,-2.07213,-2.12728,-2.08378,0.87839,3.15098,-0.65735,-1.99924,-2.05521,-2.11905,0.85835,3.08881,0.08378
16.21,lift,-0.69241,-2.07131,-2.12708,-2.08479,0.87839,3.15098,-0.65747,-1.99926,-2.05522,-2.11911,0.85833,3.08871,0.08378
16.22,lift,-0.69241,-2.07050,-2.12689,-2.08579,0.87839,3.15098,-0.65749,-1.99925,-2.05526,-2.11912,0.85845,3.08884,0.08378
16.23,lift,-0.69241,-2.06969,-2.12670,-2.08680,0.87839,3.15098,-0.65762,-1.99927,-2.05527,-2.11919,0.85842,3.08888,0.08379
16.24,lift,-0.69241,-2.06888,-2.12650,-2.08781,0.87839,3.15098,-0.65765,-1.99924,-2.05538,-2.11927,0.85857,3.08903,0.08380
16.25,lift,-0.69241,-2.06806,-2.12631,-2.08881,0.87839,3.15098,-0.65772,-1.99925,-2.05538,-2.11927,0.85861,3.08906,0.08380
16.26,lift,-0.69241,-2.06725,-2.12612,-2.08982,0.87839,3.15098,-0.65782,-1.99925,-2.05549,-2.11946,0.85866,3.08919,0.08383
16.27,lift,-0.69241,-2.06644,-2.12592,-2.09083,0.87839,3.15098,-0.65790,-1.99921,-2.05583,-2.11980,0.85914,3.08953,0.08387
16.28,lift,-0.69241,-2.06562,-2.12573,-2.09183,0.87839,3.15098,-0.65804,-1.99919,-2.05621,-2.12013,0.85931,3.09019,0.08391
16.29,lift,-0.69241,-2.06481,-2.12553,-2.09284,0.87839,3.15098,-0.65821,-1.99916,-2.05660,-2.12054,0.85962,3.09065,0.08397
16.30,lift,-0.69241,-2.06400,-2.12534,-2.09385,0.87839,3.15098,-0.65845,-1.99914,-2.05698,-2.12096,0.85971,3.09109,0.08403
16.31,lift,-0.69241,-2.06319,-2.12515,-2.09485,0.87839,3.15098,-0.65868,-1.99912,-2.05741,-2.12142,0.85996,3.09165,0.08409
16.32,lift,-0.69241,-2.06237,-2.12495,-2.09586,0.87839,3.15098,-0.65896,-1.99910,-2.05784,-2.12189,0.86007,3.09230,0.08416
16.33,lift,-0.69241,-2.06156,-2.12476,-2.09687,0.87839,3.15098,-0.65926,-1.99911,-2.05832,-2.12239,0.86025,3.09302,0.08422
16.34,lift,-0.69241,-2.06075,-2.12457,-2.09787,0.87839,3.15098,-0.65961,-1.99911,-2.05877,-2.12291,0.86029,3.09369,0.08429
16.35,lift,-0.69241,-2.05993,-2.12437,-2.09888,0.87839,3.15098,-0.65998,-1.99911,-2.05923,-2.12346,0.86034,3.09422,0.08437
16.36,lift,-0.69241,-2.05912,-2.12418,-2.09989,0.87839,3.15098,-0.66034,-1.99910,-2.05971,-2.12400,0.86042,3.09492,0.08445
16.37,lift,-0.69241,-2.05831,-2.12399,-2.10089,0.87839,3.15098,-0.66073,-1.99912,-2.06023,-2.12457,0.86050,3.09574,0.08452
16.38,lift,-0.69241,-2.05750,-2.12379,-2.10190,0.87839,3.15098,-0.66115,-1.99913,-2.06072,-2.12517,0.86047,3.09634,0.08460
16.39,lift,-0.69241,-2.05668,-2.12360,-2.10290,0.87839,3.15098,-0.66157,-1.99914,-2.06123,-2.12577,0.86054,3.09708,0.08468
16.40,lift,-0.69241,-2.05587,-2.12340,-2.10391,0.87839,3.15098,-0.66198,-1.99914,-2.06175,-2.12637,0.86058,3.09786,0.08477
16.41,lift,-0.69241,-2.05506,-2.12321,-2.10492,0.87839,3.15098,-0.66241,-1.99917,-2.06230,-2.12698,0.86064,3.09870,0.08484
16.42,lift,-0.69241,-2.05424,-2.12302,-2.10592,0.87839,3.15098,-0.66286,-1.99919,-2.06282,-2.12762,0.86061,3.09936,0.08493
16.43,lift,-0.69241,-2.05343,-2.12282,-2.10693,0.87839,3.15098,-0.66329,-1.99920,-2.06337,-2.12825,0.86068,3.10016,0.08502
16.44,lift,-0.69241,-2.05262,-2.12263,-2.10794,0.87839,3.15098,-0.66373,-1.99922,-2.06394,-2.12889,0.86074,3.10106,0.08510
16.45,lift,-0.69241,-2.05181,-2.12244,-2.10894,0.87839,3.15098,-0.66419,-1.99924,-2.06448,-2.12955,0.86073,3.10175,0.08520
16.46,lift,-0.69241,-2.05099,-2.12224,-2.10995,0.87839,3.15098,-0.66463,-1.99925,-2.06505,-2.13020,0.86081,3.10257,0.08529
16.47,lift,-0.69241,-2.05018,-2.12205,-2.11096,0.87839,3.15098,-0.66507,-1.99928,-2.06564,-2.13086,0.86090,3.10349,0.08537
16.48,lift,-0.69241,-2.04937,-2.12186,-2.11196,0.87839,3.15098,-0.66552,-1.99929,-2.06621,-2.13153,0.86091,3.10420,0.08547
16.49,lift,-0.69241,-2.04855,-2.12166,-2.11297,0.87839,3.15098,-0.66595,-1.99931,-2.06679,-2.13219,0.86101,3.10504,0.08556
16.50,lift,-0.69241,-2.04774,-2.12147,-2.11398,0.87839,3.15098,-0.66639,-1.99933,-2.06739,-2.13286,0.86111,3.10597,0.08564
16.51,lift,-0.69241,-2.04693,-2.12127,-2.11498,0.87839,3.15098,-0.66684,-1.99935,-2.06797,-2.13354,0.86115,3.10670,0.08574
16.52,lift,-0.69241,-2.04612,-2.12108,-2.11599,0.87839,3.15098,-0.66727,-1.99936,-2.06856,-2.13420,0.86127,3.10755,0.08583
16.53,lift,-0.69241,-2.04530,-2.12089,-2.11700,0.87839,3.15098,-0.66771,-1.99939,-2.06918,-2.13487,0.86139,3.10848,0.08592
16.54,lift,-0.69241,-2.04449,-2.12069,-2.11800,0.87839,3.15098,-0.66815,-1.99941,-2.06977,-2.13555,0.86146,3.10923,0.08601
16.55,lift,-0.69241,-2.04368,-2.12050,-2.11901,0.87839,3.15098,-0.66858,-1.99942,-2.07037,-2.13622,0.86159,3.11009,0.08611
16.56,lift,-0.69241,-2.04286,-2.12031,-2.12002,0.87839,3.15098,-0.66901,-1.99945,-2.07100,-2.13689,0.86173,3.11102,0.08619
16.57,lift,-0.69241,-2.04205,-2.12011,-2.12102,0.87839,3.15098,-0.66944,-1.99946,-2.07160,-2.13757,0.86182,3.11178,0.08629
16.58,lift,-0.69241,-2.04124,-2.11992,-2.12203,0.87839,3.15098,-0.66987,-1.99948,-2.07221,-2.13824,0.86196,3.11265,0.08638
16.59,lift,-0.69241,-2.04043,-2.11973,-2.12303,0.87839,3.15098,-0.67030,-1.99950,-2.07285,-2.13890,0.86212,3.11357,0.08647
16.60,lift,-0.69241,-2.03961,-2.11953,-2.12404,0.87839,3.15098,-0.67072,-1.99952,-2.07346,-2.13958,0.86223,3.11434,0.08656
16.61,lift,-0.69241,-2.03880,-2.11934,-2.12505,0.87839,3.15098,-0.67115,-1.99954,-2.07407,-2.14025,0.86239,3.11521,0.08666
16.62,lift,-0.69241,-2.03799,-2.11914,-2.12605,0.87839,3.15098,-0.67158,-1.99956,-2.07471,-2.14091,0.86256,3.11612,0.08674
16.63,lift,-0.69241,-2.03717,-2.11895,-2.12706,0.87839,3.15098,-0.67200,-1.99957,-2.07532,-2.14157,0.86269,3.11691,0.08684
16.64,lift,-0.69241,-2.03636,-2.11876,-2.12807,0.87839,3.15098,-0.67243,-1.99959,-2.07594,-2.14223,0.86282,3.11777,0.08693
16.65,lift,-0.69241,-2.03555,-2.11856,-2.12907,0.87839,3.15098,-0.67287,-1.99962,-2.07658,-2.14289,0.86297,3.11867,0.08702
16.66,lift,-0.69241,-2.03474,-2.11837,-2.13008,0.87839,3.15098,-0.67329,-1.99963,-2.07719,-2.14355,0.86313,3.11948,0.08711
16.67,lift,-0.69241,-2.03392,-2.11818,-2.13109,0.87839,3.15098,-0.67371,-1.99964,-2.07782,-2.14420,0.86329,3.12040,0.08720
16.68,lift,-0.69241,-2.03311,-2.11798,-2.13209,0.87839,3.15098,-0.67414,-1.99967,-2.07845,-2.14485,0.86345,3.12134,0.08729
16.69,lift,-0.69241,-2.03230,-2.11779,-2.13310,0.87839,3.15098,-0.67456,-1.99967,-2.07906,-2.14550,0.86361,3.12229,0.08739
16.70,lift,-0.69241,-2.03148,-2.11760,-2.13411,0.87839,3.15098,-0.67498,-1.99967,-2.07968,-2.14614,0.86378,3.12326,0.08748
16.71,lift,-0.69241,-2.03067,-2.11740,-2.13511,0.87839,3.15098,-0.67541,-1.99968,-2.08031,-2.14677,0.86395,3.12424,0.08757
16.72,lift,-0.69241,-2.02986,-2.11721,-2.13612,0.87839,3.15098,-0.67583,-1.99968,-2.08092,-2.14742,0.86413,3.12523,0.08767
16.73,lift,-0.69241,-2.02905,-2.11701,-2.13713,0.87839,3.15098,-0.67624,-1.99968,-2.08154,-2.14805,0.86431,3.12621,0.08777
16.74,lift,-0.69241,-2.02823,-2.11682,-2.13813,0.87839,3.15098,-0.67666,-1.99969,-2.08218,-2.14867,0.86451,3.12720,0.08785
16.75,lift,-0.69241,-2.02742,-2.11663,-2.13914,0.87839,3.15098,-0.67707,-1.99969,-2.08279,-2.14930,0.86470,3.12819,0.08795
16.76,lift,-0.69241,-2.02661,-2.11643,-2.14015,0.87839,3.15098,-0.67748,-1.99969,-2.08342,-2.14993,0.86490,3.12917,0.08804
16.77,lift,-0.69241,-2.02579,-2.11624,-2.14115,0.87839,3.15098,-0.67790,-1.99970,-2.08405,-2.15054,0.86511,3.13014,0.08813
16.78,lift,-0.69241,-2.02498,-2.11605,-2.14216,0.87839,3.15098,-0.67831,-1.99970,-2.08468,-2.15117,0.86532,3.13111,0.08823
16.79,lift,-0.69241,-2.02417,-2.11585,-2.14317,0.87839,3.15098,-0.67871,-1.99970,-2.08531,-2.15178,0.86554,3.13205,0.08832
16.80,lift,-0.69241,-2.02336,-2.11566,-2.14417,0.87839,3.15098,-0.67912,-1.99970,-2.08595,-2.15239,0.86577,3.13300,0.08841
16.81,lift,-0.69241,-2.02254,-2.11547,-2.14518,0.87839,3.15098,-0.67953,-1.99971,-2.08658,-2.15300,0.86600,3.13391,0.08850
16.82,lift,-0.69241,-2.02173,-2.11527,-2.14618,0.87839,3.15098,-0.67993,-1.99971,-2.08722,-2.15361,0.86624,3.13480,0.08859
16.83,lift,-0.69241,-2.02092,-2.11508,-2.14719,0.87839,3.15098,-0.68034,-1.99972,-2.08787,-2.15421,0.86650,3.13567,0.08868
16.84,lift,-0.69241,-2.02010,-2.11488,-2.14820,0.87839,3.15098,-0.68074,-1.99973,-2.08851,-2.15481,0.86676,3.13651,0.08876
16.85,lift,-0.69241,-2.01929,-2.11469,-2.14920,0.87839,3.15098,-0.68113,-1.99973,-2.08916,-2.15541,0.86702,3.13731,0.08885
16.86,lift,-0.69241,-2.01848,-2.11450,-2.15021,0.87839,3.15098,-0.68153,-1.99975,-2.08982,-2.15600,0.86731,3.13810,0.08893
16.87,lift,-0.69241,-2.01766,-2.11430,-2.15122,0.87839,3.15098,-0.68192,-1.99977,-2.09048,-2.15660,0.86759,3.13884,0.08902
16.88,lift,-0.69241,-2.01685,-2.11411,-2.15222,0.87839,3.15098,-0.68231,-1.99978,-2.09114,-2.15719,0.86789,3.13955,0.08910
16.89,lift,-0.69241,-2.01604,-2.11392,-2.15323,0.87839,3.15098,-0.68270,-1.99980,-2.09181,-2.15777,0.86820,3.14024,0.08918
16.90,lift,-0.69241,-2.01523,-2.11372,-2.15424,0.87839,3.15098,-0.68309,-1.99982,-2.09249,-2.15836,0.86852,3.14088,0.08926
16.91,lift,-0.69241,-2.01441,-2.11353,-2.15524,0.87839,3.15098,-0.68347,-1.99984,-2.09316,-2.15894,0.86884,3.14150,0.08934
16.92,lift,-0.69241,-2.01360,-2.11334,-2.15625,0.87839,3.15098,-0.68385,-1.99987,-2.09384,-2.15951,0.86918,3.14209,0.08941
16.93,lift,-0.69241,-2.01279,-2.11314,-2.15726,0.87839,3.15098,-0.68423,-1.99990,-2.09452,-2.16009,0.86952,3.14265,0.08949
16.94,lift,-0.69241,-2.01197,-2.11295,-2.15826,0.87839,3.15098,-0.68461,-1.99993,-2.09521,-2.16066,0.86987,3.14317,0.08957
16.95,lift,-0.69241,-2.01116,-2.11275,-2.15927,0.87839,3.15098,-0.68498,-1.99996,-2.09590,-2.16123,0.87023,3.14368,0.08964
16.96,lift,-0.69241,-2.01035,-2.11256,-2.16028,0.87839,3.15098,-0.68536,-2.00000,-2.09659,-2.16180,0.87059,3.14416,0.08971
16.97,lift,-0.69241,-2.00954,-2.11237,-2.16128,0.87839,3.15098,-0.68572,-2.00002,-2.09727,-2.16237,0.87096,3.14478,0.08979
16.98,lift,-0.69241,-2.00872,-2.11217,-2.16229,0.87839,3.15098,-0.68608,-2.00004,-2.09795,-2.16293,0.87133,3.14556,0.08987
16.99,lift,-0.69241,-2.00791,-2.11198,-2.16330,0.87839,3.15098,-0.68643,-2.00004,-2.09861,-2.16348,0.87170,3.14632,0.08995
17.00,lift,-0.69241,-2.00710,-2.11179,-2.16430,0.87839,3.15098,-0.68678,-2.00004,-2.09927,-2.16402,0.87209,3.14714,0.09004
17.01,lift,-0.69241,-2.00628,-2.11159,-2.16531,0.87839,3.15098,-0.68714,-2.00005,-2.09994,-2.16456,0.87248,3.14787,0.09011
17.02,lift,-0.69241,-2.00547,-2.11140,-2.16631,0.87839,3.15098,-0.68749,-2.00005,-2.10061,-2.16510,0.87287,3.14862,0.09008
17.03,lift,-0.69241,-2.00466,-2.11121,-2.16732,0.87839,3.15098,-0.68784,-2.00005,-2.10127,-2.16563,0.87327,3.14938,0.08986
17.04,lift,-0.69241,-2.00385,-2.11101,-2.16833,0.87839,3.15098,-0.68819,-2.00006,-2.10195,-2.16615,0.87368,3.15014,0.08963
17.05,lift,-0.69241,-2.00303,-2.11082,-2.16933,0.87839,3.15098,-0.68853,-2.00006,-2.10261,-2.16667,0.87408,3.15089,0.08941
17.06,lift,-0.69241,-2.00222,-2.11062,-2.17034,0.87839,3.15098,-0.68887,-2.00006,-2.10327,-2.16719,0.87449,3.15163,0.08919
17.07,lift,-0.69241,-2.00141,-2.11043,-2.17135,0.87839,3.15098,-0.68922,-2.00006,-2.10394,-2.16772,0.87488,3.15217,0.08898
17.08,lift,-0.69241,-2.00059,-2.11024,-2.17235,0.87839,3.15098,-0.68955,-2.00004,-2.10458,-2.16829,0.87526,3.15239,0.08877
17.09,lift,-0.69241,-1.99978,-2.11004,-2.17336,0.87839,3.15098,-0.68988,-2.00001,-2.10521,-2.16889,0.87562,3.15227,0.08858
17.10,lift,-0.69241,-1.99897,-2.10985,-2.17437,0.87839,3.15098,-0.69019,-1.99995,-2.10579,-2.16953,0.87594,3.15212,0.08843
17.11,lift,-0.69241,-1.99816,-2.10966,-2.17537,0.87839,3.15098,-0.69047,-1.99983,-2.10631,-2.17022,0.87623,3.15199,0.08833
17.12,lift,-0.69241,-1.99734,-2.10946,-2.17638,0.87839,3.15098,-0.69072,-1.99964,-2.10674,-2.17095,0.87649,3.15187,0.08830
17.13,lift,-0.69241,-1.99653,-2.10927,-2.17739,0.87839,3.15098,-0.69093,-1.99937,-2.10710,-2.17171,0.87671,3.15177,0.08833
17.14,lift,-0.69241,-1.99572,-2.10908,-2.17839,0.87839,3.15098,-0.69112,-1.99904,-2.10739,-2.17249,0.87691,3.15167,0.08844
17.15,lift,-0.69241,-1.99490,-2.10888,-2.17940,0.87839,3.15098,-0.69128,-1.99863,-2.10762,-2.17331,0.87709,3.15159,0.08859
17.16,lift,-0.69241,-1.99409,-2.10869,-2.18041,0.87839,3.15098,-0.69143,-1.99818,-2.10779,-2.17414,0.87724,3.15152,0.08880
17.17,lift,-0.69241,-1.99328,-2.10849,-2.18141,0.87839,3.15098,-0.69155,-1.99767,-2.10791,-2.17500,0.87738,3.15146,0.08906
17.18,lift,-0.69241,-1.99247,-2.10830,-2.18242,0.87839,3.15098,-0.69166,-1.99712,-2.10799,-2.17587,0.87750,3.15140,0.08935
17.19,lift,-0.69241,-1.99165,-2.10811,-2.18343,0.87839,3.15098,-0.69175,-1.99654,-2.10804,-2.17676,0.87761,3.15135,0.08967
17.20,lift,-0.69241,-1.99084,-2.10791,-2.18443,0.87839,3.15098,-0.69183,-1.99592,-2.10805,-2.17766,0.87770,3.15131,0.09003
17.21,lift,-0.69241,-1.99003,-2.10772,-2.18544,0.87839,3.15098,-0.69190,-1.99527,-2.10803,-2.17857,0.87778,3.15127,0.09040
17.22,lift,-0.69241,-1.98921,-2.10753,-2.18644,0.87839,3.15098,-0.69197,-1.99461,-2.10800,-2.17950,0.87785,3.15124,0.09080
17.23,lift,-0.69241,-1.98840,-2.10733,-2.18745,0.87839,3.15098,-0.69202,-1.99392,-2.10794,-2.18043,0.87792,3.15121,0.09122
17.24,lift,-0.69241,-1.98759,-2.10714,-2.18846,0.87839,3.15098,-0.69207,-1.99321,-2.10786,-2.18137,0.87797,3.15118,0.09166
17.25,lift,-0.69241,-1.98678,-2.10695,-2.18946,0.87839,3.15098,-0.69211,-1.99249,-2.10777,-2.18232,0.87802,3.15116,0.09210
17.26,lift,-0.69241,-1.98596,-2.10675,-2.19047,0.87839,3.15098,-0.69214,-1.99176,-2.10766,-2.18328,0.87807,3.15113,0.09256
17.27,lift,-0.69241,-1.98515,-2.10656,-2.19148,0.87839,3.15098,-0.69217,-1.99101,-2.10755,-2.18424,0.87810,3.15112,0.09303
17.28,lift,-0.69241,-1.98434,-2.10636,-2.19248,0.87839,3.15098,-0.69220,-1.99026,-2.10742,-2.18521,0.87814,3.15110,0.09351
17.29,lift,-0.69241,-1.98352,-2.10617,-2.19349,0.87839,3.15098,-0.69222,-1.98949,-2.10728,-2.18618,0.87817,3.15109,0.09400
17.30,lift,-0.69241,-1.98271,-2.10598,-2.19450,0.87839,3.15098,-0.69224,-1.98872,-2.10714,-2.18715,0.87819,3.15107,0.09449
17.31,lift,-0.69241,-1.98190,-2.10578,-2.19550,0.87839,3.15098,-0.69226,-1.98795,-2.10699,-2.18813,0.87822,3.15107,0.09499
17.32,lift,-0.69241,-1.98109,-2.10559,-2.19651,0.87839,3.15098,-0.69228,-1.98717,-2.10683,-2.18911,0.87824,3.15106,0.09550
17.33,lift,-0.69241,-1.98027,-2.10540,-2.19752,0.87839,3.15098,-0.69229,-1.98638,-2.10667,-2.19010,0.87826,3.15105,0.09601
17.34,lift,-0.69241,-1.97946,-2.10520,-2.19852,0.87839,3.15098,-0.69230,-1.98559,-2.10651,-2.19109,0.87827,3.15104,0.09652
17.35,lift,-0.69241,-1.97865,-2.10501,-2.19953,0.87839,3.15098,-0.69231,-1.98480,-2.10634,-2.19208,0.87829,3.15103,0.09703
17.36,lift,-0.69241,-1.97783,-2.10482,-2.20054,0.87839,3.15098,-0.69232,-1.98400,-2.10617,-2.19307,0.87830,3.15103,0.09755
17.37,lift,-0.69241,-1.97702,-2.10462,-2.20154,0.87839,3.15098,-0.69233,-1.98320,-2.10599,-2.19406,0.87831,3.15102,0.09807
17.38,lift,-0.69241,-1.97621,-2.10443,-2.20255,0.87839,3.15098,-0.69234,-1.98240,-2.10582,-2.19506,0.87832,3.15101,0.09859
17.39,lift,-0.69241,-1.97540,-2.10424,-2.20356,0.87839,3.15098,-0.69234,-1.98160,-2.10564,-2.19606,0.87833,3.15101,0.09912
17.40,lift,-0.69241,-1.97458,-2.10404,-2.20456,0.87839,3.15098,-0.69235,-1.98080,-2.10546,-2.19705,0.87833,3.15101,0.09964
17.41,lift,-0.69241,-1.97377,-2.10385,-2.20557,0.87839,3.15098,-0.69235,-1.97999,-2.10527,-2.19805,0.87834,3.15101,0.10017
17.42,lift,-0.69241,-1.97296,-2.10365,-2.20658,0.87839,3.15098,-0.69236,-1.97919,-2.10509,-2.19905,0.87835,3.15101,0.10070
17.43,lift,-0.69241,-1.97214,-2.10346,-2.20758,0.87839,3.15098,-0.69236,-1.97838,-2.10490,-2.20005,0.87835,3.15101,0.10123
17.44,lift,-0.69241,-1.97133,-2.10327,-2.20859,0.87839,3.15098,-0.69236,-1.97757,-2.10472,-2.20105,0.87836,3.15101,0.10176
17.45,lift,-0.69241,-1.97052,-2.10307,-2.20959,0.87839,3.15098,-0.69236,-1.97676,-2.10453,-2.20205,0.87836,3.15101,0.10229
17.46,lift,-0.69241,-1.96970,-2.10288,-2.21060,0.87839,3.15098,-0.69237,-1.97595,-2.10434,-2.20305,0.87836,3.15101,0.10282
17.47,lift,-0.69241,-1.96889,-2.10269,-2.21161,0.87839,3.15098,-0.69237,-1.97514,-2.10415,-2.20406,0.87837,3.15101,0.10336
17.48,lift,-0.69241,-1.96808,-2.10249,-2.21261,0.87839,3.15098,-0.69237,-1.97433,-2.10396,-2.20506,0.87837,3.15101,0.10389
17.49,lift,-0.69241,-1.96727,-2.10230,-2.21362,0.87839,3.15098,-0.69237,-1.97352,-2.10377,-2.20607,0.87837,3.15101,0.10442
17.50,lift,-0.69241,-1.96645,-2.10211,-2.21463,0.87839,3.15098,-0.69237,-1.97271,-2.10358,-2.20707,0.87838,3.15101,0.10496
17.51,lift,-0.69241,-1.96564,-2.10191,-2.21563,0.87839,3.15098,-0.69237,-1.97190,-2.10339,-2.20807,0.87838,3.15101,0.10549
17.52,lift,-0.69241,-1.96483,-2.10172,-2.21664,0.87839,3.15098,-0.69238,-1.97109,-2.10319,-2.20908,0.87838,3.15101,0.10603
17.53,lift,-0.69241,-1.96401,-2.10152,-2.21765,0.87839,3.15098,-0.69238,-1.97028,-2.10300,-2.21008,0.87838,3.15101,0.10657
17.54,lift,-0.69241,-1.96320,-2.10133,-2.21865,0.87839,3.15098,-0.69238,-1.96947,-2.10281,-2.21109,0.87838,3.15101,0.10710
17.55,lift,-0.69241,-1.96239,-2.10114,-2.21966,0.87839,3.15098,-0.69238,-1.96866,-2.10262,-2.21209,0.87838,3.15101,0.10764
17.56,lift,-0.69241,-1.96158,-2.10094,-2.22067,0.87839,3.15098,-0.69238,-1.96784,-2.10243,-2.21310,0.87838,3.15101,0.10817
17.57,lift,-0.69241,-1.96076,-2.10075,-2.22167,0.87839,3.15098,-0.69238,-1.96703,-2.10223,-2.21410,0.87838,3.15101,0.10871
17.58,lift,-0.69241,-1.95995,-2.10056,-2.22268,0.87839,3.15098,-0.69238,-1.96622,-2.10204,-2.21511,0.87838,3.15101,0.10925
17.59,lift,-0.69241,-1.95914,-2.10036,-2.22369,0.87839,3.15098,-0.69238,-1.96541,-2.10185,-2.21611,0.87838,3.15101,0.10978
17.60,lift,-0.69241,-1.95832,-2.10017,-2.22469,0.87839,3.15098,-0.69238,-1.96460,-2.10166,-2.21712,0.87838,3.15101,0.11032
17.61,lift,-0.69241,-1.95751,-2.09998,-2.22570,0.87839,3.15098,-0.69238,-1.96378,-2.10146,-2.21812,0.87839,3.15101,0.11070
17.62,lift,-0.69241,-1.95670,-2.09978,-2.22671,0.87839,3.15098,-0.69238,-1.96297,-2.10127,-2.21913,0.87839,3.15101,0.11070
17.63,lift,-0.69241,-1.95589,-2.09959,-2.22771,0.87839,3.15098,-0.69238,-1.96216,-2.10108,-2.22014,0.87839,3.15101,0.11070
17.64,lift,-0.69241,-1.95507,-2.09939,-2.22872,0.87839,3.15098,-0.69238,-1.96134,-2.10088,-2.22114,0.87839,3.15101,0.11070
17.65,lift,-0.69241,-1.95426,-2.09920,-2.22972,0.87839,3.15098,-0.69238,-1.96053,-2.10069,-2.22215,0.87839,3.15101,0.11070
17.66,lift,-0.69241,-1.95345,-2.09901,-2.23073,0.87839,3.15098,-0.69238,-1.95972,-2.10050,-2.22316,0.87839,3.15101,0.11070
17.67,lift,-0.69241,-1.95263,-2.09881,-2.23174,0.87839,3.15098,-0.69238,-1.95891,-2.10031,-2.22416,0.87839,3.15101,0.11070
17.68,lift,-0.69241,-1.95182,-2.09862,-2.23274,0.87839,3.15098,-0.69238,-1.95809,-2.10011,-2.22517,0.87839,3.15101,0.11070
17.69,lift,-0.69241,-1.95101,-2.09843,-2.23375,0.87839,3.15098,-0.69238,-1.95728,-2.09992,-2.22617,0.87839,3.15101,0.11070
17.70,lift,-0.69241,-1.95020,-2.09823,-2.23476,0.87839,3.15098,-0.69238,-1.95647,-2.09973,-2.22718,0.87839,3.15101,0.11070
17.71,lift,-0.69241,-1.94938,-2.09804,-2.23576,0.87839,3.15098,-0.69238,-1.95566,-2.09953,-2.22819,0.87839,3.15101,0.11070
17.72,lift,-0.69241,-1.94857,-2.09785,-2.23677,0.87839,3.15098,-0.69238,-1.95484,-2.09934,-2.22919,0.87839,3.15101,0.11070
17.73,lift,-0.69241,-1.94776,-2.09765,-2.23778,0.87839,3.15098,-0.69238,-1.95403,-2.09915,-2.23020,0.87839,3.15101,0.11070
17.74,lift,-0.69241,-1.94694,-2.09746,-2.23878,0.87839,3.15098,-0.69238,-1.95322,-2.09895,-2.23121,0.87839,3.15101,0.11070
17.75,lift,-0.69241,-1.94613,-2.09726,-2.23979,0.87839,3.15098,-0.69238,-1.95240,-2.09876,-2.23221,0.87839,3.15101,0.11070
17.76,lift,-0.69241,-1.94532,-2.09707,-2.24080,0.87839,3.15098,-0.69238,-1.95159,-2.09857,-2.23322,0.87839,3.15101,0.11070
17.77,lift,-0.69241,-1.94451,-2.09688,-2.24180,0.87839,3.15098,-0.69238,-1.95078,-2.09837,-2.23423,0.87839,3.15101,0.11070
17.78,lift,-0.69241,-1.94369,-2.09668,-2.24281,0.87839,3.15098,-0.69238,-1.94997,-2.09818,-2.23523,0.87839,3.15101,0.11070
17.79,lift,-0.69241,-1.94288,-2.09649,-2.24382,0.87839,3.15098,-0.69238,-1.94915,-2.09799,-2.23624,0.87839,3.15101,0.11070
17.80,lift,-0.69241,-1.94207,-2.09630,-2.24482,0.87839,3.15098,-0.69238,-1.94834,-2.09779,-2.23725,0.87839,3.15101,0.11070
17.81,lift,-0.69241,-1.94125,-2.09610,-2.24583,0.87839,3.15098,-0.69238,-1.94753,-2.09760,-2.23825,0.87839,3.15101,0.11070
17.82,lift,-0.69241,-1.94044,-2.09591,-2.24684,0.87839,3.15098,-0.69238,-1.94671,-2.09740,-2.23926,0.87839,3.15101,0.11070
17.83,lift,-0.69241,-1.93963,-2.09572,-2.24784,0.87839,3.15098,-0.69238,-1.94590,-2.09721,-2.24027,0.87839,3.15101,0.11070
17.84,lift,-0.69241,-1.93882,-2.09552,-2.24885,0.87839,3.15098,-0.69238,-1.94509,-2.09702,-2.24127,0.87839,3.15101,0.11070
17.85,lift,-0.69241,-1.93800,-2.09533,-2.24986,0.87839,3.15098,-0.69238,-1.94428,-2.09682,-2.24228,0.87839,3.15101,0.11070
17.86,lift,-0.69241,-1.93719,-2.09513,-2.25086,0.87839,3.15098,-0.69238,-1.94346,-2.09663,-2.24329,0.87839,3.15101,0.11070
17.87,lift,-0.69241,-1.93638,-2.09494,-2.25187,0.87839,3.15098,-0.69238,-1.94265,-2.09644,-2.24429,0.87839,3.15101,0.11070
17.88,lift,-0.69241,-1.93556,-2.09475,-2.25287,0.87839,3.15098,-0.69238,-1.94184,-2.09624,-2.24530,0.87839,3.15101,0.11070
17.89,lift,-0.69241,-1.93475,-2.09455,-2.25388,0.87839,3.15098,-0.69238,-1.94102,-2.09605,-2.24630,0.87839,3.15101,0.11070
17.90,lift,-0.69241,-1.93394,-2.09436,-2.25489,0.87839,3.15098,-0.69238,-1.94021,-2.09586,-2.24731,0.87839,3.15101,0.11070
17.91,lift,-0.69241,-1.93313,-2.09417,-2.25589,0.87839,3.15098,-0.69238,-1.93940,-2.09566,-2.24832,0.87839,3.15101,0.11070
17.92,lift,-0.69241,-1.93231,-2.09397,-2.25690,0.87839,3.15098,-0.69238,-1.93859,-2.09547,-2.24932,0.87839,3.15101,0.11070
17.93,lift,-0.69241,-1.93150,-2.09378,-2.25791,0.87839,3.15098,-0.69238,-1.93777,-2.09528,-2.25033,0.87839,3.15101,0.11070
17.94,lift,-0.69241,-1.93069,-2.09359,-2.25891,0.87839,3.15098,-0.69238,-1.93696,-2.09508,-2.25134,0.87839,3.15101,0.11070
17.95,lift,-0.69241,-1.92987,-2.09339,-2.25992,0.87839,3.15098,-0.69238,-1.93615,-2.09489,-2.25234,0.87839,3.15101,0.11070
17.96,lift,-0.69241,-1.92906,-2.09320,-2.26093,0.87839,3.15098,-0.69238,-1.93533,-2.09469,-2.25335,0.87839,3.15101,0.11070
17.97,lift,-0.69241,-1.92825,-2.09300,-2.26193,0.87839,3.15098,-0.69238,-1.93452,-2.09450,-2.25436,0.87839,3.15101,0.11070
17.98,lift,-0.69241,-1.92744,-2.09281,-2.26294,0.87839,3.15098,-0.69238,-1.93371,-2.09431,-2.25536,0.87839,3.15101,0.11070
17.99,lift,-0.69241,-1.92662,-2.09262,-2.26395,0.87839,3.15098,-0.69238,-1.93290,-2.09411,-2.25637,0.87839,3.15101,0.11070
18.00,lift,-0.69241,-1.92581,-2.09242,-2.26495,0.87839,3.15098,-0.69238,-1.93208,-2.09392,-2.25738,0.87839,3.15101,0.11070
18.01,lift,-0.69241,-1.92500,-2.09223,-2.26596,0.87839,3.15098,-0.69238,-1.93127,-2.09373,-2.25838,0.87839,3.15101,0.11070
18.02,lift,-0.69241,-1.92418,-2.09204,-2.26697,0.87839,3.15098,-0.69238,-1.93046,-2.09353,-2.25939,0.87839,3.15101,0.11070
18.03,lift,-0.69241,-1.92337,-2.09184,-2.26797,0.87839,3.15098,-0.69238,-1.92964,-2.09334,-2.26040,0.87839,3.15101,0.11070
18.04,lift,-0.69241,-1.92256,-2.09165,-2.26898,0.87839,3.15098,-0.69238,-1.92883,-2.09315,-2.26140,0.87839,3.15101,0.11070
18.05,lift,-0.69241,-1.92175,-2.09146,-2.26999,0.87839,3.15098,-0.69238,-1.92802,-2.09295,-2.26241,0.87839,3.15101,0.11070
18.06,lift,-0.69241,-1.92093,-2.09126,-2.27099,0.87839,3.15098,-0.69238,-1.92721,-2.09276,-2.26342,0.87839,3.15101,0.11070
18.07,lift,-0.69241,-1.92012,-2.09107,-2.27200,0.87839,3.15098,-0.69238,-1.92639,-2.09256,-2.26442,0.87839,3.15101,0.11070
18.08,lift,-0.69241,-1.91931,-2.09087,-2.27300,0.87839,3.15098,-0.69238,-1.92558,-2.09237,-2.26543,0.87839,3.15101,0.11070
18.09,lift,-0.69241,-1.91849,-2.09068,-2.27401,0.87839,3.15098,-0.69238,-1.92477,-2.09218,-2.26644,0.87839,3.15101,0.11070
18.10,lift,-0.69241,-1.91768,-2.09049,-2.27502,0.87839,3.15098,-0.69238,-1.92395,-2.09198,-2.26744,0.87839,3.15101,0.11070
18.11,lift,-0.69241,-1.91687,-2.09029,-2.27602,0.87839,3.15098,-0.69238,-1.92314,-2.09179,-2.26845,0.87839,3.15101,0.11070
18.12,lift,-0.69241,-1.91605,-2.09010,-2.27703,0.87839,3.15098,-0.69238,-1.92233,-2.09160,-2.26945,0.87839,3.15101,0.11070
18.13,lift,-0.69241,-1.91524,-2.08991,-2.27804,0.87839,3.15098,-0.69238,-1.92151,-2.09140,-2.27046,0.87839,3.15101,0.11070
18.14,lift,-0.69241,-1.91443,-2.08971,-2.27904,0.87839,3.15098,-0.69238,-1.92070,-2.09121,-2.27147,0.87839,3.15101,0.11070
18.15,lift,-0.69241,-1.91362,-2.08952,-2.28005,0.87839,3.15098,-0.69238,-1.91989,-2.09102,-2.27247,0.87839,3.15101,0.11070
18.16,lift,-0.69241,-1.91280,-2.08933,-2.28106,0.87839,3.15098,-0.69238,-1.91908,-2.09082,-2.27348,0.87839,3.15101,0.11070
18.17,lift,-0.69241,-1.91199,-2.08913,-2.28206,0.87839,3.15098,-0.69238,-1.91826,-2.09063,-2.27449,0.87839,3.15101,0.11070
18.18,lift,-0.69241,-1.91118,-2.08894,-2.28307,0.87839,3.15098,-0.69238,-1.91745,-2.09044,-2.27549,0.87839,3.15101,0.11070
18.19,lift,-0.69241,-1.91036,-2.08874,-2.28408,0.87839,3.15098,-0.69238,-1.91664,-2.09024,-2.27650,0.87839,3.15101,0.11070
18.20,lift,-0.69241,-1.90955,-2.08855,-2.28508,0.87839,3.15098,-0.69238,-1.91583,-2.09005,-2.27751,0.87839,3.15101,0.11070
18.21,lift,-0.69241,-1.90874,-2.08836,-2.28609,0.87839,3.15098,-0.69238,-1.91501,-2.08985,-2.27851,0.87839,3.15101,0.11070
18.22,lift,-0.69241,-1.90793,-2.08816,-2.28710,0.87839,3.15098,-0.69238,-1.91420,-2.08966,-2.27952,0.87839,3.15101,0.11070
18.23,lift,-0.69241,-1.90711,-2.08797,-2.28810,0.87839,3.15098,-0.69238,-1.91339,-2.08947,-2.28053,0.87839,3.15101,0.11070
18.24,lift,-0.69241,-1.90630,-2.08778,-2.28911,0.87839,3.15098,-0.69238,-1.91257,-2.08927,-2.28153,0.87839,3.15101,0.11070
18.25,lift,-0.69241,-1.90549,-2.08758,-2.29012,0.87839,3.15098,-0.69238,-1.91176,-2.08908,-2.28254,0.87839,3.15101,0.11070
18.26,lift,-0.69241,-1.90467,-2.08739,-2.29112,0.87839,3.15098,-0.69238,-1.91095,-2.08889,-2.28355,0.87839,3.15101,0.11070
18.27,lift,-0.69241,-1.90386,-2.08720,-2.29213,0.87839,3.15098,-0.69238,-1.91013,-2.08869,-2.28455,0.87839,3.15101,0.11070
18.28,lift,-0.69241,-1.90305,-2.08700,-2.29313,0.87839,3.15098,-0.69238,-1.90932,-2.08850,-2.28556,0.87839,3.15101,0.11070
18.29,lift,-0.69241,-1.90224,-2.08681,-2.29414,0.87839,3.15098,-0.69238,-1.90851,-2.08831,-2.28657,0.87839,3.15101,0.11070
18.30,lift,-0.69241,-1.90142,-2.08661,-2.29515,0.87839,3.15098,-0.69238,-1.90770,-2.08811,-2.28757,0.87839,3.15101,0.11070
18.31,lift,-0.69241,-1.90061,-2.08642,-2.29615,0.87839,3.15098,-0.69238,-1.90688,-2.08792,-2.28858,0.87839,3.15101,0.11070
18.32,lift,-0.69241,-1.89980,-2.08623,-2.29716,0.87839,3.15098,-0.69238,-1.90607,-2.08772,-2.28958,0.87839,3.15101,0.11070
18.33,lift,-0.69241,-1.89898,-2.08603,-2.29817,0.87839,3.15098,-0.69238,-1.90526,-2.08753,-2.29059,0.87839,3.15101,0.11070
18.34,lift,-0.69241,-1.89817,-2.08584,-2.29917,0.87839,3.15098,-0.69238,-1.90444,-2.08734,-2.29160,0.87839,3.15101,0.11070
18.35,lift,-0.69241,-1.89736,-2.08565,-2.30018,0.87839,3.15098,-0.69238,-1.90363,-2.08714,-2.29260,0.87839,3.15101,0.11070
18.36,lift,-0.69241,-1.89655,-2.08545,-2.30119,0.87839,3.15098,-0.69238,-1.90282,-2.08695,-2.29361,0.87839,3.15101,0.11070
18.37,lift,-0.69241,-1.89573,-2.08526,-2.30219,0.87839,3.15098,-0.69238,-1.90201,-2.08676,-2.29462,0.87839,3.15101,0.11070
18.38,lift,-0.69241,-1.89492,-2.08507,-2.30320,0.87839,3.15098,-0.69238,-1.90119,-2.08656,-2.29562,0.87839,3.15101,0.11070
18.39,lift,-0.69241,-1.89411,-2.08487,-2.30421,0.87839,3.15098,-0.69238,-1.90038,-2.08637,-2.29663,0.87839,3.15101,0.11070
18.40,lift,-0.69241,-1.89329,-2.08468,-2.30521,0.87839,3.15098,-0.69238,-1.89957,-2.08618,-2.29764,0.87839,3.15101,0.11070
18.41,lift,-0.69241,-1.89248,-2.08448,-2.30622,0.87839,3.15098,-0.69238,-1.89875,-2.08598,-2.29864,0.87839,3.15101,0.11070
18.42,lift,-0.69241,-1.89167,-2.08429,-2.30723,0.87839,3.15098,-0.69238,-1.89794,-2.08579,-2.29965,0.87839,3.15101,0.11070
18.43,lift,-0.69241,-1.89086,-2.08410,-2.30823,0.87839,3.15098,-0.69238,-1.89713,-2.08560,-2.30066,0.87839,3.15101,0.11070
18.44,lift,-0.69241,-1.89004,-2.08390,-2.30924,0.87839,3.15098,-0.69238,-1.89632,-2.08540,-2.30166,0.87839,3.15101,0.11070
18.45,lift,-0.69241,-1.88923,-2.08371,-2.31025,0.87839,3.15098,-0.69238,-1.89550,-2.08521,-2.30267,0.87839,3.15101,0.11070
18.46,lift,-0.69241,-1.88842,-2.08352,-2.31125,0.87839,3.15098,-0.69238,-1.89469,-2.08501,-2.30368,0.87839,3.15101,0.11070
18.47,lift,-0.69241,-1.88760,-2.08332,-2.31226,0.87839,3.15098,-0.69238,-1.89388,-2.08482,-2.30468,0.87839,3.15101,0.11070
18.48,lift,-0.69241,-1.88679,-2.08313,-2.31327,0.87839,3.15098,-0.69238,-1.89306,-2.08463,-2.30569,0.87839,3.15101,0.11070
18.49,lift,-0.69241,-1.88598,-2.08294,-2.31427,0.87839,3.15098,-0.69238,-1.89225,-2.08443,-2.30670,0.87839,3.15101,0.11070
18.50,lift,-0.69241,-1.88517,-2.08274,-2.31528,0.87839,3.15098,-0.69238,-1.89144,-2.08424,-2.30770,0.87839,3.15101,0.11070
18.51,lift,-0.69241,-1.88435,-2.08255,-2.31628,0.87839,3.15098,-0.69238,-1.89063,-2.08405,-2.30871,0.87839,3.15101,0.11070
18.52,lift,-0.69241,-1.88354,-2.08235,-2.31729,0.87839,3.15098,-0.69238,-1.88981,-2.08385,-2.30972,0.87839,3.15101,0.11070
18.53,lift,-0.69241,-1.88273,-2.08216,-2.31830,0.87839,3.15098,-0.69238,-1.88900,-2.08366,-2.31072,0.87839,3.15101,0.11070
18.54,lift,-0.69241,-1.88191,-2.08197,-2.31930,0.87839,3.15098,-0.69238,-1.88819,-2.08347,-2.31173,0.87839,3.15101,0.11070
18.55,lift,-0.69241,-1.88110,-2.08177,-2.32031,0.87839,3.15098,-0.69238,-1.88737,-2.08327,-2.31273,0.87839,3.15101,0.11070
18.56,lift,-0.69241,-1.88029,-2.08158,-2.32132,0.87839,3.15098,-0.69238,-1.88656,-2.08308,-2.31374,0.87839,3.15101,0.11070
18.57,lift,-0.69241,-1.87948,-2.08139,-2.32232,0.87839,3.15098,-0.69238,-1.88575,-2.08289,-2.31475,0.87839,3.15101,0.11070
18.58,lift,-0.69241,-1.87866,-2.08119,-2.32333,0.87839,3.15098,-0.69238,-1.88494,-2.08269,-2.31575,0.87839,3.15101,0.11070
18.59,lift,-0.69241,-1.87785,-2.08100,-2.32434,0.87839,3.15098,-0.69238,-1.88412,-2.08250,-2.31676,0.87839,3.15101,0.11070
18.60,lift,-0.69241,-1.87704,-2.08081,-2.32534,0.87839,3.15098,-0.69238,-1.88331,-2.08230,-2.31777,0.87839,3.15101,0.11070
18.61,lift,-0.69241,-1.87622,-2.08061,-2.32635,0.87839,3.15098,-0.69238,-1.88250,-2.08211,-2.31877,0.87839,3.15101,0.11070
18.62,lift,-0.69241,-1.87541,-2.08042,-2.32736,0.87839,3.15098,-0.69238,-1.88169,-2.08192,-2.31978,0.87839,3.15101,0.11070
18.63,lift,-0.69241,-1.87460,-2.08022,-2.32836,0.87839,3.15098,-0.69238,-1.88087,-2.08172,-2.32079,0.87839,3.15101,0.11070
18.64,lift,-0.69241,-1.87379,-2.08003,-2.32937,0.87839,3.15098,-0.69238,-1.88006,-2.08153,-2.32179,0.87839,3.15101,0.11070
18.65,lift,-0.69241,-1.87297,-2.07984,-2.33038,0.87839,3.15098,-0.69238,-1.87925,-2.08134,-2.32280,0.87839,3.15101,0.11070
18.66,lift,-0.69241,-1.87216,-2.07964,-2.33138,0.87839,3.15098,-0.69238,-1.87843,-2.08114,-2.32381,0.87839,3.15101,0.11070
18.67,lift,-0.69241,-1.87135,-2.07945,-2.33239,0.87839,3.15098,-0.69238,-1.87762,-2.08095,-2.32481,0.87839,3.15101,0.11070
18.68,lift,-0.69241,-1.87053,-2.07926,-2.33340,0.87839,3.15098,-0.69238,-1.87681,-2.08076,-2.32582,0.87839,3.15101,0.11070
18.69,lift,-0.69241,-1.86972,-2.07906,-2.33440,0.87839,3.15098,-0.69238,-1.87599,-2.08056,-2.32683,0.87839,3.15101,0.11070
18.70,lift,-0.69241,-1.86891,-2.07887,-2.33541,0.87839,3.15098,-0.69238,-1.87518,-2.08037,-2.32783,0.87839,3.15101,0.11070
18.71,lift,-0.69241,-1.86810,-2.07868,-2.33642,0.87839,3.15098,-0.69238,-1.87437,-2.08017,-2.32884,0.87839,3.15101,0.11070
18.72,lift,-0.69241,-1.86728,-2.07848,-2.33742,0.87839,3.15098,-0.69238,-1.87356,-2.07998,-2.32984,0.87839,3.15101,0.11070
18.73,lift,-0.69241,-1.86647,-2.07829,-2.33843,0.87839,3.15098,-0.69238,-1.87274,-2.07979,-2.33085,0.87839,3.15101,0.11070
18.74,lift,-0.69241,-1.86566,-2.07809,-2.33943,0.87839,3.15098,-0.69238,-1.87193,-2.07959,-2.33186,0.87839,3.15101,0.11070
18.75,lift,-0.69241,-1.86484,-2.07790,-2.34044,0.87839,3.15098,-0.69238,-1.87112,-2.07940,-2.33286,0.87839,3.15101,0.11070
18.76,lift,-0.69241,-1.86403,-2.07771,-2.34145,0.87839,3.15098,-0.69238,-1.87030,-2.07921,-2.33387,0.87839,3.15101,0.11070
18.77,lift,-0.69241,-1.86322,-2.07751,-2.34245,0.87839,3.15098,-0.69238,-1.86949,-2.07901,-2.33488,0.87839,3.15101,0.11070
18.78,lift,-0.69241,-1.86240,-2.07732,-2.34346,0.87839,3.15098,-0.69238,-1.86868,-2.07882,-2.33588,0.87839,3.15101,0.11070
18.79,lift,-0.69241,-1.86159,-2.07713,-2.34447,0.87839,3.15098,-0.69238,-1.86787,-2.07863,-2.33689,0.87839,3.15101,0.11070
18.80,lift,-0.69241,-1.86078,-2.07693,-2.34547,0.87839,3.15098,-0.69238,-1.86705,-2.07843,-2.33790,0.87839,3.15101,0.11070
18.81,lift,-0.69241,-1.85997,-2.07674,-2.34648,0.87839,3.15098,-0.69238,-1.86624,-2.07824,-2.33890,0.87839,3.15101,0.11070
18.82,lift,-0.69241,-1.85915,-2.07655,-2.34749,0.87839,3.15098,-0.69238,-1.86543,-2.07805,-2.33991,0.87839,3.15101,0.11070
18.83,lift,-0.69241,-1.85834,-2.07635,-2.34849,0.87839,3.15098,-0.69238,-1.86461,-2.07785,-2.34092,0.87839,3.15101,0.11070
18.84,lift,-0.69241,-1.85753,-2.07616,-2.34950,0.87839,3.15098,-0.69238,-1.86380,-2.07766,-2.34192,0.87839,3.15101,0.11070
18.85,lift,-0.69241,-1.85671,-2.07596,-2.35051,0.87839,3.15098,-0.69238,-1.86299,-2.07746,-2.34293,0.87839,3.15101,0.11070
18.86,lift,-0.69241,-1.85590,-2.07577,-2.35151,0.87839,3.15098,-0.69238,-1.86218,-2.07727,-2.34394,0.87839,3.15101,0.11070
18.87,lift,-0.69241,-1.85509,-2.07558,-2.35252,0.87839,3.15098,-0.69238,-1.86136,-2.07708,-2.34494,0.87839,3.15101,0.11070
18.88,lift,-0.69241,-1.85428,-2.07538,-2.35353,0.87839,3.15098,-0.69238,-1.86055,-2.07688,-2.34595,0.87839,3.15101,0.11070
18.89,lift,-0.69241,-1.85346,-2.07519,-2.35453,0.87839,3.15098,-0.69238,-1.85974,-2.07669,-2.34696,0.87839,3.15101,0.11070
18.90,lift,-0.69241,-1.85265,-2.07500,-2.35554,0.87839,3.15098,-0.69238,-1.85892,-2.07650,-2.34796,0.87839,3.15101,0.11070
18.91,lift,-0.69241,-1.85265,-2.07500,-2.35554,0.87839,3.15098,-0.69238,-1.85814,-2.07631,-2.34885,0.87839,3.15101,0.11070
18.92,lift,-0.69241,-1.85265,-2.07500,-2.35554,0.87839,3.15098,-0.69240,-1.85743,-2.07614,-2.34964,0.87839,3.15101,0.11070
18.93,lift,-0.69241,-1.85265,-2.07500,-2.35554,0.87839,3.15098,-0.69241,-1.85679,-2.07598,-2.35034,0.87839,3.15101,0.11070
18.94,lift,-0.69241,-1.85265,-2.07500,-2.35554,0.87839,3.15098,-0.69242,-1.85623,-2.07585,-2.35095,0.87839,3.15101,0.11070
18.95,lift,-0.69241,-1.85265,-2.07500,-2.35554,0.87839,3.15098,-0.69243,-1.85574,-2.07573,-2.35149,0.87839,3.15101,0.11070
18.96,lift,-0.69241,-1.85265,-2.07500,-2.35554,0.87839,3.15098,-0.69244,-1.85531,-2.07563,-2.35197,0.87839,3.15101,0.11070
18.97,lift,-0.69241,-1.85265,-2.07500,-2.35554,0.87839,3.15098,-0.69245,-1.85495,-2.07554,-2.35239,0.87839,3.15101,0.11070
18.98,lift,-0.69241,-1.85265,-2.07500,-2.35554,0.87839,3.15098,-0.69245,-1.85463,-2.07546,-2.35276,0.87839,3.15101,0.11070
18.99,lift,-0.69241,-1.85265,-2.07500,-2.35554,0.87839,3.15098,-0.69245,-1.85435,-2.07540,-2.35309,0.87839,3.15101,0.11070
19.00,lift,-0.69241,-1.85265,-2.07500,-2.35554,0.87839,3.15098,-0.69245,-1.85412,-2.07534,-2.35337,0.87839,3.15101,0.11070
19.01,lift,-0.69241,-1.85265,-2.07500,-2.35554,0.87839,3.15098,-0.69245,-1.85391,-2.07529,-2.35363,0.87839,3.15101,0.11070
19.02,lift,-0.69241,-1.85265,-2.07500,-2.35554,0.87839,3.15098,-0.69245,-1.85374,-2.07525,-2.35385,0.87839,3.15101,0.11070
19.03,lift,-0.69241,-1.85265,-2.07500,-2.35554,0.87839,3.15098,-0.69245,-1.85359,-2.07521,-2.35405,0.87839,3.15101,0.11070
19.04,lift,-0.69241,-1.85265,-2.07500,-2.35554,0.87839,3.15098,-0.69245,-1.85346,-2.07518,-2.35423,0.87839,3.15101,0.11070
19.05,lift,-0.69241,-1.85265,-2.07500,-2.35554,0.87839,3.15098,-0.69245,-1.85335,-2.07516,-2.35438,0.87839,3.15101,0.11070
19.06,lift,-0.69241,-1.85265,-2.07500,-2.35554,0.87839,3.15098,-0.69245,-1.85325,-2.07513,-2.35452,0.87839,3.15101,0.11070
19.07,lift,-0.69241,-1.85265,-2.07500,-2.35554,0.87839,3.15098,-0.69244,-1.85317,-2.07511,-2.35464,0.87839,3.15101,0.11070
19.08,lift,-0.69241,-1.85265,-2.07500,-2.35554,0.87839,3.15098,-0.69244,-1.85309,-2.07510,-2.35474,0.87839,3.15101,0.11070
19.09,lift,-0.69241,-1.85265,-2.07500,-2.35554,0.87839,3.15098,-0.69244,-1.85303,-2.07508,-2.35484,0.87839,3.15101,0.11070
19.10,lift,-0.69241,-1.85265,-2.07500,-2.35554,0.87839,3.15098,-0.69244,-1.85298,-2.07507,-2.35492,0.87839,3.15101,0.11070
19.11,lift,-0.69241,-1.85265,-2.07500,-2.35554,0.87839,3.15098,-0.69244,-1.85293,-2.07506,-2.35499,0.87839,3.15101,0.11070
19.12,lift,-0.69241,-1.85265,-2.07500,-2.35554,0.87839,3.15098,-0.69243,-1.85289,-2.07505,-2.35506,0.87839,3.15101,0.11070
19.13,lift,-0.69241,-1.85265,-2.07500,-2.35554,0.87839,3.15098,-0.69243,-1.85286,-2.07505,-2.35511,0.87839,3.15101,0.11070
19.14,lift,-0.69241,-1.85265,-2.07500,-2.35554,0.87839,3.15098,-0.69243,-1.85283,-2.07504,-2.35516,0.87839,3.15101,0.11070
19.15,lift,-0.69241,-1.85265,-2.07500,-2.35554,0.87839,3.15098,-0.69243,-1.85281,-2.07503,-2.35521,0.87839,3.15101,0.11070
19.16,lift,-0.69241,-1.85265,-2.07500,-2.35554,0.87839,3.15098,-0.69243,-1.85278,-2.07502,-2.35525,0.87839,3.15101,0.11070
19.17,lift,-0.69241,-1.85265,-2.07500,-2.35554,0.87839,3.15098,-0.69243,-1.85277,-2.07502,-2.35528,0.87839,3.15101,0.11070
19.18,lift,-0.69241,-1.85265,-2.07500,-2.35554,0.87839,3.15098,-0.69242,-1.85275,-2.07502,-2.35531,0.87839,3.15101,0.11070
19.19,lift,-0.69241,-1.85265,-2.07500,-2.35554,0.87839,3.15098,-0.69242,-1.85274,-2.07502,-2.35534,0.87839,3.15101,0.11070
19.20,lift,-0.69241,-1.85265,-2.07500,-2.35554,0.87839,3.15098,-0.69242,-1.85272,-2.07502,-2.35536,0.87839,3.15101,0.11070
19.21,lift,-0.69241,-1.85265,-2.07500,-2.35554,0.87839,3.15098,-0.69242,-1.85271,-2.07502,-2.35538,0.87839,3.15101,0.11070
19.22,lift,-0.69241,-1.85265,-2.07500,-2.35554,0.87839,3.15098,-0.69242,-1.85271,-2.07502,-2.35540,0.87839,3.15101,0.11070
19.23,lift,-0.69241,-1.85265,-2.07500,-2.35554,0.87839,3.15098,-0.69241,-1.85270,-2.07502,-2.35542,0.87839,3.15101,0.11070
19.24,lift,-0.69241,-1.85265,-2.07500,-2.35554,0.87839,3.15098,-0.69241,-1.85269,-2.07502,-2.35543,0.87839,3.15101,0.11070
19.25,lift,-0.69241,-1.85265,-2.07500,-2.35554,0.87839,3.15098,-0.69241,-1.85269,-2.07502,-2.35545,0.87839,3.15101,0.11070
19.26,lift,-0.69241,-1.85265,-2.07500,-2.35554,0.87839,3.15098,-0.69241,-1.85268,-2.07502,-2.35545,0.87839,3.15101,0.11070
19.27,lift,-0.69241,-1.85265,-2.07500,-2.35554,0.87839,3.15098,-0.69241,-1.85268,-2.07502,-2.35546,0.87839,3.15101,0.11070
19.28,lift,-0.69241,-1.85265,-2.07500,-2.35554,0.87839,3.15098,-0.69241,-1.85267,-2.07502,-2.35547,0.87839,3.15101,0.11070
19.29,lift,-0.69241,-1.85265,-2.07500,-2.35554,0.87839,3.15098,-0.69241,-1.85267,-2.07502,-2.35548,0.87839,3.15101,0.11070
19.30,lift,-0.69241,-1.85265,-2.07500,-2.35554,0.87839,3.15098,-0.69241,-1.85267,-2.07502,-2.35549,0.87839,3.15101,0.11070
19.31,lift,-0.69241,-1.85265,-2.07500,-2.35554,0.87839,3.15098,-0.69241,-1.85266,-2.07502,-2.35549,0.87839,3.15101,0.11070
19.32,lift,-0.69241,-1.85265,-2.07500,-2.35554,0.87839,3.15098,-0.69241,-1.85266,-2.07502,-2.35550,0.87839,3.15101,0.11070
19.33,lift,-0.69241,-1.85265,-2.07500,-2.35554,0.87839,3.15098,-0.69241,-1.85266,-2.07502,-2.35551,0.87839,3.15101,0.11070
19.34,lift,-0.69241,-1.85265,-2.07500,-2.35554,0.87839,3.15098,-0.69241,-1.85266,-2.07502,-2.35551,0.87839,3.15101,0.11070
19.35,lift,-0.69241,-1.85265,-2.07500,-2.35554,0.87839,3.15098,-0.69241,-1.85266,-2.07502,-2.35551,0.87839,3.15101,0.11070
19.36,lift,-0.69241,-1.85265,-2.07500,-2.35554,0.87839,3.15098,-0.69241,-1.85266,-2.07502,-2.35551,0.87839,3.15101,0.11070
19.37,lift,-0.69241,-1.85265,-2.07500,-2.35554,0.87839,3.15098,-0.69241,-1.85266,-2.07502,-2.35551,0.87839,3.15101,0.11070
19.38,lift,-0.69241,-1.85265,-2.07500,-2.35554,0.87839,3.15098,-0.69241,-1.85266,-2.07502,-2.35551,0.87839,3.15101,0.11070
19.39,lift,-0.69241,-1.85265,-2.07500,-2.35554,0.87839,3.15098,-0.69241,-1.85266,-2.07502,-2.35551,0.87839,3.15101,0.11070
19.40,lift,-0.69241,-1.85265,-2.07500,-2.35554,0.87839,3.15098,-0.69241,-1.85266,-2.07502,-2.35551,0.87839,3.15101,0.11070
19.41,lift,-0.69241,-1.85265,-2.07500,-2.35554,0.87839,3.15098,-0.69241,-1.85266,-2.07502,-2.35551,0.87839,3.15101,0.11070
19.42,lift,-0.69241,-1.85265,-2.07500,-2.35554,0.87839,3.15098,-0.69241,-1.85266,-2.07502,-2.35551,0.87839,3.15101,0.11070
19.43,lift,-0.69241,-1.85265,-2.07500,-2.35554,0.87839,3.15098,-0.69241,-1.85266,-2.07502,-2.35551,0.87839,3.15101,0.11070
19.44,lift,-0.69241,-1.85265,-2.07500,-2.35554,0.87839,3.15098,-0.69241,-1.85266,-2.07502,-2.35551,0.87839,3.15101,0.11070
19.45,lift,-0.69241,-1.85265,-2.07500,-2.35554,0.87839,3.15098,-0.69241,-1.85266,-2.07502,-2.35551,0.87839,3.15101,0.11070
19.46,lift,-0.69241,-1.85265,-2.07500,-2.35554,0.87839,3.15098,-0.69241,-1.85266,-2.07502,-2.35551,0.87839,3.15101,0.11070
19.47,lift,-0.69241,-1.85265,-2.07500,-2.35554,0.87839,3.15098,-0.69241,-1.85266,-2.07502,-2.35551,0.87839,3.15101,0.11070
19.48,lift,-0.69241,-1.85265,-2.07500,-2.35554,0.87839,3.15098,-0.69241,-1.85266,-2.07502,-2.35551,0.87839,3.15101,0.11070
19.49,lift,-0.69241,-1.85265,-2.07500,-2.35554,0.87839,3.15098,-0.69241,-1.85266,-2.07502,-2.35551,0.87839,3.15101,0.11070
19.50,lift,-0.69241,-1.85265,-2.07500,-2.35554,0.87839,3.15098,-0.69241,-1.85266,-2.07502,-2.35551,0.87839,3.15101,0.11070
19.51,lift,-0.69241,-1.85265,-2.07500,-2.35554,0.87839,3.15098,-0.69241,-1.85266,-2.07502,-2.35551,0.87839,3.15101,0.11070
19.52,lift,-0.69241,-1.85265,-2.07500,-2.35554,0.87839,3.15098,-0.69241,-1.85266,-2.07502,-2.35551,0.87839,3.15101,0.11070
19.53,lift,-0.69241,-1.85265,-2.07500,-2.35554,0.87839,3.15098,-0.69241,-1.85266,-2.07502,-2.35551,0.87839,3.15101,0.11070
19.54,lift,-0.69241,-1.85265,-2.07500,-2.35554,0.87839,3.15098,-0.69241,-1.85266,-2.07502,-2.35551,0.87839,3.15101,0.11070
19.55,lift,-0.69241,-1.85265,-2.07500,-2.35554,0.87839,3.15098,-0.69241,-1.85266,-2.07502,-2.35551,0.87839,3.15101,0.11070
19.56,lift,-0.69241,-1.85265,-2.07500,-2.35554,0.87839,3.15098,-0.69241,-1.85266,-2.07502,-2.35551,0.87839,3.15101,0.11070
19.57,lift,-0.69241,-1.85265,-2.07500,-2.35554,0.87839,3.15098,-0.69241,-1.85266,-2.07502,-2.35551,0.87839,3.15101,0.11070
19.58,lift,-0.69241,-1.85265,-2.07500,-2.35554,0.87839,3.15098,-0.69241,-1.85266,-2.07502,-2.35551,0.87839,3.15101,0.11070
19.59,lift,-0.69241,-1.85265,-2.07500,-2.35554,0.87839,3.15098,-0.69241,-1.85266,-2.07502,-2.35551,0.87839,3.15101,0.11070
19.60,lift,-0.69241,-1.85265,-2.07500,-2.35554,0.87839,3.15098,-0.69241,-1.85266,-2.07502,-2.35551,0.87839,3.15101,0.11070
19.61,lift,-0.69241,-1.85265,-2.07500,-2.35554,0.87839,3.15098,-0.69241,-1.85266,-2.07502,-2.35551,0.87839,3.15101,0.11070
19.62,lift,-0.69241,-1.85265,-2.07500,-2.35554,0.87839,3.15098,-0.69241,-1.85266,-2.07502,-2.35551,0.87839,3.15101,0.11070
19.63,lift,-0.69241,-1.85265,-2.07500,-2.35554,0.87839,3.15098,-0.69241,-1.85266,-2.07502,-2.35551,0.87839,3.15101,0.11070
19.64,lift,-0.69241,-1.85265,-2.07500,-2.35554,0.87839,3.15098,-0.69241,-1.85266,-2.07502,-2.35551,0.87839,3.15101,0.11070
19.65,lift,-0.69241,-1.85265,-2.07500,-2.35554,0.87839,3.15098,-0.69241,-1.85266,-2.07502,-2.35551,0.87839,3.15101,0.11070
19.66,lift,-0.69241,-1.85265,-2.07500,-2.35554,0.87839,3.15098,-0.69241,-1.85266,-2.07502,-2.35551,0.87839,3.15101,0.11070
19.67,lift,-0.69241,-1.85265,-2.07500,-2.35554,0.87839,3.15098,-0.69241,-1.85266,-2.07502,-2.35551,0.87839,3.15101,0.11070
19.68,lift,-0.69241,-1.85265,-2.07500,-2.35554,0.87839,3.15098,-0.69241,-1.85266,-2.07502,-2.35551,0.87839,3.15101,0.11070
19.69,lift,-0.69241,-1.85265,-2.07500,-2.35554,0.87839,3.15098,-0.69241,-1.85266,-2.07502,-2.35551,0.87839,3.15101,0.11070
19.70,lift,-0.69241,-1.85265,-2.07500,-2.35554,0.87839,3.15098,-0.69241,-1.85266,-2.07502,-2.35551,0.87839,3.15101,0.11070
19.71,lift,-0.69241,-1.85265,-2.07500,-2.35554,0.87839,3.15098,-0.69241,-1.85266,-2.07502,-2.35551,0.87839,3.15101,0.11070
19.72,lift,-0.69241,-1.85265,-2.07500,-2.35554,0.87839,3.15098,-0.69241,-1.85266,-2.07502,-2.35551,0.87839,3.15101,0.11070
19.73,lift,-0.69241,-1.85265,-2.07500,-2.35554,0.87839,3.15098,-0.69241,-1.85266,-2.07502,-2.35551,0.87839,3.15101,0.11070
19.74,lift,-0.69241,-1.85265,-2.07500,-2.35554,0.87839,3.15098,-0.69241,-1.85266,-2.07502,-2.35551,0.87839,3.15101,0.11070
19.75,lift,-0.69241,-1.85265,-2.07500,-2.35554,0.87839,3.15098,-0.69241,-1.85266,-2.07502,-2.35551,0.87839,3.15101,0.11070
19.76,lift,-0.69241,-1.85265,-2.07500,-2.35554,0.87839,3.15098,-0.69241,-1.85266,-2.07502,-2.35551,0.87839,3.15101,0.11070
19.77,lift,-0.69241,-1.85265,-2.07500,-2.35554,0.87839,3.15098,-0.69241,-1.85266,-2.07502,-2.35551,0.87839,3.15101,0.11070
19.78,lift,-0.69241,-1.85265,-2.07500,-2.35554,0.87839,3.15098,-0.69241,-1.85266,-2.07502,-2.35551,0.87839,3.15101,0.11070
19.79,lift,-0.69241,-1.85265,-2.07500,-2.35554,0.87839,3.15098,-0.69241,-1.85266,-2.07502,-2.35551,0.87839,3.15101,0.11070
19.80,lift,-0.69241,-1.85265,-2.07500,-2.35554,0.87839,3.15098,-0.69241,-1.85266,-2.07502,-2.35551,0.87839,3.15101,0.11070
19.81,lift,-0.69241,-1.85265,-2.07500,-2.35554,0.87839,3.15098,-0.69241,-1.85266,-2.07502,-2.35551,0.87839,3.15101,0.11070
19.82,lift,-0.69241,-1.85265,-2.07500,-2.35554,0.87839,3.15098,-0.69241,-1.85266,-2.07502,-2.35551,0.87839,3.15101,0.11070
19.83,lift,-0.69241,-1.85265,-2.07500,-2.35554,0.87839,3.15098,-0.69241,-1.85266,-2.07502,-2.35551,0.87839,3.15101,0.11070
19.84,lift,-0.69241,-1.85265,-2.07500,-2.35554,0.87839,3.15098,-0.69241,-1.85266,-2.07502,-2.35551,0.87839,3.15101,0.11070
19.85,lift,-0.69241,-1.85265,-2.07500,-2.35554,0.87839,3.15098,-0.69241,-1.85266,-2.07502,-2.35551,0.87839,3.15101,0.11070
19.86,lift,-0.69241,-1.85265,-2.07500,-2.35554,0.87839,3.15098,-0.69241,-1.85266,-2.07502,-2.35551,0.87839,3.15101,0.11070
19.87,lift,-0.69241,-1.85265,-2.07500,-2.35554,0.87839,3.15098,-0.69241,-1.85266,-2.07502,-2.35551,0.87839,3.15101,0.11070
19.88,lift,-0.69241,-1.85265,-2.07500,-2.35554,0.87839,3.15098,-0.69241,-1.85266,-2.07502,-2.35551,0.87839,3.15101,0.11070
19.89,lift,-0.69241,-1.85265,-2.07500,-2.35554,0.87839,3.15098,-0.69241,-1.85266,-2.07502,-2.35551,0.87839,3.15101,0.11070
19.90,lift,-0.69241,-1.85265,-2.07500,-2.35554,0.87839,3.15098,-0.69241,-1.85266,-2.07502,-2.35551,0.87839,3.15101,0.11070
19.91,lift,-0.69241,-1.85265,-2.07500,-2.35554,0.87839,3.15098,-0.69241,-1.85266,-2.07502,-2.35551,0.87839,3.15101,0.11070
19.92,lift,-0.69241,-1.85265,-2.07500,-2.35554,0.87839,3.15098,-0.69241,-1.85266,-2.07502,-2.35551,0.87839,3.15101,0.11070
19.93,lift,-0.69241,-1.85265,-2.07500,-2.35554,0.87839,3.15098,-0.69241,-1.85266,-2.07502,-2.35551,0.87839,3.15101,0.11070
19.94,lift,-0.69241,-1.85265,-2.07500,-2.35554,0.87839,3.15098,-0.69241,-1.85266,-2.07502,-2.35551,0.87839,3.15101,0.11070
19.95,lift,-0.69241,-1.85265,-2.07500,-2.35554,0.87839,3.15098,-0.69241,-1.85266,-2.07502,-2.35551,0.87839,3.15101,0.11070
19.96,lift,-0.69241,-1.85265,-2.07500,-2.35554,0.87839,3.15098,-0.69241,-1.85266,-2.07502,-2.35551,0.87839,3.15101,0.11070
19.97,lift,-0.69241,-1.85265,-2.07500,-2.35554,0.87839,3.15098,-0.69241,-1.85266,-2.07502,-2.35551,0.87839,3.15101,0.11070
19.98,lift,-0.69241,-1.85265,-2.07500,-2.35554,0.87839,3.15098,-0.69241,-1.85266,-2.07502,-2.35551,0.87839,3.15101,0.11070
19.99,lift,-0.69241,-1.85265,-2.07500,-2.35554,0.87839,3.15098,-0.69241,-1.85266,-2.07502,-2.35551,0.87839,3.15101,0.11070
20.00,lift,-0.69241,-1.85265,-2.07500,-2.35554,0.87839,3.15098,-0.69241,-1.85266,-2.07502,-2.35551,0.87839,3.15101,0.11070
20.01,lift,-0.69241,-1.85265,-2.07500,-2.35554,0.87839,3.15098,-0.69241,-1.85266,-2.07502,-2.35551,0.87839,3.15101,0.11070
20.02,lift,-0.69241,-1.85265,-2.07500,-2.35554,0.87839,3.15098,-0.69241,-1.85266,-2.07502,-2.35551,0.87839,3.15101,0.11070
20.03,lift,-0.69241,-1.85265,-2.07500,-2.35554,0.87839,3.15098,-0.69241,-1.85266,-2.07502,-2.35551,0.87839,3.15101,0.11070
20.04,lift,-0.69241,-1.85265,-2.07500,-2.35554,0.87839,3.15098,-0.69241,-1.85266,-2.07502,-2.35551,0.87839,3.15101,0.11070
20.05,lift,-0.69241,-1.85265,-2.07500,-2.35554,0.87839,3.15098,-0.69241,-1.85266,-2.07502,-2.35551,0.87839,3.15101,0.11070
20.06,lift,-0.69241,-1.85265,-2.07500,-2.35554,0.87839,3.15098,-0.69241,-1.85266,-2.07502,-2.35551,0.87839,3.15101,0.11070
20.07,lift,-0.69241,-1.85265,-2.07500,-2.35554,0.87839,3.15098,-0.69241,-1.85266,-2.07502,-2.35551,0.87839,3.15101,0.11070
20.08,lift,-0.69241,-1.85265,-2.07500,-2.35554,0.87839,3.15098,-0.69241,-1.85266,-2.07502,-2.35551,0.87839,3.15101,0.11070
20.09,lift,-0.69241,-1.85265,-2.07500,-2.35554,0.87839,3.15098,-0.69241,-1.85266,-2.07502,-2.35551,0.87839,3.15101,0.11070
20.10,lift,-0.69241,-1.85265,-2.07500,-2.35554,0.87839,3.15098,-0.69241,-1.85266,-2.07502,-2.35551,0.87839,3.15101,0.11070
20.11,wait_lift,-0.69241,-1.85265,-2.07500,-2.35554,0.87839,3.15098,-0.69241,-1.85266,-2.07502,-2.35551,0.87839,3.15101,0.11070
20.12,wait_lift,-0.69241,-1.85265,-2.07500,-2.35554,0.87839,3.15098,-0.69241,-1.85266,-2.07502,-2.35551,0.87839,3.15101,0.11070
20.13,wait_lift,-0.69241,-1.85265,-2.07500,-2.35554,0.87839,3.15098,-0.69241,-1.85266,-2.07502,-2.35551,0.87839,3.15101,0.11070
20.14,wait_lift,-0.69241,-1.85265,-2.07500,-2.35554,0.87839,3.15098,-0.69241,-1.85266,-2.07502,-2.35551,0.87839,3.15101,0.11070
20.15,wait_lift,-0.69241,-1.85265,-2.07500,-2.35554,0.87839,3.15098,-0.69241,-1.85266,-2.07502,-2.35551,0.87839,3.15101,0.11070
20.16,wait_lift,-0.69241,-1.85265,-2.07500,-2.35554,0.87839,3.15098,-0.69241,-1.85266,-2.07502,-2.35551,0.87839,3.15101,0.11070
20.17,wait_lift,-0.69241,-1.85265,-2.07500,-2.35554,0.87839,3.15098,-0.69241,-1.85266,-2.07502,-2.35551,0.87839,3.15101,0.11070
20.18,wait_lift,-0.69241,-1.85265,-2.07500,-2.35554,0.87839,3.15098,-0.69241,-1.85266,-2.07502,-2.35551,0.87839,3.15101,0.11070
20.19,wait_lift,-0.69241,-1.85265,-2.07500,-2.35554,0.87839,3.15098,-0.69241,-1.85266,-2.07502,-2.35551,0.87839,3.15101,0.11070
20.20,wait_lift,-0.69241,-1.85265,-2.07500,-2.35554,0.87839,3.15098,-0.69241,-1.85266,-2.07502,-2.35551,0.87839,3.15101,0.11070
20.21,wait_lift,-0.69241,-1.85265,-2.07500,-2.35554,0.87839,3.15098,-0.69241,-1.85266,-2.07502,-2.35551,0.87839,3.15101,0.11070
20.22,wait_lift,-0.69241,-1.85265,-2.07500,-2.35554,0.87839,3.15098,-0.69241,-1.85266,-2.07502,-2.35551,0.87839,3.15101,0.11070
20.23,wait_lift,-0.69241,-1.85265,-2.07500,-2.35554,0.87839,3.15098,-0.69241,-1.85266,-2.07502,-2.35551,0.87839,3.15101,0.11070
20.24,wait_lift,-0.69241,-1.85265,-2.07500,-2.35554,0.87839,3.15098,-0.69241,-1.85266,-2.07502,-2.35551,0.87839,3.15101,0.11070
20.25,wait_lift,-0.69241,-1.85265,-2.07500,-2.35554,0.87839,3.15098,-0.69241,-1.85266,-2.07502,-2.35551,0.87839,3.15101,0.11070
20.26,wait_lift,-0.69241,-1.85265,-2.07500,-2.35554,0.87839,3.15098,-0.69241,-1.85266,-2.07502,-2.35551,0.87839,3.15101,0.11070
20.27,wait_lift,-0.69241,-1.85265,-2.07500,-2.35554,0.87839,3.15098,-0.69241,-1.85266,-2.07502,-2.35551,0.87839,3.15101,0.11070
20.28,wait_lift,-0.69241,-1.85265,-2.07500,-2.35554,0.87839,3.15098,-0.69241,-1.85266,-2.07502,-2.35551,0.87839,3.15101,0.11070
20.29,wait_lift,-0.69241,-1.85265,-2.07500,-2.35554,0.87839,3.15098,-0.69241,-1.85266,-2.07502,-2.35551,0.87839,3.15101,0.11070
20.30,wait_lift,-0.69241,-1.85265,-2.07500,-2.35554,0.87839,3.15098,-0.69241,-1.85266,-2.07502,-2.35551,0.87839,3.15101,0.11070
20.31,wait_lift,-0.69241,-1.85265,-2.07500,-2.35554,0.87839,3.15098,-0.69241,-1.85266,-2.07502,-2.35551,0.87839,3.15101,0.11070
20.32,wait_lift,-0.69241,-1.85265,-2.07500,-2.35554,0.87839,3.15098,-0.69241,-1.85266,-2.07502,-2.35551,0.87839,3.15101,0.11070
20.33,wait_lift,-0.69241,-1.85265,-2.07500,-2.35554,0.87839,3.15098,-0.69241,-1.85266,-2.07502,-2.35551,0.87839,3.15101,0.11070
20.34,wait_lift,-0.69241,-1.85265,-2.07500,-2.35554,0.87839,3.15098,-0.69241,-1.85266,-2.07502,-2.35551,0.87839,3.15101,0.11070
20.35,wait_lift,-0.69241,-1.85265,-2.07500,-2.35554,0.87839,3.15098,-0.69241,-1.85266,-2.07502,-2.35551,0.87839,3.15101,0.11070
20.36,wait_lift,-0.69241,-1.85265,-2.07500,-2.35554,0.87839,3.15098,-0.69241,-1.85266,-2.07502,-2.35551,0.87839,3.15101,0.11070
20.37,wait_lift,-0.69241,-1.85265,-2.07500,-2.35554,0.87839,3.15098,-0.69241,-1.85266,-2.07502,-2.35551,0.87839,3.15101,0.11070
20.38,wait_lift,-0.69241,-1.85265,-2.07500,-2.35554,0.87839,3.15098,-0.69241,-1.85266,-2.07502,-2.35551,0.87839,3.15101,0.11070
20.39,wait_lift,-0.69241,-1.85265,-2.07500,-2.35554,0.87839,3.15098,-0.69241,-1.85266,-2.07502,-2.35551,0.87839,3.15101,0.11070
20.40,wait_lift,-0.69241,-1.85265,-2.07500,-2.35554,0.87839,3.15098,-0.69241,-1.85266,-2.07502,-2.35551,0.87839,3.15101,0.11070
20.41,wait_lift,-0.69241,-1.85265,-2.07500,-2.35554,0.87839,3.15098,-0.69241,-1.85266,-2.07502,-2.35551,0.87839,3.15101,0.11070
20.42,wait_lift,-0.69241,-1.85265,-2.07500,-2.35554,0.87839,3.15098,-0.69241,-1.85266,-2.07502,-2.35551,0.87839,3.15101,0.11070
20.43,wait_lift,-0.69241,-1.85265,-2.07500,-2.35554,0.87839,3.15098,-0.69241,-1.85266,-2.07502,-2.35551,0.87839,3.15101,0.11070
20.44,wait_lift,-0.69241,-1.85265,-2.07500,-2.35554,0.87839,3.15098,-0.69241,-1.85266,-2.07502,-2.35551,0.87839,3.15101,0.11070
20.45,wait_lift,-0.69241,-1.85265,-2.07500,-2.35554,0.87839,3.15098,-0.69241,-1.85266,-2.07502,-2.35551,0.87839,3.15101,0.11070
20.46,wait_lift,-0.69241,-1.85265,-2.07500,-2.35554,0.87839,3.15098,-0.69241,-1.85266,-2.07502,-2.35551,0.87839,3.15101,0.11070
20.47,wait_lift,-0.69241,-1.85265,-2.07500,-2.35554,0.87839,3.15098,-0.69241,-1.85266,-2.07502,-2.35551,0.87839,3.15101,0.11070
20.48,wait_lift,-0.69241,-1.85265,-2.07500,-2.35554,0.87839,3.15098,-0.69241,-1.85266,-2.07502,-2.35551,0.87839,3.15101,0.11070
20.49,wait_lift,-0.69241,-1.85265,-2.07500,-2.35554,0.87839,3.15098,-0.69241,-1.85266,-2.07502,-2.35551,0.87839,3.15101,0.11070
20.50,wait_lift,-0.69241,-1.85265,-2.07500,-2.35554,0.87839,3.15098,-0.69241,-1.85266,-2.07502,-2.35551,0.87839,3.15101,0.11070
20.51,wait_lift,-0.69241,-1.85265,-2.07500,-2.35554,0.87839,3.15098,-0.69241,-1.85266,-2.07502,-2.35551,0.87839,3.15101,0.11070
20.52,wait_lift,-0.69241,-1.85265,-2.07500,-2.35554,0.87839,3.15098,-0.69241,-1.85266,-2.07502,-2.35551,0.87839,3.15101,0.11070
20.53,wait_lift,-0.69241,-1.85265,-2.07500,-2.35554,0.87839,3.15098,-0.69241,-1.85266,-2.07502,-2.35551,0.87839,3.15101,0.11070
20.54,wait_lift,-0.69241,-1.85265,-2.07500,-2.35554,0.87839,3.15098,-0.69241,-1.85266,-2.07502,-2.35551,0.87839,3.15101,0.11070
20.55,wait_lift,-0.69241,-1.85265,-2.07500,-2.35554,0.87839,3.15098,-0.69241,-1.85266,-2.07502,-2.35551,0.87839,3.15101,0.11070
20.56,wait_lift,-0.69241,-1.85265,-2.07500,-2.35554,0.87839,3.15098,-0.69241,-1.85266,-2.07502,-2.35551,0.87839,3.15101,0.11070
20.57,wait_lift,-0.69241,-1.85265,-2.07500,-2.35554,0.87839,3.15098,-0.69241,-1.85266,-2.07502,-2.35551,0.87839,3.15101,0.11070
20.58,wait_lift,-0.69241,-1.85265,-2.07500,-2.35554,0.87839,3.15098,-0.69241,-1.85266,-2.07502,-2.35551,0.87839,3.15101,0.11070
20.59,wait_lift,-0.69241,-1.85265,-2.07500,-2.35554,0.87839,3.15098,-0.69241,-1.85266,-2.07502,-2.35551,0.87839,3.15101,0.11070
20.60,wait_lift,-0.69241,-1.85265,-2.07500,-2.35554,0.87839,3.15098,-0.69241,-1.85266,-2.07502,-2.35551,0.87839,3.15101,0.11070
20.61,hold,-0.69241,-1.85265,-2.07500,-2.35554,0.87839,3.15098,-0.69241,-1.85266,-2.07502,-2.35551,0.87839,3.15101,0.11070
20.62,hold,-0.69241,-1.85265,-2.07500,-2.35554,0.87839,3.15098,-0.69241,-1.85266,-2.07502,-2.35551,0.87839,3.15101,0.11070
20.63,hold,-0.69241,-1.85265,-2.07500,-2.35554,0.87839,3.15098,-0.69241,-1.85266,-2.07502,-2.35551,0.87839,3.15101,0.11070
20.64,hold,-0.69241,-1.85265,-2.07500,-2.35554,0.87839,3.15098,-0.69241,-1.85266,-2.07502,-2.35551,0.87839,3.15101,0.11070
20.65,hold,-0.69241,-1.85265,-2.07500,-2.35554,0.87839,3.15098,-0.69241,-1.85266,-2.07502,-2.35551,0.87839,3.15101,0.11070
20.66,hold,-0.69241,-1.85265,-2.07500,-2.35554,0.87839,3.15098,-0.69241,-1.85266,-2.07502,-2.35551,0.87839,3.15101,0.11070
20.67,hold,-0.69241,-1.85265,-2.07500,-2.35554,0.87839,3.15098,-0.69241,-1.85266,-2.07502,-2.35551,0.87839,3.15101,0.11070
20.68,hold,-0.69241,-1.85265,-2.07500,-2.35554,0.87839,3.15098,-0.69241,-1.85266,-2.07502,-2.35551,0.87839,3.15101,0.11070
20.69,hold,-0.69241,-1.85265,-2.07500,-2.35554,0.87839,3.15098,-0.69241,-1.85266,-2.07502,-2.35551,0.87839,3.15101,0.11070
20.70,hold,-0.69241,-1.85265,-2.07500,-2.35554,0.87839,3.15098,-0.69241,-1.85266,-2.07502,-2.35551,0.87839,3.15101,0.11070
20.71,hold,-0.69241,-1.85265,-2.07500,-2.35554,0.87839,3.15098,-0.69241,-1.85266,-2.07502,-2.35551,0.87839,3.15101,0.11070
20.72,hold,-0.69241,-1.85265,-2.07500,-2.35554,0.87839,3.15098,-0.69241,-1.85266,-2.07502,-2.35551,0.87839,3.15101,0.11070
20.73,hold,-0.69241,-1.85265,-2.07500,-2.35554,0.87839,3.15098,-0.69241,-1.85266,-2.07502,-2.35551,0.87839,3.15101,0.11070
20.74,hold,-0.69241,-1.85265,-2.07500,-2.35554,0.87839,3.15098,-0.69241,-1.85266,-2.07502,-2.35551,0.87839,3.15101,0.11070
20.75,hold,-0.69241,-1.85265,-2.07500,-2.35554,0.87839,3.15098,-0.69241,-1.85266,-2.07502,-2.35551,0.87839,3.15101,0.11070
20.76,hold,-0.69241,-1.85265,-2.07500,-2.35554,0.87839,3.15098,-0.69241,-1.85266,-2.07502,-2.35551,0.87839,3.15101,0.11070
20.77,hold,-0.69241,-1.85265,-2.07500,-2.35554,0.87839,3.15098,-0.69241,-1.85266,-2.07502,-2.35551,0.87839,3.15101,0.11070
20.78,hold,-0.69241,-1.85265,-2.07500,-2.35554,0.87839,3.15098,-0.69241,-1.85266,-2.07502,-2.35551,0.87839,3.15101,0.11070
20.79,hold,-0.69241,-1.85265,-2.07500,-2.35554,0.87839,3.15098,-0.69241,-1.85266,-2.07502,-2.35551,0.87839,3.15101,0.11070
20.80,hold,-0.69241,-1.85265,-2.07500,-2.35554,0.87839,3.15098,-0.69241,-1.85266,-2.07502,-2.35551,0.87839,3.15101,0.11070
20.81,hold,-0.69241,-1.85265,-2.07500,-2.35554,0.87839,3.15098,-0.69241,-1.85266,-2.07502,-2.35551,0.87839,3.15101,0.11070
20.82,hold,-0.69241,-1.85265,-2.07500,-2.35554,0.87839,3.15098,-0.69241,-1.85266,-2.07502,-2.35551,0.87839,3.15101,0.11070
20.83,hold,-0.69241,-1.85265,-2.07500,-2.35554,0.87839,3.15098,-0.69241,-1.85266,-2.07502,-2.35551,0.87839,3.15101,0.11070
20.84,hold,-0.69241,-1.85265,-2.07500,-2.35554,0.87839,3.15098,-0.69241,-1.85266,-2.07502,-2.35551,0.87839,3.15101,0.11070
20.85,hold,-0.69241,-1.85265,-2.07500,-2.35554,0.87839,3.15098,-0.69241,-1.85266,-2.07502,-2.35551,0.87839,3.15101,0.11070
20.86,hold,-0.69241,-1.85265,-2.07500,-2.35554,0.87839,3.15098,-0.69241,-1.85266,-2.07502,-2.35551,0.87839,3.15101,0.11070
20.87,hold,-0.69241,-1.85265,-2.07500,-2.35554,0.87839,3.15098,-0.69241,-1.85266,-2.07502,-2.35551,0.87839,3.15101,0.11070
20.88,hold,-0.69241,-1.85265,-2.07500,-2.35554,0.87839,3.15098,-0.69241,-1.85266,-2.07502,-2.35551,0.87839,3.15101,0.11070
20.89,hold,-0.69241,-1.85265,-2.07500,-2.35554,0.87839,3.15098,-0.69241,-1.85266,-2.07502,-2.35551,0.87839,3.15101,0.11070
20.90,hold,-0.69241,-1.85265,-2.07500,-2.35554,0.87839,3.15098,-0.69241,-1.85266,-2.07502,-2.35551,0.87839,3.15101,0.11070
20.91,hold,-0.69241,-1.85265,-2.07500,-2.35554,0.87839,3.15098,-0.69241,-1.85266,-2.07502,-2.35551,0.87839,3.15101,0.11070
20.92,hold,-0.69241,-1.85265,-2.07500,-2.35554,0.87839,3.15098,-0.69241,-1.85266,-2.07502,-2.35551,0.87839,3.15101,0.11070
20.93,hold,-0.69241,-1.85265,-2.07500,-2.35554,0.87839,3.15098,-0.69241,-1.85266,-2.07502,-2.35551,0.87839,3.15101,0.11070
20.94,hold,-0.69241,-1.85265,-2.07500,-2.35554,0.87839,3.15098,-0.69241,-1.85266,-2.07502,-2.35551,0.87839,3.15101,0.11070
20.95,hold,-0.69241,-1.85265,-2.07500,-2.35554,0.87839,3.15098,-0.69241,-1.85266,-2.07502,-2.35551,0.87839,3.15101,0.11070
20.96,hold,-0.69241,-1.85265,-2.07500,-2.35554,0.87839,3.15098,-0.69241,-1.85266,-2.07502,-2.35551,0.87839,3.15101,0.11070
20.97,hold,-0.69241,-1.85265,-2.07500,-2.35554,0.87839,3.15098,-0.69241,-1.85266,-2.07502,-2.35551,0.87839,3.15101,0.11070
20.98,hold,-0.69241,-1.85265,-2.07500,-2.35554,0.87839,3.15098,-0.69241,-1.85266,-2.07502,-2.35551,0.87839,3.15101,0.11070
20.99,hold,-0.69241,-1.85265,-2.07500,-2.35554,0.87839,3.15098,-0.69241,-1.85266,-2.07502,-2.35551,0.87839,3.15101,0.11070
21.00,hold,-0.69241,-1.85265,-2.07500,-2.35554,0.87839,3.15098,-0.69241,-1.85266,-2.07502,-2.35551,0.87839,3.15101,0.11070
21.01,hold,-0.69241,-1.85265,-2.07500,-2.35554,0.87839,3.15098,-0.69241,-1.85266,-2.07502,-2.35551,0.87839,3.15101,0.11070
21.02,hold,-0.69241,-1.85265,-2.07500,-2.35554,0.87839,3.15098,-0.69241,-1.85266,-2.07502,-2.35551,0.87839,3.15101,0.11070
21.03,hold,-0.69241,-1.85265,-2.07500,-2.35554,0.87839,3.15098,-0.69241,-1.85266,-2.07502,-2.35551,0.87839,3.15101,0.11070
21.04,hold,-0.69241,-1.85265,-2.07500,-2.35554,0.87839,3.15098,-0.69241,-1.85266,-2.07502,-2.35551,0.87839,3.15101,0.11070
21.05,hold,-0.69241,-1.85265,-2.07500,-2.35554,0.87839,3.15098,-0.69241,-1.85266,-2.07502,-2.35551,0.87839,3.15101,0.11070
21.06,hold,-0.69241,-1.85265,-2.07500,-2.35554,0.87839,3.15098,-0.69241,-1.85266,-2.07502,-2.35551,0.87839,3.15101,0.11070
21.07,hold,-0.69241,-1.85265,-2.07500,-2.35554,0.87839,3.15098,-0.69241,-1.85266,-2.07502,-2.35551,0.87839,3.15101,0.11070
21.08,hold,-0.69241,-1.85265,-2.07500,-2.35554,0.87839,3.15098,-0.69241,-1.85266,-2.07502,-2.35551,0.87839,3.15101,0.11070
21.09,hold,-0.69241,-1.85265,-2.07500,-2.35554,0.87839,3.15098,-0.69241,-1.85266,-2.07502,-2.35551,0.87839,3.15101,0.11070
21.10,hold,-0.69241,-1.85265,-2.07500,-2.35554,0.87839,3.15098,-0.69241,-1.85266,-2.07502,-2.35551,0.87839,3.15101,0.11070
21.11,hold,-0.69241,-1.85265,-2.07500,-2.35554,0.87839,3.15098,-0.69241,-1.85266,-2.07502,-2.35551,0.87839,3.15101,0.11070
21.12,hold,-0.69241,-1.85265,-2.07500,-2.35554,0.87839,3.15098,-0.69241,-1.85266,-2.07502,-2.35551,0.87839,3.15101,0.11070
21.13,hold,-0.69241,-1.85265,-2.07500,-2.35554,0.87839,3.15098,-0.69241,-1.85266,-2.07502,-2.35551,0.87839,3.15101,0.11070
21.14,hold,-0.69241,-1.85265,-2.07500,-2.35554,0.87839,3.15098,-0.69241,-1.85266,-2.07502,-2.35551,0.87839,3.15101,0.11070
21.15,hold,-0.69241,-1.85265,-2.07500,-2.35554,0.87839,3.15098,-0.69241,-1.85266,-2.07502,-2.35551,0.87839,3.15101,0.11070
21.16,hold,-0.69241,-1.85265,-2.07500,-2.35554,0.87839,3.15098,-0.69241,-1.85266,-2.07502,-2.35551,0.87839,3.15101,0.11070
21.17,hold,-0.69241,-1.85265,-2.07500,-2.35554,0.87839,3.15098,-0.69241,-1.85266,-2.07502,-2.35551,0.87839,3.15101,0.11070
21.18,hold,-0.69241,-1.85265,-2.07500,-2.35554,0.87839,3.15098,-0.69241,-1.85266,-2.07502,-2.35551,0.87839,3.15101,0.11070
21.19,hold,-0.69241,-1.85265,-2.07500,-2.35554,0.87839,3.15098,-0.69241,-1.85266,-2.07502,-2.35551,0.87839,3.15101,0.11070
21.20,hold,-0.69241,-1.85265,-2.07500,-2.35554,0.87839,3.15098,-0.69241,-1.85266,-2.07502,-2.35551,0.87839,3.15101,0.11070
21.21,hold,-0.69241,-1.85265,-2.07500,-2.35554,0.87839,3.15098,-0.69241,-1.85266,-2.07502,-2.35551,0.87839,3.15101,0.11070
21.22,hold,-0.69241,-1.85265,-2.07500,-2.35554,0.87839,3.15098,-0.69241,-1.85266,-2.07502,-2.35551,0.87839,3.15101,0.11070
21.23,hold,-0.69241,-1.85265,-2.07500,-2.35554,0.87839,3.15098,-0.69241,-1.85266,-2.07502,-2.35551,0.87839,3.15101,0.11070
21.24,hold,-0.69241,-1.85265,-2.07500,-2.35554,0.87839,3.15098,-0.69241,-1.85266,-2.07502,-2.35551,0.87839,3.15101,0.11070
21.25,hold,-0.69241,-1.85265,-2.07500,-2.35554,0.87839,3.15098,-0.69241,-1.85266,-2.07502,-2.35551,0.87839,3.15101,0.11070
21.26,hold,-0.69241,-1.85265,-2.07500,-2.35554,0.87839,3.15098,-0.69241,-1.85266,-2.07502,-2.35551,0.87839,3.15101,0.11070
21.27,hold,-0.69241,-1.85265,-2.07500,-2.35554,0.87839,3.15098,-0.69241,-1.85266,-2.07502,-2.35551,0.87839,3.15101,0.11070
21.28,hold,-0.69241,-1.85265,-2.07500,-2.35554,0.87839,3.15098,-0.69241,-1.85266,-2.07502,-2.35551,0.87839,3.15101,0.11070
21.29,hold,-0.69241,-1.85265,-2.07500,-2.35554,0.87839,3.15098,-0.69241,-1.85266,-2.07502,-2.35551,0.87839,3.15101,0.11070
21.30,hold,-0.69241,-1.85265,-2.07500,-2.35554,0.87839,3.15098,-0.69241,-1.85266,-2.07502,-2.35551,0.87839,3.15101,0.11070
21.31,hold,-0.69241,-1.85265,-2.07500,-2.35554,0.87839,3.15098,-0.69241,-1.85266,-2.07502,-2.35551,0.87839,3.15101,0.11070
21.32,hold,-0.69241,-1.85265,-2.07500,-2.35554,0.87839,3.15098,-0.69241,-1.85266,-2.07502,-2.35551,0.87839,3.15101,0.11070
21.33,hold,-0.69241,-1.85265,-2.07500,-2.35554,0.87839,3.15098,-0.69241,-1.85266,-2.07502,-2.35551,0.87839,3.15101,0.11070
21.34,hold,-0.69241,-1.85265,-2.07500,-2.35554,0.87839,3.15098,-0.69241,-1.85266,-2.07502,-2.35551,0.87839,3.15101,0.11070
21.35,hold,-0.69241,-1.85265,-2.07500,-2.35554,0.87839,3.15098,-0.69241,-1.85266,-2.07502,-2.35551,0.87839,3.15101,0.11070
21.36,hold,-0.69241,-1.85265,-2.07500,-2.35554,0.87839,3.15098,-0.69241,-1.85266,-2.07502,-2.35551,0.87839,3.15101,0.11070
21.37,hold,-0.69241,-1.85265,-2.07500,-2.35554,0.87839,3.15098,-0.69241,-1.85266,-2.07502,-2.35551,0.87839,3.15101,0.11070
21.38,hold,-0.69241,-1.85265,-2.07500,-2.35554,0.87839,3.15098,-0.69241,-1.85266,-2.07502,-2.35551,0.87839,3.15101,0.11070
21.39,hold,-0.69241,-1.85265,-2.07500,-2.35554,0.87839,3.15098,-0.69241,-1.85266,-2.07502,-2.35551,0.87839,3.15101,0.11070
21.40,hold,-0.69241,-1.85265,-2.07500,-2.35554,0.87839,3.15098,-0.69241,-1.85266,-2.07502,-2.35551,0.87839,3.15101,0.11070
21.41,hold,-0.69241,-1.85265,-2.07500,-2.35554,0.87839,3.15098,-0.69241,-1.85266,-2.07502,-2.35551,0.87839,3.15101,0.11070
21.42,hold,-0.69241,-1.85265,-2.07500,-2.35554,0.87839,3.15098,-0.69241,-1.85266,-2.07502,-2.35551,0.87839,3.15101,0.11070
21.43,hold,-0.69241,-1.85265,-2.07500,-2.35554,0.87839,3.15098,-0.69241,-1.85266,-2.07502,-2.35551,0.87839,3.15101,0.11070
21.44,hold,-0.69241,-1.85265,-2.07500,-2.35554,0.87839,3.15098,-0.69241,-1.85266,-2.07502,-2.35551,0.87839,3.15101,0.11070
21.45,hold,-0.69241,-1.85265,-2.07500,-2.35554,0.87839,3.15098,-0.69241,-1.85266,-2.07502,-2.35551,0.87839,3.15101,0.11070
21.46,hold,-0.69241,-1.85265,-2.07500,-2.35554,0.87839,3.15098,-0.69241,-1.85266,-2.07502,-2.35551,0.87839,3.15101,0.11070
21.47,hold,-0.69241,-1.85265,-2.07500,-2.35554,0.87839,3.15098,-0.69241,-1.85266,-2.07502,-2.35551,0.87839,3.15101,0.11070
21.48,hold,-0.69241,-1.85265,-2.07500,-2.35554,0.87839,3.15098,-0.69241,-1.85266,-2.07502,-2.35551,0.87839,3.15101,0.11070
21.49,hold,-0.69241,-1.85265,-2.07500,-2.35554,0.87839,3.15098,-0.69241,-1.85266,-2.07502,-2.35551,0.87839,3.15101,0.11070
21.50,hold,-0.69241,-1.85265,-2.07500,-2.35554,0.87839,3.15098,-0.69241,-1.85266,-2.07502,-2.35551,0.87839,3.15101,0.11070
21.51,hold,-0.69241,-1.85265,-2.07500,-2.35554,0.87839,3.15098,-0.69241,-1.85266,-2.07502,-2.35551,0.87839,3.15101,0.11070
21.52,hold,-0.69241,-1.85265,-2.07500,-2.35554,0.87839,3.15098,-0.69241,-1.85266,-2.07502,-2.35551,0.87839,3.15101,0.11070
21.53,hold,-0.69241,-1.85265,-2.07500,-2.35554,0.87839,3.15098,-0.69241,-1.85266,-2.07502,-2.35551,0.87839,3.15101,0.11070
21.54,hold,-0.69241,-1.85265,-2.07500,-2.35554,0.87839,3.15098,-0.69241,-1.85266,-2.07502,-2.35551,0.87839,3.15101,0.11070
21.55,hold,-0.69241,-1.85265,-2.07500,-2.35554,0.87839,3.15098,-0.69241,-1.85266,-2.07502,-2.35551,0.87839,3.15101,0.11070
21.56,hold,-0.69241,-1.85265,-2.07500,-2.35554,0.87839,3.15098,-0.69241,-1.85266,-2.07502,-2.35551,0.87839,3.15101,0.11070
21.57,hold,-0.69241,-1.85265,-2.07500,-2.35554,0.87839,3.15098,-0.69241,-1.85266,-2.07502,-2.35551,0.87839,3.15101,0.11070
21.58,hold,-0.69241,-1.85265,-2.07500,-2.35554,0.87839,3.15098,-0.69241,-1.85266,-2.07502,-2.35551,0.87839,3.15101,0.11070
21.59,hold,-0.69241,-1.85265,-2.07500,-2.35554,0.87839,3.15098,-0.69241,-1.85266,-2.07502,-2.35551,0.87839,3.15101,0.11070
21.60,hold,-0.69241,-1.85265,-2.07500,-2.35554,0.87839,3.15098,-0.69241,-1.85266,-2.07502,-2.35551,0.87839,3.15101,0.11070
21.61,hold,-0.69241,-1.85265,-2.07500,-2.35554,0.87839,3.15098,-0.69241,-1.85266,-2.07502,-2.35551,0.87839,3.15101,0.11070
21.62,hold,-0.69241,-1.85265,-2.07500,-2.35554,0.87839,3.15098,-0.69241,-1.85266,-2.07502,-2.35551,0.87839,3.15101,0.11070
21.63,hold,-0.69241,-1.85265,-2.07500,-2.35554,0.87839,3.15098,-0.69241,-1.85266,-2.07502,-2.35551,0.87839,3.15101,0.11070
21.64,hold,-0.69241,-1.85265,-2.07500,-2.35554,0.87839,3.15098,-0.69241,-1.85266,-2.07502,-2.35551,0.87839,3.15101,0.11070
21.65,hold,-0.69241,-1.85265,-2.07500,-2.35554,0.87839,3.15098,-0.69241,-1.85266,-2.07502,-2.35551,0.87839,3.15101,0.11070
21.66,hold,-0.69241,-1.85265,-2.07500,-2.35554,0.87839,3.15098,-0.69241,-1.85266,-2.07502,-2.35551,0.87839,3.15101,0.11070
21.67,hold,-0.69241,-1.85265,-2.07500,-2.35554,0.87839,3.15098,-0.69241,-1.85266,-2.07502,-2.35551,0.87839,3.15101,0.11070
21.68,hold,-0.69241,-1.85265,-2.07500,-2.35554,0.87839,3.15098,-0.69241,-1.85266,-2.07502,-2.35551,0.87839,3.15101,0.11070
21.69,hold,-0.69241,-1.85265,-2.07500,-2.35554,0.87839,3.15098,-0.69241,-1.85266,-2.07502,-2.35551,0.87839,3.15101,0.11070
21.70,hold,-0.69241,-1.85265,-2.07500,-2.35554,0.87839,3.15098,-0.69241,-1.85266,-2.07502,-2.35551,0.87839,3.15101,0.11070
21.71,hold,-0.69241,-1.85265,-2.07500,-2.35554,0.87839,3.15098,-0.69241,-1.85266,-2.07502,-2.35551,0.87839,3.15101,0.11070
21.72,hold,-0.69241,-1.85265,-2.07500,-2.35554,0.87839,3.15098,-0.69241,-1.85266,-2.07502,-2.35551,0.87839,3.15101,0.11070
21.73,hold,-0.69241,-1.85265,-2.07500,-2.35554,0.87839,3.15098,-0.69241,-1.85266,-2.07502,-2.35551,0.87839,3.15101,0.11070
21.74,hold,-0.69241,-1.85265,-2.07500,-2.35554,0.87839,3.15098,-0.69241,-1.85266,-2.07502,-2.35551,0.87839,3.15101,0.11070
21.75,hold,-0.69241,-1.85265,-2.07500,-2.35554,0.87839,3.15098,-0.69241,-1.85266,-2.07502,-2.35551,0.87839,3.15101,0.11070
21.76,hold,-0.69241,-1.85265,-2.07500,-2.35554,0.87839,3.15098,-0.69241,-1.85266,-2.07502,-2.35551,0.87839,3.15101,0.11070
21.77,hold,-0.69241,-1.85265,-2.07500,-2.35554,0.87839,3.15098,-0.69241,-1.85266,-2.07502,-2.35551,0.87839,3.15101,0.11070
21.78,hold,-0.69241,-1.85265,-2.07500,-2.35554,0.87839,3.15098,-0.69241,-1.85266,-2.07502,-2.35551,0.87839,3.15101,0.11070
21.79,hold,-0.69241,-1.85265,-2.07500,-2.35554,0.87839,3.15098,-0.69241,-1.85266,-2.07502,-2.35551,0.87839,3.15101,0.11070
21.80,hold,-0.69241,-1.85265,-2.07500,-2.35554,0.87839,3.15098,-0.69241,-1.85266,-2.07502,-2.35551,0.87839,3.15101,0.11070
21.81,hold,-0.69241,-1.85265,-2.07500,-2.35554,0.87839,3.15098,-0.69241,-1.85266,-2.07502,-2.35551,0.87839,3.15101,0.11070
21.82,hold,-0.69241,-1.85265,-2.07500,-2.35554,0.87839,3.15098,-0.69241,-1.85266,-2.07502,-2.35551,0.87839,3.15101,0.11070
21.83,hold,-0.69241,-1.85265,-2.07500,-2.35554,0.87839,3.15098,-0.69241,-1.85266,-2.07502,-2.35551,0.87839,3.15101,0.11070
21.84,hold,-0.69241,-1.85265,-2.07500,-2.35554,0.87839,3.15098,-0.69241,-1.85266,-2.07502,-2.35551,0.87839,3.15101,0.11070
21.85,hold,-0.69241,-1.85265,-2.07500,-2.35554,0.87839,3.15098,-0.69241,-1.85266,-2.07502,-2.35551,0.87839,3.15101,0.11070
21.86,hold,-0.69241,-1.85265,-2.07500,-2.35554,0.87839,3.15098,-0.69241,-1.85266,-2.07502,-2.35551,0.87839,3.15101,0.11070
21.87,hold,-0.69241,-1.85265,-2.07500,-2.35554,0.87839,3.15098,-0.69241,-1.85266,-2.07502,-2.35551,0.87839,3.15101,0.11070
21.88,hold,-0.69241,-1.85265,-2.07500,-2.35554,0.87839,3.15098,-0.69241,-1.85266,-2.07502,-2.35551,0.87839,3.15101,0.11070
21.89,hold,-0.69241,-1.85265,-2.07500,-2.35554,0.87839,3.15098,-0.69241,-1.85266,-2.07502,-2.35551,0.87839,3.15101,0.11070
21.90,hold,-0.69241,-1.85265,-2.07500,-2.35554,0.87839,3.15098,-0.69241,-1.85266,-2.07502,-2.35551,0.87839,3.15101,0.11070
21.91,hold,-0.69241,-1.85265,-2.07500,-2.35554,0.87839,3.15098,-0.69241,-1.85266,-2.07502,-2.35551,0.87839,3.15101,0.11070
21.92,hold,-0.69241,-1.85265,-2.07500,-2.35554,0.87839,3.15098,-0.69241,-1.85266,-2.07502,-2.35551,0.87839,3.15101,0.11070
21.93,hold,-0.69241,-1.85265,-2.07500,-2.35554,0.87839,3.15098,-0.69241,-1.85266,-2.07502,-2.35551,0.87839,3.15101,0.11070
21.94,hold,-0.69241,-1.85265,-2.07500,-2.35554,0.87839,3.15098,-0.69241,-1.85266,-2.07502,-2.35551,0.87839,3.15101,0.11070
21.95,hold,-0.69241,-1.85265,-2.07500,-2.35554,0.87839,3.15098,-0.69241,-1.85266,-2.07502,-2.35551,0.87839,3.15101,0.11070
21.96,hold,-0.69241,-1.85265,-2.07500,-2.35554,0.87839,3.15098,-0.69241,-1.85266,-2.07502,-2.35551,0.87839,3.15101,0.11070
21.97,hold,-0.69241,-1.85265,-2.07500,-2.35554,0.87839,3.15098,-0.69241,-1.85266,-2.07502,-2.35551,0.87839,3.15101,0.11070
21.98,hold,-0.69241,-1.85265,-2.07500,-2.35554,0.87839,3.15098,-0.69241,-1.85266,-2.07502,-2.35551,0.87839,3.15101,0.11070
21.99,hold,-0.69241,-1.85265,-2.07500,-2.35554,0.87839,3.15098,-0.69241,-1.85266,-2.07502,-2.35551,0.87839,3.15101,0.11070
22.00,hold,-0.69241,-1.85265,-2.07500,-2.35554,0.87839,3.15098,-0.69241,-1.85266,-2.07502,-2.35551,0.87839,3.15101,0.11070
22.01,hold,-0.69241,-1.85265,-2.07500,-2.35554,0.87839,3.15098,-0.69241,-1.85266,-2.07502,-2.35551,0.87839,3.15101,0.11070
22.02,hold,-0.69241,-1.85265,-2.07500,-2.35554,0.87839,3.15098,-0.69241,-1.85266,-2.07502,-2.35551,0.87839,3.15101,0.11070
22.03,hold,-0.69241,-1.85265,-2.07500,-2.35554,0.87839,3.15098,-0.69241,-1.85266,-2.07502,-2.35551,0.87839,3.15101,0.11070
22.04,hold,-0.69241,-1.85265,-2.07500,-2.35554,0.87839,3.15098,-0.69241,-1.85266,-2.07502,-2.35551,0.87839,3.15101,0.11070
22.05,hold,-0.69241,-1.85265,-2.07500,-2.35554,0.87839,3.15098,-0.69241,-1.85266,-2.07502,-2.35551,0.87839,3.15101,0.11070
22.06,hold,-0.69241,-1.85265,-2.07500,-2.35554,0.87839,3.15098,-0.69241,-1.85266,-2.07502,-2.35551,0.87839,3.15101,0.11070
22.07,hold,-0.69241,-1.85265,-2.07500,-2.35554,0.87839,3.15098,-0.69241,-1.85266,-2.07502,-2.35551,0.87839,3.15101,0.11070
22.08,hold,-0.69241,-1.85265,-2.07500,-2.35554,0.87839,3.15098,-0.69241,-1.85266,-2.07502,-2.35551,0.87839,3.15101,0.11070
22.09,hold,-0.69241,-1.85265,-2.07500,-2.35554,0.87839,3.15098,-0.69241,-1.85266,-2.07502,-2.35551,0.87839,3.15101,0.11070
22.10,hold,-0.69241,-1.85265,-2.07500,-2.35554,0.87839,3.15098,-0.69241,-1.85266,-2.07502,-2.35551,0.87839,3.15101,0.11070
22.11,hold,-0.69241,-1.85265,-2.07500,-2.35554,0.87839,3.15098,-0.69241,-1.85266,-2.07502,-2.35551,0.87839,3.15101,0.11070
22.12,hold,-0.69241,-1.85265,-2.07500,-2.35554,0.87839,3.15098,-0.69241,-1.85266,-2.07502,-2.35551,0.87839,3.15101,0.11070
22.13,hold,-0.69241,-1.85265,-2.07500,-2.35554,0.87839,3.15098,-0.69241,-1.85266,-2.07502,-2.35551,0.87839,3.15101,0.11070
22.14,hold,-0.69241,-1.85265,-2.07500,-2.35554,0.87839,3.15098,-0.69241,-1.85266,-2.07502,-2.35551,0.87839,3.15101,0.11070
22.15,hold,-0.69241,-1.85265,-2.07500,-2.35554,0.87839,3.15098,-0.69241,-1.85266,-2.07502,-2.35551,0.87839,3.15101,0.11070
22.16,hold,-0.69241,-1.85265,-2.07500,-2.35554,0.87839,3.15098,-0.69241,-1.85266,-2.07502,-2.35551,0.87839,3.15101,0.11070
22.17,hold,-0.69241,-1.85265,-2.07500,-2.35554,0.87839,3.15098,-0.69241,-1.85266,-2.07502,-2.35551,0.87839,3.15101,0.11070
22.18,hold,-0.69241,-1.85265,-2.07500,-2.35554,0.87839,3.15098,-0.69241,-1.85266,-2.07502,-2.35551,0.87839,3.15101,0.11070
22.19,hold,-0.69241,-1.85265,-2.07500,-2.35554,0.87839,3.15098,-0.69241,-1.85266,-2.07502,-2.35551,0.87839,3.15101,0.11070
22.20,hold,-0.69241,-1.85265,-2.07500,-2.35554,0.87839,3.15098,-0.69241,-1.85266,-2.07502,-2.35551,0.87839,3.15101,0.11070
22.21,hold,-0.69241,-1.85265,-2.07500,-2.35554,0.87839,3.15098,-0.69241,-1.85266,-2.07502,-2.35551,0.87839,3.15101,0.11070
22.22,hold,-0.69241,-1.85265,-2.07500,-2.35554,0.87839,3.15098,-0.69241,-1.85266,-2.07502,-2.35551,0.87839,3.15101,0.11070
22.23,hold,-0.69241,-1.85265,-2.07500,-2.35554,0.87839,3.15098,-0.69241,-1.85266,-2.07502,-2.35551,0.87839,3.15101,0.11070
22.24,hold,-0.69241,-1.85265,-2.07500,-2.35554,0.87839,3.15098,-0.69241,-1.85266,-2.07502,-2.35551,0.87839,3.15101,0.11070
22.25,hold,-0.69241,-1.85265,-2.07500,-2.35554,0.87839,3.15098,-0.69241,-1.85266,-2.07502,-2.35551,0.87839,3.15101,0.11070
22.26,hold,-0.69241,-1.85265,-2.07500,-2.35554,0.87839,3.15098,-0.69241,-1.85266,-2.07502,-2.35551,0.87839,3.15101,0.11070
22.27,hold,-0.69241,-1.85265,-2.07500,-2.35554,0.87839,3.15098,-0.69241,-1.85266,-2.07502,-2.35551,0.87839,3.15101,0.11070
22.28,hold,-0.69241,-1.85265,-2.07500,-2.35554,0.87839,3.15098,-0.69241,-1.85266,-2.07502,-2.35551,0.87839,3.15101,0.11070
22.29,hold,-0.69241,-1.85265,-2.07500,-2.35554,0.87839,3.15098,-0.69241,-1.85266,-2.07502,-2.35551,0.87839,3.15101,0.11070
22.30,hold,-0.69241,-1.85265,-2.07500,-2.35554,0.87839,3.15098,-0.69241,-1.85266,-2.07502,-2.35551,0.87839,3.15101,0.11070
22.31,hold,-0.69241,-1.85265,-2.07500,-2.35554,0.87839,3.15098,-0.69241,-1.85266,-2.07502,-2.35551,0.87839,3.15101,0.11070
22.32,hold,-0.69241,-1.85265,-2.07500,-2.35554,0.87839,3.15098,-0.69241,-1.85266,-2.07502,-2.35551,0.87839,3.15101,0.11070
22.33,hold,-0.69241,-1.85265,-2.07500,-2.35554,0.87839,3.15098,-0.69241,-1.85266,-2.07502,-2.35551,0.87839,3.15101,0.11070
22.34,hold,-0.69241,-1.85265,-2.07500,-2.35554,0.87839,3.15098,-0.69241,-1.85266,-2.07502,-2.35551,0.87839,3.15101,0.11070
22.35,hold,-0.69241,-1.85265,-2.07500,-2.35554,0.87839,3.15098,-0.69241,-1.85266,-2.07502,-2.35551,0.87839,3.15101,0.11070
22.36,hold,-0.69241,-1.85265,-2.07500,-2.35554,0.87839,3.15098,-0.69241,-1.85266,-2.07502,-2.35551,0.87839,3.15101,0.11070
22.37,hold,-0.69241,-1.85265,-2.07500,-2.35554,0.87839,3.15098,-0.69241,-1.85266,-2.07502,-2.35551,0.87839,3.15101,0.11070
22.38,hold,-0.69241,-1.85265,-2.07500,-2.35554,0.87839,3.15098,-0.69241,-1.85266,-2.07502,-2.35551,0.87839,3.15101,0.11070
22.39,hold,-0.69241,-1.85265,-2.07500,-2.35554,0.87839,3.15098,-0.69241,-1.85266,-2.07502,-2.35551,0.87839,3.15101,0.11070
22.40,hold,-0.69241,-1.85265,-2.07500,-2.35554,0.87839,3.15098,-0.69241,-1.85266,-2.07502,-2.35551,0.87839,3.15101,0.11070
22.41,hold,-0.69241,-1.85265,-2.07500,-2.35554,0.87839,3.15098,-0.69241,-1.85266,-2.07502,-2.35551,0.87839,3.15101,0.11070
22.42,hold,-0.69241,-1.85265,-2.07500,-2.35554,0.87839,3.15098,-0.69241,-1.85266,-2.07502,-2.35551,0.87839,3.15101,0.11070
22.43,hold,-0.69241,-1.85265,-2.07500,-2.35554,0.87839,3.15098,-0.69241,-1.85266,-2.07502,-2.35551,0.87839,3.15101,0.11070
22.44,hold,-0.69241,-1.85265,-2.07500,-2.35554,0.87839,3.15098,-0.69241,-1.85266,-2.07502,-2.35551,0.87839,3.15101,0.11070
22.45,hold,-0.69241,-1.85265,-2.07500,-2.35554,0.87839,3.15098,-0.69241,-1.85266,-2.07502,-2.35551,0.87839,3.15101,0.11070
22.46,hold,-0.69241,-1.85265,-2.07500,-2.35554,0.87839,3.15098,-0.69241,-1.85266,-2.07502,-2.35551,0.87839,3.15101,0.11070
22.47,hold,-0.69241,-1.85265,-2.07500,-2.35554,0.87839,3.15098,-0.69241,-1.85266,-2.07502,-2.35551,0.87839,3.15101,0.11070
22.48,hold,-0.69241,-1.85265,-2.07500,-2.35554,0.87839,3.15098,-0.69241,-1.85266,-2.07502,-2.35551,0.87839,3.15101,0.11070
22.49,hold,-0.69241,-1.85265,-2.07500,-2.35554,0.87839,3.15098,-0.69241,-1.85266,-2.07502,-2.35551,0.87839,3.15101,0.11070
22.50,hold,-0.69241,-1.85265,-2.07500,-2.35554,0.87839,3.15098,-0.69241,-1.85266,-2.07502,-2.35551,0.87839,3.15101,0.11070
22.51,hold,-0.69241,-1.85265,-2.07500,-2.35554,0.87839,3.15098,-0.69241,-1.85266,-2.07502,-2.35551,0.87839,3.15101,0.11070
22.52,hold,-0.69241,-1.85265,-2.07500,-2.35554,0.87839,3.15098,-0.69241,-1.85266,-2.07502,-2.35551,0.87839,3.15101,0.11070
22.53,hold,-0.69241,-1.85265,-2.07500,-2.35554,0.87839,3.15098,-0.69241,-1.85266,-2.07502,-2.35551,0.87839,3.15101,0.11070
22.54,hold,-0.69241,-1.85265,-2.07500,-2.35554,0.87839,3.15098,-0.69241,-1.85266,-2.07502,-2.35551,0.87839,3.15101,0.11070
22.55,hold,-0.69241,-1.85265,-2.07500,-2.35554,0.87839,3.15098,-0.69241,-1.85266,-2.07502,-2.35551,0.87839,3.15101,0.11070
22.56,hold,-0.69241,-1.85265,-2.07500,-2.35554,0.87839,3.15098,-0.69241,-1.85266,-2.07502,-2.35551,0.87839,3.15101,0.11070
22.57,hold,-0.69241,-1.85265,-2.07500,-2.35554,0.87839,3.15098,-0.69241,-1.85266,-2.07502,-2.35551,0.87839,3.15101,0.11070
22.58,hold,-0.69241,-1.85265,-2.07500,-2.35554,0.87839,3.15098,-0.69241,-1.85266,-2.07502,-2.35551,0.87839,3.15101,0.11070
22.59,hold,-0.69241,-1.85265,-2.07500,-2.35554,0.87839,3.15098,-0.69241,-1.85266,-2.07502,-2.35551,0.87839,3.15101,0.11070
22.60,hold,-0.69241,-1.85265,-2.07500,-2.35554,0.87839,3.15098,-0.69241,-1.85266,-2.07502,-2.35551,0.87839,3.15101,0.11070
