attempt,hours,obj,x,y,yaw,reward,eps,obj_x,obj_y,obj_yaw
0,0.0175,chips,0.0137,0.3551,0.061,0,0.499,-0.0481,0.2632,-3.080
1,0.0175,tetrapak,0.0465,0.5684,0.000,0,0.499,0.0352,0.5159,-1.330
2,0.0175,tetrapak,0.0465,0.4371,2.718,0,0.499,0.0234,0.4367,1.946
3,0.0175,tetrapak,0.0629,0.7160,0.000,0,0.499,0.0505,0.6378,1.999
4,0.0175,tetrapak,0.0191,0.5848,0.000,0,0.499,0.0219,0.5283,-0.821
5,0.0175,chips,-0.2543,0.6504,0.000,0,0.499,-0.1804,0.6251,0.958
6,0.0175,tetrapak,-0.0629,0.6176,1.143,0,0.499,-0.0371,0.6222,-2.228
7,0.0175,tetrapak,0.0902,0.6340,0.785,0,0.499,0.1038,0.5657,-2.871
8,0.0197,can,-0.0738,0.3879,1.178,1,0.499,-0.0736,0.4048,3.110
9,0.0197,chips,0.2105,0.4645,2.650,0,0.499,0.1408,0.4680,2.879
10,0.0197,chips,-0.0957,0.6012,2.866,0,0.499,-0.0330,0.5480,-1.590
11,0.0197,tetrapak,-0.0082,0.6449,1.178,1,0.499,-0.0037,0.6434,-0.441
12,0.0197,tetrapak,-0.0738,0.4152,1.178,1,0.499,-0.0772,0.4313,1.732
13,0.0197,chips,-0.2215,0.4645,1.178,0,0.499,-0.2408,0.4940,1.347
14,0.0197,can,0.1723,0.5520,2.867,0,0.499,0.1249,0.5504,2.388
15,0.0197,tetrapak,0.0738,0.5082,1.178,0,0.499,0.0684,0.5227,2.396
16,0.0223,chips,-0.0191,0.8473,1.571,0,0.499,-0.0100,0.7368,0.487
17,0.0223,chips,0.0902,0.3715,2.331,0,0.499,0.0974,0.2937,-0.002
18,0.0223,can,-0.1941,0.5793,1.178,1,0.499,-0.1974,0.5818,0.449
19,0.0223,can,0.0027,0.4645,1.952,0,0.499,0.0359,0.4459,3.005
20,0.0223,chips,-0.2871,0.4316,1.165,0,0.499,-0.2458,0.4844,-0.705
21,0.0223,can,0.0738,0.4043,1.178,1,0.499,0.0690,0.4085,-1.963
22,0.0223,chips,0.0355,0.3004,2.554,0,0.499,0.0822,0.4053,-0.661
23,0.0223,tetrapak,-0.1504,0.4973,0.353,1,0.499,-0.1506,0.5511,0.147
24,0.0243,tetrapak,-0.1723,0.6121,1.178,1,0.499,-0.1720,0.6098,-2.679
25,0.0243,can,0.1230,0.3770,1.178,1,0.499,0.1159,0.3778,0.047
26,0.0243,chips,0.0246,0.5301,1.178,0,0.499,0.0198,0.5325,-1.904
27,0.0243,tetrapak,-0.1723,0.5301,1.292,0,0.499,-0.1366,0.4576,-0.022
28,0.0243,chips,-0.1285,0.5410,1.178,0,0.499,-0.1357,0.5287,3.069
29,0.0243,chips,0.1832,0.4809,1.390,0,0.499,0.1123,0.4222,-0.120
30,0.0243,chips,0.0902,0.3879,1.399,0,0.499,0.0746,0.4325,0.974
31,0.0243,tetrapak,0.0082,0.4535,1.178,0,0.499,-0.0017,0.4492,-1.144
32,0.0266,can,-0.0738,0.5902,1.178,1,0.499,-0.0711,0.5890,1.880
33,0.0266,chips,0.1887,0.3824,3.095,0,0.499,0.2501,0.3876,1.534
34,0.0266,tetrapak,-0.0301,0.6395,1.178,1,0.499,-0.0304,0.6139,-0.091
35,0.0266,can,-0.0520,0.4754,1.178,1,0.499,-0.0551,0.4752,-1.726
36,0.0266,can,-0.1504,0.4699,1.178,1,0.499,-0.1550,0.4721,0.260
37,0.0266,tetrapak,-0.0191,0.7379,0.084,1,0.499,0.0343,0.6675,-2.596
38,0.0266,chips,0.1887,0.6285,0.801,0,0.499,0.2333,0.6130,1.278
39,0.0266,chips,0.1395,0.5355,1.178,0,0.499,0.1414,0.5450,-0.479
40,0.0290,chips,0.1176,0.4535,1.178,0,0.499,0.0996,0.4492,2.491
41,0.0290,can,0.0301,0.3770,1.178,1,0.499,0.0283,0.3782,1.682
42,0.0290,can,-0.1723,0.4918,1.178,1,0.499,-0.1705,0.4929,-0.682
43,0.0290,can,-0.0301,0.5301,1.178,1,0.499,-0.0305,0.5259,-0.449
44,0.0290,chips,-0.0629,0.6176,1.178,0,0.499,-0.0795,0.6253,1.328
45,0.0290,can,0.1613,0.5246,0.860,0,0.499,0.1735,0.5552,-2.371
46,0.0290,chips,0.1887,0.4316,1.542,0,0.499,0.0965,0.4133,1.967
47,0.0290,tetrapak,0.0902,0.4535,1.178,1,0.499,0.0798,0.4381,2.286
48,0.0315,can,0.1449,0.3770,1.020,0,0.499,0.1595,0.3758,-0.097
49,0.0315,chips,0.0629,0.3824,1.178,0,0.499,0.0425,0.3989,1.096
50,0.0315,tetrapak,-0.1504,0.5684,1.178,1,0.499,-0.1490,0.5687,0.555
51,0.0315,tetrapak,0.2105,0.5082,2.780,0,0.499,0.1456,0.5186,-1.944
52,0.0315,can,-0.0574,0.3660,1.385,0,0.499,-0.0688,0.4026,1.232
53,0.0315,chips,0.2215,0.3715,1.951,0,0.499,0.1095,0.3216,-1.890
54,0.0315,chips,0.2980,0.5137,1.178,0,0.499,0.2474,0.5287,-2.116
55,0.0315,chips,-0.1941,0.3113,0.138,0,0.499,-0.0847,0.3727,-1.745
56,0.0339,can,0.2543,0.6066,1.393,0,0.498,0.1968,0.6271,-0.665
57,0.0339,tetrapak,-0.1395,0.6066,1.178,0,0.498,-0.1437,0.6069,-2.678
58,0.0339,chips,-0.2105,0.5301,1.178,0,0.498,-0.1963,0.5370,-0.996
59,0.0339,can,0.0684,0.5191,2.904,0,0.498,0.0360,0.5589,-2.186
60,0.0339,chips,-0.0574,0.5082,1.178,0,0.498,-0.0647,0.5225,0.533
61,0.0339,chips,0.0301,0.5246,1.178,0,0.498,0.0199,0.5161,-3.031
62,0.0339,can,-0.0520,0.5793,2.392,0,0.498,-0.0750,0.5648,-2.284
63,0.0339,chips,-0.1613,0.6012,1.625,0,0.498,-0.1400,0.5938,2.986
64,0.0372,can,-0.1723,0.3879,2.973,0,0.498,-0.1838,0.4082,-0.460
65,0.0372,can,-0.1395,0.6121,1.178,1,0.498,-0.1350,0.6056,2.796
66,0.0372,chips,-0.1340,0.5738,0.461,0,0.498,-0.2280,0.5266,2.027
67,0.0372,tetrapak,-0.0520,0.4918,3.058,1,0.498,-0.0590,0.5051,-2.621
68,0.0372,can,-0.0410,0.4918,1.178,0,0.498,-0.0435,0.4900,2.024
69,0.0372,chips,0.0684,0.6066,1.264,0,0.498,0.0093,0.5089,-0.467
70,0.0372,can,0.0793,0.6066,1.178,0,0.498,0.0723,0.6011,2.036
71,0.0372,can,0.0793,0.6340,1.178,0,0.498,0.0765,0.6239,1.619
72,0.0395,tetrapak,-0.0902,0.6559,0.019,0,0.498,-0.0947,0.5985,3.083
73,0.0395,can,0.0137,0.4262,0.252,1,0.498,0.0113,0.4180,-0.902
74,0.0395,chips,-0.2652,0.4918,2.462,0,0.498,-0.2410,0.5051,1.743
75,0.0395,chips,0.0301,0.4098,1.178,0,0.498,0.0072,0.4359,1.079
76,0.0395,tetrapak,0.1996,0.5848,0.088,0,0.498,0.1834,0.5658,0.543
77,0.0395,tetrapak,0.0301,0.6613,0.785,1,0.498,0.0292,0.6444,3.019
78,0.0395,tetrapak,0.1613,0.5520,0.785,0,0.498,0.1546,0.5398,1.748
79,0.0395,chips,-0.1121,0.6121,1.359,0,0.498,-0.1118,0.6132,0.784
80,0.0421,chips,-0.0629,0.3824,2.094,0,0.498,-0.0191,0.3184,-0.086
81,0.0421,chips,0.2871,0.4918,1.178,0,0.498,0.2439,0.5270,1.328
82,0.0421,tetrapak,-0.2379,0.5191,1.178,0,0.498,-0.2003,0.5369,-1.339
83,0.0421,can,-0.1559,0.6613,3.076,0,0.498,-0.1218,0.6416,1.230
84,0.0421,chips,0.0027,0.5410,1.262,0,0.498,-0.0502,0.4448,-0.826
85,0.0421,chips,-0.1996,0.6395,2.771,0,0.498,-0.2053,0.5299,-0.708
86,0.0421,chips,-0.2980,0.3059,1.627,0,0.498,-0.2494,0.3229,2.479
87,0.0421,can,-0.0137,0.5793,2.705,0,0.498,0.0125,0.6024,1.075
88,0.0455,tetrapak,0.1395,0.4152,1.963,1,0.498,0.1267,0.4158,0.038
89,0.0455,can,0.0410,0.4316,2.320,0,0.498,0.0111,0.4566,0.483
90,0.0455,tetrapak,0.0137,0.4098,1.963,1,0.498,0.0203,0.4067,-2.670
91,0.0455,chips,-0.1230,0.4863,1.178,0,0.498,-0.0852,0.4980,-1.239
92,0.0455,tetrapak,0.1285,0.4918,2.880,1,0.498,0.1277,0.4699,1.717
93,0.0455,can,0.0410,0.5410,0.251,0,0.498,0.0703,0.5175,0.863
94,0.0455,can,0.0574,0.5301,1.178,0,0.498,0.0496,0.5276,-0.708
95,0.0455,tetrapak,-0.0684,0.4535,1.198,0,0.498,-0.0883,0.4580,-1.294
96,0.0494,can,0.1395,0.3770,1.178,1,0.498,0.1372,0.3744,-0.452
97,0.0494,can,0.1777,0.4316,1.178,0,0.498,0.1767,0.4286,2.358
98,0.0494,can,-0.0027,0.3715,2.801,0,0.498,-0.0068,0.4048,-3.066
99,0.0494,chips,-0.0027,0.4754,1.178,0,0.498,0.0189,0.4765,-1.991
100,0.0494,can,0.1613,0.6449,1.178,0,0.498,0.1591,0.6382,2.963
101,0.0494,can,0.0082,0.6066,1.178,0,0.498,0.0061,0.5998,0.653
102,0.0494,can,-0.0848,0.5902,1.223,0,0.498,-0.1006,0.6303,0.957
103,0.0494,can,0.0957,0.5027,3.026,1,0.498,0.1094,0.5003,-0.379
104,0.0531,tetrapak,0.1066,0.4918,2.622,0,0.497,0.0877,0.4952,-1.105
105,0.0531,tetrapak,0.1176,0.5902,0.664,0,0.497,0.1107,0.6937,3.138
106,0.0531,can,-0.0465,0.4699,2.728,0,0.497,-0.0736,0.5024,2.315
107,0.0531,tetrapak,-0.1613,0.5027,1.963,0,0.497,-0.1975,0.5341,-2.185
108,0.0531,can,0.0902,0.3934,1.963,1,0.497,0.0890,0.3942,0.593
109,0.0531,can,0.0902,0.5191,1.963,1,0.497,0.0923,0.5205,-1.377
110,0.0531,tetrapak,-0.0848,0.5793,0.653,0,0.497,-0.1217,0.5847,0.076
111,0.0531,chips,0.0684,0.6230,1.062,0,0.497,-0.0008,0.5463,-0.329
112,0.0579,chips,-0.1340,0.4480,0.838,0,0.497,-0.1003,0.4385,-0.522
113,0.0579,chips,-0.2270,0.5301,1.963,0,0.497,-0.2590,0.5845,1.006
114,0.0579,tetrapak,-0.0246,0.4973,1.963,1,0.497,-0.0244,0.5082,-1.441
115,0.0579,tetrapak,-0.1176,0.4098,1.963,0,0.497,-0.0743,0.4698,2.484
116,0.0579,can,-0.1121,0.4426,1.963,0,0.497,-0.1134,0.4568,-0.168
117,0.0579,can,-0.0848,0.6121,1.963,1,0.497,-0.0873,0.6281,-1.742
118,0.0579,tetrapak,-0.2051,0.5301,1.963,0,0.497,-0.2349,0.5784,-2.376
119,0.0579,tetrapak,-0.1613,0.4645,1.963,1,0.497,-0.1025,0.4956,1.930
120,0.0616,can,0.1613,0.4863,0.393,1,0.497,0.1582,0.4879,-0.172
121,0.0616,chips,-0.1121,0.5574,0.393,0,0.497,-0.0379,0.5680,1.389
122,0.0616,chips,0.0684,0.3496,0.393,0,0.497,0.1355,0.3424,1.176
123,0.0616,tetrapak,-0.0793,0.6395,1.963,1,0.497,-0.0709,0.6274,-2.615
124,0.0616,chips,-0.0957,0.3223,0.545,0,0.497,-0.1233,0.3658,-3.101
125,0.0616,can,-0.0082,0.5629,0.393,1,0.497,-0.0059,0.5626,1.603
126,0.0616,can,0.1559,0.4316,0.393,1,0.497,0.1559,0.4297,-1.149
127,0.0616,chips,0.0191,0.5684,3.093,0,0.497,-0.0752,0.5572,-0.765
128,0.0655,can,0.0574,0.5848,0.393,1,0.497,0.0655,0.5750,-2.282
129,0.0655,can,0.0738,0.4590,0.393,1,0.497,0.0757,0.4567,-2.112
130,0.0655,chips,-0.0793,0.5574,0.393,0,0.497,-0.0165,0.5137,-1.624
131,0.0655,can,0.0957,0.4371,0.393,1,0.497,0.1006,0.4321,2.608
132,0.0655,chips,0.1449,0.4043,0.393,0,0.497,0.2113,0.3652,-1.744
133,0.0655,chips,0.0574,0.5520,0.581,0,0.497,0.0131,0.4874,-1.589
134,0.0655,can,-0.1668,0.3824,1.002,0,0.497,-0.1899,0.4054,2.752
135,0.0655,tetrapak,0.1449,0.4809,0.393,0,0.497,0.1620,0.4782,1.564
136,0.0696,tetrapak,-0.1230,0.4207,2.694,0,0.497,-0.0684,0.4242,-0.775
137,0.0696,chips,0.0082,0.4371,0.782,0,0.497,0.0355,0.4960,-0.843
138,0.0696,chips,-0.1887,0.6395,1.178,0,0.497,-0.1373,0.6088,-1.294
139,0.0696,can,-0.1777,0.3934,2.898,0,0.497,-0.1698,0.3528,2.444
140,0.0696,can,-0.0465,0.6395,0.534,0,0.497,-0.0397,0.6411,-1.302
141,0.0696,chips,-0.1613,0.5355,1.178,0,0.497,-0.1538,0.4739,2.827
142,0.0696,can,0.1066,0.4973,0.393,1,0.497,0.1125,0.4926,-2.693
143,0.0696,tetrapak,-0.1449,0.6230,1.963,0,0.497,-0.1316,0.6056,2.026
144,0.0745,can,-0.1230,0.4645,1.146,0,0.496,-0.1386,0.4177,0.063
145,0.0745,can,0.1449,0.5520,1.178,0,0.496,0.1407,0.5451,-0.292
146,0.0745,tetrapak,-0.0355,0.4371,1.963,1,0.496,0.0234,0.4503,1.856
147,0.0745,tetrapak,-0.1559,0.3879,1.963,1,0.496,-0.1397,0.3768,-0.151
148,0.0745,can,0.0793,0.4316,0.155,0,0.496,0.1024,0.4806,-1.419
149,0.0745,chips,0.0629,0.4863,3.112,0,0.496,0.0666,0.4778,1.370
150,0.0745,tetrapak,0.1832,0.6230,1.963,0,0.496,0.2384,0.6095,1.490
151,0.0745,can,-0.0301,0.6176,1.777,0,0.496,-0.0285,0.6012,3.033
152,0.0789,tetrapak,0.1996,0.3605,0.948,0,0.496,0.1976,0.4126,0.612
153,0.0789,tetrapak,0.1941,0.5027,1.963,0,0.496,0.1967,0.4715,0.150
154,0.0789,tetrapak,0.1887,0.6777,1.016,0,0.496,0.2265,0.6711,2.589
155,0.0789,chips,0.0465,0.4645,1.963,0,0.496,0.0879,0.3935,-2.308
156,0.0789,chips,-0.0082,0.5246,1.703,0,0.496,-0.1213,0.5427,1.821
157,0.0789,tetrapak,-0.0410,0.5191,1.963,0,0.496,-0.0201,0.4984,-2.360
158,0.0789,tetrapak,-0.2051,0.6012,1.111,0,0.496,-0.1296,0.5788,-0.722
159,0.0789,chips,-0.0191,0.7488,2.721,0,0.496,-0.0170,0.7547,3.003
160,0.0831,can,0.1941,0.6340,2.412,0,0.496,0.1948,0.5952,-2.925
161,0.0831,chips,0.1449,0.4863,1.571,0,0.496,0.1820,0.4179,-2.284
162,0.0831,can,0.1395,0.4316,1.571,0,0.496,0.1392,0.4274,-2.364
163,0.0831,chips,0.2707,0.7598,0.437,0,0.496,0.1924,0.6534,-1.095
164,0.0831,tetrapak,0.0629,0.4152,1.963,1,0.496,0.0586,0.4108,0.413
165,0.0831,can,0.1121,0.5848,1.571,0,0.496,0.1090,0.5772,-1.588
166,0.0831,chips,0.2543,0.6832,1.159,0,0.496,0.2874,0.5627,-2.170
167,0.0831,chips,-0.0301,0.3660,1.571,0,0.496,0.0197,0.3500,-1.322
168,0.0877,can,-0.1340,0.3934,3.081,0,0.496,-0.1042,0.4312,2.701
169,0.0877,chips,0.1176,0.4426,1.178,0,0.496,0.0991,0.3780,-0.783
170,0.0877,tetrapak,0.0684,0.5137,1.963,1,0.496,0.0201,0.4695,-0.906
171,0.0877,chips,0.2488,0.5301,0.670,0,0.496,0.2962,0.4917,-1.267
172,0.0877,chips,0.0027,0.7434,1.963,0,0.496,0.0085,0.6598,-2.619
173,0.0877,tetrapak,-0.0684,0.4152,1.136,1,0.496,-0.0470,0.3794,-1.841
174,0.0877,chips,-0.1941,0.5684,1.178,0,0.496,-0.1425,0.5082,-1.815
175,0.0877,tetrapak,-0.0684,0.3551,1.963,0,0.496,-0.0582,0.3528,-2.129
176,0.0915,can,0.0137,0.6723,1.668,0,0.496,-0.0121,0.6477,-2.002
177,0.0915,tetrapak,0.0957,0.3715,1.963,1,0.496,0.1031,0.3734,1.181
178,0.0915,chips,0.1230,0.6395,1.963,0,0.496,0.1038,0.5585,2.405
179,0.0915,chips,0.0684,0.3879,0.171,0,0.496,0.1557,0.4623,2.031
180,0.0915,chips,-0.3254,0.7105,1.570,0,0.496,-0.2295,0.6978,-2.327
181,0.0915,can,-0.0246,0.4371,0.644,0,0.496,-0.0516,0.4503,-3.042
182,0.0915,can,0.1613,0.5301,1.372,0,0.496,0.1477,0.4815,-0.593
183,0.0915,tetrapak,-0.0082,0.5355,1.963,1,0.496,-0.0555,0.5020,-1.088
184,0.0957,can,0.0246,0.4426,1.178,1,0.495,0.0196,0.4380,-0.130
185,0.0957,can,-0.1832,0.6012,1.178,0,0.495,-0.1817,0.5929,-0.273
186,0.0957,can,0.0684,0.5355,0.420,0,0.495,0.1011,0.4987,2.560
187,0.0957,chips,-0.0301,0.3113,1.178,0,0.495,0.0455,0.2995,-1.091
188,0.0957,can,-0.2215,0.5355,1.618,0,0.495,-0.1985,0.5498,2.160
189,0.0957,chips,-0.1996,0.6887,1.178,0,0.495,-0.1605,0.6139,0.829
190,0.0957,tetrapak,0.1012,0.3551,1.963,1,0.495,0.1096,0.3539,-2.009
191,0.0957,tetrapak,-0.1668,0.5574,0.458,0,0.495,-0.1235,0.5801,0.403
192,0.1009,can,0.1012,0.4262,1.178,1,0.495,0.1057,0.4229,2.098
193,0.1009,tetrapak,0.1449,0.5191,1.963,1,0.495,0.1521,0.5147,2.426
194,0.1009,can,0.0191,0.4809,1.915,0,0.495,0.0633,0.4734,-2.988
195,0.1009,tetrapak,-0.0410,0.6066,1.963,0,0.495,-0.0200,0.5911,1.295
196,0.1009,can,0.1230,0.4590,1.813,0,0.495,0.1439,0.5101,2.477
197,0.1009,can,0.0520,0.5848,1.402,0,0.495,0.0852,0.5628,-0.770
198,0.1009,chips,0.1340,0.4207,1.178,0,0.495,0.1670,0.3512,0.105
199,0.1009,can,0.1395,0.5738,3.097,0,0.495,0.1370,0.5232,1.145
200,0.1084,can,0.0027,0.6121,1.484,1,0.495,0.0202,0.6265,2.771
201,0.1084,chips,0.0027,0.6449,3.086,0,0.495,-0.0221,0.5706,2.569
202,0.1084,chips,-0.0082,0.5902,1.963,0,0.495,0.0707,0.5966,-0.914
203,0.1084,can,0.1449,0.6230,1.555,0,0.495,0.1057,0.5791,-1.027
204,0.1084,can,-0.1395,0.4699,1.963,0,0.495,-0.1305,0.4659,0.322
205,0.1084,can,0.1449,0.5191,2.574,0,0.495,0.1868,0.5434,-1.314
206,0.1084,tetrapak,0.0355,0.6559,0.914,0,0.495,0.0120,0.6057,-1.312
207,0.1084,tetrapak,0.0355,0.5793,1.963,1,0.495,0.0336,0.5816,-0.156
208,0.1174,can,0.0684,0.5684,1.963,0,0.494,0.0722,0.5619,-1.295
209,0.1174,chips,0.0520,0.5520,3.026,0,0.494,0.0468,0.4384,0.428
210,0.1174,tetrapak,-0.2051,0.4590,1.875,0,0.494,-0.1628,0.4235,0.679
211,0.1174,tetrapak,-0.0191,0.6230,1.963,0,0.494,0.0348,0.6451,2.138
212,0.1174,can,0.1012,0.3770,1.963,1,0.494,0.1071,0.3739,1.136
213,0.1174,tetrapak,-0.0082,0.4863,1.993,1,0.494,-0.0107,0.4976,-1.400
214,0.1174,tetrapak,-0.1887,0.4316,1.033,0,0.494,-0.1160,0.3463,0.983
215,0.1174,can,0.1504,0.4262,0.691,1,0.494,0.1421,0.4571,-2.476
216,0.1219,tetrapak,0.0902,0.4426,2.133,0,0.494,0.0692,0.4620,-0.049
217,0.1219,tetrapak,0.2598,0.5082,1.961,0,0.494,0.1854,0.5060,-2.852
218,0.1219,tetrapak,0.1230,0.5137,1.963,1,0.494,0.1282,0.5202,0.197
219,0.1219,chips,0.3309,0.4152,2.056,0,0.494,0.2752,0.4926,1.136
220,0.1219,chips,0.2434,0.6230,2.748,0,0.494,0.1319,0.5634,-1.728
221,0.1219,tetrapak,-0.0684,0.5301,2.529,0,0.494,-0.0091,0.4696,-2.370
222,0.1219,chips,-0.1285,0.5629,1.963,0,0.494,-0.0296,0.5708,-0.993
223,0.1219,chips,-0.2434,0.6668,1.963,0,0.494,-0.1541,0.6682,1.160
224,0.1261,tetrapak,-0.1504,0.6066,1.329,0,0.494,-0.1697,0.5546,-1.415
225,0.1261,chips,0.0191,0.6504,1.178,0,0.494,0.0850,0.7063,-0.404
226,0.1261,can,-0.1941,0.5902,1.178,1,0.494,-0.1948,0.5983,-0.754
227,0.1261,chips,-0.2598,0.2949,1.178,0,0.494,-0.1989,0.3370,-1.314
228,0.1261,chips,-0.3309,0.7051,2.954,0,0.494,-0.2274,0.6160,-2.727
229,0.1261,tetrapak,0.1777,0.4480,2.273,0,0.494,0.1467,0.4823,1.881
230,0.1261,tetrapak,0.0355,0.6504,1.538,1,0.494,0.0247,0.6063,-3.006
231,0.1261,tetrapak,-0.1121,0.5301,1.356,0,0.494,-0.0912,0.4828,-2.651
232,0.1307,tetrapak,0.1887,0.5137,1.778,1,0.494,0.1882,0.5492,-2.546
233,0.1307,tetrapak,-0.1668,0.4754,2.386,0,0.494,-0.1353,0.5154,0.397
234,0.1307,tetrapak,-0.1285,0.3059,1.303,0,0.494,-0.0896,0.3084,-0.515
235,0.1307,chips,-0.2379,0.4371,0.407,0,0.494,-0.1866,0.5139,-1.531
236,0.1307,tetrapak,0.0355,0.3551,1.963,0,0.494,0.0407,0.4120,0.140
237,0.1307,tetrapak,0.1395,0.5082,1.963,1,0.494,0.1510,0.5021,0.711
238,0.1307,chips,0.1559,0.3879,2.005,0,0.494,0.0816,0.3928,1.854
239,0.1307,chips,-0.1285,0.5848,1.178,0,0.494,-0.1255,0.6476,-2.574
240,0.1344,tetrapak,0.0301,0.4645,0.616,0,0.493,0.0045,0.4991,-1.280
241,0.1344,chips,0.1121,0.5684,1.826,0,0.493,0.0681,0.4565,2.249
242,0.1344,can,0.1668,0.3551,0.543,0,0.493,0.1768,0.3836,-1.473
243,0.1344,can,-0.1996,0.4207,1.963,1,0.493,-0.1919,0.4209,1.691
244,0.1344,can,-0.0520,0.6777,0.579,0,0.493,-0.0600,0.6297,2.328
245,0.1344,tetrapak,-0.0410,0.6012,1.963,1,0.493,-0.0268,0.6037,2.044
246,0.1344,can,0.1176,0.4699,1.963,1,0.493,0.1201,0.4688,2.698
247,0.1344,chips,-0.1066,0.6066,1.178,0,0.493,-0.0456,0.6540,1.985
248,0.1380,chips,0.1449,0.3168,1.963,0,0.493,0.2151,0.3789,-1.348
249,0.1380,chips,0.0027,0.4590,1.963,0,0.493,-0.0165,0.5345,-2.327
250,0.1380,can,0.1941,0.4809,1.947,0,0.493,0.1436,0.4905,-0.843
251,0.1380,can,-0.0520,0.6066,2.481,1,0.493,-0.0636,0.5974,-1.025
252,0.1380,chips,-0.2324,0.3004,2.098,0,0.493,-0.1687,0.4111,-0.105
253,0.1380,chips,-0.1230,0.6504,0.877,0,0.493,-0.2053,0.6806,-2.541
254,0.1380,tetrapak,0.0355,0.3715,1.963,0,0.493,0.0392,0.3943,2.188
255,0.1380,can,0.1832,0.3988,1.456,0,0.493,0.1793,0.4437,-0.287
256,0.1427,can,0.0027,0.4480,1.324,0,0.493,0.0219,0.4662,-0.193
257,0.1427,tetrapak,-0.0629,0.6012,1.963,1,0.493,-0.0420,0.6097,2.077
258,0.1427,chips,0.1121,0.6504,1.963,0,0.493,0.0379,0.6026,1.996
259,0.1427,tetrapak,-0.1066,0.3660,1.963,1,0.493,-0.1203,0.3760,1.533
260,0.1427,can,0.0684,0.5629,0.393,1,0.493,0.0756,0.5557,1.602
261,0.1427,can,-0.0465,0.3934,1.963,0,0.493,-0.0406,0.3857,1.706
262,0.1427,chips,0.1449,0.4043,1.963,0,0.493,0.0575,0.3880,1.267
263,0.1427,tetrapak,-0.0684,0.5848,2.779,1,0.493,-0.0564,0.6003,-0.034
264,0.1469,chips,0.1012,0.3824,1.173,0,0.493,0.0708,0.2686,0.248
265,0.1469,tetrapak,-0.1832,0.7652,0.393,1,0.493,-0.1668,0.6922,-2.927
266,0.1469,can,-0.1996,0.4098,1.178,0,0.493,-0.1933,0.3995,0.665
267,0.1469,tetrapak,0.0957,0.5738,0.395,0,0.493,0.1135,0.6221,3.026
268,0.1469,tetrapak,-0.1941,0.5684,0.393,1,0.493,-0.1730,0.4935,0.247
269,0.1469,chips,-0.0574,0.4371,1.642,0,0.493,-0.1787,0.4473,2.143
270,0.1469,chips,0.0684,0.3879,1.178,0,0.493,0.0189,0.3207,2.551
271,0.1469,tetrapak,0.0191,0.4535,1.178,1,0.493,0.0187,0.4608,-2.471
272,0.1512,chips,0.2434,0.7051,1.311,0,0.493,0.1424,0.6860,-1.040
273,0.1512,chips,-0.1449,0.6504,0.381,0,0.493,-0.1411,0.6671,0.283
274,0.1512,can,0.2105,0.3988,2.798,0,0.493,0.1651,0.3960,-1.112
275,0.1512,can,0.1066,0.6066,1.498,0,0.493,0.0585,0.5745,-1.507
276,0.1512,can,-0.0629,0.4699,2.119,0,0.493,-0.0925,0.4607,-2.825
277,0.1512,chips,-0.0629,0.5574,2.324,0,0.493,-0.0017,0.6530,1.995
278,0.1512,tetrapak,0.1340,0.5902,1.963,0,0.493,0.1603,0.5910,2.645
279,0.1512,can,-0.1941,0.6285,0.393,0,0.493,-0.1992,0.6170,2.182
280,0.1570,chips,-0.0738,0.3441,0.393,0,0.492,-0.0460,0.3940,-1.227
281,0.1570,tetrapak,-0.1012,0.5137,2.560,1,0.492,-0.0737,0.5096,1.227
282,0.1570,chips,0.1723,0.5137,1.147,0,0.492,0.0782,0.5631,1.224
283,0.1570,can,0.0410,0.3387,1.454,0,0.492,0.0429,0.3595,0.990
284,0.1570,can,-0.0629,0.4535,0.393,1,0.492,-0.0676,0.4542,-0.012
285,0.1570,tetrapak,0.0957,0.4480,1.963,1,0.492,0.1140,0.4389,0.951
286,0.1570,can,-0.1121,0.3387,2.148,0,0.492,-0.1346,0.3765,2.886
287,0.1570,tetrapak,-0.0355,0.6285,1.963,0,0.492,-0.0758,0.6209,-1.652
288,0.1608,chips,-0.1887,0.6941,2.332,0,0.492,-0.1008,0.6878,-1.007
289,0.1608,can,0.0191,0.4809,1.963,1,0.492,0.0326,0.4773,-2.875
290,0.1608,tetrapak,0.0027,0.6449,1.571,0,0.492,0.0261,0.6428,-0.960
291,0.1608,can,0.0082,0.4480,2.913,1,0.492,0.0126,0.4750,0.996
292,0.1608,can,-0.1668,0.6668,2.805,0,0.492,-0.1838,0.6449,-0.930
293,0.1608,can,-0.1996,0.3879,2.233,0,0.492,-0.1898,0.4146,-2.669
294,0.1608,can,0.0957,0.3988,0.584,0,0.492,0.1178,0.3955,-2.286
295,0.1608,tetrapak,-0.1668,0.3223,0.109,0,0.492,-0.1327,0.3372,-0.120
296,0.1640,can,-0.1285,0.5574,0.393,1,0.492,-0.1234,0.5592,-0.860
297,0.1640,tetrapak,0.1285,0.5465,1.963,0,0.492,0.1084,0.4652,-0.049
298,0.1640,tetrapak,0.0355,0.5137,2.562,0,0.492,0.0170,0.5474,2.058
299,0.1640,chips,-0.0957,0.3387,1.178,0,0.492,-0.0967,0.4368,0.593
300,0.1640,can,0.1449,0.3715,0.981,0,0.492,0.1136,0.3522,-3.123
301,0.1640,chips,-0.0027,0.6121,1.178,0,0.492,-0.0961,0.5474,1.619
302,0.1640,chips,0.1723,0.3715,0.006,0,0.492,0.2767,0.4171,-1.849
303,0.1640,chips,-0.2160,0.6449,1.178,0,0.492,-0.2133,0.7450,0.525
304,0.1685,tetrapak,-0.1668,0.4043,1.571,1,0.492,-0.1682,0.3919,2.983
305,0.1685,can,-0.1504,0.3715,1.963,1,0.492,-0.1445,0.3744,1.967
306,0.1685,can,-0.0902,0.3824,0.904,0,0.492,-0.0759,0.3511,-0.260
307,0.1685,can,-0.0520,0.6121,1.963,1,0.492,-0.0508,0.6149,0.106
308,0.1685,chips,0.0520,0.4426,1.571,0,0.492,0.0926,0.4933,-1.260
309,0.1685,can,0.0410,0.5465,0.771,0,0.492,0.0651,0.5204,-1.042
310,0.1685,tetrapak,0.0957,0.6012,1.571,1,0.492,0.1097,0.6067,0.459
311,0.1685,tetrapak,-0.0355,0.5246,0.909,0,0.492,-0.0617,0.5249,1.635
312,0.1745,can,-0.1395,0.4754,1.178,0,0.491,-0.1303,0.4665,-1.670
313,0.1745,tetrapak,-0.2762,0.5520,1.963,0,0.491,-0.2267,0.5172,-2.195
314,0.1745,can,-0.1996,0.3988,1.178,0,0.491,-0.1941,0.3915,1.112
315,0.1745,tetrapak,-0.1996,0.3441,1.739,1,0.491,-0.1976,0.3593,-1.645
316,0.1745,chips,-0.2652,0.3879,0.849,0,0.491,-0.1708,0.4792,1.935
317,0.1745,tetrapak,-0.1723,0.5574,2.373,0,0.491,-0.1830,0.5373,-1.601
318,0.1745,tetrapak,-0.0301,0.5410,1.963,0,0.491,-0.0146,0.4804,0.324
319,0.1745,tetrapak,-0.0848,0.4645,2.285,0,0.491,-0.0490,0.5045,-0.651
320,0.1791,tetrapak,-0.1230,0.3332,0.685,1,0.491,-0.1358,0.3943,0.150
321,0.1791,tetrapak,0.0793,0.4918,0.058,1,0.491,0.0815,0.4611,1.762
322,0.1791,tetrapak,-0.0848,0.3879,1.963,1,0.491,-0.0956,0.3923,1.879
323,0.1791,can,-0.1941,0.6066,1.963,0,0.491,-0.1857,0.5938,2.923
324,0.1791,chips,0.0902,0.4152,0.533,0,0.491,0.0879,0.3605,-1.562
325,0.1791,tetrapak,0.1340,0.6121,1.963,1,0.491,0.1486,0.6117,2.947
326,0.1791,can,0.0684,0.6285,1.963,0,0.491,0.0666,0.6202,-1.025
327,0.1791,tetrapak,0.0738,0.7379,1.963,0,0.491,0.0764,0.6792,-2.919
328,0.1832,tetrapak,-0.0301,0.4645,1.963,1,0.491,-0.0236,0.4718,2.956
329,0.1832,tetrapak,0.1559,0.5027,1.178,1,0.491,0.1271,0.5409,0.562
330,0.1832,tetrapak,-0.0465,0.5848,1.963,0,0.491,-0.0339,0.5814,2.551
331,0.1832,can,0.1559,0.6230,1.178,0,0.491,0.1578,0.6118,2.533
332,0.1832,can,-0.0410,0.5137,1.178,0,0.491,-0.0375,0.5024,-1.390
333,0.1832,chips,0.2434,0.6176,1.178,0,0.491,0.1743,0.5877,-1.474
334,0.1832,tetrapak,-0.1668,0.5793,1.710,0,0.491,-0.1673,0.6567,3.129
335,0.1832,chips,0.3363,0.4098,0.308,0,0.491,0.2356,0.4339,-2.221
336,0.1882,chips,-0.2270,0.5246,1.963,0,0.491,-0.2873,0.5139,-1.133
337,0.1882,chips,-0.1340,0.5738,0.405,0,0.491,-0.2491,0.6322,-2.465
338,0.1882,tetrapak,0.2598,0.5629,2.424,0,0.491,0.1780,0.5448,2.280
339,0.1882,chips,0.1723,0.3824,1.963,0,0.491,0.1464,0.3165,-2.739
340,0.1882,tetrapak,0.0191,0.3715,1.963,1,0.491,-0.0347,0.3333,-0.826
341,0.1882,chips,-0.2105,0.3660,1.963,0,0.491,-0.2804,0.3379,2.269
342,0.1882,tetrapak,-0.0246,0.6285,1.243,1,0.491,0.0289,0.6092,1.396
343,0.1882,tetrapak,0.1230,0.6121,1.074,0,0.491,0.0251,0.6067,1.334
344,0.1917,chips,0.1066,0.6012,1.963,0,0.491,0.0265,0.5967,-2.105
345,0.1917,chips,0.0520,0.6449,1.963,0,0.491,-0.0186,0.5820,2.811
346,0.1917,chips,0.0520,0.4809,1.963,0,0.491,-0.0218,0.5004,1.911
347,0.1917,can,-0.0246,0.5246,1.185,0,0.491,-0.0305,0.5535,3.120
348,0.1917,can,-0.0957,0.4262,2.898,0,0.491,-0.1431,0.4081,-1.349
349,0.1917,tetrapak,0.0027,0.4973,1.327,0,0.491,-0.0247,0.4677,-0.412
350,0.1917,can,0.0902,0.6832,2.288,1,0.491,0.0753,0.6469,-3.046
351,0.1917,tetrapak,-0.0957,0.3660,1.963,1,0.491,-0.0724,0.3651,-2.174
352,0.1956,tetrapak,0.1012,0.4863,1.963,1,0.490,0.1157,0.4911,2.288
353,0.1956,chips,-0.2379,0.7379,2.275,0,0.490,-0.1728,0.7378,0.512
354,0.1956,can,0.0246,0.3551,0.946,0,0.490,0.0395,0.3795,2.595
355,0.1956,chips,0.2488,0.5520,1.963,0,0.490,0.1832,0.6099,1.414
356,0.1956,chips,-0.0301,0.4043,1.410,0,0.490,0.0641,0.3745,1.664
357,0.1956,tetrapak,-0.1777,0.4207,0.605,0,0.490,-0.2108,0.3575,-0.357
358,0.1956,chips,-0.1559,0.4043,1.885,0,0.490,-0.1870,0.4661,-3.069
359,0.1956,can,0.0465,0.5957,1.963,1,0.490,0.0474,0.5934,0.323
360,0.1998,can,0.0027,0.4480,0.336,0,0.490,0.0167,0.4902,1.333
361,0.1998,chips,-0.0957,0.5520,1.963,0,0.490,-0.1725,0.4796,2.899
362,0.1998,can,0.0301,0.4645,1.963,1,0.490,0.0287,0.4719,2.969
363,0.1998,tetrapak,0.2379,0.5410,2.099,0,0.490,0.1606,0.5441,-0.759
364,0.1998,chips,-0.0793,0.4426,1.887,0,0.490,-0.0417,0.4350,-1.774
365,0.1998,can,-0.1176,0.6449,1.963,1,0.490,-0.1231,0.6450,-2.554
366,0.1998,tetrapak,0.0629,0.5574,0.535,0,0.490,0.1193,0.6350,2.652
367,0.1998,chips,-0.0191,0.4152,1.963,0,0.490,-0.0021,0.5114,-0.649
368,0.2034,tetrapak,-0.0684,0.6941,1.795,0,0.490,-0.0813,0.6443,-2.177
369,0.2034,chips,-0.1613,0.5574,1.963,0,0.490,-0.1957,0.6344,-2.206
370,0.2034,chips,-0.0082,0.4152,1.963,0,0.490,-0.1053,0.3554,1.589
371,0.2034,tetrapak,0.1066,0.5191,1.963,0,0.490,0.1076,0.4895,-2.844
372,0.2034,can,0.1230,0.3824,1.755,0,0.490,0.1631,0.3524,-1.579
373,0.2034,chips,0.3199,0.3770,0.260,0,0.490,0.2634,0.4578,-1.836
374,0.2034,tetrapak,-0.1668,0.5574,1.492,0,0.490,-0.1279,0.5543,2.879
375,0.2034,tetrapak,0.0957,0.3934,2.485,0,0.490,0.0659,0.3565,0.052
376,0.2082,tetrapak,0.1668,0.4316,1.963,0,0.490,0.1276,0.4452,1.134
377,0.2082,tetrapak,-0.1230,0.4863,1.963,1,0.490,-0.0876,0.4954,-1.106
378,0.2082,chips,0.0410,0.6176,1.963,0,0.490,0.0873,0.6594,2.136
379,0.2082,chips,-0.2707,0.6887,1.963,0,0.490,-0.1925,0.6750,-2.229
380,0.2082,chips,0.0410,0.6777,2.044,0,0.490,0.0402,0.6398,1.661
381,0.2082,can,-0.0957,0.3770,1.963,0,0.490,-0.0951,0.3721,-0.580
382,0.2082,can,0.0738,0.4754,0.604,0,0.490,0.0291,0.4508,2.974
383,0.2082,chips,0.0684,0.6832,1.963,0,0.490,0.1122,0.7291,-0.704
384,0.2118,chips,0.0355,0.3824,1.963,0,0.490,0.0818,0.4398,2.114
385,0.2118,can,0.1504,0.6395,1.882,0,0.490,0.1381,0.5950,2.897
386,0.2118,chips,-0.1012,0.5957,0.801,0,0.490,-0.1189,0.6506,0.174
387,0.2118,tetrapak,-0.0137,0.5848,2.100,0,0.490,0.0060,0.4811,0.203
388,0.2118,tetrapak,-0.1996,0.5574,0.284,0,0.490,-0.1270,0.5155,0.837
389,0.2118,can,0.0902,0.5027,1.963,0,0.490,0.0941,0.4967,-0.166
390,0.2118,can,-0.1832,0.4863,1.388,0,0.490,-0.1866,0.4545,-2.428
391,0.2118,chips,-0.1887,0.3113,1.963,0,0.490,-0.1276,0.3616,-1.285
392,0.2160,tetrapak,-0.1340,0.3770,1.963,1,0.489,-0.1410,0.3837,1.344
393,0.2160,can,0.1066,0.4918,1.963,0,0.489,0.1124,0.4845,2.567
394,0.2160,tetrapak,-0.1832,0.4973,1.963,0,0.489,-0.1196,0.4672,-2.052
395,0.2160,can,-0.0793,0.5355,1.963,0,0.489,-0.0692,0.5281,2.950
396,0.2160,can,0.0246,0.3824,2.997,0,0.489,-0.0163,0.4236,-1.864
397,0.2160,can,-0.1395,0.6285,1.963,0,0.489,-0.1263,0.6158,1.387
398,0.2160,tetrapak,-0.1887,0.4645,2.172,0,0.489,-0.1524,0.4148,0.802
399,0.2160,tetrapak,-0.2051,0.4316,1.744,0,0.489,-0.1537,0.4165,2.604
400,0.2205,chips,0.1395,0.4973,1.963,0,0.489,0.2014,0.5337,-1.417
401,0.2205,chips,-0.0191,0.5520,2.300,0,0.489,-0.1060,0.5061,-0.952
402,0.2205,tetrapak,0.0082,0.3715,0.670,1,0.489,0.0299,0.3629,2.565
403,0.2205,chips,-0.0082,0.3934,2.254,0,0.489,-0.0775,0.4001,-0.205
404,0.2205,tetrapak,-0.0684,0.6504,1.963,1,0.489,-0.0722,0.6360,1.734
405,0.2205,chips,-0.1176,0.4152,1.963,0,0.489,-0.0808,0.4791,2.818
406,0.2205,chips,0.0520,0.4098,1.963,0,0.489,0.1359,0.3601,0.664
407,0.2205,tetrapak,0.1777,0.4371,0.393,1,0.489,0.2199,0.3816,0.645
408,0.2243,tetrapak,0.0902,0.4754,2.982,0,0.489,0.1073,0.4935,0.376
409,0.2243,chips,-0.0301,0.5410,2.118,0,0.489,0.0895,0.5102,-1.449
410,0.2243,can,-0.1996,0.4973,2.954,0,0.489,-0.1963,0.4845,-0.746
411,0.2243,tetrapak,-0.0738,0.4754,0.980,0,0.489,-0.1113,0.4966,2.453
412,0.2243,chips,0.0246,0.4754,1.963,0,0.489,-0.0614,0.4575,1.200
413,0.2243,tetrapak,0.0246,0.5355,1.963,1,0.489,0.0460,0.5300,-1.647
414,0.2243,chips,0.0465,0.3605,1.963,0,0.489,-0.0228,0.2877,2.824
415,0.2243,chips,0.0355,0.5848,1.293,0,0.489,-0.0152,0.5299,1.746
416,0.2283,chips,-0.2816,0.5738,0.377,0,0.489,-0.1619,0.5721,-1.152
417,0.2283,chips,0.0574,0.3441,1.178,0,0.489,-0.0271,0.2882,2.611
418,0.2283,chips,-0.2160,0.5465,1.178,0,0.489,-0.1554,0.6009,1.830
419,0.2283,can,0.1176,0.3934,1.963,0,0.489,0.1207,0.3875,-1.041
420,0.2283,can,0.0574,0.4590,1.963,0,0.489,0.0595,0.4492,-0.799
421,0.2283,can,-0.1066,0.5191,2.859,0,0.489,-0.0822,0.5269,2.168
422,0.2283,can,-0.1613,0.4371,1.178,1,0.489,-0.1561,0.4335,-0.926
423,0.2283,tetrapak,0.1066,0.4809,1.289,0,0.489,0.1391,0.4846,-2.602
424,0.2329,tetrapak,0.1285,0.3770,0.761,0,0.489,0.1204,0.4253,0.297
425,0.2329,chips,-0.1340,0.6012,2.082,0,0.489,-0.1598,0.7022,-2.971
426,0.2329,can,0.0520,0.6121,1.474,0,0.489,0.0359,0.6340,0.925
427,0.2329,tetrapak,-0.0848,0.5684,2.854,1,0.489,-0.1022,0.5501,-0.525
428,0.2329,chips,0.1668,0.5246,1.178,0,0.489,0.1071,0.4275,-3.112
429,0.2329,chips,0.1504,0.4754,1.049,0,0.489,0.1357,0.3722,2.814
430,0.2329,can,0.0793,0.3988,1.963,1,0.489,0.0745,0.4006,-0.616
431,0.2329,can,-0.0684,0.4918,1.963,1,0.489,-0.0687,0.4934,2.098
432,0.2370,can,0.0684,0.4316,1.963,1,0.488,0.0723,0.4330,-1.386
433,0.2370,tetrapak,-0.1887,0.5629,1.963,1,0.488,-0.2583,0.5321,-1.091
434,0.2370,can,-0.0793,0.4098,2.431,0,0.488,-0.1047,0.3862,2.145
435,0.2370,can,-0.1340,0.3770,1.322,0,0.488,-0.1088,0.4024,1.766
436,0.2370,can,-0.1777,0.5137,1.963,1,0.488,-0.1750,0.5176,0.446
437,0.2370,can,-0.0465,0.4863,1.725,0,0.488,-0.0286,0.4746,-3.026
438,0.2370,can,-0.1723,0.5191,1.963,1,0.488,-0.1672,0.5261,-2.605
439,0.2370,can,0.0902,0.4535,1.963,1,0.488,0.0927,0.4606,-3.116
440,0.2413,tetrapak,-0.0246,0.5902,1.379,0,0.488,-0.0579,0.5377,-3.029
441,0.2413,tetrapak,0.0082,0.4098,2.749,0,0.488,0.0286,0.3733,1.779
442,0.2413,tetrapak,-0.1832,0.5191,1.963,0,0.488,-0.1563,0.4970,2.998
443,0.2413,can,-0.0629,0.4098,0.393,1,0.488,-0.0591,0.4053,1.116
444,0.2413,chips,-0.0082,0.4043,1.178,0,0.488,-0.0374,0.4598,-2.038
445,0.2413,chips,0.1941,0.5246,2.455,0,0.488,0.1690,0.4918,-3.098
446,0.2413,tetrapak,-0.0027,0.5902,0.590,1,0.488,-0.0026,0.6072,-0.592
447,0.2413,can,-0.0848,0.3660,1.921,0,0.488,-0.0686,0.3688,-2.857
448,0.2453,can,0.0902,0.5082,2.763,0,0.488,0.0431,0.5087,-1.065
449,0.2453,can,0.0957,0.6066,0.340,0,0.488,0.1231,0.5730,2.870
450,0.2453,tetrapak,-0.3035,0.7105,0.545,0,0.488,-0.2131,0.6771,-2.019
451,0.2453,tetrapak,-0.2051,0.2949,0.393,0,0.488,-0.1706,0.3608,-0.408
452,0.2453,chips,-0.1887,0.3551,1.399,0,0.488,-0.2312,0.3797,-1.300
453,0.2453,chips,0.2652,0.5684,2.012,0,0.488,0.2717,0.5876,-1.030
454,0.2453,can,-0.1230,0.4863,1.347,0,0.488,-0.0789,0.4873,-1.277
455,0.2453,chips,-0.1777,0.3770,2.858,0,0.488,-0.0806,0.4364,2.324
456,0.2500,tetrapak,0.1941,0.5301,1.963,1,0.488,0.1968,0.5140,-2.308
457,0.2500,chips,-0.0520,0.4316,1.526,0,0.488,0.0002,0.4325,-1.058
458,0.2500,can,-0.1449,0.4754,0.393,1,0.488,-0.1371,0.4687,0.849
459,0.2500,can,-0.0082,0.6066,0.796,1,0.488,-0.0011,0.5959,-0.013
460,0.2500,can,-0.0848,0.4371,0.393,1,0.488,-0.0790,0.4303,-0.026
461,0.2500,can,-0.0191,0.4371,0.393,1,0.488,-0.0111,0.4293,-1.208
462,0.2500,can,-0.1285,0.5301,0.393,1,0.488,-0.1203,0.5234,-2.947
463,0.2500,tetrapak,0.1012,0.5027,1.479,0,0.488,0.1406,0.4782,-2.521
464,0.2545,tetrapak,0.1395,0.6340,1.807,0,0.487,0.0972,0.6423,2.063
465,0.2545,tetrapak,0.1668,0.6176,1.963,1,0.487,0.1761,0.6017,-2.418
466,0.2545,tetrapak,-0.0520,0.2949,1.963,0,0.487,-0.0593,0.2707,-0.354
467,0.2545,chips,-0.1996,0.5684,0.350,0,0.487,-0.2873,0.6174,-1.758
468,0.2545,tetrapak,-0.0082,0.6176,1.963,1,0.487,-0.0636,0.6268,1.350
469,0.2545,can,0.1887,0.4863,2.165,0,0.487,0.1964,0.4389,-3.005
470,0.2545,chips,0.0902,0.5684,1.178,0,0.487,0.0664,0.6435,-2.354
471,0.2545,can,0.0137,0.4371,1.963,1,0.487,0.0182,0.4369,-0.246
472,0.2580,chips,-0.0246,0.4535,1.178,0,0.487,-0.0498,0.5342,0.801
473,0.2580,chips,0.0137,0.3332,1.178,0,0.487,-0.0196,0.3796,1.409
474,0.2580,chips,0.1449,0.2949,1.178,0,0.487,0.1452,0.3069,0.833
475,0.2580,can,-0.2379,0.3660,1.990,0,0.487,-0.1965,0.3681,-0.334
476,0.2580,can,0.0793,0.5574,0.410,0,0.487,0.0770,0.5226,1.143
477,0.2580,can,0.0355,0.3879,0.468,0,0.487,0.0653,0.3817,-1.711
478,0.2580,tetrapak,0.0684,0.4426,1.963,0,0.487,0.0858,0.5120,2.904
479,0.2580,tetrapak,0.0082,0.6121,2.176,0,0.487,0.0217,0.6201,-2.377
480,0.2629,chips,0.0574,0.3277,1.178,0,0.487,0.0586,0.4185,0.389
481,0.2629,tetrapak,-0.1449,0.7270,2.140,0,0.487,-0.0919,0.6743,-2.156
482,0.2629,chips,-0.0520,0.5137,1.178,0,0.487,-0.0328,0.6009,-0.520
483,0.2629,tetrapak,-0.0301,0.3770,1.725,0,0.487,-0.0565,0.4067,1.303
484,0.2629,chips,0.1777,0.4262,0.950,0,0.487,0.2906,0.3655,1.565
485,0.2629,chips,-0.0301,0.4480,1.178,0,0.487,-0.0032,0.4728,1.772
486,0.2629,tetrapak,0.1012,0.2949,1.178,0,0.487,0.1128,0.2722,0.264
487,0.2629,tetrapak,-0.2488,0.5793,1.977,0,0.487,-0.1557,0.5339,-2.054
488,0.2673,tetrapak,-0.2434,0.6613,1.834,0,0.487,-0.1766,0.6248,2.999
489,0.2673,tetrapak,-0.1613,0.5410,1.963,1,0.487,-0.1681,0.5370,-1.385
490,0.2673,chips,-0.1066,0.4426,1.963,0,0.487,-0.0945,0.5303,2.597
491,0.2673,chips,-0.1887,0.3824,2.085,0,0.487,-0.1736,0.4638,3.039
492,0.2673,can,-0.1777,0.5082,1.963,0,0.487,-0.1730,0.5016,-1.186
493,0.2673,can,-0.1395,0.5684,1.963,0,0.487,-0.1335,0.5667,-0.995
494,0.2673,can,0.1449,0.3551,0.927,0,0.487,0.1229,0.3907,2.471
495,0.2673,tetrapak,-0.0629,0.4535,1.963,0,0.487,-0.0605,0.4288,-0.839
496,0.2713,tetrapak,-0.1832,0.2949,0.393,0,0.487,-0.1735,0.2851,0.081
497,0.2713,can,-0.0738,0.4426,1.963,1,0.487,-0.0679,0.4424,0.219
498,0.2713,chips,-0.0191,0.2949,1.178,0,0.487,-0.0003,0.2639,0.464
499,0.2713,chips,-0.0684,0.6449,1.178,0,0.487,-0.0728,0.7241,-0.137
500,0.2713,chips,-0.0191,0.7980,1.773,0,0.487,0.0202,0.7106,-2.778
501,0.2713,can,-0.0082,0.3879,0.726,0,0.487,-0.0595,0.3997,-1.896
502,0.2713,tetrapak,-0.0027,0.4480,1.963,1,0.487,0.0476,0.4865,2.183
503,0.2713,chips,0.0301,0.3879,3.098,0,0.487,-0.0270,0.4704,-0.100
504,0.2755,chips,0.0465,0.3004,0.000,0,0.486,0.0856,0.2842,0.869
505,0.2755,tetrapak,-0.1613,0.5137,1.963,0,0.486,-0.1344,0.5180,-0.185
506,0.2755,can,-0.0410,0.5738,1.963,0,0.486,-0.0326,0.5742,-1.889
507,0.2755,tetrapak,-0.1449,0.5355,1.963,1,0.486,-0.1354,0.5399,3.109
508,0.2755,can,-0.0629,0.6176,1.963,1,0.486,-0.0557,0.6167,-0.018
509,0.2755,can,-0.0684,0.3770,0.313,0,0.486,-0.0470,0.3784,2.338
510,0.2755,can,-0.0793,0.5848,2.454,0,0.486,-0.1254,0.5735,-0.987
511,0.2755,chips,0.0137,0.3660,0.000,0,0.486,0.0193,0.3693,-3.058
512,0.2793,chips,-0.0738,0.4809,1.464,0,0.486,-0.1499,0.4619,-0.391
513,0.2793,tetrapak,-0.2160,0.6230,1.963,0,0.486,-0.2481,0.6665,-2.321
514,0.2793,tetrapak,0.0355,0.4262,1.963,0,0.486,-0.0082,0.4768,-2.292
515,0.2793,can,-0.2215,0.3441,0.197,0,0.486,-0.1701,0.3594,1.765
516,0.2793,chips,0.2215,0.5738,1.571,0,0.486,0.2029,0.6706,-0.291
517,0.2793,chips,0.2980,0.3113,1.571,0,0.486,0.2266,0.3695,-2.660
518,0.2793,can,0.1559,0.3934,1.410,1,0.486,0.1468,0.3903,-0.759
519,0.2793,can,-0.0410,0.5082,2.993,0,0.486,-0.0072,0.4847,-3.108
520,0.2845,chips,-0.0410,0.5902,1.963,0,0.486,-0.0620,0.6673,0.361
521,0.2845,can,-0.1723,0.4918,1.963,1,0.486,-0.1669,0.4954,-0.351
522,0.2845,tetrapak,0.0574,0.3277,1.963,1,0.486,0.1100,0.3502,-1.220
523,0.2845,tetrapak,-0.1121,0.3988,1.963,0,0.486,-0.0896,0.3517,0.402
524,0.2845,chips,-0.1449,0.5574,0.339,0,0.486,-0.1707,0.5337,-2.998
525,0.2845,can,0.0191,0.4535,2.225,1,0.486,0.0335,0.4803,-0.342
526,0.2845,can,0.1285,0.6340,0.148,0,0.486,0.0815,0.6468,0.634
527,0.2845,tetrapak,-0.1230,0.5301,2.528,0,0.486,-0.1636,0.4741,0.008
528,0.2877,chips,-0.0684,0.5301,1.963,0,0.486,-0.1176,0.5861,1.181
529,0.2877,chips,-0.0520,0.3496,1.963,0,0.486,-0.0863,0.4194,1.045
530,0.2877,can,0.1395,0.4699,1.963,0,0.486,0.1415,0.4660,2.011
531,0.2877,chips,0.2324,0.6230,1.273,0,0.486,0.2412,0.5545,2.531
532,0.2877,tetrapak,-0.0629,0.5738,1.963,0,0.486,-0.0389,0.5482,-2.475
533,0.2877,can,-0.1941,0.5246,3.004,0,0.486,-0.1442,0.5512,3.017
534,0.2877,can,0.0793,0.4918,1.963,0,0.486,0.0833,0.4908,-1.686
535,0.2877,can,-0.1887,0.4371,1.963,1,0.486,-0.1821,0.4388,-2.951
536,0.2915,chips,-0.1504,0.5465,2.210,0,0.486,-0.2329,0.5020,-1.188
537,0.2915,tetrapak,0.1121,0.2949,1.963,0,0.486,0.1133,0.3096,-0.284
538,0.2915,can,0.0137,0.3770,1.963,0,0.486,0.0203,0.3767,2.468
539,0.2915,chips,-0.2434,0.3879,2.356,0,0.486,-0.1875,0.4578,1.934
540,0.2915,chips,-0.0137,0.5410,1.963,0,0.486,-0.0104,0.6180,-0.366
541,0.2915,tetrapak,0.0246,0.4043,1.122,0,0.486,0.0604,0.4023,1.724
542,0.2915,tetrapak,-0.0246,0.3332,1.963,0,0.486,-0.0015,0.3831,-0.388
543,0.2915,chips,0.0027,0.3387,1.963,0,0.486,-0.0490,0.3904,1.300
544,0.2963,tetrapak,0.1340,0.5848,1.901,1,0.485,0.1143,0.5511,3.109
545,0.2963,chips,-0.1176,0.4207,2.356,0,0.485,-0.1369,0.5007,-2.560
546,0.2963,chips,-0.0629,0.3879,0.672,0,0.485,-0.1080,0.3693,-0.490
547,0.2963,can,-0.1285,0.3770,1.963,0,0.485,-0.1234,0.3769,-1.447
548,0.2963,chips,0.0355,0.6066,2.476,0,0.485,0.0317,0.5402,-0.579
549,0.2963,chips,-0.1613,0.2949,2.356,0,0.485,-0.1758,0.3655,0.181
550,0.2963,can,-0.1176,0.4754,1.963,1,0.485,-0.1156,0.4763,0.362
551,0.2963,can,0.0465,0.4754,1.691,0,0.485,0.0426,0.4453,1.640
552,0.3000,chips,-0.0738,0.6504,1.571,0,0.485,-0.0608,0.7366,-0.593
553,0.3000,tetrapak,-0.0301,0.5902,0.140,0,0.485,-0.0658,0.5573,-2.369
554,0.3000,tetrapak,0.0520,0.3934,3.020,0,0.485,0.0755,0.3866,-0.823
555,0.3000,chips,-0.1504,0.5793,1.571,0,0.485,-0.1795,0.6659,0.675
556,0.3000,can,0.2051,0.4371,1.651,0,0.485,0.1688,0.3926,-0.888
557,0.3000,chips,-0.0574,0.4262,1.571,0,0.485,-0.0786,0.5075,0.202
558,0.3000,chips,0.1449,0.4098,1.571,0,0.485,0.1794,0.4795,2.059
559,0.3000,tetrapak,0.0465,0.3824,0.902,0,0.485,0.0571,0.4093,-2.828
560,0.3047,chips,0.0301,0.4316,1.976,0,0.485,-0.0208,0.3817,-0.042
561,0.3047,can,0.2215,0.4152,1.571,0,0.485,0.1934,0.4228,-1.321
562,0.3047,tetrapak,-0.1012,0.5520,1.571,0,0.485,-0.1222,0.5527,2.454
563,0.3047,tetrapak,-0.0082,0.6176,0.038,0,0.485,0.0286,0.5802,-2.795
564,0.3047,tetrapak,0.0629,0.4590,1.571,1,0.485,0.0358,0.4754,3.108
565,0.3047,chips,0.1176,0.4426,1.571,0,0.485,0.0187,0.4172,1.336
566,0.3047,tetrapak,0.0301,0.5355,2.218,0,0.485,-0.0372,0.5391,-1.282
567,0.3047,tetrapak,0.1449,0.6777,1.571,0,0.485,0.1041,0.6228,2.831
568,0.3086,can,-0.0848,0.4973,1.963,0,0.485,-0.0789,0.4869,-0.311
569,0.3086,chips,-0.0684,0.3879,1.571,0,0.485,-0.1055,0.3084,0.137
570,0.3086,tetrapak,0.0902,0.4371,0.885,0,0.485,0.0389,0.5162,0.689
571,0.3086,chips,0.0902,0.4316,1.571,0,0.485,0.0611,0.5146,0.339
572,0.3086,can,-0.1941,0.3770,0.907,0,0.485,-0.1998,0.3626,0.993
573,0.3086,chips,0.2434,0.5191,0.294,0,0.485,0.2201,0.5972,2.308
574,0.3086,chips,-0.1230,0.6449,1.571,0,0.485,-0.1280,0.7406,-0.419
575,0.3086,tetrapak,0.1121,0.4754,1.963,0,0.485,0.1257,0.4598,0.738
576,0.3130,tetrapak,0.0246,0.4863,1.963,1,0.485,0.0259,0.4671,-2.638
577,0.3130,chips,-0.0520,0.4480,1.552,0,0.485,0.0683,0.4487,2.140
578,0.3130,tetrapak,-0.0137,0.3168,1.916,0,0.485,-0.0122,0.3899,-2.632
579,0.3130,can,0.1887,0.4043,1.963,1,0.485,0.1906,0.4054,1.403
580,0.3130,chips,-0.1395,0.4535,2.356,0,0.485,-0.1267,0.5476,-0.687
581,0.3130,tetrapak,0.2543,0.5629,0.073,0,0.485,0.1930,0.5616,-1.463
582,0.3130,can,-0.1723,0.5520,1.963,1,0.485,-0.1672,0.5534,2.507
583,0.3130,chips,0.0191,0.3934,2.356,0,0.485,-0.0097,0.2793,2.341
584,0.3171,chips,0.1012,0.4316,1.571,0,0.484,0.1186,0.5261,-0.821
585,0.3171,chips,0.1340,0.7926,1.571,0,0.484,0.1150,0.6997,-2.714
586,0.3171,can,0.0574,0.6230,1.963,0,0.484,0.0567,0.6165,2.724
587,0.3171,chips,0.0465,0.3387,2.356,0,0.484,0.0845,0.4332,-0.986
588,0.3171,chips,-0.1285,0.3988,2.356,0,0.484,-0.1153,0.4946,-0.655
589,0.3171,tetrapak,-0.0793,0.5848,1.963,1,0.484,-0.0883,0.5836,2.562
590,0.3171,tetrapak,-0.1285,0.6121,1.963,1,0.484,-0.1275,0.6148,-0.493
591,0.3171,chips,0.0191,0.3715,1.265,0,0.484,0.0357,0.4852,2.478
592,0.3210,can,0.0082,0.3934,1.963,1,0.484,0.0068,0.3992,1.326
593,0.3210,chips,-0.1012,0.3660,0.887,0,0.484,-0.1544,0.4566,-0.076
594,0.3210,chips,-0.0738,0.4262,0.578,0,0.484,0.0025,0.5179,-1.223
595,0.3210,tetrapak,-0.0410,0.6777,1.024,1,0.484,-0.0301,0.6852,-2.229
596,0.3210,tetrapak,0.1559,0.5027,1.402,1,0.484,0.1795,0.5064,-1.624
597,0.3210,can,-0.1395,0.3551,1.973,1,0.484,-0.1863,0.3638,-2.628
598,0.3210,chips,0.1832,0.5191,1.571,0,0.484,0.1353,0.4254,-3.055
599,0.3210,can,-0.0574,0.5574,2.456,1,0.484,-0.0607,0.5649,-0.324
600,0.3255,can,-0.0301,0.4316,1.963,0,0.484,-0.0158,0.4350,-1.342
601,0.3255,chips,0.0137,0.7543,0.694,0,0.484,0.0821,0.6439,1.093
602,0.3255,can,0.1176,0.5629,0.713,0,0.484,0.1411,0.5536,-2.010
603,0.3255,can,0.1176,0.4645,0.674,0,0.484,0.1314,0.4238,0.234
604,0.3255,chips,-0.0082,0.4371,1.571,0,0.484,0.0203,0.5263,2.247
605,0.3255,chips,0.0629,0.3824,1.466,0,0.484,0.0833,0.4983,-3.082
606,0.3255,tetrapak,0.1559,0.7816,1.963,0,0.484,0.1473,0.7192,2.978
607,0.3255,tetrapak,0.0465,0.6176,1.963,0,0.484,0.0215,0.6824,-2.664
608,0.3295,tetrapak,0.0520,0.6723,2.593,0,0.484,0.1373,0.6582,1.809
609,0.3295,can,0.0629,0.4590,1.963,1,0.484,0.0659,0.4595,-1.171
610,0.3295,tetrapak,0.1121,0.4590,2.667,1,0.484,0.1185,0.4809,-2.241
611,0.3295,chips,0.0629,0.3715,1.571,0,0.484,0.0228,0.4600,0.921
612,0.3295,tetrapak,0.1449,0.5191,1.963,0,0.484,0.1531,0.4553,-2.945
613,0.3295,chips,-0.1449,0.4043,1.571,0,0.484,-0.1602,0.4884,-2.613
614,0.3295,tetrapak,-0.0355,0.6121,1.571,0,0.484,-0.0483,0.6185,2.281
615,0.3295,chips,0.2926,0.6832,1.571,0,0.484,0.2134,0.6323,2.659
616,0.3337,tetrapak,-0.1832,0.6012,1.571,1,0.483,-0.1896,0.6123,2.385
617,0.3337,chips,-0.0574,0.3934,2.356,0,0.483,-0.0739,0.4801,-2.599
618,0.3337,chips,0.2543,0.4207,0.613,0,0.483,0.2107,0.3970,1.825
619,0.3337,tetrapak,0.0355,0.3715,1.963,1,0.483,0.1053,0.3738,1.536
620,0.3337,tetrapak,-0.1449,0.6395,1.963,1,0.483,-0.1496,0.6341,1.469
621,0.3337,chips,0.3035,0.5629,0.682,0,0.483,0.2820,0.5077,-1.589
622,0.3337,tetrapak,-0.1832,0.3824,1.571,1,0.483,-0.1944,0.3920,0.913
623,0.3337,can,-0.1285,0.3605,2.928,0,0.483,-0.1767,0.3626,1.994
624,0.3386,can,-0.1176,0.4590,1.963,1,0.483,-0.1080,0.4557,0.217
625,0.3386,chips,-0.0793,0.4371,3.003,0,0.483,0.0311,0.4294,0.860
626,0.3386,can,-0.0191,0.6340,1.963,0,0.483,-0.0133,0.6282,-1.575
627,0.3386,chips,-0.2270,0.4316,2.356,0,0.483,-0.2861,0.3542,-1.188
628,0.3386,can,-0.1777,0.6395,1.963,0,0.483,-0.1674,0.6360,-1.694
629,0.3386,chips,-0.1340,0.4207,1.571,0,0.483,-0.1848,0.3390,-0.163
630,0.3386,tetrapak,-0.1613,0.3934,1.055,0,0.483,-0.1731,0.3644,0.224
631,0.3386,chips,-0.1176,0.4699,0.552,0,0.483,-0.0251,0.5296,2.274
632,0.3466,can,0.1449,0.4371,0.558,0,0.483,0.1779,0.4611,-1.896
633,0.3466,can,0.0082,0.4152,1.963,0,0.483,0.0167,0.4121,-2.357
634,0.3466,tetrapak,-0.1449,0.4973,1.963,1,0.483,-0.1409,0.4886,1.944
635,0.3466,chips,0.2980,0.5082,0.824,0,0.483,0.1803,0.5641,1.888
636,0.3466,tetrapak,0.0574,0.4754,1.963,1,0.483,0.0690,0.4686,0.769
637,0.3466,chips,0.0629,0.5848,2.356,0,0.483,0.0735,0.6764,-0.488
638,0.3466,chips,-0.0410,0.4480,2.912,0,0.483,0.0820,0.4249,-1.001
639,0.3466,chips,0.1996,0.6012,3.090,0,0.483,0.1806,0.5077,-0.403
640,0.3509,tetrapak,-0.0301,0.5137,1.963,0,0.483,-0.0067,0.5150,-0.381
641,0.3509,tetrapak,-0.3363,0.3441,0.764,0,0.483,-0.2460,0.3784,-0.685
642,0.3509,tetrapak,-0.0246,0.8035,2.022,0,0.483,-0.0122,0.7044,-3.008
643,0.3509,can,0.1559,0.5684,1.963,1,0.483,0.1558,0.5667,-0.404
644,0.3509,chips,0.1285,0.7762,1.571,0,0.483,0.1094,0.6768,0.305
645,0.3509,can,0.0137,0.5410,1.963,0,0.483,0.0242,0.5358,-0.930
646,0.3509,tetrapak,0.1285,0.4590,1.814,0,0.483,0.1130,0.5204,-0.586
647,0.3509,tetrapak,0.0793,0.3605,1.600,1,0.483,0.0836,0.3529,1.497
648,0.3550,chips,-0.0191,0.5684,1.447,0,0.482,0.0236,0.6409,2.292
649,0.3550,tetrapak,-0.0027,0.6613,1.963,0,0.482,0.0068,0.5851,-3.048
650,0.3550,chips,-0.0574,0.7871,1.963,0,0.482,-0.0977,0.6961,3.133
651,0.3550,can,-0.0246,0.5684,1.963,0,0.482,-0.0140,0.5636,2.553
652,0.3550,can,0.0574,0.3715,1.904,0,0.482,0.0612,0.3896,-2.014
653,0.3550,can,0.1066,0.3715,0.472,0,0.482,0.1248,0.3918,1.860
654,0.3550,can,-0.0191,0.5848,1.900,0,0.482,-0.0043,0.6240,2.670
655,0.3550,tetrapak,0.0684,0.5410,0.697,0,0.482,0.1513,0.4804,0.726
656,0.3598,chips,0.1887,0.4699,1.571,0,0.482,0.1598,0.3860,0.212
657,0.3598,chips,0.0082,0.6340,1.571,0,0.482,-0.0579,0.5639,-1.271
658,0.3598,can,-0.1777,0.5246,1.963,1,0.482,-0.1718,0.5252,2.688
659,0.3598,chips,0.1230,0.4043,1.178,0,0.482,0.1430,0.3038,-2.396
660,0.3598,tetrapak,0.0027,0.3988,1.963,1,0.482,0.0175,0.3962,1.396
661,0.3598,tetrapak,0.0191,0.5027,2.047,0,0.482,0.0292,0.4524,-2.131
662,0.3598,tetrapak,0.1504,0.6121,1.963,1,0.482,0.0918,0.6022,1.625
663,0.3598,tetrapak,-0.1121,0.5410,1.963,0,0.482,-0.1439,0.4800,-0.597
664,0.3640,can,0.1285,0.4480,0.066,0,0.482,0.0741,0.4387,0.643
665,0.3640,chips,-0.0957,0.5629,1.178,0,0.482,-0.1738,0.5263,-1.656
666,0.3640,can,-0.1012,0.4043,1.969,0,0.482,-0.1364,0.3928,-2.384
667,0.3640,can,-0.0684,0.3934,1.963,1,0.482,-0.0626,0.3943,-0.141
668,0.3640,chips,-0.1668,0.5082,1.389,0,0.482,-0.1434,0.5819,-2.715
669,0.3640,can,-0.1066,0.3496,1.963,0,0.482,-0.0973,0.3501,2.469
670,0.3640,tetrapak,0.1395,0.4426,1.071,0,0.482,0.0430,0.4655,-2.026
671,0.3640,can,-0.1340,0.5082,2.558,0,0.482,-0.0969,0.4688,-1.162
672,0.3687,tetrapak,-0.0465,0.3605,0.173,0,0.482,-0.0919,0.3583,-1.350
673,0.3687,can,0.0246,0.6340,3.133,0,0.482,0.0537,0.6197,-0.182
674,0.3687,can,0.0738,0.4098,1.963,1,0.482,0.0791,0.4082,0.565
675,0.3687,chips,-0.0793,0.6395,1.571,0,0.482,-0.1379,0.5528,-1.174
676,0.3687,tetrapak,-0.0191,0.5246,0.758,0,0.482,-0.0207,0.4901,1.094
677,0.3687,can,0.1777,0.4043,1.963,1,0.482,0.1812,0.4049,-2.648
678,0.3687,tetrapak,-0.0301,0.6449,1.676,0,0.482,0.0131,0.6207,0.158
679,0.3687,tetrapak,0.1230,0.7160,1.963,0,0.482,0.0893,0.6536,2.600
680,0.3747,chips,0.1941,0.3551,1.963,0,0.482,0.1785,0.2574,0.446
681,0.3747,tetrapak,0.0902,0.4754,1.963,0,0.482,0.1014,0.3976,0.211
682,0.3747,can,0.0465,0.4371,1.963,1,0.482,0.0466,0.4344,0.251
683,0.3747,tetrapak,-0.0629,0.5574,1.963,1,0.482,-0.0484,0.5620,2.341
684,0.3747,chips,-0.0301,0.3824,0.511,0,0.482,0.0381,0.3172,-1.875
685,0.3747,can,0.1395,0.3879,1.963,0,0.482,0.1364,0.3772,-0.071
686,0.3747,tetrapak,0.0410,0.4371,1.299,0,0.482,0.0538,0.4782,-2.285
687,0.3747,chips,0.1887,0.3332,1.963,0,0.482,0.2275,0.4331,-0.999
688,0.3780,tetrapak,-0.0246,0.5848,1.115,0,0.481,0.0221,0.5383,-1.898
689,0.3780,chips,0.1449,0.4699,1.552,0,0.481,0.2233,0.4608,1.044
690,0.3780,can,-0.1832,0.3496,1.963,1,0.481,-0.1752,0.3555,2.379
691,0.3780,can,-0.0957,0.4043,1.472,0,0.481,-0.0684,0.4305,-1.436
692,0.3780,chips,0.0027,0.3551,1.381,0,0.481,-0.0219,0.3272,-2.831
693,0.3780,can,-0.0957,0.5684,1.963,0,0.481,-0.0876,0.5693,-1.955
694,0.3780,can,0.0465,0.5301,0.082,0,0.481,0.0348,0.5154,-0.885
695,0.3780,tetrapak,-0.0520,0.5629,0.705,0,0.481,-0.0153,0.5502,-1.161
696,0.3814,tetrapak,-0.1066,0.4480,1.963,0,0.481,-0.0815,0.4605,-0.289
697,0.3814,tetrapak,0.1996,0.3934,2.253,0,0.481,0.1964,0.3747,-0.318
698,0.3814,tetrapak,0.0738,0.5574,1.631,0,0.481,0.0790,0.5392,2.613
699,0.3814,can,0.1887,0.5684,1.963,1,0.481,0.1924,0.5750,1.615
700,0.3814,can,0.0410,0.4590,1.134,0,0.481,0.0256,0.4403,2.584
701,0.3814,chips,0.0738,0.4316,1.963,0,0.481,0.1427,0.5027,1.854
702,0.3814,can,0.1723,0.4043,1.963,1,0.481,0.1770,0.4083,-2.293
703,0.3814,chips,0.1941,0.6230,1.436,0,0.481,0.1514,0.6278,-3.042
704,0.3858,tetrapak,0.1449,0.4973,2.421,0,0.481,0.0809,0.4920,1.208
705,0.3858,chips,0.0957,0.4262,0.421,0,0.481,0.0378,0.3754,-0.740
706,0.3858,chips,0.1668,0.4152,2.491,0,0.481,0.1830,0.5413,0.641
707,0.3858,can,-0.0301,0.3496,1.963,1,0.481,-0.0239,0.3558,-1.929
708,0.3858,can,0.2434,0.6066,2.058,0,0.481,0.1949,0.6049,1.376
709,0.3858,chips,0.0191,0.6504,1.963,0,0.481,0.1011,0.5746,0.238
710,0.3858,chips,0.2215,0.3660,3.140,0,0.481,0.1660,0.4753,-0.210
711,0.3858,can,0.0793,0.4426,1.963,1,0.481,0.0856,0.4463,-0.031
712,0.3899,can,-0.1777,0.5301,1.354,0,0.481,-0.1247,0.5149,-0.420
713,0.3899,chips,0.3473,0.3605,0.000,0,0.481,0.2678,0.4047,0.766
714,0.3899,tetrapak,-0.1887,0.5902,1.963,1,0.481,-0.1916,0.5967,2.472
715,0.3899,chips,0.1504,0.4371,1.963,0,0.481,0.1077,0.5303,-2.187
716,0.3899,tetrapak,0.1066,0.5355,1.963,1,0.481,0.1468,0.5614,1.984
717,0.3899,chips,-0.0465,0.3223,0.340,0,0.481,0.0038,0.4129,2.346
718,0.3899,tetrapak,-0.0738,0.4480,1.963,0,0.481,-0.0427,0.4593,-0.658
719,0.3899,tetrapak,0.1176,0.3223,0.589,0,0.481,0.0841,0.3873,0.023
720,0.3946,can,-0.1613,0.5465,1.963,1,0.480,-0.1526,0.5507,1.962
721,0.3946,tetrapak,-0.0027,0.5574,1.963,1,0.480,-0.0498,0.5057,-0.741
722,0.3946,chips,0.2215,0.4863,1.875,0,0.480,0.2377,0.3964,-2.070
723,0.3946,can,0.1340,0.4699,1.963,1,0.480,0.1348,0.4754,2.034
724,0.3946,tetrapak,-0.0848,0.7598,1.963,0,0.480,-0.1063,0.6895,2.763
725,0.3946,tetrapak,-0.2215,0.5465,2.315,0,0.480,-0.1536,0.5157,1.816
726,0.3946,tetrapak,-0.0629,0.5410,2.204,0,0.480,-0.0541,0.4924,-0.535
727,0.3946,tetrapak,0.0082,0.6395,0.925,0,0.480,0.0297,0.6621,2.272
728,0.3983,tetrapak,0.1668,0.4480,1.963,1,0.480,0.1472,0.4561,1.927
729,0.3983,chips,-0.0848,0.7707,1.963,0,0.480,-0.1289,0.6677,0.172
730,0.3983,chips,0.0410,0.6230,1.963,0,0.480,-0.0024,0.5126,2.217
731,0.3983,can,0.1121,0.4590,2.543,0,0.480,0.0793,0.4563,2.906
732,0.3983,can,-0.1613,0.4863,1.963,1,0.480,-0.1599,0.4848,2.899
733,0.3983,can,0.1996,0.3824,1.963,1,0.480,0.1970,0.3765,-1.203
734,0.3983,tetrapak,-0.0465,0.4098,2.136,0,0.480,-0.0218,0.4800,-2.781
735,0.3983,chips,-0.2379,0.4207,0.290,0,0.480,-0.2381,0.4228,-1.166
736,0.4022,can,0.1395,0.5902,1.963,1,0.480,0.1398,0.5963,-1.297
737,0.4022,tetrapak,0.1340,0.3660,1.963,0,0.480,0.1488,0.3196,0.398
738,0.4022,tetrapak,-0.0848,0.5027,1.963,0,0.480,-0.0641,0.5087,2.659
739,0.4022,tetrapak,0.0301,0.3113,0.614,0,0.480,0.0333,0.3819,0.304
740,0.4022,can,-0.0848,0.6176,0.472,0,0.480,-0.0475,0.5869,0.672
741,0.4022,can,-0.0465,0.4754,1.963,0,0.480,-0.0400,0.4764,-2.195
742,0.4022,tetrapak,0.1012,0.3660,1.963,0,0.480,0.1001,0.2979,0.002
743,0.4022,tetrapak,0.0574,0.6066,1.963,0,0.480,0.0753,0.5532,-2.743
744,0.4080,chips,-0.1504,0.5520,0.000,0,0.480,-0.1337,0.5483,-2.988
745,0.4080,chips,0.2434,0.3113,1.963,0,0.480,0.2124,0.3446,-2.110
746,0.4080,tetrapak,0.1887,0.3715,1.963,1,0.480,0.1865,0.3698,-2.210
747,0.4080,can,0.1832,0.5848,0.060,0,0.480,0.1867,0.6351,-2.363
748,0.4080,can,-0.1449,0.5301,3.115,1,0.480,-0.1589,0.5326,-1.034
749,0.4080,chips,0.0848,0.5355,1.018,0,0.480,0.1900,0.4746,-2.330
750,0.4080,can,0.1832,0.3879,1.963,1,0.480,0.1808,0.3885,-0.389
751,0.4080,chips,-0.1996,0.7270,0.671,0,0.480,-0.1611,0.6418,-2.836
752,0.4216,tetrapak,-0.0520,0.5684,1.682,0,0.479,-0.0796,0.5447,-1.739
753,0.4216,can,0.1887,0.5191,1.963,0,0.479,0.1892,0.5156,-0.857
754,0.4216,tetrapak,0.1340,0.4863,2.116,0,0.479,0.0929,0.5126,-1.825
755,0.4216,tetrapak,-0.0191,0.3168,0.960,0,0.479,-0.0520,0.3226,-0.295
756,0.4216,can,0.1723,0.3988,0.158,0,0.479,0.1358,0.4371,-2.223
757,0.4216,can,0.0902,0.6395,1.963,1,0.479,0.0929,0.6385,-3.010
758,0.4216,tetrapak,-0.0738,0.5082,2.163,0,0.479,-0.0616,0.4982,2.461
759,0.4216,chips,0.0191,0.5684,0.284,0,0.479,-0.0407,0.5137,-2.907
760,0.4272,chips,0.1887,0.4316,1.963,0,0.479,0.1334,0.3633,-0.334
761,0.4272,tetrapak,-0.0082,0.5246,1.963,0,0.479,0.0093,0.5210,2.927
762,0.4272,tetrapak,0.1340,0.3879,1.963,1,0.479,0.1445,0.3890,1.135
763,0.4272,can,-0.0246,0.5355,1.963,1,0.479,-0.0184,0.5360,1.462
764,0.4272,tetrapak,0.0191,0.3551,1.963,0,0.479,0.0164,0.2883,-0.028
765,0.4272,chips,-0.1230,0.5137,1.963,0,0.479,-0.1679,0.4431,-0.183
766,0.4272,chips,0.0082,0.5574,1.963,0,0.479,0.0539,0.4593,-2.110
767,0.4272,can,0.0793,0.5848,1.963,1,0.479,0.0834,0.5813,2.283
768,0.4317,tetrapak,0.2488,0.4152,1.223,0,0.479,0.2005,0.3921,1.722
769,0.4317,tetrapak,0.1887,0.6121,0.754,0,0.479,0.0851,0.6163,1.702
770,0.4317,can,-0.1449,0.5465,0.435,0,0.479,-0.1037,0.5778,-0.906
771,0.4317,chips,-0.0902,0.3332,2.942,0,0.479,-0.1029,0.3129,-0.332
772,0.4317,tetrapak,0.0465,0.4152,1.963,1,0.479,0.0518,0.4303,-0.782
773,0.4317,chips,-0.1777,0.7379,0.405,0,0.479,-0.1683,0.6293,-3.060
774,0.4317,can,0.0137,0.5027,1.416,0,0.479,-0.0267,0.5223,0.669
775,0.4317,tetrapak,-0.1613,0.5027,2.948,0,0.479,-0.1296,0.4667,-0.011
776,0.4357,chips,-0.1449,0.5793,0.169,0,0.478,-0.0185,0.5921,2.031
777,0.4357,tetrapak,-0.1832,0.4480,1.190,0,0.478,-0.1801,0.4378,0.201
778,0.4357,tetrapak,-0.0957,0.4262,1.007,0,0.478,-0.1024,0.4118,-2.002
779,0.4357,tetrapak,0.2324,0.6012,1.963,1,0.478,0.2648,0.6110,1.786
780,0.4357,tetrapak,0.0574,0.4316,0.481,0,0.478,0.1110,0.4904,1.765
781,0.4357,can,-0.1504,0.6395,1.963,1,0.478,-0.1465,0.6415,-0.274
782,0.4357,chips,-0.2598,0.5902,2.221,0,0.478,-0.2028,0.6117,-2.546
783,0.4357,chips,-0.0191,0.4098,1.178,0,0.478,0.0351,0.4866,-1.139
784,0.4404,tetrapak,-0.1285,0.5574,1.963,1,0.478,-0.1035,0.5623,-0.843
785,0.4404,chips,-0.1121,0.8473,0.000,0,0.478,-0.1183,0.7345,2.833
786,0.4404,tetrapak,0.0957,0.4535,0.468,0,0.478,0.0822,0.4659,-2.017
787,0.4404,chips,0.1285,0.5191,0.130,0,0.478,0.2564,0.5267,-1.951
788,0.4404,tetrapak,0.1668,0.3387,1.963,0,0.478,0.1380,0.3698,0.983
789,0.4404,tetrapak,-0.1066,0.4863,1.963,0,0.478,-0.0853,0.5514,-0.214
790,0.4404,tetrapak,-0.1066,0.3824,1.844,0,0.478,-0.1825,0.3078,-1.061
791,0.4404,tetrapak,0.1012,0.4371,1.963,0,0.478,0.0795,0.5048,-2.641
792,0.4442,chips,-0.0684,0.4809,1.963,0,0.478,-0.1006,0.5740,0.903
793,0.4442,chips,0.1340,0.5246,2.732,0,0.478,0.0522,0.5953,1.529
794,0.4442,chips,0.0793,0.4207,3.017,0,0.478,0.0154,0.3875,-0.551
795,0.4442,can,-0.0629,0.4152,1.963,0,0.478,-0.0572,0.4291,-1.728
796,0.4442,can,-0.0465,0.6340,0.016,0,0.478,-0.0779,0.6485,-2.388
797,0.4442,tetrapak,-0.1066,0.4590,0.864,0,0.478,-0.1522,0.4714,2.261
798,0.4442,chips,0.2105,0.3332,1.732,0,0.478,0.1989,0.3151,0.119
799,0.4442,can,0.0301,0.5848,1.963,1,0.478,0.0361,0.5900,1.208
800,0.4482,tetrapak,0.0793,0.4262,1.963,0,0.478,0.0685,0.5047,0.389
801,0.4482,can,0.0191,0.6723,1.867,0,0.478,0.0219,0.6495,-0.064
802,0.4482,tetrapak,-0.1668,0.6012,1.963,1,0.478,-0.1664,0.6137,0.040
803,0.4482,tetrapak,-0.0355,0.3879,1.949,0,0.478,-0.0669,0.4040,1.087
804,0.4482,chips,-0.0629,0.4754,1.963,0,0.478,-0.1014,0.5704,0.989
805,0.4482,can,-0.0082,0.3441,2.759,0,0.478,-0.0219,0.3661,-1.788
806,0.4482,can,0.0574,0.6723,2.219,0,0.478,0.0342,0.6278,1.946
807,0.4482,tetrapak,-0.0629,0.5410,2.248,0,0.478,-0.1379,0.5579,-2.044
808,0.4528,can,0.1176,0.4973,1.619,0,0.478,0.1473,0.4514,2.014
809,0.4528,can,-0.0301,0.3988,0.322,0,0.478,-0.0277,0.4230,1.204
810,0.4528,can,-0.1066,0.5410,1.963,1,0.478,-0.1048,0.5481,3.075
811,0.4528,can,0.0355,0.4098,2.760,0,0.478,0.0780,0.3765,1.649
812,0.4528,can,0.0465,0.4207,0.111,0,0.478,0.0733,0.4266,-1.344
813,0.4528,can,-0.0246,0.5027,1.963,0,0.478,-0.0232,0.5156,2.942
814,0.4528,chips,0.1340,0.5355,0.468,0,0.478,0.1721,0.4927,-2.996
815,0.4528,can,-0.0246,0.4809,1.963,1,0.478,-0.0274,0.4896,0.024
816,0.4568,chips,-0.1613,0.5355,1.963,0,0.477,-0.2163,0.4563,2.959
817,0.4568,chips,-0.1777,0.5082,2.205,0,0.477,-0.0806,0.5058,-1.863
818,0.4568,can,0.1613,0.5355,1.275,0,0.477,0.1123,0.5193,-1.587
819,0.4568,can,-0.0684,0.3879,2.341,0,0.477,-0.0681,0.3768,-2.298
820,0.4568,chips,0.2105,0.4590,2.100,0,0.477,0.1079,0.4013,-1.243
821,0.4568,can,-0.1121,0.5301,0.870,0,0.477,-0.1400,0.5648,0.259
822,0.4568,chips,0.0902,0.7926,1.963,0,0.477,0.0805,0.7111,-0.459
823,0.4568,tetrapak,0.1887,0.3551,2.020,0,0.477,0.1503,0.3861,-0.062
824,0.4620,chips,0.2980,0.3113,1.285,0,0.477,0.2116,0.3180,0.961
825,0.4620,chips,0.2051,0.7598,1.571,0,0.477,0.1573,0.6745,-3.031
826,0.4620,chips,-0.0902,0.3168,0.677,0,0.477,-0.0825,0.2832,-0.881
827,0.4620,chips,-0.0355,0.5301,2.118,0,0.477,-0.0431,0.6557,2.626
828,0.4620,can,0.1777,0.3715,1.963,1,0.477,0.1815,0.3747,0.347
829,0.4620,chips,0.0137,0.6340,0.220,0,0.477,0.0591,0.6320,0.077
830,0.4620,tetrapak,-0.0520,0.5902,2.222,0,0.477,-0.0225,0.5971,-3.084
831,0.4620,can,-0.0301,0.6012,1.963,0,0.477,-0.0296,0.5981,-1.190
832,0.4668,can,-0.0738,0.5465,1.963,1,0.477,-0.0704,0.5440,0.864
833,0.4668,can,-0.0793,0.4918,1.651,0,0.477,-0.0656,0.5266,2.089
834,0.4668,tetrapak,-0.0629,0.3770,1.963,1,0.477,-0.0487,0.3736,-2.583
835,0.4668,can,0.2160,0.5738,2.443,0,0.477,0.1936,0.6101,1.990
836,0.4668,tetrapak,0.0738,0.3551,1.963,1,0.477,0.0825,0.3565,-2.098
837,0.4668,tetrapak,0.0793,0.5793,1.963,1,0.477,0.0240,0.5352,-0.947
838,0.4668,chips,-0.1121,0.7215,1.963,0,0.477,-0.1659,0.6383,3.066
839,0.4668,tetrapak,-0.1066,0.4918,0.377,0,0.477,-0.1029,0.5269,-2.414
840,0.4709,chips,-0.2160,0.5246,0.931,0,0.477,-0.1621,0.5576,2.834
841,0.4709,tetrapak,0.1941,0.3004,3.014,0,0.477,0.1381,0.3181,1.052
842,0.4709,tetrapak,0.1285,0.4043,1.963,1,0.477,0.0707,0.3869,1.863
843,0.4709,can,0.1613,0.6449,1.173,0,0.477,0.1709,0.6070,2.342
844,0.4709,tetrapak,-0.2160,0.4152,1.430,0,0.477,-0.1879,0.4299,-0.850
845,0.4709,tetrapak,0.0465,0.4699,1.963,1,0.477,-0.0027,0.4891,1.295
846,0.4709,tetrapak,0.0410,0.4262,2.946,1,0.477,0.0261,0.4062,-0.619
847,0.4709,can,-0.0848,0.6012,1.646,1,0.477,-0.0872,0.6214,-2.335
848,0.4792,chips,0.1066,0.3770,0.737,0,0.476,0.1196,0.4997,2.431
849,0.4792,tetrapak,0.1340,0.3605,1.763,0,0.476,0.1629,0.3885,2.796
850,0.4792,can,0.1559,0.3934,1.963,1,0.476,0.1532,0.3966,3.135
851,0.4792,chips,0.2105,0.6285,1.963,0,0.476,0.2229,0.7270,-0.493
852,0.4792,can,-0.0355,0.3715,1.963,0,0.476,-0.0371,0.3678,-0.806
853,0.4792,can,-0.1340,0.6176,2.068,0,0.476,-0.1235,0.5951,-0.067
854,0.4792,tetrapak,-0.0137,0.4535,0.925,0,0.476,-0.0377,0.4167,1.330
855,0.4792,chips,-0.0848,0.6285,1.864,0,0.476,-0.1232,0.5318,0.256
856,0.4848,tetrapak,-0.0684,0.6613,0.257,1,0.476,-0.0546,0.6497,-1.154
857,0.4848,tetrapak,0.0137,0.5027,1.963,0,0.476,0.0140,0.5045,-1.975
858,0.4848,tetrapak,0.0191,0.4043,1.963,1,0.476,-0.0307,0.3831,1.894
859,0.4848,can,0.1777,0.5793,2.019,0,0.476,0.1820,0.5913,1.465
860,0.4848,can,0.1121,0.4207,0.538,0,0.476,0.1462,0.4469,-0.329
861,0.4848,chips,-0.2160,0.7543,2.672,0,0.476,-0.2385,0.6899,-2.755
862,0.4848,tetrapak,0.2215,0.6066,1.893,0,0.476,0.2031,0.5175,3.070
863,0.4848,tetrapak,0.2543,0.4754,2.792,0,0.476,0.2154,0.4942,1.704
864,0.4923,chips,0.1066,0.3770,1.963,0,0.476,0.0970,0.2667,-0.570
865,0.4923,tetrapak,-0.1941,0.5246,1.963,0,0.476,-0.1498,0.5203,-2.380
866,0.4923,tetrapak,0.0027,0.4043,1.963,1,0.476,0.0384,0.4022,1.448
867,0.4923,can,0.0410,0.5848,1.963,1,0.476,0.0422,0.5817,-2.945
868,0.4923,chips,0.1395,0.7871,1.963,0,0.476,0.0791,0.7049,2.936
869,0.4923,chips,-0.2652,0.3715,2.519,0,0.476,-0.2322,0.3638,2.418
870,0.4923,tetrapak,-0.0191,0.6340,1.963,0,0.476,-0.0015,0.6305,-0.567
871,0.4923,tetrapak,-0.1941,0.3879,1.963,0,0.476,-0.1620,0.3877,0.863
872,0.4968,chips,0.1941,0.6668,1.737,0,0.475,0.2367,0.6284,-1.020
873,0.4968,chips,0.1668,0.4973,1.627,0,0.475,0.1529,0.5692,2.143
874,0.4968,can,0.0520,0.5520,2.380,0,0.475,0.0816,0.5924,-2.123
875,0.4968,can,0.0957,0.5902,1.099,0,0.475,0.1372,0.5746,2.836
876,0.4968,tetrapak,-0.0684,0.3277,1.963,0,0.475,-0.0916,0.3431,1.088
877,0.4968,tetrapak,0.1121,0.6395,2.158,1,0.475,0.1368,0.6451,-2.699
878,0.4968,can,0.1012,0.3824,0.359,1,0.475,0.1112,0.3773,1.699
879,0.4968,chips,0.0574,0.4645,1.963,0,0.475,0.0420,0.5518,-2.465
880,0.5015,chips,0.0246,0.3770,1.079,0,0.475,-0.0060,0.3891,0.301
881,0.5015,tetrapak,-0.0957,0.4645,0.627,1,0.475,-0.0766,0.4563,-1.154
882,0.5015,chips,0.1613,0.4699,1.963,0,0.475,0.0708,0.4393,1.275
883,0.5015,chips,0.1176,0.5902,1.963,0,0.475,0.0453,0.5063,-1.306
884,0.5015,tetrapak,-0.1613,0.6340,1.963,0,0.475,-0.1285,0.6114,2.254
885,0.5015,tetrapak,0.1066,0.5793,1.000,0,0.475,0.1512,0.5800,-2.692
886,0.5015,tetrapak,0.0574,0.5465,1.963,1,0.475,0.0623,0.5537,-0.332
887,0.5015,chips,0.1723,0.5301,1.963,0,0.475,0.2577,0.4537,-1.711
888,0.5060,can,-0.0520,0.6340,1.963,0,0.475,-0.0464,0.6216,0.962
889,0.5060,tetrapak,0.2652,0.4207,1.254,0,0.475,0.1982,0.3923,2.961
890,0.5060,tetrapak,-0.0246,0.3988,0.235,1,0.475,-0.0323,0.4289,-2.825
891,0.5060,tetrapak,-0.0027,0.6449,0.857,0,0.475,-0.0049,0.6122,-2.495
892,0.5060,can,0.0301,0.5629,1.963,0,0.475,0.0363,0.5477,1.842
893,0.5060,tetrapak,-0.1012,0.4590,1.493,0,0.475,-0.0650,0.4684,3.053
894,0.5060,chips,-0.1230,0.5902,1.963,0,0.475,-0.1916,0.5216,-1.287
895,0.5060,can,0.0246,0.4426,0.892,0,0.475,0.0643,0.4553,1.337
896,0.5109,can,0.1941,0.4918,1.530,0,0.475,0.1429,0.5157,-2.310
897,0.5109,chips,-0.1613,0.7707,0.120,0,0.475,-0.0951,0.6798,-1.848
898,0.5109,can,0.0027,0.4043,1.136,1,0.475,0.0134,0.4047,0.230
899,0.5109,can,-0.0520,0.5465,1.963,0,0.475,-0.0386,0.5379,1.731
900,0.5109,chips,-0.0520,0.5848,0.393,0,0.475,0.0015,0.6000,-1.307
901,0.5109,can,0.1066,0.6285,1.229,0,0.475,0.1471,0.6280,0.890
902,0.5109,tetrapak,-0.0738,0.6449,1.963,1,0.475,-0.0576,0.6416,2.294
903,0.5109,chips,0.1340,0.6121,0.393,0,0.475,0.1889,0.5979,-1.915
904,0.5200,chips,0.0027,0.3113,0.393,0,0.474,-0.0049,0.3420,-2.076
905,0.5200,chips,-0.0410,0.4316,0.393,0,0.474,0.0080,0.4424,-1.282
906,0.5200,can,-0.0848,0.4645,1.193,0,0.474,-0.1095,0.4220,-2.292
907,0.5200,can,-0.1230,0.3824,1.452,0,0.474,-0.1489,0.4084,-0.805
908,0.5200,chips,0.1613,0.4371,1.963,0,0.474,0.1955,0.4561,1.618
909,0.5200,can,-0.1066,0.3715,1.963,1,0.474,-0.0949,0.3676,1.996
910,0.5200,chips,0.0902,0.5465,2.988,0,0.474,0.0872,0.4878,2.922
911,0.5200,chips,-0.1176,0.5355,1.963,0,0.474,-0.0793,0.5474,1.682
912,0.5257,can,-0.1395,0.6449,1.963,0,0.474,-0.1358,0.6361,1.933
913,0.5257,chips,-0.1012,0.4152,1.963,0,0.474,-0.1697,0.3455,-0.434
914,0.5257,tetrapak,-0.0191,0.4699,1.963,1,0.474,-0.0469,0.4626,1.721
915,0.5257,tetrapak,-0.1230,0.4918,1.963,1,0.474,-0.0967,0.4960,-1.428
916,0.5257,chips,-0.0082,0.7160,2.689,0,0.474,-0.0224,0.6819,-3.020
917,0.5257,can,-0.0629,0.4316,1.963,0,0.474,-0.0591,0.4251,1.130
918,0.5257,chips,-0.0355,0.5738,1.963,0,0.474,0.0154,0.6412,1.965
919,0.5257,tetrapak,-0.1012,0.3387,0.941,0,0.474,-0.0308,0.3418,1.321
920,0.5380,chips,-0.1395,0.6777,1.963,0,0.474,-0.1712,0.5766,-2.872
921,0.5380,chips,0.0902,0.3496,1.167,0,0.474,0.0834,0.4142,-1.966
922,0.5380,tetrapak,0.0410,0.4754,0.158,0,0.474,0.0621,0.4609,2.243
923,0.5380,chips,-0.2926,0.4590,2.270,0,0.474,-0.1910,0.4302,-1.921
924,0.5380,can,-0.0027,0.4863,1.119,0,0.474,-0.0300,0.4754,-0.644
925,0.5380,can,-0.1613,0.3824,2.427,0,0.474,-0.1083,0.3993,-2.063
926,0.5380,chips,0.0410,0.4918,1.963,0,0.474,-0.0268,0.4207,-0.390
927,0.5380,can,-0.1887,0.4863,1.963,0,0.474,-0.1819,0.4796,1.402
928,0.5516,can,-0.0465,0.3168,1.346,0,0.473,-0.0307,0.3650,1.180
929,0.5516,chips,-0.2270,0.3770,1.578,0,0.473,-0.2493,0.4369,1.440
930,0.5516,chips,0.1012,0.5191,0.385,0,0.473,0.1074,0.4942,-0.597
931,0.5516,tetrapak,-0.0629,0.4480,1.963,1,0.473,-0.0389,0.4555,-1.300
932,0.5516,can,-0.0355,0.4699,1.963,1,0.473,-0.0306,0.4730,-3.140
933,0.5516,chips,0.0246,0.4699,2.549,0,0.473,0.0030,0.4989,-1.093
934,0.5516,can,-0.1176,0.6012,1.832,0,0.473,-0.0637,0.6112,0.603
935,0.5516,chips,0.1340,0.3934,1.178,0,0.473,0.1276,0.4956,-2.579
936,0.5563,tetrapak,-0.1887,0.3277,2.055,0,0.472,-0.1635,0.2680,0.257
937,0.5563,chips,-0.0629,0.5355,1.178,0,0.472,-0.1133,0.4309,-3.105
938,0.5563,tetrapak,0.0902,0.3113,1.265,0,0.472,0.1159,0.2837,-0.381
939,0.5563,can,0.0137,0.3934,1.963,1,0.472,0.0228,0.3970,1.986
940,0.5563,can,0.1887,0.4426,1.963,0,0.472,0.1881,0.4413,-1.878
941,0.5563,tetrapak,0.1668,0.3934,0.393,1,0.472,0.1744,0.3648,0.227
942,0.5563,can,-0.0301,0.4809,1.700,0,0.472,-0.0236,0.5248,-2.869
943,0.5563,can,-0.2105,0.4098,1.963,1,0.472,-0.1998,0.4068,1.201
944,0.5612,chips,-0.0465,0.4371,0.395,0,0.472,0.0224,0.4624,-2.387
945,0.5612,tetrapak,-0.0684,0.3715,1.963,1,0.472,-0.0157,0.3989,1.907
946,0.5612,chips,-0.0738,0.3332,1.640,0,0.472,-0.0417,0.3902,1.868
947,0.5612,tetrapak,0.2215,0.4371,1.963,0,0.472,0.1992,0.4564,1.027
948,0.5612,can,-0.0629,0.5684,1.963,0,0.472,-0.0555,0.5645,1.940
949,0.5612,chips,-0.2379,0.3660,1.178,0,0.472,-0.2343,0.4674,2.636
950,0.5612,can,-0.0738,0.5574,1.963,0,0.472,-0.0690,0.5511,0.169
951,0.5612,can,-0.0191,0.5684,0.299,1,0.472,-0.0012,0.5580,-2.371
952,0.5652,can,-0.1832,0.3605,2.757,1,0.472,-0.1830,0.3755,1.972
953,0.5652,can,0.1066,0.5574,1.963,0,0.472,0.1095,0.5510,-0.119
954,0.5652,chips,0.1230,0.4699,0.231,0,0.472,0.1067,0.4114,2.933
955,0.5652,tetrapak,-0.0574,0.6613,0.500,0,0.472,-0.0463,0.6073,-3.001
956,0.5652,can,0.1340,0.3988,0.331,1,0.472,0.1195,0.4135,0.898
957,0.5652,chips,-0.0684,0.8309,1.915,0,0.472,-0.0379,0.7024,-2.451
958,0.5652,can,-0.0246,0.6504,2.291,0,0.472,-0.0324,0.5940,0.324
959,0.5652,tetrapak,-0.1395,0.5082,1.963,1,0.472,-0.1069,0.5065,-1.426
960,0.5696,chips,0.1504,0.6668,2.356,0,0.472,0.0904,0.7547,0.083
961,0.5696,chips,0.1668,0.4645,1.571,0,0.472,0.1074,0.3693,-3.118
962,0.5696,can,0.1559,0.4480,2.739,0,0.472,0.1878,0.4255,-0.557
963,0.5696,tetrapak,0.0793,0.3879,1.401,0,0.472,0.1013,0.4214,-2.344
964,0.5696,can,0.0191,0.5410,1.090,0,0.472,0.0661,0.5617,-0.590
965,0.5696,tetrapak,0.0738,0.5848,1.608,0,0.472,0.0558,0.5614,-2.549
966,0.5696,can,0.1230,0.6340,1.963,0,0.472,0.1325,0.6311,1.180
967,0.5696,tetrapak,-0.0684,0.6066,3.139,0,0.472,-0.1050,0.6068,1.910
968,0.5739,tetrapak,-0.2488,0.4699,0.340,0,0.471,-0.1827,0.4823,1.030
969,0.5739,chips,-0.1559,0.5684,2.248,0,0.471,-0.1514,0.5470,0.612
970,0.5739,can,0.0246,0.5137,1.963,1,0.471,0.0257,0.5224,-0.851
971,0.5739,tetrapak,-0.2652,0.3660,1.369,0,0.471,-0.2695,0.4032,-1.493
972,0.5739,tetrapak,-0.0137,0.4645,2.160,0,0.471,0.0555,0.5262,-1.158
973,0.5739,tetrapak,0.0848,0.3387,2.511,0,0.471,0.0551,0.3784,-1.685
974,0.5739,can,0.1066,0.5848,0.469,0,0.471,0.0882,0.6344,-2.575
975,0.5739,chips,0.0137,0.3332,1.963,0,0.471,-0.0719,0.4178,-2.957
976,0.5790,can,0.1012,0.3332,1.979,0,0.471,0.0962,0.3835,1.144
977,0.5790,can,-0.0738,0.6832,2.611,0,0.471,-0.0658,0.6449,-2.411
978,0.5790,tetrapak,-0.0082,0.7379,0.139,0,0.471,0.0606,0.6686,-2.279
979,0.5790,tetrapak,0.0848,0.6012,1.963,1,0.471,0.1289,0.6383,2.251
980,0.5790,tetrapak,-0.1668,0.4262,1.846,0,0.471,-0.1354,0.3730,-0.015
981,0.5790,can,-0.1941,0.3824,1.565,0,0.471,-0.1825,0.4107,-2.261
982,0.5790,chips,0.0738,0.4207,2.952,0,0.471,0.1522,0.3819,-2.664
983,0.5790,can,0.2215,0.3879,1.151,0,0.471,0.1769,0.3604,1.542
984,0.5828,can,-0.1340,0.5465,1.963,0,0.471,-0.1268,0.5444,-1.461
985,0.5828,tetrapak,-0.0301,0.6449,1.963,1,0.471,-0.0234,0.6329,2.221
986,0.5828,can,0.1504,0.3715,1.578,0,0.471,0.1167,0.4040,-2.474
987,0.5829,chips,0.2871,0.6230,1.178,0,0.471,0.1962,0.6081,-1.948
988,0.5829,tetrapak,-0.1668,0.4918,1.963,0,0.471,-0.1461,0.4952,1.092
989,0.5829,tetrapak,0.0191,0.7598,1.031,0,0.471,0.0404,0.7099,-2.262
990,0.5829,can,-0.2160,0.4152,2.455,0,0.471,-0.1889,0.4079,0.450
991,0.5829,can,0.0355,0.3934,1.963,0,0.471,0.0436,0.3924,1.230
992,0.5879,can,-0.1395,0.5191,1.963,0,0.471,-0.1280,0.5160,-1.019
993,0.5879,tetrapak,0.0684,0.4098,0.355,0,0.471,-0.0059,0.4885,0.613
994,0.5879,chips,-0.2379,0.6449,0.033,0,0.471,-0.1880,0.5564,1.003
995,0.5879,chips,-0.0629,0.5520,1.963,0,0.471,-0.1306,0.4886,-0.437
996,0.5879,chips,0.0684,0.5027,1.963,0,0.471,0.0020,0.4268,2.885
997,0.5879,tetrapak,0.0137,0.5738,1.963,0,0.471,0.0420,0.5082,0.438
998,0.5879,tetrapak,0.0574,0.5027,1.963,0,0.471,0.0337,0.4384,-0.367
999,0.5879,can,0.1449,0.6504,2.478,0,0.471,0.1055,0.6034,-1.108
1000,0.5923,can,-0.1230,0.5082,2.149,1,0.471,-0.1518,0.5038,0.073
1001,0.5923,can,-0.1723,0.6121,1.541,1,0.471,-0.1661,0.6223,2.230
1002,0.5923,can,0.0082,0.5246,0.444,0,0.471,-0.0184,0.5232,-2.272
1003,0.5923,can,0.0629,0.5301,1.963,0,0.471,0.0720,0.5284,3.013
1004,0.5923,chips,0.1941,0.3824,1.303,0,0.471,0.1783,0.3518,-2.821
1005,0.5923,chips,0.1559,0.5137,1.178,0,0.471,0.0670,0.4552,2.490
1006,0.5923,can,-0.0520,0.6941,0.754,0,0.471,-0.0548,0.6407,0.878
1007,0.5923,can,-0.0902,0.3441,2.094,1,0.471,-0.0881,0.3669,2.800
1008,0.5967,chips,-0.0355,0.4043,0.538,0,0.470,-0.0408,0.4746,-2.955
1009,0.5967,chips,-0.1395,0.5629,0.466,0,0.470,-0.2323,0.5972,1.798
1010,0.5967,chips,-0.1285,0.4371,1.178,0,0.470,-0.1477,0.5240,-2.369
1011,0.5967,tetrapak,-0.1066,0.4863,2.189,0,0.470,-0.0608,0.5445,-0.994
1012,0.5967,can,-0.0301,0.4152,1.963,0,0.470,-0.0189,0.4157,1.901
1013,0.5967,chips,0.1449,0.4371,1.178,0,0.470,0.1837,0.5225,-0.886
1014,0.5967,tetrapak,-0.2160,0.4207,1.963,0,0.470,-0.1805,0.4069,2.864
1015,0.5967,tetrapak,-0.0191,0.5957,1.963,0,0.470,-0.0091,0.5165,0.077
1016,0.6125,chips,-0.0082,0.4754,1.178,0,0.470,0.0428,0.5532,-1.101
1017,0.6125,chips,0.0902,0.6723,1.963,0,0.470,0.0363,0.5907,-0.108
1018,0.6125,can,0.1176,0.4426,0.324,0,0.470,0.0843,0.4567,-1.751
1019,0.6125,tetrapak,0.1887,0.5520,1.963,0,0.470,0.1778,0.5298,-2.093
1020,0.6125,can,-0.0629,0.6449,0.242,0,0.470,-0.1093,0.6284,0.468
1021,0.6125,tetrapak,0.1613,0.4043,0.990,0,0.470,0.1226,0.3357,-0.455
1022,0.6125,can,0.0848,0.3824,2.001,0,0.470,0.1280,0.3627,2.043
1023,0.6125,can,-0.1832,0.4207,1.503,0,0.470,-0.1716,0.4533,-3.010
1024,0.6253,chips,0.1668,0.3441,1.963,0,0.469,0.1050,0.2914,-0.592
1025,0.6253,can,0.0684,0.4863,1.963,0,0.469,0.0704,0.4839,2.066
1026,0.6253,can,-0.1777,0.6121,1.963,0,0.469,-0.1713,0.6088,-0.913
1027,0.6253,can,0.1285,0.6285,2.536,0,0.469,0.1060,0.6088,0.776
1028,0.6253,tetrapak,0.0301,0.3605,1.386,0,0.469,0.0382,0.3077,0.285
1029,0.6253,chips,0.0793,0.3496,1.963,0,0.469,0.0219,0.2884,-0.331
1030,0.6253,chips,0.2105,0.3387,2.994,0,0.469,0.2889,0.3591,-1.484
1031,0.6253,chips,0.1340,0.4316,0.017,0,0.469,0.0893,0.4712,-1.880
1032,0.6290,chips,0.1340,0.5574,1.178,0,0.469,0.0728,0.4817,-0.217
1033,0.6290,tetrapak,0.0848,0.4098,1.529,0,0.469,0.1338,0.3980,-1.096
1034,0.6290,can,-0.0355,0.3934,1.186,0,0.469,-0.0649,0.3628,0.101
1035,0.6290,chips,-0.0410,0.4207,1.178,0,0.469,-0.0481,0.3060,-2.642
1036,0.6290,chips,0.0848,0.3168,1.946,0,0.469,0.1228,0.3441,-2.818
1037,0.6290,chips,-0.0191,0.8309,1.304,0,0.469,-0.0193,0.7388,-0.056
1038,0.6290,can,-0.0902,0.5410,0.677,0,0.469,-0.0556,0.5079,2.466
1039,0.6290,can,-0.1230,0.5082,1.963,1,0.469,-0.1287,0.5042,-1.057
1040,0.6326,can,0.0410,0.4262,3.022,0,0.469,0.0845,0.4393,0.172
1041,0.6326,tetrapak,0.0355,0.4590,0.312,0,0.469,0.0412,0.5004,-2.436
1042,0.6326,can,-0.1613,0.4973,0.320,0,0.469,-0.1748,0.5452,2.001
1043,0.6326,tetrapak,0.2762,0.4535,1.963,0,0.469,0.2396,0.4921,0.939
1044,0.6326,tetrapak,0.1504,0.5246,2.862,0,0.469,0.1100,0.5333,2.010
1045,0.6326,can,-0.1340,0.4098,1.963,0,0.469,-0.1321,0.3980,2.181
1046,0.6326,tetrapak,0.0301,0.6395,1.963,0,0.469,0.0168,0.6185,2.278
1047,0.6326,can,-0.0082,0.4809,0.911,0,0.469,-0.0457,0.4495,-3.139
1048,0.6378,chips,-0.1449,0.4262,1.963,0,0.468,-0.2005,0.3392,3.091
1049,0.6378,can,-0.0301,0.6285,0.515,0,0.468,-0.0706,0.5999,-1.939
1050,0.6378,chips,-0.0793,0.4262,1.899,0,0.468,0.0370,0.3921,1.743
1051,0.6378,chips,-0.0574,0.3441,1.963,0,0.468,-0.1431,0.2906,-0.509
1052,0.6378,chips,0.0793,0.4863,1.244,0,0.468,0.0401,0.5262,2.802
1053,0.6378,can,0.1230,0.5902,0.477,0,0.468,0.0959,0.5847,2.441
1054,0.6378,can,0.0520,0.5246,1.963,1,0.468,0.0439,0.5271,-2.548
1055,0.6378,tetrapak,0.0848,0.4535,1.860,0,0.468,0.1285,0.4623,2.385
1056,0.6422,tetrapak,-0.0574,0.5027,1.963,1,0.468,-0.0505,0.4964,-1.325
1057,0.6422,chips,0.0574,0.5191,1.963,0,0.468,0.0010,0.5843,1.407
1058,0.6422,tetrapak,-0.0684,0.3660,1.616,0,0.468,-0.1102,0.3480,0.704
1059,0.6422,tetrapak,0.1012,0.6887,1.963,1,0.468,0.0521,0.6433,2.372
1060,0.6422,chips,0.3418,0.5684,2.827,0,0.468,0.2569,0.5294,1.688
1061,0.6422,tetrapak,-0.1230,0.5246,1.963,1,0.468,-0.1240,0.5249,1.325
1062,0.6422,tetrapak,0.0629,0.4371,1.963,1,0.468,-0.0023,0.4411,-1.553
1063,0.6422,chips,0.1340,0.3332,1.963,0,0.468,0.0967,0.3618,-1.523
1064,0.6470,can,-0.0957,0.5684,1.963,0,0.468,-0.0931,0.5648,1.492
1065,0.6470,can,0.0957,0.3879,1.963,1,0.468,0.0917,0.3867,-2.264
1066,0.6470,chips,0.1613,0.4371,1.963,0,0.468,0.1072,0.5067,1.282
1067,0.6470,can,0.1996,0.6340,1.963,1,0.468,0.1991,0.6321,0.583
1068,0.6470,can,0.0355,0.5027,0.874,0,0.468,0.0376,0.4928,-2.633
1069,0.6470,tetrapak,-0.0793,0.5355,1.891,0,0.468,-0.0757,0.5321,-2.797
1070,0.6470,chips,-0.1777,0.5957,0.000,0,0.468,-0.2051,0.6361,-2.290
1071,0.6470,tetrapak,-0.1832,0.7215,0.393,1,0.468,-0.1760,0.6924,-3.080
1072,0.6511,tetrapak,0.0410,0.6230,1.963,1,0.468,-0.0034,0.6235,1.435
1073,0.6511,chips,-0.0082,0.3715,2.944,0,0.468,-0.0636,0.4897,-0.068
1074,0.6511,tetrapak,0.0082,0.5957,0.720,0,0.468,0.0269,0.5899,-2.845
1075,0.6511,can,0.1285,0.4207,1.963,1,0.468,0.1246,0.4229,1.352
1076,0.6511,tetrapak,-0.1121,0.5465,1.963,1,0.468,-0.1091,0.5343,2.889
1077,0.6511,chips,-0.1504,0.4426,2.850,0,0.468,-0.0862,0.4714,1.583
1078,0.6511,tetrapak,-0.1941,0.6121,0.393,0,0.468,-0.2107,0.6366,-2.324
1079,0.6511,tetrapak,0.3199,0.4207,2.586,0,0.468,0.2426,0.4201,1.727
1080,0.6554,chips,-0.2324,0.5957,1.963,0,0.467,-0.2400,0.6878,-2.433
1081,0.6554,tetrapak,-0.1941,0.3168,1.963,0,0.467,-0.1993,0.2619,-0.204
1082,0.6554,chips,0.0246,0.3934,1.520,0,0.467,-0.0805,0.4109,-2.582
1083,0.6554,tetrapak,0.1887,0.6121,1.963,1,0.467,0.1976,0.6000,0.323
1084,0.6554,chips,0.0301,0.3879,0.775,0,0.467,-0.0180,0.3486,1.795
1085,0.6554,tetrapak,0.1996,0.6613,1.612,0,0.467,0.1715,0.6181,2.929
1086,0.6554,tetrapak,0.0574,0.6504,1.963,1,0.467,0.0772,0.6347,0.720
1087,0.6554,tetrapak,-0.0848,0.4371,1.963,0,0.467,-0.0901,0.4527,0.925
1088,0.6594,can,-0.0191,0.5629,0.944,0,0.467,-0.0643,0.5530,-2.588
1089,0.6594,tetrapak,-0.0574,0.5137,1.963,0,0.467,-0.0131,0.5829,2.512
1090,0.6594,can,0.1176,0.5301,1.963,0,0.467,0.1203,0.5297,-2.895
1091,0.6594,tetrapak,0.0246,0.5684,1.963,1,0.467,0.0371,0.5594,1.886
1092,0.6594,chips,-0.0520,0.3660,0.817,0,0.467,0.0228,0.4446,-0.997
1093,0.6594,chips,0.0410,0.2949,1.963,0,0.467,0.0081,0.3863,-2.156
1094,0.6594,chips,0.1723,0.7215,2.203,0,0.467,0.2039,0.7321,-0.236
1095,0.6594,tetrapak,0.1285,0.4207,1.963,1,0.467,0.1262,0.4169,3.126
1096,0.6647,can,-0.0191,0.4207,2.623,0,0.467,-0.0192,0.4013,0.490
1097,0.6647,chips,0.0684,0.5246,0.766,0,0.467,-0.0230,0.4545,-0.442
1098,0.6647,tetrapak,0.1996,0.6285,1.963,1,0.467,0.1999,0.6376,-1.036
1099,0.6647,can,0.1176,0.5848,1.607,0,0.467,0.1446,0.6091,1.698
1100,0.6647,tetrapak,0.2215,0.3824,0.000,0,0.467,0.2619,0.3592,1.017
1101,0.6647,chips,0.0793,0.5793,1.963,0,0.467,0.1209,0.6904,2.203
1102,0.6647,can,-0.1012,0.4535,1.386,1,0.467,-0.0860,0.4640,0.012
1103,0.6647,chips,-0.0738,0.3715,1.963,0,0.467,-0.1921,0.3491,2.296
1104,0.6694,chips,-0.1340,0.4699,2.287,0,0.467,-0.0717,0.4365,-1.550
1105,0.6694,can,0.1559,0.4809,1.963,1,0.467,0.1538,0.4842,-0.059
1106,0.6694,can,0.1668,0.5191,2.880,0,0.467,0.1459,0.5245,-2.243
1107,0.6694,chips,-0.1395,0.3824,0.000,0,0.467,-0.1780,0.4249,-2.026
1108,0.6694,tetrapak,0.0902,0.3496,2.146,1,0.467,0.0553,0.3251,-0.852
1109,0.6694,tetrapak,0.1723,0.6340,2.237,1,0.467,0.1750,0.6140,3.117
1110,0.6694,chips,0.0574,0.5355,0.000,0,0.467,0.0089,0.5698,1.354
1111,0.6694,chips,0.0902,0.5082,2.798,0,0.467,0.1060,0.4554,2.594
1112,0.6737,can,0.0355,0.5082,1.963,1,0.466,0.0395,0.5076,-0.812
1113,0.6737,can,0.1559,0.4754,1.963,0,0.466,0.1591,0.4709,3.037
1114,0.6737,chips,0.2871,0.2949,1.963,0,0.466,0.1873,0.3102,0.855
1115,0.6737,tetrapak,-0.1996,0.6723,1.963,0,0.466,-0.1777,0.6460,1.885
1116,0.6737,tetrapak,-0.1887,0.6285,1.963,0,0.466,-0.1587,0.6009,-2.369
1117,0.6737,chips,0.0137,0.3332,1.963,0,0.466,-0.0326,0.3760,1.428
1118,0.6737,tetrapak,-0.1668,0.4371,2.458,1,0.466,-0.1971,0.3827,-1.127
1119,0.6737,chips,-0.1668,0.3387,1.963,0,0.466,-0.2376,0.2749,2.799
1120,0.6788,tetrapak,0.0793,0.6340,1.963,0,0.466,0.0761,0.6094,-1.894
1121,0.6788,tetrapak,-0.2105,0.4207,2.136,1,0.466,-0.1428,0.4510,2.157
1122,0.6788,tetrapak,0.2926,0.6668,1.661,0,0.466,0.2294,0.6381,2.239
1123,0.6788,can,-0.0301,0.3605,2.206,0,0.466,-0.0317,0.3947,1.141
1124,0.6788,can,-0.0027,0.4863,1.963,1,0.466,0.0026,0.4852,1.168
1125,0.6788,can,0.1559,0.4152,1.963,0,0.466,0.1598,0.4143,2.288
1126,0.6788,tetrapak,-0.0246,0.6777,2.026,0,0.466,0.0106,0.6227,1.146
1127,0.6788,tetrapak,0.0957,0.6230,1.963,1,0.466,0.0453,0.5929,2.152
1128,0.6836,tetrapak,0.1340,0.4699,0.273,0,0.466,0.1639,0.4862,1.253
1129,0.6836,chips,-0.0246,0.4480,3.044,0,0.466,0.0226,0.5122,-1.242
1130,0.6836,can,0.0082,0.4152,1.963,1,0.466,0.0065,0.4159,2.416
1131,0.6836,chips,0.1176,0.5520,2.147,0,0.466,0.0980,0.6861,-0.553
1132,0.6836,tetrapak,0.1395,0.5465,1.963,1,0.466,0.1409,0.5342,-1.597
1133,0.6836,tetrapak,-0.2980,0.4754,0.549,0,0.466,-0.2371,0.4572,-0.920
1134,0.6836,can,0.1559,0.5902,1.952,0,0.466,0.1939,0.5593,-0.580
1135,0.6836,can,-0.2051,0.3660,1.963,0,0.466,-0.1985,0.3624,2.481
1136,0.6941,chips,-0.0027,0.5082,1.963,0,0.465,-0.0357,0.4489,2.201
1137,0.6941,can,-0.1285,0.6449,1.178,0,0.465,-0.1254,0.6353,-0.054
1138,0.6941,chips,0.0082,0.4863,1.429,0,0.465,0.0490,0.5100,2.869
1139,0.6941,tetrapak,0.0410,0.5246,0.306,0,0.465,0.0821,0.5427,0.392
1140,0.6941,chips,-0.1340,0.6941,1.963,0,0.465,-0.1147,0.6472,-3.049
1141,0.6941,can,-0.0738,0.5520,1.178,0,0.465,-0.0696,0.5437,-2.257
1142,0.6941,tetrapak,0.1230,0.5246,1.963,1,0.465,0.1237,0.5219,-1.055
1143,0.6941,can,-0.1559,0.6340,1.178,0,0.465,-0.1500,0.6259,1.448
1144,0.6991,chips,0.2652,0.4863,0.605,0,0.465,0.2648,0.5474,1.067
1145,0.6991,can,-0.0684,0.5191,1.963,1,0.465,-0.0623,0.5158,0.370
1146,0.6991,chips,0.1176,0.6723,1.713,0,0.465,0.1458,0.6530,2.598
1147,0.6991,can,0.1012,0.5848,2.263,0,0.465,0.1143,0.6081,0.189
1148,0.6991,chips,-0.1340,0.5082,1.963,0,0.465,-0.1225,0.4419,-3.121
1149,0.6991,can,-0.0246,0.5574,1.963,1,0.465,-0.0148,0.5553,-3.133
1150,0.6991,can,0.1176,0.3496,1.963,1,0.465,0.1163,0.3521,-0.912
1151,0.6991,can,0.0137,0.3660,1.963,1,0.465,0.0175,0.3683,-2.106
1152,0.7033,can,-0.0629,0.4262,1.963,1,0.465,-0.0515,0.4310,3.051
1153,0.7033,chips,0.0191,0.7707,1.963,0,0.465,-0.0024,0.7218,2.486
1154,0.7033,can,0.1121,0.3715,1.963,0,0.465,0.1242,0.3732,-0.679
1155,0.7033,chips,0.1340,0.6285,1.963,0,0.465,0.1215,0.5513,2.486
1156,0.7033,chips,-0.1504,0.4863,1.192,0,0.465,-0.1582,0.4349,2.752
1157,0.7033,chips,-0.0574,0.6285,2.047,0,0.465,-0.0251,0.5087,0.616
1158,0.7033,tetrapak,0.1449,0.4152,1.390,0,0.465,0.1037,0.4499,1.871
1159,0.7033,tetrapak,-0.0957,0.4863,1.963,1,0.465,-0.0613,0.4915,-1.056
1160,0.7101,tetrapak,-0.1066,0.3824,1.963,1,0.465,-0.0469,0.3770,1.463
1161,0.7101,tetrapak,-0.1395,0.3223,0.677,0,0.465,-0.1541,0.3595,-0.955
1162,0.7101,can,0.0574,0.3715,1.963,1,0.465,0.0614,0.3729,-1.690
1163,0.7101,chips,0.0137,0.5520,1.963,0,0.465,0.0126,0.4853,-0.296
1164,0.7101,chips,-0.0520,0.7598,1.963,0,0.465,-0.0410,0.6871,-2.612
1165,0.7101,tetrapak,0.0793,0.7488,0.846,0,0.465,0.1245,0.7153,-2.616
1166,0.7101,chips,-0.0027,0.7160,0.400,0,0.465,-0.0017,0.6466,-1.524
1167,0.7101,chips,-0.0355,0.4918,1.936,0,0.465,-0.0254,0.4696,-2.129
1168,0.7242,chips,0.0301,0.3168,1.046,0,0.464,0.0567,0.3113,-0.280
1169,0.7242,can,0.1941,0.6230,1.963,1,0.464,0.1957,0.6200,-1.559
1170,0.7242,chips,-0.0465,0.6723,1.963,0,0.464,-0.0820,0.6043,-1.024
1171,0.7242,chips,0.1121,0.6285,2.464,0,0.464,0.0552,0.6668,-1.758
1172,0.7242,chips,-0.1395,0.5137,1.963,0,0.464,-0.1877,0.4647,1.942
1173,0.7242,chips,0.1395,0.5629,1.963,0,0.464,0.1840,0.5208,1.338
1174,0.7242,can,-0.0137,0.3879,2.400,1,0.464,-0.0026,0.4079,0.371
1175,0.7242,chips,0.1613,0.4262,1.963,0,0.464,0.1584,0.3573,-2.917
1176,0.7286,tetrapak,0.0629,0.5027,1.638,0,0.464,0.0476,0.5167,-0.494
1177,0.7286,can,0.1176,0.4480,1.963,1,0.464,0.1174,0.4461,1.699
1178,0.7286,chips,-0.0191,0.3551,0.203,0,0.464,-0.0765,0.4100,-0.194
1179,0.7286,chips,0.0301,0.3113,0.696,0,0.464,0.0720,0.2987,-2.418
1180,0.7286,chips,0.1230,0.7379,1.963,0,0.464,0.1022,0.6587,2.483
1181,0.7286,can,0.0027,0.4098,1.963,1,0.464,0.0053,0.4130,-1.419
1182,0.7286,can,-0.0246,0.4371,1.941,0,0.464,0.0196,0.4132,-0.029
1183,0.7286,can,0.0520,0.3879,1.963,0,0.464,0.0565,0.3841,0.557
1184,0.7341,tetrapak,-0.0848,0.5027,1.757,0,0.464,-0.1305,0.5265,-2.614
1185,0.7341,chips,-0.1121,0.3441,0.794,0,0.464,-0.1625,0.4509,0.635
1186,0.7341,tetrapak,-0.1941,0.6012,0.997,0,0.464,-0.1622,0.5484,2.780
1187,0.7341,chips,0.2051,0.4207,0.733,0,0.464,0.1181,0.4944,0.134
1188,0.7341,tetrapak,-0.1613,0.5629,1.963,0,0.464,-0.1212,0.5631,-0.576
1189,0.7341,chips,0.0410,0.3824,1.118,0,0.464,-0.0466,0.3952,-2.683
1190,0.7341,can,-0.1176,0.3605,1.004,0,0.464,-0.0686,0.3739,2.840
1191,0.7341,can,-0.1668,0.6012,1.963,0,0.464,-0.1480,0.6044,-1.272
1192,0.7381,tetrapak,-0.0574,0.4973,1.963,0,0.463,-0.0125,0.4358,0.369
1193,0.7381,tetrapak,0.0629,0.6285,1.963,0,0.463,0.1168,0.5850,-2.469
1194,0.7381,chips,0.2543,0.5793,2.422,0,0.463,0.2318,0.5892,2.034
1195,0.7381,can,-0.0027,0.6176,1.963,1,0.463,0.0169,0.6194,0.728
1196,0.7381,chips,-0.1504,0.3168,2.631,0,0.463,-0.2056,0.3899,3.092
1197,0.7381,tetrapak,0.0848,0.3277,2.772,0,0.463,0.0337,0.3491,1.406
1198,0.7381,tetrapak,-0.1012,0.5574,1.129,1,0.463,-0.0925,0.5326,-1.979
1199,0.7381,chips,0.2105,0.4316,1.963,0,0.463,0.2684,0.3765,-2.024
1200,0.7428,can,0.0848,0.5410,2.727,0,0.463,0.0702,0.5533,3.078
1201,0.7428,chips,-0.1504,0.5684,0.393,0,0.463,-0.0877,0.5325,-1.914
1202,0.7428,can,0.1723,0.4535,0.148,0,0.463,0.1486,0.4181,-2.130
1203,0.7428,can,-0.1941,0.5246,1.963,1,0.463,-0.1756,0.5386,0.108
1204,0.7428,can,0.1121,0.5629,1.706,0,0.463,0.1557,0.5611,1.086
1205,0.7428,tetrapak,-0.0191,0.3879,0.112,0,0.463,0.0013,0.4013,0.786
1206,0.7428,chips,-0.1723,0.6340,1.963,0,0.463,-0.2127,0.5571,2.195
1207,0.7428,can,-0.0848,0.6121,1.963,1,0.463,-0.0708,0.6311,2.104
1208,0.7470,chips,0.1723,0.7488,1.963,0,0.463,0.2051,0.6643,-0.163
1209,0.7470,chips,0.0465,0.4043,0.393,0,0.463,0.0397,0.4258,0.803
1210,0.7470,can,0.0684,0.5410,1.963,1,0.463,0.0796,0.5506,-2.431
1211,0.7470,chips,0.0355,0.6066,1.963,0,0.463,0.0319,0.6110,0.978
1212,0.7470,tetrapak,-0.0738,0.5629,1.963,0,0.463,-0.0433,0.5703,-1.966
1213,0.7470,tetrapak,0.0082,0.6066,1.963,1,0.463,0.0291,0.6133,2.010
1214,0.7470,chips,-0.0902,0.3059,2.030,0,0.463,-0.0877,0.2657,-2.714
1215,0.7470,tetrapak,-0.1395,0.5301,1.887,0,0.463,-0.1190,0.5162,-1.662
1216,0.7514,tetrapak,-0.0520,0.4699,1.963,0,0.463,-0.0291,0.4961,-2.408
1217,0.7514,tetrapak,-0.0246,0.5738,1.033,0,0.463,-0.0410,0.6027,1.790
1218,0.7514,chips,0.0684,0.6176,0.393,0,0.463,0.0684,0.6275,-3.034
1219,0.7514,tetrapak,0.1230,0.3441,0.725,0,0.463,0.1151,0.4015,-0.751
1220,0.7514,can,-0.1121,0.3770,0.106,0,0.463,-0.0841,0.3835,-2.892
1221,0.7514,chips,0.2598,0.7652,1.963,0,0.463,0.2147,0.7025,-0.227
1222,0.7514,tetrapak,0.1941,0.4262,1.963,1,0.463,0.1758,0.4375,1.629
1223,0.7514,chips,0.0410,0.4262,0.299,0,0.463,0.0834,0.4655,-2.806
1224,0.7559,tetrapak,0.1285,0.3934,0.333,0,0.462,0.1765,0.4086,0.830
1225,0.7559,chips,0.0684,0.5301,0.393,0,0.462,0.0746,0.5528,0.121
1226,0.7559,chips,0.0957,0.4863,2.533,0,0.462,-0.0184,0.4710,1.961
1227,0.7559,tetrapak,-0.0191,0.3715,1.717,0,0.462,-0.0668,0.4029,1.732
1228,0.7559,tetrapak,-0.1887,0.3496,2.882,0,0.462,-0.1927,0.4012,1.739
1229,0.7559,chips,-0.0738,0.5137,1.963,0,0.462,-0.0303,0.5991,-0.936
1230,0.7559,chips,0.0793,0.7598,0.087,0,0.462,-0.0008,0.6746,2.018
1231,0.7559,chips,0.1504,0.4480,1.963,0,0.462,0.1593,0.4750,1.973
1232,0.7601,can,0.0082,0.4809,2.582,0,0.462,0.0327,0.5015,1.879
1233,0.7601,can,0.0027,0.4316,0.945,0,0.462,0.0208,0.4421,-0.608
1234,0.7601,chips,-0.1395,0.4152,0.393,0,0.462,-0.1401,0.4249,-2.687
1235,0.7601,can,0.0793,0.3605,2.863,0,0.462,0.0356,0.3631,-1.774
1236,0.7601,chips,-0.0191,0.4863,1.963,0,0.462,-0.0298,0.5090,1.089
1237,0.7601,can,0.1340,0.3551,1.963,1,0.462,0.1351,0.3588,0.053
1238,0.7601,can,0.1887,0.3277,0.576,0,0.462,0.1844,0.3788,2.105
1239,0.7601,chips,0.1066,0.3496,0.987,0,0.462,0.1293,0.4598,-0.478
1240,0.7645,chips,0.1504,0.4645,1.963,0,0.462,0.1513,0.4778,-1.838
1241,0.7645,can,-0.0465,0.4645,1.963,0,0.462,-0.0338,0.4617,0.551
1242,0.7645,chips,0.1121,0.5520,1.963,0,0.462,0.1007,0.5633,-2.068
1243,0.7645,can,-0.0301,0.6340,1.963,0,0.462,-0.0140,0.6292,2.013
1244,0.7645,chips,0.1559,0.5902,2.114,0,0.462,0.1152,0.5687,2.396
1245,0.7645,can,-0.1285,0.6176,1.963,0,0.462,-0.1144,0.6151,0.959
1246,0.7645,tetrapak,-0.1121,0.3441,1.963,0,0.462,-0.0423,0.3051,0.929
1247,0.7645,tetrapak,-0.2215,0.6449,1.584,0,0.462,-0.2524,0.7140,-2.476
1248,0.7685,chips,0.1121,0.3770,1.963,0,0.462,0.0948,0.3865,1.151
1249,0.7685,can,-0.1613,0.3879,1.963,0,0.462,-0.1475,0.3881,-1.893
1250,0.7685,chips,-0.1613,0.6449,0.393,0,0.462,-0.1607,0.6587,-2.203
1251,0.7685,chips,0.1887,0.4371,0.269,0,0.462,0.1050,0.3799,2.408
1252,0.7685,chips,0.0848,0.6449,2.362,0,0.462,0.0244,0.5562,-2.917
1253,0.7685,tetrapak,-0.0520,0.3496,1.963,0,0.462,-0.0224,0.3641,-2.341
1254,0.7685,tetrapak,-0.0410,0.5465,0.393,1,0.462,-0.0322,0.4894,0.022
1255,0.7685,can,-0.1395,0.4316,1.963,1,0.462,-0.1286,0.4338,0.993
1256,0.7725,tetrapak,0.1777,0.5355,0.435,0,0.462,0.1635,0.5129,-2.835
1257,0.7725,tetrapak,0.1723,0.3879,1.963,1,0.462,0.1754,0.3719,-2.216
1258,0.7725,tetrapak,-0.2488,0.4535,1.963,0,0.462,-0.1881,0.4654,0.738
1259,0.7725,chips,0.1887,0.6559,0.393,0,0.462,0.2121,0.5826,-0.224
1260,0.7725,can,0.0410,0.6504,1.963,0,0.462,0.0602,0.6436,2.307
1261,0.7725,tetrapak,0.0027,0.3168,0.793,0,0.462,-0.0213,0.3714,-0.836
1262,0.7725,tetrapak,0.0137,0.6340,2.863,0,0.462,-0.0109,0.7213,-2.693
1263,0.7725,can,0.1723,0.5191,1.963,0,0.462,0.1831,0.5072,-0.429
1264,0.7773,tetrapak,0.0465,0.4207,1.959,0,0.461,0.0336,0.3973,-1.636
1265,0.7773,can,0.1230,0.3715,1.963,1,0.461,0.1274,0.3770,-0.458
1266,0.7773,chips,0.0902,0.4207,2.764,0,0.461,0.0349,0.4383,1.127
1267,0.7773,tetrapak,-0.1395,0.6777,0.393,1,0.461,-0.1364,0.6386,2.956
1268,0.7773,can,0.1449,0.5574,1.963,0,0.461,0.1541,0.5572,2.809
1269,0.7773,tetrapak,-0.0027,0.3934,0.185,1,0.461,-0.0373,0.3727,-1.719
1270,0.7773,tetrapak,0.0902,0.4316,1.963,1,0.461,0.1025,0.4486,2.195
1271,0.7773,tetrapak,-0.0629,0.5793,0.393,1,0.461,-0.0504,0.5525,0.258
1272,0.7815,can,-0.0848,0.3715,1.214,0,0.461,-0.1176,0.3968,0.623
1273,0.7815,tetrapak,0.0191,0.5574,2.578,0,0.461,0.0029,0.5218,2.606
1274,0.7815,chips,-0.2762,0.5301,1.963,0,0.461,-0.1927,0.5496,2.332
1275,0.7815,can,-0.1285,0.3770,2.724,1,0.461,-0.1200,0.3945,0.808
1276,0.7815,can,0.1777,0.6121,1.963,1,0.461,0.1864,0.6133,0.423
1277,0.7815,can,0.0793,0.4152,1.963,1,0.461,0.0854,0.4174,0.029
1278,0.7815,can,0.0738,0.6176,2.330,0,0.461,0.0277,0.6115,-1.696
1279,0.7815,chips,0.0629,0.6613,1.322,0,0.461,0.1531,0.5564,-1.834
1280,0.7860,tetrapak,0.0355,0.5355,1.963,1,0.461,0.0505,0.5395,-0.605
1281,0.7860,tetrapak,-0.2488,0.4262,2.898,0,0.461,-0.1436,0.4217,-2.089
1282,0.7860,chips,0.0902,0.6887,0.258,0,0.461,0.0920,0.6578,0.720
1283,0.7860,chips,-0.1121,0.5793,0.147,0,0.461,-0.1959,0.4782,1.771
1284,0.7860,can,0.0629,0.4645,1.590,0,0.461,0.0168,0.4876,0.339
1285,0.7860,can,-0.2105,0.6285,1.963,0,0.461,-0.1946,0.6267,2.060
1286,0.7860,tetrapak,-0.1121,0.3551,0.426,0,0.461,-0.0477,0.3601,0.461
1287,0.7860,can,-0.1723,0.6449,0.843,0,0.461,-0.1402,0.6112,2.976
1288,0.7895,can,0.1012,0.6121,1.154,0,0.461,0.1135,0.5819,-0.793
1289,0.7895,chips,-0.1285,0.5629,1.963,0,0.461,-0.1368,0.5746,1.084
1290,0.7895,can,0.1559,0.4863,1.963,1,0.461,0.1688,0.4871,-0.881
1291,0.7895,chips,0.1559,0.7816,1.963,0,0.461,0.1589,0.6983,-0.500
1292,0.7895,tetrapak,-0.1613,0.3387,0.594,0,0.461,-0.1823,0.3778,2.409
1293,0.7895,chips,-0.2270,0.3605,1.963,0,0.461,-0.2703,0.3417,-1.002
1294,0.7895,tetrapak,0.0355,0.5629,2.557,0,0.461,0.0779,0.5637,2.294
1295,0.7895,chips,-0.1395,0.4262,1.963,0,0.461,-0.0986,0.3517,-0.035
1296,0.7930,tetrapak,0.1559,0.3879,1.963,0,0.460,0.1726,0.4045,-1.923
1297,0.7930,chips,0.2270,0.4371,1.633,0,0.460,0.2214,0.3765,0.753
1298,0.7930,tetrapak,-0.2160,0.5137,1.963,0,0.460,-0.2276,0.5308,-1.944
1299,0.7930,tetrapak,0.1230,0.3824,1.395,0,0.460,0.0611,0.4520,1.007
1300,0.7930,can,-0.0191,0.6340,1.963,1,0.460,-0.0067,0.6371,0.776
1301,0.7930,chips,-0.0629,0.6176,1.963,0,0.460,0.0388,0.6296,2.227
1302,0.7930,chips,-0.2926,0.5520,1.963,0,0.460,-0.2189,0.4980,0.324
1303,0.7930,can,-0.0410,0.3715,1.407,1,0.460,-0.0435,0.3883,-2.191
1304,0.7978,tetrapak,-0.0684,0.6230,2.796,0,0.460,-0.0709,0.5698,2.713
1305,0.7978,chips,0.1668,0.3715,1.816,0,0.460,0.2306,0.4107,0.888
1306,0.7978,tetrapak,0.0410,0.4535,1.963,1,0.460,0.0597,0.4532,-1.406
1307,0.7978,tetrapak,-0.0520,0.5191,1.963,1,0.460,0.0041,0.5642,-0.773
1308,0.7978,tetrapak,-0.2105,0.6230,1.963,1,0.460,-0.2494,0.5861,-0.955
1309,0.7978,tetrapak,0.1176,0.3387,0.497,0,0.460,0.0080,0.3165,-1.004
1310,0.7978,chips,0.0684,0.5574,1.963,0,0.460,0.1642,0.5335,0.861
1311,0.7978,chips,-0.1230,0.6285,1.963,0,0.460,-0.0459,0.5602,0.216
1312,0.8026,tetrapak,-0.1395,0.5301,0.741,1,0.460,-0.1318,0.5026,-1.327
1313,0.8026,can,-0.1449,0.4590,1.963,1,0.460,-0.1246,0.4702,2.609
1314,0.8026,can,-0.0465,0.4590,2.192,0,0.460,-0.0656,0.4784,0.242
1315,0.8026,tetrapak,-0.0355,0.5027,0.176,0,0.460,-0.0229,0.4601,-0.059
1316,0.8026,can,-0.0355,0.5793,1.963,0,0.460,-0.0188,0.5806,-0.677
1317,0.8026,chips,0.0574,0.4699,1.963,0,0.460,-0.0118,0.4301,2.321
1318,0.8026,tetrapak,-0.1285,0.3223,1.963,0,0.460,-0.1042,0.2616,0.026
1319,0.8026,chips,-0.1777,0.4918,1.963,0,0.460,-0.0726,0.4978,-1.052
1320,0.8071,can,-0.1832,0.5793,1.963,0,0.460,-0.1652,0.5787,0.621
1321,0.8071,can,-0.1395,0.6449,1.963,0,0.460,-0.1283,0.6459,1.525
1322,0.8071,chips,0.1012,0.4973,2.356,0,0.460,0.1179,0.5300,-1.133
1323,0.8071,can,-0.1723,0.6285,2.185,0,0.460,-0.1533,0.6173,1.942
1324,0.8071,can,-0.0520,0.3879,0.110,0,0.460,-0.0105,0.3917,-1.322
1325,0.8071,tetrapak,-0.1066,0.5574,1.963,1,0.460,-0.0757,0.5557,-1.454
1326,0.8071,tetrapak,-0.2160,0.3934,1.963,0,0.460,-0.1666,0.4132,1.030
1327,0.8071,can,0.1230,0.5191,1.963,1,0.460,0.1279,0.5197,-0.333
1328,0.8106,tetrapak,0.1066,0.5738,1.667,0,0.460,0.1208,0.5631,-2.774
1329,0.8106,can,-0.2215,0.6012,3.088,0,0.460,-0.1715,0.5954,-0.839
1330,0.8106,can,0.0629,0.4590,1.963,1,0.460,0.0718,0.4644,3.011
1331,0.8106,chips,-0.1066,0.5191,2.665,0,0.460,0.0145,0.5316,1.205
1332,0.8106,chips,-0.0738,0.4645,2.961,0,0.460,-0.0548,0.5199,0.756
1333,0.8106,can,0.1887,0.4918,1.963,1,0.460,0.1988,0.4915,1.527
1334,0.8106,can,0.0082,0.5684,0.583,0,0.460,0.0368,0.6068,-2.538
1335,0.8106,tetrapak,-0.0027,0.3551,1.963,0,0.460,0.0154,0.3805,2.638
1336,0.8138,chips,-0.0301,0.5574,0.393,0,0.459,-0.0659,0.5947,1.098
1337,0.8138,chips,0.0137,0.6340,1.392,0,0.459,0.0470,0.5848,-0.963
1338,0.8138,can,-0.1340,0.4809,0.149,0,0.459,-0.1415,0.4646,-0.784
1339,0.8138,can,0.1504,0.4809,1.963,0,0.459,0.1477,0.4781,-2.001
1340,0.8138,chips,0.2051,0.7762,1.963,0,0.459,0.1909,0.6811,-0.700
1341,0.8138,chips,-0.3199,0.3387,0.542,0,0.459,-0.2845,0.3503,1.851
1342,0.8138,can,0.1285,0.6285,1.963,0,0.459,0.1280,0.6179,0.007
1343,0.8138,chips,0.1121,0.5793,2.403,0,0.459,0.1192,0.5753,-2.914
1344,0.8174,can,0.1668,0.4152,1.963,1,0.459,0.1811,0.4224,1.895
1345,0.8174,chips,0.0301,0.4973,1.963,0,0.459,0.0772,0.4111,-3.133
1346,0.8174,chips,0.0246,0.5793,2.642,0,0.459,-0.0802,0.5384,1.471
1347,0.8174,tetrapak,0.0465,0.7379,1.963,0,0.459,0.0187,0.6832,2.557
1348,0.8174,chips,-0.1395,0.7270,1.963,0,0.459,-0.1298,0.6323,2.631
1349,0.8174,chips,0.0793,0.3660,0.884,0,0.459,0.0124,0.3160,2.815
1350,0.8174,chips,0.2051,0.4480,2.632,0,0.459,0.2593,0.5017,1.543
1351,0.8174,tetrapak,-0.1504,0.4590,1.963,0,0.459,-0.0688,0.4431,1.242
1352,0.8212,can,-0.0793,0.3879,1.963,0,0.459,-0.0705,0.3876,-0.571
1353,0.8212,chips,-0.0301,0.6066,2.356,0,0.459,-0.0120,0.5110,0.606
1354,0.8212,can,0.1832,0.4809,1.662,0,0.459,0.1905,0.5289,-0.420
1355,0.8212,can,-0.2051,0.5027,1.963,1,0.459,-0.1987,0.5000,-0.355
1356,0.8212,chips,-0.0520,0.6395,2.356,0,0.459,0.0289,0.5721,0.320
1357,0.8212,tetrapak,0.0902,0.6285,1.963,0,0.459,0.1040,0.6210,-2.484
1358,0.8212,can,-0.1230,0.4535,1.963,1,0.459,-0.1134,0.4524,-1.266
1359,0.8212,chips,-0.1176,0.6395,2.356,0,0.459,-0.0477,0.5616,0.099
1360,0.8256,chips,-0.2926,0.4809,1.963,0,0.459,-0.2025,0.4903,2.107
1361,0.8256,tetrapak,-0.1230,0.5793,2.113,1,0.459,-0.1150,0.6176,0.649
1362,0.8256,chips,0.0191,0.6395,1.963,0,0.459,0.1109,0.6192,-1.332
1363,0.8256,can,0.1012,0.6504,0.303,0,0.459,0.1051,0.6210,1.140
1364,0.8256,chips,-0.1668,0.7543,2.296,0,0.459,-0.1563,0.6923,-3.019
1365,0.8256,tetrapak,0.0902,0.3824,2.932,0,0.459,0.1355,0.3748,0.695
1366,0.8256,chips,0.0082,0.5902,0.717,0,0.459,0.0226,0.4762,-2.159
1367,0.8256,can,0.0574,0.4043,1.162,0,0.459,0.0500,0.3966,2.195
1368,0.8301,tetrapak,-0.1176,0.5355,1.689,0,0.459,-0.1188,0.5486,-1.210
1369,0.8301,can,-0.0355,0.4262,1.963,1,0.459,-0.0246,0.4305,-2.522
1370,0.8301,can,0.1230,0.6340,1.963,1,0.459,0.1325,0.6421,2.550
1371,0.8301,tetrapak,-0.1996,0.6832,1.963,0,0.459,-0.1492,0.6555,-2.305
1372,0.8301,can,-0.0629,0.5629,1.963,0,0.459,-0.0471,0.5664,-1.626
1373,0.8301,can,0.0191,0.6613,1.424,0,0.459,0.0404,0.6251,-0.940
1374,0.8301,tetrapak,-0.0957,0.5520,0.614,0,0.459,-0.0431,0.5571,0.921
1375,0.8301,tetrapak,0.0082,0.3770,1.963,0,0.459,0.0300,0.3963,0.933
1376,0.8332,can,-0.1723,0.4152,1.963,1,0.458,-0.1583,0.4225,1.434
1377,0.8332,chips,-0.1559,0.7105,2.712,0,0.458,-0.0756,0.7402,-0.347
1378,0.8332,chips,0.2543,0.5574,1.963,0,0.458,0.2284,0.4662,-0.879
1379,0.8332,can,-0.0848,0.5629,0.441,1,0.458,-0.0825,0.5490,-1.134
1380,0.8332,tetrapak,-0.0902,0.4426,0.588,0,0.458,-0.0308,0.4495,1.286
1381,0.8332,chips,-0.0191,0.5574,0.367,0,0.458,0.0025,0.5740,-1.722
1382,0.8332,tetrapak,0.1230,0.6230,2.516,1,0.458,0.1530,0.6148,0.895
1383,0.8332,tetrapak,0.0793,0.4973,1.963,1,0.458,0.0938,0.5025,-2.435
1384,0.8373,can,-0.2051,0.6449,1.963,0,0.458,-0.1909,0.6407,0.646
1385,0.8373,can,-0.1613,0.4809,1.963,1,0.458,-0.1506,0.4881,3.141
1386,0.8373,tetrapak,0.2270,0.7324,3.131,0,0.458,0.1533,0.6590,2.526
1387,0.8373,can,-0.0027,0.5848,1.685,0,0.458,-0.0343,0.5663,-2.282
1388,0.8373,chips,-0.0246,0.4043,1.963,0,0.458,0.0595,0.4011,2.037
1389,0.8373,tetrapak,-0.0574,0.5793,0.656,1,0.458,-0.0680,0.5707,-2.170
1390,0.8373,can,0.1887,0.3387,0.123,0,0.458,0.1699,0.3890,-2.100
1391,0.8373,can,0.1340,0.5027,1.963,1,0.458,0.1382,0.5013,1.622
1392,0.8418,tetrapak,-0.1121,0.7270,1.963,0,0.458,-0.0712,0.6759,-2.705
1393,0.8418,chips,-0.0629,0.5301,1.963,0,0.458,0.0150,0.4707,-1.848
1394,0.8418,chips,-0.0520,0.4426,1.963,0,0.458,-0.0313,0.3522,2.790
1395,0.8418,can,0.0355,0.3770,1.963,1,0.458,0.0432,0.3835,-1.326
1396,0.8418,can,-0.1176,0.5301,1.315,0,0.458,-0.1311,0.5032,-0.718
1397,0.8418,tetrapak,0.0355,0.6340,1.963,1,0.458,0.1036,0.6655,2.093
1398,0.8418,can,-0.0848,0.3496,1.963,1,0.458,-0.0723,0.3578,-0.819
1399,0.8418,tetrapak,0.1559,0.5027,1.963,1,0.458,0.1662,0.5110,-1.264
1400,0.8452,chips,0.1613,0.6395,3.140,0,0.458,0.2052,0.6374,1.775
1401,0.8452,can,-0.0191,0.6176,1.963,1,0.458,-0.0164,0.6168,-2.367
1402,0.8452,tetrapak,0.0629,0.6176,0.976,0,0.458,0.0172,0.6463,-2.809
1403,0.8452,tetrapak,0.0520,0.3934,1.963,1,0.458,0.0535,0.4013,0.060
1404,0.8452,tetrapak,-0.1285,0.4371,1.963,1,0.458,-0.1081,0.4478,-3.015
1405,0.8452,can,0.1777,0.5957,1.963,1,0.458,0.1776,0.5976,-1.212
1406,0.8452,chips,0.2105,0.7051,2.007,0,0.458,0.2149,0.7281,-0.723
1407,0.8452,tetrapak,-0.0738,0.3059,2.802,0,0.458,-0.0869,0.3552,-0.963
1408,0.8508,tetrapak,-0.0027,0.3988,1.963,1,0.458,0.0022,0.3880,-2.991
1409,0.8508,chips,-0.1559,0.6012,0.599,0,0.458,-0.1848,0.6337,1.201
1410,0.8508,chips,0.2762,0.3387,0.347,0,0.458,0.1986,0.3804,-1.409
1411,0.8508,can,0.0902,0.5902,1.963,0,0.458,0.1074,0.5942,-2.257
1412,0.8508,can,-0.0848,0.5574,1.963,1,0.458,-0.0682,0.5657,-1.343
1413,0.8508,can,-0.1121,0.3605,1.358,0,0.458,-0.1261,0.3822,1.647
1414,0.8508,tetrapak,0.1777,0.5410,1.963,0,0.458,0.1965,0.5438,2.559
1415,0.8508,chips,-0.1723,0.5465,1.963,0,0.458,-0.1217,0.4556,-2.121
1416,0.8544,can,-0.1832,0.5355,1.963,1,0.457,-0.1659,0.5435,-2.633
1417,0.8544,can,0.0574,0.3715,1.963,1,0.457,0.0719,0.3832,3.106
1418,0.8544,can,-0.0520,0.4316,2.316,0,0.457,-0.0995,0.4338,-0.270
1419,0.8544,can,-0.0191,0.5520,1.963,1,0.457,-0.0042,0.5576,1.224
1420,0.8544,chips,0.0301,0.7816,2.356,0,0.457,0.0426,0.6760,-2.493
1421,0.8544,tetrapak,-0.1941,0.4973,0.132,0,0.457,-0.1636,0.5195,-2.237
1422,0.8544,can,-0.1066,0.5793,1.635,0,0.457,-0.1181,0.5483,0.282
1423,0.8544,tetrapak,-0.2160,0.5684,1.963,0,0.457,-0.1671,0.5686,0.947
1424,0.8584,chips,-0.0902,0.7379,2.675,0,0.457,-0.1176,0.7438,0.392
1425,0.8584,chips,-0.1121,0.3934,2.356,0,0.457,-0.1315,0.2835,2.372
1426,0.8584,chips,-0.0902,0.4645,1.218,0,0.457,-0.0680,0.4173,2.156
1427,0.8584,tetrapak,0.2105,0.5902,2.551,0,0.457,0.1151,0.5231,-0.973
1428,0.8584,can,0.0520,0.3934,1.963,1,0.457,0.0637,0.3917,-2.245
1429,0.8584,tetrapak,-0.2215,0.6285,1.342,0,0.457,-0.1784,0.6463,1.773
1430,0.8584,can,0.0137,0.3988,1.963,0,0.457,0.0240,0.3958,-1.080
1431,0.8584,chips,0.1613,0.4863,2.356,0,0.457,0.2445,0.4282,1.470
1432,0.8658,chips,0.2160,0.5629,0.061,0,0.457,0.1607,0.5132,1.164
1433,0.8658,can,0.0410,0.5301,1.963,1,0.457,0.0589,0.5346,1.072
1434,0.8658,can,0.2160,0.6285,2.718,0,0.457,0.1989,0.6443,-0.731
1435,0.8658,tetrapak,0.0246,0.5629,1.963,0,0.457,0.0419,0.5685,2.593
1436,0.8658,tetrapak,0.1887,0.5465,0.393,1,0.457,0.1996,0.5038,0.274
1437,0.8658,tetrapak,-0.0793,0.6668,1.963,0,0.457,-0.1128,0.6279,2.246
1438,0.8658,tetrapak,0.1613,0.5684,1.143,0,0.457,0.1457,0.5117,-2.038
1439,0.8658,tetrapak,-0.2379,0.3605,1.963,0,0.457,-0.1879,0.3877,-0.486
1440,0.8702,chips,0.0793,0.7871,2.356,0,0.457,0.0781,0.6808,-2.616
1441,0.8702,can,0.0027,0.3988,2.650,0,0.457,0.0286,0.4466,-0.893
1442,0.8702,chips,-0.0848,0.6613,2.866,0,0.457,-0.0997,0.5288,2.364
1443,0.8702,tetrapak,0.1449,0.6285,1.963,1,0.457,0.1564,0.6309,-0.089
1444,0.8702,can,-0.0848,0.4645,1.963,1,0.457,-0.0648,0.4675,0.593
1445,0.8702,chips,-0.0738,0.5738,2.356,0,0.457,-0.1084,0.6533,-2.199
1446,0.8702,chips,-0.0137,0.3715,2.867,0,0.457,-0.0037,0.3045,-2.816
1447,0.8702,can,-0.1285,0.5301,1.963,1,0.457,-0.1091,0.5370,2.452
1448,0.8748,tetrapak,0.0301,0.4973,1.963,0,0.456,0.0871,0.4890,-1.888
1449,0.8748,chips,-0.0191,0.5793,2.331,0,0.456,0.0726,0.5945,1.794
1450,0.8748,tetrapak,0.2762,0.3715,1.963,0,0.456,0.2394,0.4170,0.811
1451,0.8748,can,0.2324,0.6668,1.952,0,0.456,0.1980,0.6347,0.755
1452,0.8748,can,0.0902,0.4973,1.963,1,0.456,0.1031,0.4992,-0.251
1453,0.8748,chips,-0.0027,0.4590,0.393,0,0.456,0.0658,0.4122,1.325
1454,0.8748,tetrapak,0.0191,0.5191,2.554,0,0.456,-0.0007,0.4770,2.856
1455,0.8748,chips,0.1449,0.3934,0.353,0,0.456,0.2356,0.4526,2.684
1456,0.8795,chips,-0.1559,0.7707,1.963,0,0.456,-0.1376,0.6689,2.707
1457,0.8795,tetrapak,0.1395,0.5902,1.963,1,0.456,0.1554,0.5961,2.970
1458,0.8795,chips,0.0137,0.5355,0.393,0,0.456,0.0685,0.4626,-2.965
1459,0.8795,tetrapak,0.1832,0.6887,1.292,0,0.456,0.1214,0.6265,-1.682
1460,0.8795,chips,-0.1832,0.6559,0.393,0,0.456,-0.1053,0.6242,1.620
1461,0.8795,chips,0.0027,0.5191,1.390,0,0.456,-0.0813,0.5125,2.143
1462,0.8795,chips,0.1777,0.5246,1.399,0,0.456,0.1398,0.4196,-0.440
1463,0.8795,can,0.0027,0.4699,1.963,1,0.456,0.0156,0.4828,-1.469
1464,0.8845,chips,-0.1121,0.3496,1.963,0,0.456,-0.0481,0.2632,-3.080
1465,0.8845,tetrapak,0.0355,0.4754,3.095,0,0.456,0.0346,0.5162,-1.330
1466,0.8845,tetrapak,0.0027,0.4207,1.963,1,0.456,0.0234,0.4367,1.946
1467,0.8845,tetrapak,0.0301,0.6504,1.963,0,0.456,0.0498,0.6379,1.999
1468,0.8845,tetrapak,0.0027,0.5191,1.963,1,0.456,0.0219,0.5283,-0.821
1469,0.8845,chips,-0.2215,0.6941,0.084,0,0.456,-0.1804,0.6251,0.958
1470,0.8845,tetrapak,-0.0738,0.6340,0.801,0,0.456,-0.0371,0.6222,-2.228
1471,0.8845,tetrapak,0.0902,0.6230,0.393,1,0.456,0.1038,0.5657,-2.871
1472,0.8889,can,-0.0848,0.3988,1.963,1,0.456,-0.0736,0.4048,3.110
1473,0.8889,chips,0.1121,0.5684,1.963,0,0.456,0.1408,0.4680,2.879
1474,0.8889,chips,-0.0520,0.5191,2.356,0,0.456,-0.0330,0.5480,-1.590
1475,0.8889,tetrapak,-0.0301,0.6449,1.963,0,0.456,-0.0037,0.6434,-0.441
1476,0.8889,tetrapak,-0.1066,0.4152,1.963,0,0.456,-0.0766,0.4310,1.732
1477,0.8889,chips,-0.2270,0.4863,0.860,0,0.456,-0.2408,0.4940,1.347
1478,0.8889,can,0.1230,0.5410,1.542,1,0.456,0.1249,0.5504,2.388
1479,0.8889,tetrapak,0.1012,0.5684,1.963,0,0.456,0.0684,0.5227,2.396
1480,0.8936,chips,0.0629,0.7215,1.020,0,0.456,-0.0100,0.7368,0.487
1481,0.8936,chips,0.0684,0.3496,0.393,0,0.456,0.0974,0.2937,-0.002
1482,0.8936,can,-0.2160,0.5793,1.963,1,0.456,-0.1974,0.5818,0.449
1483,0.8936,can,0.0520,0.4918,2.780,0,0.456,0.0359,0.4459,3.005
1484,0.8936,chips,-0.1941,0.5246,1.385,0,0.456,-0.2458,0.4844,-0.705
1485,0.8936,can,0.0848,0.4371,1.951,0,0.456,0.0690,0.4085,-1.963
1486,0.8936,chips,0.0574,0.3551,0.393,0,0.456,0.0822,0.4053,-0.661
1487,0.8936,tetrapak,-0.1832,0.5629,0.138,0,0.456,-0.1506,0.5511,0.147
1488,0.8973,tetrapak,-0.2488,0.6176,1.393,0,0.455,-0.1720,0.6098,-2.679
1489,0.8973,can,0.1066,0.3660,1.963,1,0.455,0.1159,0.3778,0.047
1490,0.8973,chips,-0.0465,0.6012,0.393,0,0.455,0.0198,0.5325,-1.904
1491,0.8973,tetrapak,-0.1777,0.4918,2.904,0,0.455,-0.1366,0.4576,-0.022
1492,0.8973,chips,-0.1777,0.6121,0.393,0,0.455,-0.1357,0.5287,3.069
1493,0.8973,chips,0.0848,0.5027,0.393,0,0.455,0.1123,0.4222,-0.120
1494,0.8973,chips,0.0191,0.5027,0.393,0,0.455,0.0746,0.4325,0.974
1495,0.8973,tetrapak,0.0191,0.4262,1.625,0,0.455,-0.0017,0.4489,-1.143
1496,0.9011,can,-0.0629,0.5902,2.973,1,0.455,-0.0711,0.5890,1.880
1497,0.9011,chips,0.1668,0.4316,1.963,0,0.455,0.2501,0.3876,1.534
1498,0.9011,tetrapak,-0.0355,0.5793,0.461,0,0.455,-0.0304,0.6139,-0.091
1499,0.9011,can,-0.0520,0.4918,3.058,1,0.455,-0.0551,0.4752,-1.726
1500,0.9011,can,-0.1723,0.4699,1.963,1,0.455,-0.1550,0.4721,0.260
1501,0.9011,tetrapak,0.0191,0.6559,1.264,0,0.455,0.0343,0.6675,-2.596
1502,0.9011,chips,0.1668,0.6777,1.963,0,0.455,0.2333,0.6130,1.278
1503,0.9011,chips,0.1340,0.6395,1.963,0,0.455,0.1414,0.5450,-0.479
1504,0.9055,chips,0.0520,0.3988,0.019,0,0.455,0.0996,0.4492,2.491
1505,0.9055,can,0.0137,0.4262,0.252,0,0.455,0.0283,0.3782,1.682
1506,0.9055,can,-0.1887,0.5191,2.462,0,0.455,-0.1705,0.4929,-0.682
1507,0.9055,can,-0.0410,0.5246,1.963,0,0.455,-0.0305,0.5259,-0.449
1508,0.9055,chips,-0.1559,0.6887,1.963,0,0.455,-0.0795,0.6253,1.328
1509,0.9055,can,0.1668,0.5520,1.963,1,0.455,0.1735,0.5552,-2.371
1510,0.9055,chips,0.0082,0.4316,1.963,0,0.455,0.0965,0.4133,1.967
1511,0.9055,tetrapak,0.0684,0.4207,1.359,1,0.455,0.0798,0.4381,2.286
1512,0.9096,can,0.1559,0.3715,1.963,1,0.455,0.1595,0.3758,-0.097
1513,0.9096,chips,-0.0137,0.4754,1.963,0,0.455,0.0425,0.3989,1.096
1514,0.9096,tetrapak,-0.1832,0.5738,1.963,1,0.455,-0.1490,0.5687,0.555
1515,0.9096,tetrapak,0.1832,0.5520,3.076,0,0.455,0.1456,0.5186,-1.944
1516,0.9096,can,-0.0793,0.4043,1.262,1,0.455,-0.0688,0.4026,1.232
1517,0.9096,chips,0.1285,0.3168,2.771,0,0.455,0.1095,0.3216,-1.890
1518,0.9096,chips,0.3090,0.5684,1.627,0,0.455,0.2474,0.5287,-2.116
1519,0.9096,chips,-0.0082,0.4316,2.705,0,0.455,-0.0847,0.3727,-1.745
1520,0.9145,can,0.1887,0.6285,1.963,0,0.454,0.1968,0.6271,-0.665
1521,0.9145,tetrapak,-0.1012,0.5410,2.320,0,0.454,-0.1437,0.6069,-2.678
1522,0.9145,chips,-0.2926,0.5355,1.963,0,0.454,-0.1963,0.5370,-0.996
1523,0.9145,can,0.0246,0.5574,1.963,0,0.454,0.0360,0.5589,-2.186
1524,0.9145,chips,-0.0738,0.5465,2.880,0,0.454,-0.0647,0.5225,0.533
1525,0.9145,chips,-0.0137,0.4754,0.251,0,0.454,0.0199,0.5161,-3.031
1526,0.9145,can,-0.0848,0.5629,1.963,1,0.454,-0.0750,0.5648,-2.284
1527,0.9145,chips,-0.1121,0.5246,1.198,0,0.454,-0.1400,0.5938,2.986
1528,0.9184,can,-0.1941,0.4098,1.963,1,0.454,-0.1838,0.4082,-0.460
1529,0.9184,can,-0.1449,0.6066,1.963,0,0.454,-0.1350,0.6056,2.796
1530,0.9184,chips,-0.2051,0.5684,2.801,0,0.454,-0.2280,0.5266,2.027
1531,0.9184,tetrapak,-0.0848,0.5027,1.963,1,0.454,-0.0590,0.5051,-2.621
1532,0.9184,can,-0.0520,0.4918,1.963,0,0.454,-0.0435,0.4900,2.024
1533,0.9184,chips,-0.0082,0.6230,1.963,0,0.454,0.0093,0.5089,-0.467
1534,0.9184,can,0.0574,0.6395,1.223,0,0.454,0.0723,0.6011,2.036
1535,0.9184,can,0.1012,0.5902,3.026,0,0.454,0.0765,0.6239,1.619
1536,0.9226,tetrapak,-0.1395,0.6285,2.622,0,0.454,-0.0947,0.5985,3.083
1537,0.9226,can,-0.0082,0.4535,0.664,0,0.454,0.0113,0.4180,-0.902
1538,0.9226,chips,-0.1996,0.5629,2.728,0,0.454,-0.2410,0.5051,1.743
1539,0.9226,chips,0.0246,0.4098,1.963,0,0.454,0.0072,0.4359,1.079
1540,0.9226,tetrapak,0.1723,0.5629,1.963,1,0.454,0.1834,0.5658,0.543
1541,0.9226,tetrapak,0.0137,0.6449,1.963,1,0.454,0.0292,0.6444,3.019
1542,0.9226,tetrapak,0.1340,0.5574,0.653,0,0.454,0.1546,0.5398,1.748
1543,0.9226,chips,-0.1230,0.5410,1.062,0,0.454,-0.1118,0.6132,0.784
1544,0.9273,chips,-0.0027,0.3496,0.838,0,0.454,-0.0191,0.3184,-0.086
1545,0.9273,chips,0.2270,0.5137,0.000,0,0.454,0.2439,0.5270,1.328
1546,0.9273,tetrapak,-0.2707,0.5246,1.963,1,0.454,-0.2003,0.5369,-1.339
1547,0.9273,can,-0.1395,0.6449,1.963,0,0.454,-0.1218,0.6416,1.230
1548,0.9273,chips,-0.0738,0.3715,0.000,0,0.454,-0.0502,0.4448,-0.826
1549,0.9273,chips,-0.2926,0.5027,1.963,0,0.454,-0.2053,0.5299,-0.708
1550,0.9273,chips,-0.2926,0.2949,1.963,0,0.454,-0.2494,0.3229,2.479
1551,0.9273,can,-0.0027,0.6012,1.963,0,0.454,0.0125,0.6024,1.075
1552,0.9311,tetrapak,0.1121,0.4043,1.963,1,0.454,0.1267,0.4158,0.038
1553,0.9311,can,-0.0027,0.4535,1.963,1,0.454,0.0111,0.4566,0.483
1554,0.9311,tetrapak,-0.0082,0.3988,1.963,1,0.454,0.0204,0.4074,-2.670
1555,0.9311,chips,-0.1230,0.4645,0.000,0,0.454,-0.0852,0.4980,-1.239
1556,0.9311,tetrapak,0.1176,0.4535,0.545,1,0.454,0.1277,0.4699,1.717
1557,0.9311,can,0.0574,0.5137,1.963,1,0.454,0.0703,0.5175,0.863
1558,0.9311,can,0.0410,0.5246,1.963,1,0.454,0.0496,0.5276,-0.708
1559,0.9311,tetrapak,-0.0902,0.4973,3.093,0,0.454,-0.0883,0.4580,-1.294
1560,0.9357,can,0.1285,0.3715,1.963,1,0.453,0.1372,0.3744,-0.452
1561,0.9357,can,0.1668,0.4262,1.963,1,0.453,0.1767,0.4286,2.358
1562,0.9357,can,-0.0191,0.3988,1.963,1,0.453,-0.0068,0.4048,-3.066
1563,0.9357,chips,0.0629,0.4098,0.000,0,0.453,0.0189,0.4765,-1.991
1564,0.9357,can,0.1504,0.6340,1.963,1,0.453,0.1591,0.6382,2.963
1565,0.9357,can,0.0410,0.6176,0.581,0,0.453,0.0061,0.5998,0.653
1566,0.9357,can,-0.1121,0.6176,1.002,0,0.453,-0.1006,0.6303,0.957
1567,0.9357,can,0.1012,0.4973,1.963,1,0.453,0.1094,0.5003,-0.379
1568,0.9396,tetrapak,0.0957,0.4863,2.694,0,0.453,0.0877,0.4952,-1.105
1569,0.9396,tetrapak,0.1559,0.7762,0.782,0,0.453,0.1107,0.6937,3.138
1570,0.9396,can,-0.0902,0.4973,1.963,0,0.453,-0.0736,0.5024,2.315
1571,0.9396,tetrapak,-0.1777,0.5629,2.898,0,0.453,-0.1975,0.5341,-2.185
1572,0.9396,can,0.1285,0.3715,0.534,0,0.453,0.0890,0.3942,0.593
1573,0.9396,can,0.0848,0.5137,1.963,1,0.453,0.0923,0.5205,-1.377
1574,0.9396,tetrapak,-0.1613,0.5793,1.963,0,0.453,-0.1217,0.5847,0.076
1575,0.9396,chips,-0.0027,0.4535,0.000,0,0.453,-0.0008,0.5463,-0.329
1576,0.9447,chips,-0.2051,0.3879,1.963,0,0.453,-0.1003,0.4385,-0.522
1577,0.9447,chips,-0.2215,0.5027,0.000,0,0.453,-0.2590,0.5845,1.006
1578,0.9447,tetrapak,-0.0957,0.4918,1.963,1,0.453,-0.0244,0.5082,-1.441
1579,0.9447,tetrapak,-0.0520,0.5137,1.963,0,0.453,-0.0743,0.4698,2.484
1580,0.9447,can,-0.1285,0.4480,1.963,0,0.453,-0.1134,0.4568,-0.168
1581,0.9447,can,-0.1066,0.6066,3.112,0,0.453,-0.0873,0.6281,-1.742
1582,0.9447,tetrapak,-0.2707,0.5957,1.963,0,0.453,-0.2349,0.5784,-2.376
1583,0.9447,tetrapak,-0.1668,0.4699,1.777,1,0.453,-0.1025,0.4956,1.930
1584,0.9490,can,0.1559,0.4973,0.948,0,0.453,0.1582,0.4879,-0.172
1585,0.9490,chips,-0.1340,0.5191,1.963,0,0.453,-0.0379,0.5680,1.389
1586,0.9490,chips,0.1176,0.3988,1.016,0,0.453,0.1355,0.3424,1.176
1587,0.9490,tetrapak,-0.1066,0.6340,1.963,1,0.453,-0.0709,0.6274,-2.615
1588,0.9490,chips,-0.1613,0.3496,1.703,0,0.453,-0.1233,0.3658,-3.101
1589,0.9490,can,-0.0246,0.5574,1.963,1,0.453,-0.0059,0.5626,1.603
1590,0.9490,can,0.1887,0.4043,1.111,0,0.453,0.1559,0.4297,-1.149
1591,0.9490,chips,-0.1066,0.5465,2.721,0,0.453,-0.0752,0.5572,-0.765
1592,0.9529,can,0.1012,0.5957,2.412,0,0.453,0.0655,0.5750,-2.282
1593,0.9529,can,0.0629,0.4480,1.963,1,0.453,0.0757,0.4567,-2.112
1594,0.9529,chips,-0.0957,0.5684,0.000,0,0.453,-0.0165,0.5137,-1.624
1595,0.9529,can,0.0848,0.4371,0.437,1,0.453,0.1006,0.4321,2.608
1596,0.9529,chips,0.1340,0.4152,0.000,0,0.453,0.2113,0.3652,-1.744
1597,0.9529,chips,-0.0246,0.4699,0.000,0,0.453,0.0131,0.4874,-1.589
1598,0.9529,can,-0.1832,0.4152,1.159,1,0.453,-0.1899,0.4054,2.752
1599,0.9529,tetrapak,0.0848,0.4754,1.963,1,0.453,0.1620,0.4782,1.564
1600,0.9576,tetrapak,-0.1176,0.3605,3.081,0,0.452,-0.0684,0.4242,-0.775
1601,0.9576,chips,0.0082,0.4098,0.000,0,0.452,0.0355,0.4960,-0.843
1602,0.9576,chips,-0.1777,0.5793,0.000,0,0.452,-0.1373,0.6088,-1.294
1603,0.9576,can,-0.1449,0.3770,0.670,0,0.452,-0.1698,0.3528,2.444
1604,0.9576,can,-0.0574,0.6340,1.963,1,0.452,-0.0397,0.6411,-1.302
1605,0.9576,chips,-0.1613,0.3879,1.136,0,0.452,-0.1538,0.4739,2.827
1606,0.9576,can,0.0957,0.4809,1.963,1,0.452,0.1125,0.4926,-2.693
1607,0.9576,tetrapak,-0.1723,0.6012,1.963,0,0.452,-0.1309,0.6055,2.026
1608,0.9618,can,-0.1066,0.4371,1.668,0,0.452,-0.1386,0.4177,0.063
1609,0.9618,can,0.1504,0.5465,1.963,1,0.452,0.1407,0.5451,-0.292
1610,0.9618,tetrapak,0.0738,0.4590,1.963,1,0.452,0.0234,0.4503,1.856
1611,0.9618,tetrapak,-0.1723,0.3605,0.171,0,0.452,-0.1397,0.3768,-0.151
1612,0.9618,can,0.0793,0.5191,1.570,0,0.452,0.1024,0.4806,-1.419
1613,0.9618,chips,0.1777,0.4699,0.644,0,0.452,0.0666,0.4778,1.370
1614,0.9618,tetrapak,0.2160,0.5957,1.372,1,0.452,0.2384,0.6095,1.490
1615,0.9618,can,-0.0246,0.6012,1.963,1,0.452,-0.0285,0.6012,3.033
1616,0.9661,tetrapak,0.1395,0.4645,1.963,0,0.452,0.1976,0.4126,0.612
1617,0.9661,tetrapak,0.1668,0.5410,1.963,0,0.452,0.1967,0.4715,0.150
1618,0.9661,tetrapak,0.2980,0.7160,0.420,0,0.452,0.2265,0.6711,2.589
1619,0.9661,chips,0.1176,0.3113,0.000,0,0.452,0.0879,0.3935,-2.308
1620,0.9661,chips,-0.0137,0.4918,1.618,0,0.452,-0.1213,0.5427,1.821
1621,0.9661,tetrapak,-0.0848,0.5355,1.963,0,0.452,-0.0201,0.4984,-2.360
1622,0.9661,tetrapak,-0.1723,0.5738,1.963,0,0.452,-0.1303,0.5787,-0.722
1623,0.9661,chips,-0.0301,0.7434,0.458,0,0.452,-0.0170,0.7547,3.003
1624,0.9705,can,0.1832,0.5902,1.963,1,0.452,0.1948,0.5952,-2.925
1625,0.9705,chips,0.2871,0.4043,1.963,0,0.452,0.1820,0.4179,-2.284
1626,0.9705,can,0.1121,0.4262,1.915,0,0.452,0.1392,0.4274,-2.364
1627,0.9705,chips,0.1504,0.5848,0.000,0,0.452,0.1924,0.6534,-1.095
1628,0.9705,tetrapak,0.0848,0.4535,1.813,0,0.452,0.0586,0.4108,0.413
1629,0.9705,can,0.1395,0.5738,1.402,0,0.452,0.1090,0.5772,-1.588
1630,0.9705,chips,0.2379,0.6504,2.356,0,0.452,0.2874,0.5627,-2.170
1631,0.9705,chips,0.0520,0.3223,3.097,0,0.452,0.0197,0.3500,-1.322
1632,0.9751,can,-0.0848,0.4535,1.484,0,0.451,-0.1042,0.4312,2.701
1633,0.9751,chips,0.1230,0.4480,3.086,0,0.451,0.0991,0.3780,-0.783
1634,0.9751,tetrapak,0.0684,0.5082,1.963,1,0.451,0.0201,0.4695,-0.906
1635,0.9751,chips,0.3309,0.5137,1.555,0,0.451,0.2962,0.4917,-1.267
1636,0.9751,chips,0.0137,0.7707,1.963,0,0.451,0.0085,0.6598,-2.619
1637,0.9751,tetrapak,0.0355,0.3660,2.574,0,0.451,-0.0470,0.3794,-1.841
1638,0.9751,chips,-0.1340,0.4645,0.914,0,0.451,-0.1425,0.5082,-1.815
1639,0.9751,tetrapak,-0.0957,0.3277,1.963,0,0.451,-0.0582,0.3528,-2.129
1640,0.9792,can,-0.0301,0.6449,1.963,0,0.451,-0.0121,0.6477,-2.002
1641,0.9792,tetrapak,0.1668,0.3605,3.026,0,0.451,0.1031,0.3734,1.181
1642,0.9792,chips,0.1559,0.5191,1.875,0,0.451,0.1038,0.5585,2.405
1643,0.9792,chips,0.1285,0.4098,0.000,0,0.451,0.1557,0.4623,2.031
1644,0.9792,chips,-0.1996,0.6176,0.000,0,0.451,-0.2295,0.6978,-2.327
1645,0.9792,can,-0.0410,0.4098,1.993,0,0.451,-0.0516,0.4503,-3.042
1646,0.9792,can,0.1395,0.4973,1.033,0,0.451,0.1477,0.4815,-0.593
1647,0.9792,tetrapak,-0.1613,0.4699,0.691,0,0.451,-0.0555,0.5020,-1.088
1648,0.9830,can,-0.0082,0.4098,2.133,0,0.451,0.0196,0.4380,-0.130
1649,0.9830,can,-0.1941,0.5902,1.963,1,0.451,-0.1817,0.5929,-0.273
1650,0.9830,can,0.0902,0.4973,1.963,0,0.451,0.1011,0.4987,2.560
1651,0.9830,chips,-0.0465,0.3004,2.056,0,0.451,0.0455,0.2995,-1.091
1652,0.9830,can,-0.1941,0.5137,2.748,1,0.451,-0.1985,0.5498,2.160
1653,0.9830,chips,-0.0629,0.5848,2.529,0,0.451,-0.1605,0.6139,0.829
1654,0.9830,tetrapak,0.0902,0.3387,1.963,0,0.451,0.1096,0.3539,-2.009
1655,0.9830,tetrapak,-0.1613,0.5793,1.963,1,0.451,-0.1233,0.5808,0.403
1656,0.9870,can,0.1066,0.3934,1.329,0,0.451,0.1057,0.4229,2.098
1657,0.9870,tetrapak,0.1340,0.5082,1.963,1,0.451,0.1521,0.5147,2.426
1658,0.9870,can,0.0520,0.4754,1.963,0,0.451,0.0633,0.4734,-2.988
1659,0.9870,tetrapak,-0.0465,0.5902,1.963,0,0.451,-0.0200,0.5911,1.295
1660,0.9870,can,0.1395,0.4973,2.954,1,0.451,0.1439,0.5101,2.477
1661,0.9870,can,0.0957,0.5848,2.273,0,0.451,0.0852,0.5628,-0.770
1662,0.9870,chips,0.1887,0.3223,1.538,0,0.451,0.1670,0.3512,0.105
1663,0.9870,can,0.1723,0.4973,1.356,0,0.451,0.1370,0.5232,1.145
1664,0.9917,can,0.0137,0.6121,1.778,0,0.451,0.0202,0.6265,2.771
1665,0.9917,chips,0.0137,0.5738,2.386,0,0.451,-0.0221,0.5706,2.569
1666,0.9917,chips,0.0957,0.6996,1.303,0,0.451,0.0707,0.5966,-0.914
1667,0.9917,can,0.1449,0.6012,0.407,0,0.451,0.1057,0.5791,-1.027
1668,0.9917,can,-0.1504,0.4590,1.963,0,0.451,-0.1305,0.4659,0.322
1669,0.9917,can,0.1777,0.5355,1.963,1,0.451,0.1868,0.5434,-1.314
1670,0.9917,tetrapak,0.0246,0.6559,2.005,0,0.451,0.0120,0.6057,-1.312
1671,0.9917,tetrapak,0.0137,0.5793,1.963,1,0.451,0.0336,0.5816,-0.156
1672,0.9965,can,0.0410,0.5629,0.616,0,0.450,0.0722,0.5619,-1.295
1673,0.9965,chips,-0.0574,0.5137,1.826,0,0.450,0.0468,0.4384,0.428
1674,0.9965,tetrapak,-0.1395,0.4262,0.543,0,0.450,-0.1628,0.4235,0.679
1675,0.9965,tetrapak,-0.0410,0.6121,1.963,1,0.450,0.0348,0.6451,2.138
1676,0.9965,can,0.1176,0.3988,0.579,0,0.450,0.1071,0.3739,1.136
1677,0.9965,tetrapak,-0.0848,0.4809,1.963,1,0.450,-0.0107,0.4976,-1.400
1678,0.9965,tetrapak,-0.1941,0.3715,1.963,0,0.450,-0.1160,0.3463,0.983
1679,0.9965,can,0.1285,0.4480,1.963,1,0.450,0.1421,0.4571,-2.476
1680,1.0008,tetrapak,0.0574,0.4590,1.963,1,0.450,0.0692,0.4620,-0.049
1681,1.0008,tetrapak,0.1777,0.4973,1.963,1,0.450,0.1854,0.5060,-2.852
1682,1.0008,tetrapak,0.1176,0.5629,1.947,1,0.450,0.1282,0.5202,0.197
1683,1.0008,chips,0.3363,0.4480,2.481,0,0.450,0.2752,0.4926,1.136
1684,1.0008,chips,0.1996,0.5082,2.098,0,0.450,0.1319,0.5634,-1.728
1685,1.0008,tetrapak,-0.0629,0.4699,0.877,0,0.450,-0.0091,0.4696,-2.370
1686,1.0008,chips,-0.0629,0.4973,2.356,0,0.450,-0.0296,0.5708,-0.993
1687,1.0008,chips,-0.1941,0.6613,1.456,0,0.450,-0.1541,0.6682,1.160
1688,1.0051,tetrapak,-0.1285,0.5191,1.324,0,0.450,-0.1704,0.5549,-1.415
1689,1.0051,chips,0.0902,0.6066,2.356,0,0.450,0.0850,0.7063,-0.404
1690,1.0051,can,-0.2051,0.5902,1.963,1,0.450,-0.1948,0.5983,-0.754
1691,1.0051,chips,-0.1723,0.3113,2.356,0,0.450,-0.1989,0.3370,-1.314
1692,1.0051,chips,-0.2160,0.5301,2.356,0,0.450,-0.2274,0.6160,-2.727
1693,1.0051,tetrapak,0.1066,0.4590,1.963,1,0.450,0.1467,0.4823,1.881
1694,1.0051,tetrapak,0.0027,0.6121,1.963,1,0.450,0.0247,0.6063,-3.006
1695,1.0051,tetrapak,-0.1285,0.4973,2.779,0,0.450,-0.0912,0.4828,-2.651
1696,1.0099,tetrapak,0.2707,0.5684,1.173,0,0.450,0.1882,0.5492,-2.546
1697,1.0099,tetrapak,-0.1504,0.5465,0.393,1,0.450,-0.1353,0.5154,0.397
1698,1.0099,tetrapak,-0.0520,0.3605,1.963,0,0.450,-0.0896,0.3084,-0.515
1699,1.0099,chips,-0.0848,0.4480,0.395,0,0.450,-0.1866,0.5139,-1.531
1700,1.0099,tetrapak,0.0355,0.4480,0.393,1,0.450,0.0407,0.4120,0.140
1701,1.0099,tetrapak,0.1887,0.4863,1.642,0,0.450,0.1510,0.5014,0.711
1702,1.0099,chips,0.0684,0.3551,2.356,0,0.450,0.0816,0.3928,1.854
1703,1.0099,chips,-0.1176,0.5520,2.356,0,0.450,-0.1255,0.6476,-2.574
1704,1.0134,tetrapak,0.0410,0.4973,1.311,0,0.449,0.0052,0.4989,-1.280
1705,1.0134,chips,0.0902,0.5520,0.381,0,0.449,0.0681,0.4565,2.249
1706,1.0134,can,0.2105,0.3988,2.798,0,0.449,0.1768,0.3836,-1.473
1707,1.0134,can,-0.2434,0.4480,1.498,0,0.449,-0.1919,0.4209,1.691
1708,1.0134,can,-0.0574,0.6285,2.119,1,0.449,-0.0600,0.6297,2.328
1709,1.0134,tetrapak,-0.0027,0.6504,2.324,0,0.449,-0.0275,0.6038,2.044
1710,1.0134,can,0.1066,0.4645,1.963,1,0.449,0.1201,0.4688,2.698
1711,1.0134,chips,-0.1066,0.5738,2.356,0,0.449,-0.0456,0.6540,1.985
1712,1.0171,chips,0.2652,0.3551,2.356,0,0.449,0.2151,0.3789,-1.348
1713,1.0171,chips,0.0137,0.4426,2.356,0,0.449,-0.0165,0.5345,-2.327
1714,1.0171,can,0.1723,0.5137,1.147,0,0.449,0.1436,0.4905,-0.843
1715,1.0171,can,-0.1012,0.5793,1.454,0,0.449,-0.0636,0.5974,-1.025
1716,1.0171,chips,-0.1723,0.3223,2.356,0,0.449,-0.1687,0.4111,-0.105
1717,1.0171,chips,-0.1941,0.5902,2.356,0,0.449,-0.2053,0.6806,-2.541
1718,1.0171,tetrapak,0.0301,0.4152,2.148,0,0.449,0.0392,0.3943,2.188
1719,1.0171,can,0.1723,0.4426,1.963,1,0.449,0.1793,0.4437,-0.287
1720,1.0211,can,-0.0191,0.4973,2.332,0,0.449,0.0219,0.4662,-0.193
1721,1.0211,tetrapak,-0.0738,0.6230,1.963,0,0.449,-0.0420,0.6097,2.077
1722,1.0211,chips,-0.0191,0.5301,2.356,0,0.449,0.0379,0.6026,1.996
1723,1.0211,tetrapak,-0.0848,0.3934,2.913,0,0.449,-0.1203,0.3760,1.533
1724,1.0211,can,0.0301,0.5410,2.805,0,0.449,0.0756,0.5557,1.602
1725,1.0211,can,-0.0465,0.3441,2.233,0,0.449,-0.0406,0.3857,1.706
1726,1.0211,chips,-0.0082,0.3387,0.584,0,0.449,0.0575,0.3880,1.267
1727,1.0211,tetrapak,-0.0410,0.6559,0.109,0,0.449,-0.0564,0.6003,-0.034
1728,1.0258,chips,-0.0027,0.3496,2.356,0,0.449,0.0708,0.2686,0.248
1729,1.0258,tetrapak,-0.1832,0.7434,0.393,1,0.449,-0.1668,0.6922,-2.927
1730,1.0258,can,-0.2270,0.3496,2.562,0,0.449,-0.1933,0.3995,0.665
1731,1.0258,tetrapak,0.1121,0.6777,0.393,1,0.449,0.1135,0.6221,3.026
1732,1.0258,tetrapak,-0.1941,0.5465,0.393,1,0.449,-0.1730,0.4935,0.247
1733,1.0258,chips,-0.2816,0.4480,2.356,0,0.449,-0.1787,0.4473,2.143
1734,1.0258,chips,0.0902,0.3660,0.006,0,0.449,0.0189,0.3207,2.551
1735,1.0258,tetrapak,-0.0082,0.4480,1.963,1,0.449,0.0188,0.4601,-2.471
1736,1.0324,chips,0.1887,0.7871,2.356,0,0.449,0.1424,0.6860,-1.040
1737,1.0324,chips,-0.2324,0.7434,2.356,0,0.449,-0.1411,0.6671,0.283
1738,1.0324,can,0.1449,0.4316,0.904,0,0.449,0.1651,0.3960,-1.112
1739,1.0324,can,0.0465,0.5738,1.963,0,0.449,0.0585,0.5745,-1.507
1740,1.0324,can,-0.1066,0.4535,1.963,1,0.449,-0.0925,0.4607,-2.825
1741,1.0324,chips,0.0574,0.6230,0.771,0,0.449,-0.0017,0.6530,1.995
1742,1.0324,tetrapak,0.1449,0.5902,1.963,0,0.449,0.1603,0.5910,2.645
1743,1.0324,can,-0.2160,0.6121,1.963,1,0.449,-0.1992,0.6170,2.182
1744,1.0362,chips,-0.1559,0.4262,2.356,0,0.448,-0.0460,0.3940,-1.227
1745,1.0362,tetrapak,-0.1066,0.5137,1.963,0,0.448,-0.0737,0.5096,1.227
1746,1.0362,chips,0.0082,0.6395,2.356,0,0.448,0.0782,0.5631,1.224
1747,1.0362,can,0.0246,0.3387,1.739,1,0.448,0.0429,0.3595,0.990
1748,1.0362,can,-0.0902,0.4098,0.849,0,0.448,-0.0676,0.4542,-0.012
1749,1.0362,tetrapak,0.0902,0.4152,2.373,1,0.448,0.1140,0.4389,0.951
1750,1.0362,can,-0.1504,0.3715,1.963,1,0.448,-0.1346,0.3765,2.886
1751,1.0362,tetrapak,-0.1449,0.6285,1.963,1,0.448,-0.0758,0.6209,-1.652
1752,1.0409,chips,-0.2051,0.6340,0.685,0,0.448,-0.1008,0.6878,-1.007
1753,1.0409,can,0.0793,0.4918,0.058,0,0.448,0.0326,0.4773,-2.875
1754,1.0409,tetrapak,0.0027,0.6559,1.963,0,0.448,0.0261,0.6428,-0.960
1755,1.0409,can,-0.0027,0.4754,1.963,0,0.448,0.0126,0.4750,0.996
1756,1.0409,can,-0.1996,0.6504,1.963,0,0.448,-0.1838,0.6449,-0.930
1757,1.0409,can,-0.2051,0.4098,1.963,1,0.448,-0.1898,0.4146,-2.669
1758,1.0409,can,0.1066,0.3934,1.963,0,0.448,0.1178,0.3955,-2.286
1759,1.0409,tetrapak,-0.1395,0.3934,0.393,0,0.448,-0.1329,0.3371,-0.120
1760,1.0448,can,-0.1395,0.5574,1.963,1,0.448,-0.1234,0.5592,-0.860
1761,1.0448,tetrapak,0.1012,0.5246,0.393,1,0.448,0.1084,0.4652,-0.049
1762,1.0448,tetrapak,-0.0082,0.5520,1.963,0,0.448,0.0170,0.5474,2.058
1763,1.0448,chips,-0.0848,0.3387,2.356,0,0.448,-0.0967,0.4368,0.593
1764,1.0448,can,0.1012,0.3496,1.963,1,0.448,0.1136,0.3522,-3.123
1765,1.0448,chips,-0.0574,0.5191,2.356,0,0.448,-0.0961,0.5474,1.619
1766,1.0448,chips,0.1504,0.3770,1.710,0,0.448,0.2767,0.4171,-1.849
1767,1.0448,chips,-0.2051,0.6176,0.308,0,0.448,-0.2133,0.7450,0.525
1768,1.0483,tetrapak,-0.2051,0.3934,1.963,0,0.448,-0.1682,0.3919,2.983
1769,1.0483,can,-0.1504,0.4207,0.405,0,0.448,-0.1445,0.3744,1.967
1770,1.0483,can,-0.0793,0.3496,1.963,1,0.448,-0.0759,0.3511,-0.260
1771,1.0483,can,-0.0574,0.6176,1.963,1,0.448,-0.0508,0.6149,0.106
1772,1.0483,chips,0.0246,0.4152,2.356,0,0.448,0.0926,0.4933,-1.260
1773,1.0483,can,0.0574,0.5191,1.963,1,0.448,0.0651,0.5204,-1.042
1774,1.0483,tetrapak,0.1613,0.6176,1.243,0,0.448,0.1097,0.6067,0.459
1775,1.0483,tetrapak,-0.1066,0.5246,1.074,0,0.448,-0.0617,0.5249,1.635
1776,1.0527,can,-0.1449,0.4590,1.963,1,0.448,-0.1303,0.4665,-1.670
1777,1.0527,tetrapak,-0.2871,0.5465,1.963,0,0.448,-0.2267,0.5172,-2.195
1778,1.0527,can,-0.1996,0.3988,1.963,0,0.448,-0.1941,0.3915,1.112
1779,1.0527,tetrapak,-0.1723,0.3277,1.185,0,0.448,-0.1976,0.3593,-1.645
1780,1.0527,chips,-0.0848,0.5246,2.898,0,0.448,-0.1708,0.4792,1.935
1781,1.0527,tetrapak,-0.2324,0.5848,1.327,0,0.448,-0.1830,0.5373,-1.601
1782,1.0527,tetrapak,0.0191,0.4098,2.288,0,0.448,-0.0143,0.4804,0.325
1783,1.0527,tetrapak,-0.0848,0.5027,1.963,0,0.448,-0.0490,0.5045,-0.651
1784,1.0569,tetrapak,-0.1504,0.4152,0.393,1,0.447,-0.1358,0.3943,0.150
1785,1.0569,tetrapak,0.0684,0.4480,1.963,1,0.447,0.0815,0.4611,1.762
1786,1.0569,tetrapak,-0.0957,0.4043,0.946,1,0.447,-0.0956,0.3923,1.879
1787,1.0569,can,-0.2105,0.5902,1.963,0,0.447,-0.1857,0.5938,2.923
1788,1.0569,chips,0.1941,0.4043,1.410,0,0.447,0.0879,0.3605,-1.562
1789,1.0569,tetrapak,0.1887,0.6449,0.605,0,0.447,0.1486,0.6117,2.947
1790,1.0569,can,0.0465,0.6613,1.885,0,0.447,0.0666,0.6202,-1.025
1791,1.0569,tetrapak,0.0684,0.6996,0.393,1,0.447,0.0764,0.6792,-2.919
1792,1.0629,tetrapak,0.0027,0.4480,0.336,0,0.447,-0.0236,0.4718,2.956
1793,1.0629,tetrapak,0.1121,0.5684,0.393,1,0.447,0.1271,0.5409,0.562
1794,1.0629,tetrapak,-0.0629,0.5902,1.963,0,0.447,-0.0339,0.5814,2.551
1795,1.0629,can,0.1395,0.6504,2.099,0,0.447,0.1578,0.6118,2.533
1796,1.0629,can,-0.0520,0.5137,1.887,0,0.447,-0.0375,0.5024,-1.390
1797,1.0629,chips,0.0793,0.6340,2.356,0,0.447,0.1743,0.5877,-1.474
1798,1.0629,tetrapak,-0.1777,0.6012,0.535,0,0.447,-0.1673,0.6567,3.129
1799,1.0629,chips,0.1340,0.4590,2.356,0,0.447,0.2356,0.4339,-2.221
1800,1.0670,chips,-0.2980,0.4645,1.795,0,0.447,-0.2873,0.5139,-1.133
1801,1.0670,chips,-0.2598,0.7543,2.356,0,0.447,-0.2491,0.6322,-2.465
1802,1.0670,tetrapak,0.1668,0.5465,1.963,1,0.447,0.1780,0.5448,2.280
1803,1.0670,chips,0.1559,0.4262,2.356,0,0.447,0.1464,0.3165,-2.739
1804,1.0670,tetrapak,-0.0191,0.3113,1.755,0,0.447,-0.0347,0.3333,-0.826
1805,1.0670,chips,-0.2324,0.4426,0.260,0,0.447,-0.2804,0.3379,2.269
1806,1.0670,tetrapak,-0.0027,0.6449,1.492,0,0.447,0.0289,0.6092,1.396
1807,1.0670,tetrapak,0.0082,0.6285,2.485,0,0.447,0.0251,0.6067,1.334
1808,1.0703,chips,-0.0902,0.6066,2.356,0,0.447,0.0265,0.5967,-2.105
1809,1.0703,chips,-0.1121,0.5246,2.356,0,0.447,-0.0186,0.5820,2.811
1810,1.0703,chips,-0.1285,0.5301,2.356,0,0.447,-0.0218,0.5004,1.911
1811,1.0703,can,-0.0410,0.5520,1.963,0,0.447,-0.0305,0.5535,3.120
1812,1.0703,can,-0.1066,0.4371,2.044,0,0.447,-0.1431,0.4081,-1.349
1813,1.0703,tetrapak,0.0027,0.5410,1.963,0,0.447,-0.0247,0.4677,-0.412
1814,1.0703,can,0.1285,0.6613,0.604,0,0.447,0.0753,0.6469,-3.046
1815,1.0703,tetrapak,-0.1066,0.3387,1.963,0,0.447,-0.0724,0.3651,-2.174
1816,1.0749,tetrapak,0.1012,0.4699,1.963,1,0.446,0.1157,0.4911,2.288
1817,1.0749,chips,-0.2488,0.7926,1.882,0,0.446,-0.1728,0.7378,0.512
1818,1.0749,can,0.0082,0.3988,0.801,0,0.446,0.0395,0.3795,2.595
1819,1.0749,chips,0.1176,0.6340,1.963,0,0.446,0.1832,0.6099,1.414
1820,1.0749,chips,0.0684,0.4152,0.284,0,0.446,0.0641,0.3745,1.664
1821,1.0749,tetrapak,-0.2543,0.2949,1.963,0,0.446,-0.2108,0.3575,-0.357
1822,1.0749,chips,-0.2160,0.4809,0.393,0,0.446,-0.1870,0.4661,-3.069
1823,1.0749,can,0.0355,0.5902,1.963,1,0.446,0.0474,0.5934,0.323
1824,1.0798,can,0.0082,0.4863,1.963,1,0.446,0.0167,0.4902,1.333
1825,1.0798,chips,-0.1887,0.5355,1.963,0,0.446,-0.1725,0.4796,2.899
1826,1.0798,can,0.0191,0.4699,1.963,1,0.446,0.0287,0.4719,2.969
1827,1.0798,tetrapak,0.1449,0.5355,1.963,1,0.446,0.1606,0.5441,-0.759
1828,1.0798,chips,0.0684,0.4098,2.997,0,0.446,-0.0417,0.4350,-1.774
1829,1.0798,can,-0.1340,0.6449,1.963,0,0.446,-0.1231,0.6450,-2.554
1830,1.0798,tetrapak,0.0793,0.5684,2.172,1,0.446,0.1193,0.6350,2.652
1831,1.0798,chips,-0.0082,0.5410,1.744,0,0.446,-0.0021,0.5114,-0.649
1832,1.0841,tetrapak,-0.1066,0.6449,1.963,0,0.446,-0.0813,0.6443,-2.177
1833,1.0841,chips,-0.2980,0.6449,2.300,0,0.446,-0.1957,0.6344,-2.206
1834,1.0841,chips,-0.0574,0.2949,0.670,0,0.446,-0.1053,0.3554,1.589
1835,1.0841,tetrapak,0.1176,0.5848,2.254,0,0.446,0.1079,0.4895,-2.845
1836,1.0841,can,0.1559,0.3496,1.963,1,0.446,0.1631,0.3524,-1.579
1837,1.0841,chips,0.3363,0.3934,0.393,0,0.446,0.2634,0.4578,-1.836
1838,1.0841,tetrapak,-0.1613,0.4918,1.963,0,0.446,-0.1278,0.5543,2.879
1839,1.0841,tetrapak,0.0574,0.4098,1.963,0,0.446,0.0659,0.3565,0.052
1840,1.0891,tetrapak,0.0902,0.4754,2.982,0,0.446,0.1276,0.4452,1.134
1841,1.0891,tetrapak,-0.0520,0.4699,2.118,0,0.446,-0.0876,0.4954,-1.106
1842,1.0891,chips,0.1668,0.6285,2.954,0,0.446,0.0873,0.6594,2.136
1843,1.0891,chips,-0.1395,0.6613,0.980,0,0.446,-0.1925,0.6750,-2.229
1844,1.0891,chips,-0.0191,0.6559,1.963,0,0.446,0.0402,0.6398,1.661
1845,1.0891,can,-0.1066,0.3660,1.963,0,0.446,-0.0951,0.3721,-0.580
1846,1.0891,can,0.0191,0.4480,1.963,1,0.446,0.0291,0.4508,2.974
1847,1.0891,chips,0.1121,0.8418,0.393,0,0.446,0.1122,0.7291,-0.704
1848,1.0940,chips,0.0137,0.4699,0.377,0,0.446,0.0818,0.4398,2.114
1849,1.0940,can,0.1285,0.5902,1.963,1,0.446,0.1381,0.5950,2.897
1850,1.0940,chips,-0.1613,0.7051,1.963,0,0.446,-0.1189,0.6506,0.174
1851,1.0940,tetrapak,-0.0191,0.5246,1.963,0,0.446,0.0060,0.4811,0.203
1852,1.0940,tetrapak,-0.1941,0.5465,1.963,0,0.446,-0.1270,0.5155,0.837
1853,1.0940,can,0.0738,0.5465,2.859,0,0.446,0.0941,0.4967,-0.166
1854,1.0940,can,-0.1996,0.4480,1.963,1,0.446,-0.1866,0.4545,-2.428
1855,1.0940,chips,-0.1066,0.3332,1.289,0,0.446,-0.1276,0.3616,-1.285
1856,1.0980,tetrapak,-0.1941,0.3496,1.963,0,0.445,-0.1410,0.3837,1.344
1857,1.0980,can,0.1012,0.4973,2.082,0,0.445,0.1124,0.4845,2.567
1858,1.0980,tetrapak,-0.0355,0.4316,1.474,0,0.445,-0.1196,0.4672,-2.052
1859,1.0980,can,-0.0246,0.5137,2.854,0,0.445,-0.0692,0.5281,2.950
1860,1.0980,can,-0.0355,0.4043,1.963,1,0.445,-0.0163,0.4236,-1.864
1861,1.0980,can,-0.1504,0.6340,1.049,0,0.445,-0.1263,0.6158,1.387
1862,1.0980,tetrapak,-0.2051,0.3824,1.963,0,0.445,-0.1524,0.4148,0.802
1863,1.0980,tetrapak,-0.1996,0.3824,1.963,0,0.445,-0.1537,0.4165,2.604
1864,1.1017,chips,0.1559,0.5465,1.963,0,0.445,0.2014,0.5337,-1.417
1865,1.1017,chips,-0.1285,0.5246,1.963,0,0.445,-0.1060,0.5061,-0.952
1866,1.1017,tetrapak,0.0793,0.3168,2.431,0,0.445,0.0299,0.3629,2.565
1867,1.1017,chips,-0.1340,0.3770,1.322,0,0.445,-0.0775,0.4001,-0.205
1868,1.1017,tetrapak,-0.1066,0.6559,1.963,0,0.445,-0.0722,0.6360,1.734
1869,1.1017,chips,-0.0465,0.4863,1.725,0,0.445,-0.0808,0.4791,2.818
1870,1.1017,chips,0.1176,0.3496,0.393,0,0.445,0.1359,0.3601,0.664
1871,1.1017,tetrapak,0.1777,0.4262,1.963,0,0.445,0.2199,0.3816,0.645
1872,1.1059,tetrapak,0.0902,0.4699,1.379,0,0.445,0.1073,0.4935,0.376
1873,1.1059,chips,0.0465,0.4535,2.749,0,0.445,0.0895,0.5102,-1.449
1874,1.1059,can,-0.2105,0.4809,1.963,1,0.445,-0.1963,0.4845,-0.746
1875,1.1059,tetrapak,-0.1504,0.4918,1.963,0,0.445,-0.1113,0.4966,2.453
1876,1.1059,chips,-0.1121,0.4918,1.963,0,0.445,-0.0614,0.4575,1.200
1877,1.1059,tetrapak,0.0410,0.5793,2.455,0,0.445,0.0460,0.5300,-1.647
1878,1.1059,chips,0.0465,0.3770,0.590,0,0.445,-0.0228,0.2877,2.824
1879,1.1059,chips,0.0520,0.4699,1.921,0,0.445,-0.0152,0.5299,1.746
1880,1.1092,chips,-0.0902,0.6723,2.763,0,0.445,-0.1619,0.5721,-1.152
1881,1.1092,chips,0.0355,0.3168,0.340,0,0.445,-0.0271,0.2882,2.611
1882,1.1092,chips,-0.2160,0.6012,0.393,0,0.445,-0.1554,0.6009,1.830
1883,1.1092,can,0.1176,0.3824,1.963,1,0.445,0.1207,0.3875,-1.041
1884,1.1092,can,0.0574,0.4918,1.399,0,0.445,0.0595,0.4492,-0.799
1885,1.1092,can,-0.1230,0.5082,2.012,0,0.445,-0.0822,0.5269,2.168
1886,1.1092,can,-0.1559,0.4043,1.347,0,0.445,-0.1561,0.4335,-0.926
1887,1.1092,tetrapak,0.0738,0.5355,2.858,0,0.445,0.1391,0.4846,-2.602
1888,1.1136,tetrapak,0.1066,0.4207,1.963,1,0.445,0.1204,0.4253,0.297
1889,1.1136,chips,-0.1230,0.8254,1.526,0,0.445,-0.1598,0.7022,-2.971
1890,1.1136,can,0.0301,0.6340,1.963,1,0.445,0.0359,0.6340,0.925
1891,1.1136,tetrapak,-0.1449,0.5137,0.796,0,0.445,-0.1022,0.5501,-0.525
1892,1.1136,chips,0.0902,0.4590,0.393,0,0.445,0.1071,0.4275,-3.112
1893,1.1136,chips,0.1395,0.4426,1.963,0,0.445,0.1357,0.3722,2.814
1894,1.1136,can,0.0738,0.3934,1.963,1,0.445,0.0745,0.4006,-0.616
1895,1.1136,can,-0.0629,0.4480,1.479,0,0.445,-0.0687,0.4934,2.098
1896,1.1183,can,0.0574,0.3879,1.807,0,0.444,0.0723,0.4330,-1.386
1897,1.1183,tetrapak,-0.2707,0.5355,1.963,1,0.444,-0.2583,0.5321,-1.091
1898,1.1183,can,-0.1121,0.3824,1.963,1,0.444,-0.1047,0.3862,2.145
1899,1.1183,can,-0.1230,0.4043,0.350,1,0.444,-0.1088,0.4024,1.766
1900,1.1183,can,-0.1832,0.5137,1.963,0,0.444,-0.1750,0.5176,0.446
1901,1.1183,can,-0.0465,0.4699,2.165,0,0.444,-0.0286,0.4746,-3.026
1902,1.1183,can,-0.1777,0.5246,1.963,1,0.444,-0.1672,0.5261,-2.605
1903,1.1183,can,0.0848,0.4590,1.963,1,0.444,0.0927,0.4606,-3.116
1904,1.1233,tetrapak,-0.0738,0.5848,1.963,0,0.444,-0.0579,0.5377,-3.029
1905,1.1233,tetrapak,0.0137,0.3605,1.963,1,0.444,0.0286,0.3733,1.779
1906,1.1233,tetrapak,-0.2051,0.4918,1.963,0,0.444,-0.1563,0.4970,2.998
1907,1.1233,can,-0.0629,0.4098,1.990,1,0.444,-0.0591,0.4053,1.116
1908,1.1233,chips,-0.0684,0.5191,0.410,0,0.444,-0.0374,0.4598,-2.038
1909,1.1233,chips,0.1121,0.5410,0.468,0,0.444,0.1690,0.4918,-3.098
1910,1.1233,tetrapak,-0.0191,0.6012,1.963,1,0.444,-0.0026,0.6072,-0.592
1911,1.1233,can,-0.0793,0.3605,1.963,1,0.444,-0.0686,0.3688,-2.857
1912,1.1271,can,0.0410,0.5027,1.963,1,0.444,0.0431,0.5087,-1.065
1913,1.1271,can,0.1230,0.6121,2.140,0,0.444,0.1231,0.5730,2.870
1914,1.1271,tetrapak,-0.2488,0.6887,1.963,0,0.444,-0.2131,0.6771,-2.019
1915,1.1271,tetrapak,-0.1613,0.4590,1.725,0,0.444,-0.1706,0.3608,-0.408
1916,1.1271,chips,-0.2434,0.3879,0.950,0,0.444,-0.2312,0.3797,-1.300
1917,1.1271,chips,0.2652,0.5738,1.963,0,0.444,0.2717,0.5876,-1.030
1918,1.1271,can,-0.0848,0.4809,1.963,1,0.444,-0.0789,0.4873,-1.277
1919,1.1271,chips,-0.0574,0.4973,1.963,0,0.444,-0.0806,0.4364,2.324
1920,1.1306,tetrapak,0.2707,0.5246,1.834,0,0.444,0.1968,0.5140,-2.308
1921,1.1306,chips,0.0355,0.4973,1.963,0,0.444,0.0002,0.4325,-1.058
1922,1.1306,can,-0.1504,0.4590,1.963,0,0.444,-0.1371,0.4687,0.849
1923,1.1306,can,0.0137,0.5684,2.085,0,0.444,-0.0011,0.5959,-0.013
1924,1.1306,can,-0.0902,0.4262,1.963,1,0.444,-0.0790,0.4303,-0.026
1925,1.1306,can,-0.0246,0.4207,1.963,1,0.444,-0.0111,0.4293,-1.208
1926,1.1306,can,-0.1121,0.5082,0.927,1,0.444,-0.1203,0.5234,-2.947
1927,1.1306,tetrapak,0.1285,0.4699,1.963,1,0.444,0.1406,0.4782,-2.521
1928,1.1353,tetrapak,0.0848,0.6504,1.963,1,0.443,0.0965,0.6424,2.063
1929,1.1353,tetrapak,0.1723,0.6012,1.963,1,0.443,0.1761,0.6017,-2.418
1930,1.1353,tetrapak,-0.0465,0.3277,1.963,0,0.443,-0.0593,0.2707,-0.354
1931,1.1353,chips,-0.2543,0.6340,1.963,0,0.443,-0.2873,0.6174,-1.758
1932,1.1353,tetrapak,-0.1012,0.6504,1.773,0,0.443,-0.0636,0.6268,1.350
1933,1.1353,can,0.1777,0.4316,0.726,0,0.443,0.1964,0.4389,-3.005
1934,1.1353,chips,0.0410,0.7160,1.963,0,0.443,0.0664,0.6435,-2.354
1935,1.1353,can,0.0301,0.3879,3.098,0,0.443,0.0182,0.4369,-0.246
1936,1.1389,chips,-0.0520,0.5246,0.393,0,0.443,-0.0498,0.5342,0.801
1937,1.1389,chips,0.0137,0.3824,1.963,0,0.443,-0.0196,0.3796,1.409
1938,1.1389,chips,0.1340,0.3168,0.393,0,0.443,0.1452,0.3069,0.833
1939,1.1389,can,-0.2105,0.3605,1.963,1,0.443,-0.1965,0.3681,-0.334
1940,1.1389,can,0.0684,0.5137,1.963,1,0.443,0.0770,0.5226,1.143
1941,1.1389,can,0.0301,0.3387,0.313,0,0.443,0.0653,0.3817,-1.711
1942,1.1389,tetrapak,0.0574,0.4426,2.454,0,0.443,0.0858,0.5120,2.904
1943,1.1389,tetrapak,0.0410,0.6012,1.963,0,0.443,0.0217,0.6201,-2.377
1944,1.1435,chips,0.1121,0.3988,1.464,0,0.443,0.0586,0.4185,0.389
1945,1.1435,tetrapak,-0.0574,0.6230,1.963,0,0.443,-0.0919,0.6743,-2.156
1946,1.1435,chips,-0.0410,0.6941,1.963,0,0.443,-0.0328,0.6009,-0.520
1947,1.1435,tetrapak,-0.0902,0.4043,0.197,0,0.443,-0.0565,0.4067,1.303
1948,1.1435,chips,0.2652,0.3277,1.963,0,0.443,0.2906,0.3655,1.565
1949,1.1435,chips,0.0082,0.4645,1.963,0,0.443,-0.0032,0.4728,1.772
1950,1.1435,tetrapak,0.0684,0.3277,1.410,0,0.443,0.1128,0.2722,0.264
1951,1.1435,tetrapak,-0.1832,0.5082,2.993,0,0.443,-0.1557,0.5339,-2.054
1952,1.1476,tetrapak,-0.2215,0.6559,1.963,0,0.443,-0.1766,0.6248,2.999
1953,1.1476,tetrapak,-0.2105,0.5465,1.963,0,0.443,-0.1681,0.5370,-1.385
1954,1.1476,chips,-0.1066,0.4973,0.393,0,0.443,-0.0945,0.5303,2.597
1955,1.1476,chips,-0.1723,0.4809,0.393,0,0.443,-0.1736,0.4638,3.039
1956,1.1476,can,-0.2160,0.4645,0.339,0,0.443,-0.1730,0.5016,-1.186
1957,1.1476,can,-0.1285,0.5738,2.225,0,0.443,-0.1335,0.5667,-0.995
1958,1.1476,can,0.1449,0.4098,0.148,0,0.443,0.1229,0.3907,2.471
1959,1.1476,tetrapak,-0.0902,0.4043,1.963,0,0.443,-0.0605,0.4288,-0.839
1960,1.1516,tetrapak,-0.1832,0.3059,0.393,1,0.443,-0.1735,0.2851,0.081
1961,1.1516,can,-0.0848,0.4262,1.963,0,0.443,-0.0679,0.4424,0.219
1962,1.1516,chips,-0.0301,0.3059,0.393,0,0.443,-0.0003,0.2639,0.464
1963,1.1516,chips,-0.1176,0.6340,1.273,0,0.443,-0.0728,0.7241,-0.137
1964,1.1516,chips,0.0027,0.7434,0.393,0,0.443,0.0202,0.7106,-2.778
1965,1.1516,can,-0.0520,0.3605,3.004,0,0.443,-0.0595,0.3997,-1.896
1966,1.1516,tetrapak,-0.0191,0.4371,1.963,1,0.443,0.0476,0.4865,2.183
1967,1.1516,chips,-0.0465,0.5246,0.393,0,0.443,-0.0270,0.4704,-0.100
1968,1.1557,chips,0.0410,0.3770,2.210,0,0.442,0.0856,0.2842,0.869
1969,1.1557,tetrapak,-0.1777,0.5027,1.963,0,0.442,-0.1344,0.5180,-0.185
1970,1.1557,can,-0.0465,0.5684,1.963,1,0.442,-0.0326,0.5742,-1.889
1971,1.1557,tetrapak,-0.1832,0.5355,1.963,0,0.442,-0.1354,0.5399,3.109
1972,1.1557,can,-0.0738,0.6121,1.963,1,0.442,-0.0557,0.6167,-0.018
1973,1.1557,can,-0.0410,0.4152,1.122,0,0.442,-0.0470,0.3784,2.338
1974,1.1557,can,-0.1449,0.5684,1.963,1,0.442,-0.1254,0.5735,-0.987
1975,1.1557,chips,0.0246,0.3551,0.393,0,0.442,0.0193,0.3693,-3.058
1976,1.1593,chips,-0.1449,0.4098,1.901,0,0.442,-0.1499,0.4619,-0.391
1977,1.1593,tetrapak,-0.2270,0.6230,1.963,0,0.442,-0.2481,0.6665,-2.321
1978,1.1593,tetrapak,-0.0574,0.5410,0.672,0,0.442,-0.0082,0.4768,-2.292
1979,1.1593,can,-0.1941,0.3496,1.963,0,0.442,-0.1701,0.3594,1.765
1980,1.1593,chips,0.2215,0.5520,2.476,0,0.442,0.2029,0.6706,-0.291
1981,1.1593,chips,0.2324,0.3605,0.393,0,0.442,0.2266,0.3695,-2.660
1982,1.1593,can,0.1340,0.3824,1.963,1,0.442,0.1468,0.3903,-0.759
1983,1.1593,can,-0.0574,0.5082,1.691,0,0.442,-0.0072,0.4847,-3.108
1984,1.1644,chips,-0.0629,0.6668,0.393,0,0.442,-0.0620,0.6673,0.361
1985,1.1644,can,-0.1941,0.5137,0.140,0,0.442,-0.1669,0.4954,-0.351
1986,1.1644,tetrapak,0.1832,0.3605,3.020,0,0.442,0.1100,0.3502,-1.220
1987,1.1644,tetrapak,-0.1340,0.4098,1.963,0,0.442,-0.0896,0.3517,0.402
1988,1.1644,chips,-0.2105,0.5520,1.651,0,0.442,-0.1707,0.5337,-2.998
1989,1.1644,can,0.0191,0.4699,1.963,1,0.442,0.0335,0.4803,-0.342
1990,1.1644,can,0.0629,0.6449,1.963,1,0.442,0.0815,0.6468,0.634
1991,1.1644,tetrapak,-0.1832,0.5684,0.902,0,0.442,-0.1636,0.4741,0.008
1992,1.1693,chips,-0.2105,0.5793,1.976,0,0.442,-0.1176,0.5861,1.181
1993,1.1693,chips,-0.0848,0.4043,0.393,0,0.442,-0.0863,0.4194,1.045
1994,1.1693,can,0.1285,0.4590,1.963,1,0.442,0.1415,0.4660,2.011
1995,1.1693,chips,0.2160,0.4316,0.038,0,0.442,0.2412,0.5545,2.531
1996,1.1693,tetrapak,-0.0684,0.5355,1.963,0,0.442,-0.0389,0.5482,-2.475
1997,1.1693,can,-0.1668,0.5465,1.963,0,0.442,-0.1442,0.5512,3.017
1998,1.1693,can,0.1012,0.5027,2.218,1,0.442,0.0833,0.4908,-1.686
1999,1.1693,can,-0.1996,0.4262,1.963,0,0.442,-0.1821,0.4388,-2.951
2000,1.1733,chips,-0.2762,0.4973,2.356,0,0.442,-0.2329,0.5020,-1.188
2001,1.1733,tetrapak,0.1340,0.3605,1.963,0,0.442,0.1133,0.3096,-0.284
2002,1.1733,can,0.0027,0.3715,1.963,0,0.442,0.0203,0.3767,2.468
2003,1.1733,chips,-0.2488,0.3879,2.356,0,0.442,-0.1875,0.4578,1.934
2004,1.1733,chips,0.0465,0.6230,0.907,0,0.442,-0.0104,0.6180,-0.366
2005,1.1733,tetrapak,0.0738,0.4426,0.294,0,0.442,0.0604,0.4023,1.724
2006,1.1733,tetrapak,-0.0301,0.3113,1.963,0,0.442,-0.0015,0.3831,-0.388
2007,1.1733,chips,-0.0410,0.3770,1.963,0,0.442,-0.0490,0.3904,1.300
2008,1.1784,tetrapak,0.0957,0.5410,1.963,1,0.441,0.1143,0.5511,3.109
2009,1.1784,chips,-0.1504,0.5246,0.393,0,0.441,-0.1369,0.5007,-2.560
2010,1.1784,chips,-0.0738,0.3113,1.916,0,0.441,-0.1080,0.3693,-0.490
2011,1.1784,can,-0.1395,0.3605,1.963,0,0.441,-0.1234,0.3769,-1.447
2012,1.1784,chips,0.0301,0.6395,1.963,0,0.441,0.0317,0.5402,-0.579
2013,1.1784,chips,-0.2160,0.3387,0.073,0,0.441,-0.1758,0.3655,0.181
2014,1.1784,can,-0.1340,0.4699,1.963,0,0.441,-0.1156,0.4763,0.362
2015,1.1784,can,0.0246,0.4371,1.963,1,0.441,0.0426,0.4453,1.640
2016,1.1825,chips,-0.1668,0.6996,2.356,0,0.441,-0.0608,0.7366,-0.593
2017,1.1825,tetrapak,-0.0848,0.5902,0.393,1,0.441,-0.0658,0.5573,-2.369
2018,1.1825,tetrapak,0.0629,0.3605,1.963,0,0.441,0.0755,0.3866,-0.823
2019,1.1825,chips,-0.1723,0.6559,0.393,0,0.441,-0.1795,0.6659,0.675
2020,1.1825,can,0.1613,0.3824,1.963,1,0.441,0.1688,0.3926,-0.888
2021,1.1825,chips,-0.0848,0.5246,0.393,0,0.441,-0.0786,0.5075,0.202
2022,1.1825,chips,0.2324,0.5684,2.356,0,0.441,0.1794,0.4795,2.059
2023,1.1825,tetrapak,0.0191,0.3715,1.265,0,0.441,0.0571,0.4093,-2.828
2024,1.1875,chips,-0.0191,0.3770,0.393,0,0.441,-0.0208,0.3817,-0.042
2025,1.1875,can,0.2160,0.3715,0.887,0,0.441,0.1934,0.4228,-1.321
2026,1.1875,tetrapak,-0.1613,0.5465,1.963,0,0.441,-0.1222,0.5527,2.454
2027,1.1875,tetrapak,-0.0027,0.6230,1.024,0,0.441,0.0286,0.5802,-2.795
2028,1.1875,tetrapak,0.0902,0.4590,1.402,0,0.441,0.0358,0.4754,3.108
2029,1.1875,chips,0.1066,0.4262,1.973,0,0.441,0.0187,0.4172,1.336
2030,1.1875,tetrapak,-0.0082,0.5465,1.963,1,0.441,-0.0372,0.5391,-1.282
2031,1.1875,tetrapak,0.1395,0.7215,2.456,0,0.441,0.1041,0.6228,2.831
2032,1.1921,can,-0.0957,0.4699,1.963,0,0.441,-0.0789,0.4869,-0.311
2033,1.1921,chips,-0.1504,0.3441,0.694,0,0.441,-0.1055,0.3084,0.137
2034,1.1921,tetrapak,-0.0301,0.5738,0.713,0,0.441,0.0389,0.5162,0.689
2035,1.1921,chips,-0.0027,0.5301,0.674,0,0.441,0.0611,0.5146,0.339
2036,1.1921,can,-0.2270,0.3496,1.963,0,0.441,-0.1998,0.3626,0.993
2037,1.1921,chips,0.2543,0.6395,1.466,0,0.441,0.2201,0.5972,2.308
2038,1.1921,chips,-0.1504,0.6449,1.963,0,0.441,-0.1280,0.7406,-0.419
2039,1.1921,tetrapak,0.1012,0.4480,1.963,1,0.441,0.1257,0.4598,0.738
2040,1.1971,tetrapak,0.0301,0.4918,2.593,1,0.440,0.0259,0.4671,-2.638
2041,1.1971,chips,0.0246,0.3441,1.963,0,0.440,0.0683,0.4487,2.140
2042,1.1971,tetrapak,-0.0027,0.3715,2.667,1,0.440,-0.0122,0.3899,-2.632
2043,1.1971,can,0.1777,0.3934,1.963,1,0.440,0.1906,0.4054,1.403
2044,1.1971,chips,-0.2324,0.5246,2.356,0,0.440,-0.1267,0.5476,-0.687
2045,1.1971,tetrapak,0.1777,0.5574,1.963,1,0.440,0.1930,0.5616,-1.463
2046,1.1971,can,-0.1832,0.5465,1.963,1,0.440,-0.1672,0.5534,2.507
2047,1.1971,chips,-0.0957,0.2949,2.356,0,0.440,-0.0097,0.2793,2.341
2048,1.2032,chips,0.0902,0.4262,1.963,0,0.440,0.1186,0.5261,-0.821
2049,1.2032,chips,0.1121,0.6012,1.963,0,0.440,0.1150,0.6997,-2.714
2050,1.2032,can,0.0629,0.5738,0.613,0,0.440,0.0567,0.6165,2.724
2051,1.2032,chips,0.0355,0.3387,1.963,0,0.440,0.0845,0.4332,-0.986
2052,1.2032,chips,-0.1395,0.3934,1.963,0,0.440,-0.1153,0.4946,-0.655
2053,1.2032,tetrapak,-0.1395,0.6176,0.682,0,0.440,-0.0876,0.5839,2.562
2054,1.2032,tetrapak,-0.1723,0.6230,1.963,0,0.440,-0.1275,0.6148,-0.493
2055,1.2032,chips,0.0465,0.4480,2.928,0,0.440,0.0357,0.4852,2.478
2056,1.2076,can,-0.0137,0.3934,1.963,1,0.440,0.0068,0.3992,1.326
2057,1.2076,chips,-0.2051,0.4371,3.003,0,0.440,-0.1544,0.4566,-0.076
2058,1.2076,chips,-0.0410,0.4426,1.963,0,0.440,0.0025,0.5179,-1.223
2059,1.2076,tetrapak,0.0027,0.6449,1.963,0,0.440,-0.0301,0.6852,-2.229
2060,1.2076,tetrapak,0.1668,0.5027,1.963,1,0.440,0.1795,0.5064,-1.624
2061,1.2076,can,-0.2051,0.3496,1.963,0,0.440,-0.1863,0.3638,-2.628
2062,1.2076,chips,0.1832,0.4426,1.055,0,0.440,0.1353,0.4254,-3.055
2063,1.2076,can,-0.0793,0.5848,0.552,0,0.440,-0.0607,0.5649,-0.324
2064,1.2126,can,-0.0355,0.4645,0.558,0,0.440,-0.0158,0.4350,-1.342
2065,1.2126,chips,0.1012,0.6230,0.393,0,0.440,0.0821,0.6439,1.093
2066,1.2126,can,0.1340,0.5465,1.963,1,0.440,0.1411,0.5536,-2.010
2067,1.2126,can,0.1504,0.4043,0.824,0,0.440,0.1314,0.4238,0.234
2068,1.2126,chips,-0.0246,0.4535,2.356,0,0.440,0.0203,0.5263,2.247
2069,1.2126,chips,0.1340,0.4207,2.356,0,0.440,0.0833,0.4983,-3.082
2070,1.2126,tetrapak,0.1559,0.6723,2.912,0,0.440,0.1473,0.7192,2.978
2071,1.2126,tetrapak,0.0410,0.6668,3.090,1,0.440,0.0215,0.6824,-2.664
2072,1.2175,tetrapak,0.0738,0.6449,1.963,1,0.439,0.1373,0.6582,1.809
2073,1.2175,can,0.0793,0.4863,0.764,0,0.439,0.0659,0.4595,-1.171
2074,1.2175,tetrapak,0.1449,0.4262,2.022,0,0.439,0.1185,0.4809,-2.241
2075,1.2175,chips,0.0465,0.4262,0.393,0,0.439,0.0228,0.4600,0.921
2076,1.2175,tetrapak,0.1723,0.3660,1.963,0,0.439,0.1531,0.4553,-2.945
2077,1.2175,chips,-0.1613,0.4754,0.393,0,0.439,-0.1602,0.4884,-2.613
2078,1.2175,tetrapak,-0.0191,0.6121,1.814,0,0.439,-0.0483,0.6185,2.281
2079,1.2175,chips,0.3145,0.6832,1.600,0,0.439,0.2134,0.6323,2.659
2080,1.2219,tetrapak,-0.1777,0.6066,1.447,1,0.439,-0.1889,0.6125,2.385
2081,1.2219,chips,-0.0738,0.4754,0.393,0,0.439,-0.0739,0.4801,-2.599
2082,1.2219,chips,0.2707,0.3770,2.356,0,0.439,0.2107,0.3970,1.825
2083,1.2219,tetrapak,0.0301,0.3715,1.963,1,0.439,0.1053,0.3738,1.536
2084,1.2219,tetrapak,-0.1559,0.6230,1.904,1,0.439,-0.1496,0.6341,1.469
2085,1.2219,chips,0.1723,0.4863,0.472,0,0.439,0.2820,0.5077,-1.589
2086,1.2219,tetrapak,-0.1941,0.3988,1.900,1,0.439,-0.1944,0.3920,0.913
2087,1.2219,can,-0.2051,0.3988,0.697,0,0.439,-0.1767,0.3626,1.994
2088,1.2266,can,-0.1176,0.4535,1.963,1,0.439,-0.1080,0.4557,0.217
2089,1.2266,chips,0.0465,0.4043,0.393,0,0.439,0.0311,0.4294,0.860
2090,1.2266,can,-0.0191,0.6285,1.963,0,0.439,-0.0133,0.6282,-1.575
2091,1.2266,chips,-0.2270,0.4316,2.356,0,0.439,-0.2861,0.3542,-1.188
2092,1.2266,can,-0.1777,0.6340,1.963,0,0.439,-0.1674,0.6360,-1.694
2093,1.2266,chips,-0.2270,0.4590,2.047,0,0.439,-0.1848,0.3390,-0.163
2094,1.2266,tetrapak,-0.2160,0.3441,1.963,0,0.439,-0.1731,0.3644,0.224
2095,1.2266,chips,-0.0684,0.4480,2.356,0,0.439,-0.0251,0.5296,2.274
2096,1.2302,can,0.1285,0.4480,0.066,0,0.439,0.1779,0.4611,-1.896
2097,1.2302,can,-0.0027,0.4043,1.963,1,0.439,0.0167,0.4121,-2.357
2098,1.2302,tetrapak,-0.1887,0.4973,1.969,0,0.439,-0.1409,0.4886,1.944
2099,1.2302,chips,0.1887,0.5410,2.356,0,0.439,0.1803,0.5641,1.888
2100,1.2302,tetrapak,0.0465,0.4590,1.963,1,0.439,0.0690,0.4686,0.769
2101,1.2302,chips,0.0684,0.5738,1.963,0,0.439,0.0735,0.6764,-0.488
2102,1.2302,chips,0.1395,0.4426,1.071,0,0.439,0.0820,0.4249,-1.001
2103,1.2302,chips,0.1121,0.5191,2.558,0,0.439,0.1806,0.5077,-0.403
2104,1.2337,tetrapak,-0.0137,0.5355,0.173,0,0.438,-0.0067,0.5150,-0.381
2105,1.2337,tetrapak,-0.1723,0.4207,3.133,0,0.438,-0.2460,0.3784,-0.685
2106,1.2337,tetrapak,0.0027,0.6230,1.963,0,0.438,-0.0122,0.7044,-3.008
2107,1.2337,can,0.1449,0.5574,1.963,1,0.438,0.1558,0.5667,-0.404
2108,1.2337,chips,0.0902,0.7652,0.758,0,0.438,0.1094,0.6768,0.305
2109,1.2337,can,0.0082,0.5301,1.963,1,0.438,0.0242,0.5358,-0.930
2110,1.2337,tetrapak,0.1887,0.5574,1.676,0,0.438,0.1130,0.5204,-0.586
2111,1.2337,tetrapak,0.0629,0.3277,1.963,0,0.438,0.0836,0.3529,1.497
2112,1.2385,chips,-0.0793,0.6395,2.356,0,0.438,0.0236,0.6409,2.292
2113,1.2385,tetrapak,0.0027,0.6230,0.393,1,0.438,0.0068,0.5851,-3.048
2114,1.2385,chips,-0.1559,0.6176,2.356,0,0.438,-0.0977,0.6961,3.133
2115,1.2385,can,-0.0355,0.5574,1.963,0,0.438,-0.0140,0.5636,2.553
2116,1.2385,can,0.0629,0.3332,0.511,0,0.438,0.0612,0.3896,-2.014
2117,1.2385,can,0.1066,0.3824,1.963,0,0.438,0.1248,0.3918,1.860
2118,1.2385,can,0.0301,0.6340,1.299,0,0.438,-0.0043,0.6240,2.670
2119,1.2385,tetrapak,0.0902,0.5410,1.963,0,0.438,0.1513,0.4804,0.726
2120,1.2425,chips,0.1449,0.4863,1.115,0,0.438,0.1598,0.3860,0.212
2121,1.2425,chips,0.0082,0.6559,1.552,0,0.438,-0.0579,0.5639,-1.271
2122,1.2425,can,-0.1887,0.5137,1.963,0,0.438,-0.1718,0.5252,2.688
2123,1.2425,chips,0.2215,0.2949,1.472,0,0.438,0.1430,0.3038,-2.396
2124,1.2425,tetrapak,0.0027,0.3551,1.381,0,0.438,0.0175,0.3962,1.396
2125,1.2425,tetrapak,0.0027,0.4371,1.963,0,0.438,0.0292,0.4524,-2.131
2126,1.2425,tetrapak,0.0957,0.5738,0.082,0,0.438,0.0918,0.6022,1.625
2127,1.2425,tetrapak,-0.1395,0.4645,0.705,0,0.438,-0.1439,0.4800,-0.597
2128,1.2473,can,0.0629,0.4316,1.963,0,0.438,0.0741,0.4387,0.643
2129,1.2473,chips,-0.2816,0.4863,2.253,0,0.438,-0.1738,0.5263,-1.656
2130,1.2473,can,-0.1395,0.3660,1.631,1,0.438,-0.1364,0.3928,-2.384
2131,1.2473,can,-0.0684,0.3824,1.963,0,0.438,-0.0626,0.3943,-0.141
2132,1.2473,chips,-0.1121,0.6613,1.134,0,0.438,-0.1434,0.5819,-2.715
2133,1.2473,can,-0.1121,0.3387,1.963,1,0.438,-0.0973,0.3501,2.469
2134,1.2473,tetrapak,0.0848,0.4262,1.963,0,0.438,0.0431,0.4656,-2.027
2135,1.2473,can,-0.1340,0.4918,1.436,0,0.438,-0.0969,0.4688,-1.162
2136,1.2513,tetrapak,-0.1559,0.3715,2.421,0,0.438,-0.0919,0.3583,-1.350
2137,1.2513,can,0.0465,0.5738,0.421,0,0.438,0.0537,0.6197,-0.182
2138,1.2513,can,0.0410,0.3770,2.491,0,0.438,0.0791,0.4082,0.565
2139,1.2513,chips,-0.2051,0.5684,0.393,0,0.438,-0.1379,0.5528,-1.174
2140,1.2513,tetrapak,0.0410,0.4645,2.058,0,0.438,-0.0207,0.4901,1.094
2141,1.2513,can,0.1723,0.3934,1.963,1,0.438,0.1812,0.4049,-2.648
2142,1.2513,tetrapak,-0.0027,0.6230,1.963,1,0.438,0.0131,0.6207,0.158
2143,1.2513,tetrapak,0.1121,0.7105,1.963,0,0.438,0.0893,0.6536,2.600
2144,1.2565,chips,0.1777,0.3879,1.354,0,0.437,0.1785,0.2574,0.446
2145,1.2565,tetrapak,0.0902,0.4480,0.393,1,0.437,0.1014,0.3976,0.211
2146,1.2565,can,0.0355,0.4262,1.963,1,0.437,0.0466,0.4344,0.251
2147,1.2565,tetrapak,-0.0738,0.5574,1.963,0,0.437,-0.0484,0.5620,2.341
2148,1.2565,chips,-0.0301,0.3715,0.393,0,0.437,0.0381,0.3172,-1.875
2149,1.2565,can,0.1066,0.3879,0.340,1,0.437,0.1364,0.3772,-0.071
2150,1.2565,tetrapak,0.0355,0.4754,1.963,1,0.437,0.0536,0.4789,-2.285
2151,1.2565,chips,0.2652,0.5246,1.963,0,0.437,0.2275,0.4331,-0.999
2152,1.2600,tetrapak,0.0027,0.5355,1.963,0,0.437,0.0221,0.5383,-1.898
2153,1.2600,chips,0.1723,0.5246,0.393,0,0.437,0.2233,0.4608,1.044
2154,1.2600,can,-0.1613,0.3168,1.875,0,0.437,-0.1752,0.3555,2.379
2155,1.2600,can,-0.0793,0.4262,1.963,1,0.437,-0.0684,0.4305,-1.436
2156,1.2600,chips,-0.0465,0.4043,0.393,0,0.437,-0.0219,0.3272,-2.831
2157,1.2600,can,-0.1066,0.5793,2.315,0,0.437,-0.0876,0.5693,-1.955
2158,1.2600,can,0.0082,0.4863,2.204,0,0.437,0.0348,0.5154,-0.885
2159,1.2600,tetrapak,0.0410,0.6066,0.925,0,0.437,-0.0153,0.5502,-1.161
2160,1.2642,tetrapak,-0.1176,0.4480,1.963,0,0.437,-0.0815,0.4605,-0.289
2161,1.2642,tetrapak,0.1777,0.3605,1.963,0,0.437,0.1964,0.3747,-0.318
2162,1.2642,tetrapak,0.0902,0.5902,0.393,0,0.437,0.0790,0.5392,2.613
2163,1.2642,can,0.1723,0.5793,2.543,0,0.437,0.1924,0.5750,1.615
2164,1.2642,can,0.0082,0.4371,1.963,0,0.437,0.0256,0.4403,2.584
2165,1.2642,chips,0.0793,0.5355,0.393,0,0.437,0.1427,0.5027,1.854
2166,1.2642,can,0.1832,0.4535,2.136,1,0.437,0.1770,0.4083,-2.293
2167,1.2642,chips,0.2215,0.5355,0.290,0,0.437,0.1514,0.6278,-3.042
2168,1.2699,tetrapak,0.0629,0.4809,1.963,0,0.437,0.0809,0.4920,1.208
2169,1.2699,chips,0.0137,0.3113,0.000,0,0.437,0.0378,0.3754,-0.740
2170,1.2699,chips,0.1504,0.6121,0.393,0,0.437,0.1830,0.5413,0.641
2171,1.2699,can,0.0027,0.3496,0.614,0,0.437,-0.0239,0.3558,-1.929
2172,1.2699,can,0.1941,0.6504,0.472,1,0.437,0.1949,0.6049,1.376
2173,1.2699,chips,0.0902,0.5902,0.393,0,0.437,0.1011,0.5746,0.238
2174,1.2699,chips,0.1449,0.5574,0.393,0,0.437,0.1660,0.4753,-0.210
2175,1.2699,can,0.0738,0.4371,1.963,0,0.437,0.0856,0.4463,-0.031
2176,1.2739,can,-0.1449,0.5082,1.963,0,0.436,-0.1247,0.5149,-0.420
2177,1.2739,chips,0.2324,0.4699,0.393,0,0.436,0.2678,0.4047,0.766
2178,1.2739,tetrapak,-0.2488,0.6012,1.963,0,0.436,-0.1916,0.5967,2.472
2179,1.2739,chips,0.2324,0.5027,0.060,0,0.436,0.1077,0.5303,-2.187
2180,1.2739,tetrapak,0.1285,0.5082,3.115,0,0.436,0.1468,0.5614,1.984
2181,1.2739,chips,0.0301,0.5191,1.018,0,0.436,0.0038,0.4129,2.346
2182,1.2739,tetrapak,-0.0738,0.4371,1.963,0,0.436,-0.0427,0.4593,-0.658
2183,1.2739,tetrapak,0.1230,0.3113,0.671,0,0.436,0.0841,0.3873,0.023
2184,1.2786,can,-0.1887,0.5191,1.682,0,0.436,-0.1526,0.5507,1.962
2185,1.2786,tetrapak,-0.0465,0.5465,0.393,0,0.436,-0.0498,0.5057,-0.741
2186,1.2786,chips,0.1723,0.3551,2.116,0,0.436,0.2377,0.3964,-2.070
2187,1.2786,can,0.1340,0.5191,0.960,0,0.436,0.1348,0.4754,2.034
2188,1.2786,tetrapak,-0.1340,0.6012,0.158,0,0.436,-0.1063,0.6895,2.763
2189,1.2786,tetrapak,-0.2051,0.5027,1.963,0,0.436,-0.1536,0.5157,1.816
2190,1.2786,tetrapak,-0.0465,0.5465,0.393,0,0.436,-0.0541,0.4924,-0.535
2191,1.2786,tetrapak,0.0355,0.6230,0.284,0,0.436,0.0297,0.6621,2.272
2192,1.2826,tetrapak,0.1285,0.4371,1.963,1,0.436,0.1472,0.4561,1.927
2193,1.2826,chips,-0.1449,0.7434,0.393,0,0.436,-0.1289,0.6677,0.172
2194,1.2826,chips,0.0246,0.5902,0.393,0,0.436,-0.0024,0.5126,2.217
2195,1.2826,can,0.0629,0.4480,1.963,1,0.436,0.0793,0.4563,2.906
2196,1.2826,can,-0.1777,0.4699,1.963,1,0.436,-0.1599,0.4848,2.899
2197,1.2826,can,0.1832,0.3605,1.963,0,0.436,0.1970,0.3765,-1.203
2198,1.2826,tetrapak,-0.0410,0.5246,0.393,1,0.436,-0.0218,0.4800,-2.781
2199,1.2826,chips,-0.1887,0.4973,2.356,0,0.436,-0.2381,0.4228,-1.166
2200,1.2863,can,0.1066,0.5793,1.223,0,0.436,0.1398,0.5963,-1.297
2201,1.2863,tetrapak,0.1504,0.3660,0.754,0,0.436,0.1488,0.3196,0.398
2202,1.2863,tetrapak,-0.0738,0.4863,0.435,0,0.436,-0.0641,0.5087,2.659
2203,1.2863,tetrapak,0.0082,0.4098,2.942,0,0.436,0.0333,0.3819,0.304
2204,1.2863,can,-0.0520,0.5793,1.963,1,0.436,-0.0475,0.5869,0.672
2205,1.2863,can,-0.0465,0.4590,1.963,1,0.436,-0.0400,0.4764,-2.195
2206,1.2863,tetrapak,0.1340,0.3824,1.416,0,0.436,0.1001,0.2979,0.002
2207,1.2863,tetrapak,0.1395,0.4590,2.948,0,0.436,0.0753,0.5532,-2.743
2208,1.2902,chips,-0.1559,0.6230,0.393,0,0.436,-0.1337,0.5483,-2.988
2209,1.2902,chips,0.2105,0.3496,1.190,0,0.436,0.2124,0.3446,-2.110
2210,1.2902,tetrapak,0.1996,0.3059,1.007,0,0.436,0.1865,0.3698,-2.210
2211,1.2902,can,0.1723,0.6230,1.963,0,0.436,0.1867,0.6351,-2.363
2212,1.2902,can,-0.1832,0.5082,0.481,0,0.436,-0.1589,0.5326,-1.034
2213,1.2902,chips,0.1504,0.5465,0.393,0,0.436,0.1900,0.4746,-2.330
2214,1.2902,can,0.1668,0.3824,1.963,1,0.436,0.1808,0.3885,-0.389
2215,1.2902,chips,-0.1777,0.7105,0.393,0,0.436,-0.1611,0.6418,-2.836
2216,1.2951,tetrapak,-0.1559,0.5465,1.963,1,0.435,-0.0796,0.5447,-1.739
2217,1.2951,can,0.1777,0.5027,1.963,0,0.435,0.1892,0.5156,-0.857
2218,1.2951,tetrapak,0.1012,0.5410,0.468,1,0.435,0.0934,0.5120,-1.825
2219,1.2951,tetrapak,0.0027,0.3824,0.130,0,0.435,-0.0520,0.3226,-0.295
2220,1.2951,can,0.1230,0.4262,1.963,1,0.435,0.1358,0.4371,-2.223
2221,1.2951,can,0.0738,0.6340,1.963,1,0.435,0.0929,0.6385,-3.010
2222,1.2951,tetrapak,-0.0957,0.4809,1.844,0,0.435,-0.0616,0.4982,2.461
2223,1.2951,chips,-0.0082,0.6066,1.963,0,0.435,-0.0407,0.5137,-2.907
2224,1.2996,chips,0.1230,0.4480,0.393,0,0.435,0.1334,0.3633,-0.334
2225,1.2996,tetrapak,-0.0191,0.5738,2.732,0,0.435,0.0093,0.5210,2.927
2226,1.2996,tetrapak,0.1176,0.3605,3.017,0,0.435,0.1448,0.3883,1.135
2227,1.2996,can,-0.0301,0.5355,1.963,0,0.435,-0.0184,0.5360,1.462
2228,1.2996,tetrapak,0.0574,0.3441,0.016,0,0.435,0.0164,0.2883,-0.028
2229,1.2996,chips,-0.1887,0.5246,0.393,0,0.435,-0.1679,0.4431,-0.183
2230,1.2996,chips,-0.0355,0.4371,1.732,0,0.435,0.0539,0.4593,-2.110
2231,1.2996,can,0.0738,0.5793,1.963,1,0.435,0.0834,0.5813,2.283
2232,1.3040,tetrapak,0.1395,0.3715,1.963,1,0.435,0.2005,0.3921,1.722
2233,1.3040,tetrapak,0.1777,0.6012,1.867,0,0.435,0.0851,0.6163,1.702
2234,1.3040,can,-0.1176,0.5684,1.963,1,0.435,-0.1037,0.5778,-0.906
2235,1.3040,chips,-0.1449,0.3441,1.949,0,0.435,-0.1029,0.3129,-0.332
2236,1.3040,tetrapak,0.0410,0.4043,1.963,0,0.435,0.0525,0.4304,-0.782
2237,1.3040,chips,-0.1012,0.5793,2.759,0,0.435,-0.1683,0.6293,-3.060
2238,1.3040,can,0.0027,0.5246,2.219,0,0.435,-0.0267,0.5223,0.669
2239,1.3040,tetrapak,-0.1340,0.4699,2.248,1,0.435,-0.1296,0.4667,-0.011
2240,1.3089,chips,-0.0027,0.6285,1.619,0,0.435,-0.0185,0.5921,2.031
2241,1.3089,tetrapak,-0.1996,0.4043,0.322,0,0.435,-0.1801,0.4378,0.201
2242,1.3089,tetrapak,-0.1340,0.3934,1.963,0,0.435,-0.1024,0.4118,-2.002
2243,1.3089,tetrapak,0.1613,0.6285,2.760,0,0.435,0.2648,0.6110,1.786
2244,1.3089,tetrapak,0.0465,0.4754,1.963,1,0.435,0.1110,0.4913,1.766
2245,1.3089,can,-0.1613,0.6449,1.963,1,0.435,-0.1465,0.6415,-0.274
2246,1.3089,chips,-0.1777,0.7105,0.468,0,0.435,-0.2028,0.6117,-2.546
2247,1.3089,chips,0.0191,0.4590,0.000,0,0.435,0.0351,0.4866,-1.139
2248,1.3126,tetrapak,-0.1285,0.5574,1.963,1,0.435,-0.1035,0.5623,-0.843
2249,1.3126,chips,-0.1230,0.6504,2.205,0,0.435,-0.1183,0.7345,2.833
2250,1.3126,tetrapak,0.1285,0.4262,1.275,0,0.435,0.0822,0.4659,-2.017
2251,1.3126,chips,0.3254,0.4699,2.341,0,0.435,0.2564,0.5267,-1.951
2252,1.3126,tetrapak,0.0520,0.4043,2.100,0,0.435,0.1379,0.3697,0.983
2253,1.3126,tetrapak,-0.1176,0.4754,0.870,0,0.435,-0.0853,0.5514,-0.214
2254,1.3126,tetrapak,-0.1395,0.3277,1.963,1,0.435,-0.1825,0.3078,-1.061
2255,1.3126,tetrapak,0.0793,0.6012,2.020,0,0.435,0.0795,0.5048,-2.641
2256,1.3162,chips,-0.1012,0.5082,1.285,0,0.434,-0.1006,0.5740,0.903
2257,1.3162,chips,0.1012,0.5520,2.356,0,0.434,0.0522,0.5953,1.529
2258,1.3162,chips,-0.0902,0.3168,0.677,0,0.434,0.0154,0.3875,-0.551
2259,1.3162,can,-0.0793,0.3934,2.118,0,0.434,-0.0572,0.4291,-1.728
2260,1.3162,can,-0.0902,0.6449,1.963,1,0.434,-0.0779,0.6485,-2.388
2261,1.3162,tetrapak,-0.1012,0.4535,0.220,0,0.434,-0.1522,0.4714,2.261
2262,1.3162,chips,0.1230,0.3551,2.222,0,0.434,0.1989,0.3151,0.119
2263,1.3162,can,0.0246,0.5902,1.963,0,0.434,0.0361,0.5900,1.208
2264,1.3208,tetrapak,0.0465,0.5574,0.393,1,0.434,0.0685,0.5047,0.389
2265,1.3208,can,0.0684,0.6504,1.651,0,0.434,0.0219,0.6495,-0.064
2266,1.3208,tetrapak,-0.2105,0.6230,1.963,0,0.434,-0.1664,0.6137,0.040
2267,1.3208,tetrapak,-0.0684,0.3332,2.443,0,0.434,-0.0669,0.4040,1.087
2268,1.3208,chips,-0.0629,0.4863,2.356,0,0.434,-0.1014,0.5704,0.989
2269,1.3208,can,-0.0301,0.3605,1.963,1,0.434,-0.0219,0.3661,-1.788
2270,1.3208,can,0.0191,0.6285,1.963,0,0.434,0.0342,0.6278,1.946
2271,1.3208,tetrapak,-0.1066,0.4918,0.377,0,0.434,-0.1379,0.5579,-2.044
2272,1.3248,can,0.1941,0.4645,0.931,0,0.434,0.1473,0.4514,2.014
2273,1.3248,can,-0.0574,0.3879,3.014,0,0.434,-0.0277,0.4230,1.204
2274,1.3248,can,-0.1176,0.5465,1.963,1,0.434,-0.1048,0.5481,3.075
2275,1.3248,can,0.0684,0.3496,1.173,0,0.434,0.0780,0.3765,1.649
2276,1.3248,can,0.0684,0.4152,1.430,1,0.434,0.0733,0.4266,-1.344
2277,1.3248,can,-0.0355,0.5137,1.963,0,0.434,-0.0232,0.5156,2.942
2278,1.3248,chips,0.2215,0.3988,2.946,0,0.434,0.1721,0.4927,-2.996
2279,1.3248,can,-0.0410,0.4918,1.963,1,0.434,-0.0274,0.4896,0.024
2280,1.3292,chips,-0.1777,0.4809,0.737,0,0.434,-0.2163,0.4563,2.959
2281,1.3292,chips,-0.1504,0.5684,0.393,0,0.434,-0.0806,0.5058,-1.863
2282,1.3292,can,0.0957,0.5137,1.963,1,0.434,0.1123,0.5193,-1.587
2283,1.3292,can,-0.0848,0.3605,1.963,1,0.434,-0.0681,0.3768,-2.298
2284,1.3292,chips,0.0465,0.3168,1.963,0,0.434,0.1079,0.4013,-1.243
2285,1.3292,can,-0.1340,0.6176,2.068,0,0.434,-0.1400,0.5648,0.259
2286,1.3292,chips,0.0738,0.7051,0.925,0,0.434,0.0805,0.7111,-0.459
2287,1.3292,tetrapak,0.1230,0.4535,1.864,0,0.434,0.1503,0.3861,-0.062
2288,1.3327,chips,0.2543,0.3660,0.257,0,0.434,0.2116,0.3180,0.961
2289,1.3327,chips,0.1176,0.7543,0.393,0,0.434,0.1573,0.6745,-3.031
2290,1.3327,chips,-0.1832,0.2949,2.356,0,0.434,-0.0825,0.2832,-0.881
2291,1.3327,chips,0.0027,0.7105,2.019,0,0.434,-0.0431,0.6557,2.626
2292,1.3327,can,0.1668,0.3715,1.963,1,0.434,0.1815,0.3747,0.347
2293,1.3327,chips,0.0191,0.5355,2.672,0,0.434,0.0591,0.6320,0.077
2294,1.3327,tetrapak,0.0137,0.6996,1.893,0,0.434,-0.0225,0.5971,-3.084
2295,1.3327,can,-0.0301,0.5629,2.792,0,0.434,-0.0296,0.5981,-1.190
2296,1.3364,can,-0.0902,0.5410,1.963,1,0.433,-0.0704,0.5440,0.864
2297,1.3364,can,-0.0848,0.5246,1.963,1,0.433,-0.0656,0.5266,2.089
2298,1.3364,tetrapak,-0.0848,0.3496,1.963,0,0.433,-0.0487,0.3736,-2.583
2299,1.3364,can,0.1832,0.6066,1.963,1,0.433,0.1936,0.6101,1.990
2300,1.3364,tetrapak,0.0629,0.3387,1.963,0,0.433,0.0825,0.3565,-2.098
2301,1.3364,tetrapak,-0.0355,0.5465,2.519,0,0.433,0.0240,0.5352,-0.947
2302,1.3364,chips,-0.1504,0.5574,2.356,0,0.433,-0.1659,0.6383,3.066
2303,1.3364,tetrapak,-0.1285,0.5574,0.393,1,0.433,-0.1029,0.5269,-2.414
2304,1.3405,chips,-0.1941,0.5957,1.737,0,0.433,-0.1621,0.5576,2.834
2305,1.3405,tetrapak,0.0520,0.3824,1.627,0,0.433,0.1381,0.3181,1.052
2306,1.3405,tetrapak,0.0355,0.3277,2.380,0,0.433,0.0707,0.3871,1.864
2307,1.3405,can,0.1941,0.5793,1.099,0,0.433,0.1709,0.6070,2.342
2308,1.3405,tetrapak,-0.2379,0.4152,1.963,0,0.433,-0.1872,0.4300,-0.850
2309,1.3405,tetrapak,0.0520,0.4863,2.158,0,0.433,-0.0025,0.4893,1.295
2310,1.3405,tetrapak,-0.0410,0.3223,0.359,0,0.433,0.0261,0.4062,-0.619
2311,1.3405,can,-0.1066,0.6230,1.963,0,0.433,-0.0872,0.6214,-2.335
2312,1.3446,chips,0.1121,0.5301,1.079,0,0.433,0.1196,0.4997,2.431
2313,1.3446,tetrapak,0.1887,0.3387,0.627,0,0.433,0.1629,0.3885,2.796
2314,1.3446,can,0.1449,0.3824,1.963,1,0.433,0.1532,0.3966,3.135
2315,1.3446,chips,0.2105,0.6285,1.963,0,0.433,0.2229,0.7270,-0.493
2316,1.3446,can,-0.0520,0.3605,1.963,1,0.433,-0.0371,0.3678,-0.806
2317,1.3446,can,-0.1668,0.6285,1.000,0,0.433,-0.1235,0.5951,-0.067
2318,1.3446,tetrapak,-0.1121,0.4262,1.963,0,0.433,-0.0378,0.4168,1.330
2319,1.3446,chips,-0.1285,0.5191,0.393,0,0.433,-0.1232,0.5318,0.256
2320,1.3494,tetrapak,-0.0902,0.6559,1.963,0,0.433,-0.0546,0.6497,-1.154
2321,1.3494,tetrapak,-0.0465,0.5793,1.254,0,0.433,0.0140,0.5045,-1.975
2322,1.3494,tetrapak,-0.1121,0.3496,1.963,1,0.433,-0.0307,0.3831,1.894
2323,1.3494,can,0.1613,0.5793,1.963,0,0.433,0.1820,0.5913,1.465
2324,1.3494,can,0.1285,0.4371,1.963,1,0.433,0.1462,0.4469,-0.329
2325,1.3494,chips,-0.2543,0.5848,1.963,0,0.433,-0.2385,0.6899,-2.755
2326,1.3494,tetrapak,0.1996,0.5793,0.393,1,0.433,0.2031,0.5175,3.070
2327,1.3494,tetrapak,0.2926,0.5191,0.892,0,0.433,0.2154,0.4942,1.704
2328,1.3542,chips,0.0410,0.3113,1.530,0,0.432,0.0970,0.2667,-0.570
2329,1.3542,tetrapak,-0.1230,0.5465,0.120,0,0.432,-0.1498,0.5203,-2.380
2330,1.3542,tetrapak,0.0027,0.4043,1.136,1,0.432,0.0384,0.4022,1.448
2331,1.3542,can,0.0301,0.5684,1.963,1,0.432,0.0422,0.5817,-2.945
2332,1.3542,chips,0.1668,0.7762,1.963,0,0.432,0.0791,0.7049,2.936
2333,1.3542,chips,-0.2543,0.3879,1.229,0,0.432,-0.2322,0.3638,2.418
2334,1.3542,tetrapak,-0.0301,0.6230,1.963,0,0.432,-0.0022,0.6302,-0.567
2335,1.3542,tetrapak,-0.2160,0.3605,1.963,0,0.432,-0.1620,0.3877,0.863
2336,1.3594,chips,0.1887,0.5301,1.963,0,0.432,0.2367,0.6284,-1.020
2337,1.3594,chips,0.1012,0.4699,1.963,0,0.432,0.1529,0.5692,2.143
2338,1.3594,can,0.0684,0.6230,1.193,0,0.432,0.0816,0.5924,-2.123
2339,1.3594,can,0.0902,0.5520,1.452,0,0.432,0.1372,0.5746,2.836
2340,1.3594,tetrapak,-0.1668,0.3496,1.963,0,0.432,-0.0916,0.3431,1.088
2341,1.3594,tetrapak,0.1121,0.6449,1.963,1,0.432,0.1368,0.6451,-2.699
2342,1.3594,can,0.0848,0.3605,1.963,1,0.432,0.1112,0.3773,1.699
2343,1.3594,chips,-0.0629,0.5902,1.963,0,0.432,0.0420,0.5518,-2.465
2344,1.3636,chips,-0.0465,0.4590,0.393,0,0.432,-0.0060,0.3891,0.301
2345,1.3636,tetrapak,-0.1176,0.4371,1.963,0,0.432,-0.0766,0.4563,-1.154
2346,1.3636,chips,0.1668,0.4535,1.963,0,0.432,0.0708,0.4393,1.275
2347,1.3636,chips,-0.0301,0.4207,1.963,0,0.432,0.0453,0.5063,-1.306
2348,1.3636,tetrapak,-0.1613,0.6613,2.689,0,0.432,-0.1285,0.6114,2.254
2349,1.3636,tetrapak,0.1285,0.5684,1.963,1,0.432,0.1512,0.5800,-2.692
2350,1.3636,tetrapak,0.0410,0.5355,1.963,0,0.432,0.0623,0.5537,-0.332
2351,1.3636,chips,0.2816,0.3879,0.941,0,0.432,0.2577,0.4537,-1.711
2352,1.3692,can,-0.0629,0.6230,1.963,0,0.432,-0.0464,0.6216,0.962
2353,1.3692,tetrapak,0.1559,0.3715,1.167,0,0.432,0.1977,0.3918,2.961
2354,1.3692,tetrapak,-0.0684,0.4645,0.158,0,0.432,-0.0323,0.4289,-2.825
2355,1.3692,tetrapak,-0.0629,0.6340,2.270,0,0.432,-0.0049,0.6122,-2.495
2356,1.3692,can,0.0191,0.5465,1.963,0,0.432,0.0363,0.5477,1.842
2357,1.3692,tetrapak,-0.1230,0.4754,2.427,0,0.432,-0.0646,0.4689,3.053
2358,1.3692,chips,-0.2871,0.5520,2.356,0,0.432,-0.1916,0.5216,-1.287
2359,1.3692,can,0.0465,0.4480,1.963,1,0.432,0.0643,0.4553,1.337
2360,1.3749,can,0.1340,0.5027,1.963,1,0.431,0.1429,0.5157,-2.310
2361,1.3749,chips,-0.1395,0.6941,1.578,0,0.431,-0.0951,0.6798,-1.848
2362,1.3749,can,-0.0246,0.4098,0.385,0,0.431,0.0134,0.4047,0.230
2363,1.3749,can,-0.0574,0.5355,1.963,1,0.431,-0.0386,0.5379,1.731
2364,1.3749,chips,-0.0082,0.5738,2.356,0,0.431,0.0015,0.6000,-1.307
2365,1.3749,can,0.1777,0.6668,2.549,0,0.431,0.1471,0.6280,0.890
2366,1.3749,tetrapak,-0.0301,0.6941,1.832,0,0.431,-0.0576,0.6416,2.294
2367,1.3749,chips,0.2871,0.6121,1.963,0,0.431,0.1889,0.5979,-1.915
2368,1.3789,chips,0.0793,0.3004,2.055,0,0.431,-0.0049,0.3420,-2.076
2369,1.3789,chips,-0.0629,0.3551,1.963,0,0.431,0.0080,0.4424,-1.282
2370,1.3789,can,-0.0793,0.3824,1.265,0,0.431,-0.1095,0.4220,-2.292
2371,1.3789,can,-0.1668,0.3934,1.963,0,0.431,-0.1489,0.4084,-0.805
2372,1.3789,chips,0.2871,0.4863,1.963,0,0.431,0.1955,0.4561,1.618
2373,1.3789,can,-0.1121,0.3496,1.963,1,0.431,-0.0949,0.3676,1.996
2374,1.3789,chips,0.1176,0.5793,1.700,0,0.431,0.0872,0.4878,2.922
2375,1.3789,chips,-0.1613,0.4754,1.963,0,0.431,-0.0793,0.5474,1.682
2376,1.3834,can,-0.1176,0.6559,0.395,0,0.431,-0.1358,0.6361,1.933
2377,1.3834,chips,-0.1777,0.4371,0.393,0,0.431,-0.1697,0.3455,-0.434
2378,1.3834,tetrapak,-0.1012,0.4863,1.640,0,0.431,-0.0469,0.4626,1.721
2379,1.3834,tetrapak,-0.1777,0.4809,1.963,1,0.431,-0.0967,0.4960,-1.428
2380,1.3834,chips,0.0355,0.7707,1.963,0,0.431,-0.0224,0.6819,-3.020
2381,1.3834,can,-0.0793,0.4152,1.963,1,0.431,-0.0591,0.4251,1.130
2382,1.3834,chips,-0.0410,0.5520,1.963,0,0.431,0.0154,0.6412,1.965
2383,1.3834,tetrapak,-0.0684,0.3277,1.963,0,0.431,-0.0308,0.3418,1.321
2384,1.3870,chips,-0.2051,0.4754,2.757,0,0.431,-0.1712,0.5766,-2.872
2385,1.3870,chips,0.0191,0.4809,0.393,0,0.431,0.0834,0.4142,-1.966
2386,1.3870,tetrapak,0.0848,0.4426,0.231,0,0.431,0.0614,0.4608,2.243
2387,1.3870,chips,-0.0902,0.4480,0.500,0,0.431,-0.1910,0.4302,-1.921
2388,1.3870,can,0.0191,0.4973,0.331,0,0.431,-0.0300,0.4754,-0.644
2389,1.3870,can,-0.1559,0.3715,1.915,0,0.431,-0.1083,0.3993,-2.063
2390,1.3870,chips,-0.0355,0.3441,2.291,0,0.431,-0.0268,0.4207,-0.390
2391,1.3870,can,-0.2105,0.4699,1.963,0,0.431,-0.1819,0.4796,1.402
2392,1.3920,can,-0.0465,0.3496,1.963,1,0.431,-0.0307,0.3650,1.180
2393,1.3920,chips,-0.1941,0.3879,2.356,0,0.431,-0.2493,0.4369,1.440
2394,1.3920,chips,0.0957,0.4207,2.739,0,0.431,0.1074,0.4942,-0.597
2395,1.3920,tetrapak,-0.0684,0.4262,1.401,0,0.431,-0.0389,0.4555,-1.300
2396,1.3920,can,-0.0793,0.4754,1.090,0,0.431,-0.0306,0.4730,-3.140
2397,1.3920,chips,0.0738,0.5848,1.608,0,0.431,0.0030,0.4989,-1.093
2398,1.3920,can,-0.0793,0.6012,1.963,1,0.431,-0.0637,0.6112,0.603
2399,1.3920,chips,0.2434,0.4371,3.139,0,0.431,0.1276,0.4956,-2.579
2400,1.3965,tetrapak,-0.1668,0.3168,0.340,1,0.430,-0.1635,0.2680,0.257
2401,1.3965,chips,-0.0902,0.3879,2.248,0,0.430,-0.1133,0.4309,-3.105
2402,1.3965,tetrapak,0.1230,0.3387,0.393,1,0.430,0.1159,0.2837,-0.381
2403,1.3965,can,0.0465,0.3660,1.369,0,0.430,0.0228,0.3970,1.986
2404,1.3965,can,0.1996,0.3934,2.160,0,0.430,0.1881,0.4413,-1.878
2405,1.3965,tetrapak,0.1559,0.3168,2.511,0,0.430,0.1744,0.3648,0.227
2406,1.3965,can,-0.0684,0.5027,0.469,0,0.430,-0.0236,0.5248,-2.869
2407,1.3965,can,-0.2215,0.3988,1.963,0,0.430,-0.1998,0.4068,1.201
2408,1.4012,chips,0.0027,0.4918,1.979,0,0.430,0.0224,0.4624,-2.387
2409,1.4012,tetrapak,0.0137,0.4426,2.611,0,0.430,-0.0157,0.3989,1.907
2410,1.4012,chips,-0.1504,0.4152,0.139,0,0.430,-0.0417,0.3902,1.868
2411,1.4012,tetrapak,0.2270,0.4262,1.963,0,0.430,0.1992,0.4564,1.027
2412,1.4012,can,-0.0301,0.5410,1.846,0,0.430,-0.0555,0.5645,1.940
2413,1.4012,chips,-0.1723,0.4699,1.565,0,0.430,-0.2343,0.4674,2.636
2414,1.4012,can,-0.0738,0.6012,2.952,0,0.430,-0.0690,0.5511,0.169
2415,1.4012,can,-0.0137,0.5574,1.963,0,0.430,-0.0012,0.5580,-2.371
2416,1.4049,can,-0.2105,0.3660,1.963,0,0.430,-0.1830,0.3755,1.972
2417,1.4049,can,0.0957,0.5465,1.963,1,0.430,0.1095,0.5510,-0.119
2418,1.4049,chips,0.1504,0.3715,1.578,0,0.430,0.1067,0.4114,2.933
2419,1.4049,tetrapak,-0.0793,0.6121,1.963,0,0.430,-0.0463,0.6073,-3.001
2420,1.4049,can,0.1012,0.4043,1.963,1,0.430,0.1195,0.4135,0.898
2421,1.4049,chips,-0.0684,0.7105,1.031,0,0.430,-0.0379,0.7024,-2.451
2422,1.4049,can,-0.0793,0.5848,2.455,0,0.430,-0.0324,0.5940,0.324
2423,1.4049,tetrapak,-0.1504,0.5027,1.963,0,0.430,-0.1069,0.5065,-1.426
2424,1.4174,chips,0.0902,0.7379,0.393,0,0.430,0.0904,0.7547,0.083
2425,1.4174,chips,0.0684,0.4098,0.355,0,0.430,0.1074,0.3693,-3.118
2426,1.4174,can,0.1723,0.4645,0.033,0,0.430,0.1878,0.4255,-0.557
2427,1.4174,tetrapak,0.0848,0.4152,1.963,1,0.430,0.1013,0.4214,-2.344
2428,1.4174,can,0.0520,0.5574,1.963,1,0.430,0.0661,0.5617,-0.590
2429,1.4174,tetrapak,0.0465,0.5793,0.393,1,0.430,0.0558,0.5614,-2.549
2430,1.4174,can,0.1176,0.6285,1.963,1,0.430,0.1325,0.6311,1.180
2431,1.4174,tetrapak,-0.2215,0.6066,2.478,0,0.430,-0.1050,0.6065,1.909
2432,1.4258,tetrapak,-0.1668,0.4973,2.149,1,0.429,-0.1827,0.4823,1.030
2433,1.4258,chips,-0.1723,0.6121,1.541,0,0.429,-0.1514,0.5470,0.612
2434,1.4258,can,0.0191,0.5191,1.963,1,0.429,0.0257,0.5224,-0.851
2435,1.4258,tetrapak,-0.2215,0.3988,1.963,1,0.429,-0.2695,0.4040,-1.494
2436,1.4258,tetrapak,-0.0246,0.4973,1.303,0,0.429,0.0555,0.5262,-1.158
2437,1.4258,tetrapak,-0.0027,0.3715,1.963,1,0.429,0.0552,0.3790,-1.686
2438,1.4258,can,0.0957,0.6449,0.754,0,0.429,0.0882,0.6344,-2.575
2439,1.4258,chips,-0.0629,0.4863,2.094,0,0.429,-0.0719,0.4178,-2.957
2440,1.4303,can,0.0902,0.4098,0.538,0,0.429,0.0962,0.3835,1.144
2441,1.4303,can,-0.0574,0.5957,0.466,0,0.429,-0.0658,0.6449,-2.411
2442,1.4303,tetrapak,0.0465,0.6777,0.393,1,0.429,0.0606,0.6686,-2.279
2443,1.4303,tetrapak,0.1996,0.7105,2.189,0,0.429,0.1289,0.6383,2.252
2444,1.4303,tetrapak,-0.1504,0.4152,0.393,0,0.429,-0.1354,0.3730,-0.015
2445,1.4303,can,-0.1996,0.4043,1.963,0,0.429,-0.1825,0.4107,-2.261
2446,1.4303,chips,0.1449,0.3824,0.393,0,0.429,0.1522,0.3819,-2.664
2447,1.4303,can,0.1613,0.3605,1.963,1,0.429,0.1769,0.3604,1.542
2448,1.4351,can,-0.1449,0.5355,1.963,0,0.428,-0.1268,0.5444,-1.461
2449,1.4351,tetrapak,-0.0465,0.6340,1.963,0,0.428,-0.0234,0.6329,2.221
2450,1.4351,can,0.1285,0.3934,0.324,0,0.428,0.1167,0.4040,-2.474
2451,1.4351,chips,0.2980,0.6340,1.178,0,0.428,0.1962,0.6081,-1.948
2452,1.4351,tetrapak,-0.1832,0.4809,1.963,0,0.428,-0.1461,0.4952,1.092
2453,1.4351,tetrapak,0.0848,0.6941,0.990,0,0.428,0.0404,0.7099,-2.262
2454,1.4351,can,-0.1668,0.4098,2.001,1,0.428,-0.1889,0.4079,0.450
2455,1.4351,can,0.0410,0.4371,1.503,0,0.428,0.0436,0.3924,1.230
2456,1.4389,can,-0.1449,0.5082,1.963,1,0.428,-0.1280,0.5160,-1.019
2457,1.4389,tetrapak,-0.0191,0.5027,0.393,1,0.428,-0.0059,0.4885,0.613
2458,1.4389,chips,-0.2871,0.5684,2.356,0,0.428,-0.1880,0.5564,1.003
2459,1.4389,chips,-0.1996,0.4699,2.536,0,0.428,-0.1306,0.4886,-0.437
2460,1.4389,chips,0.0848,0.4973,1.386,0,0.428,0.0020,0.4268,2.885
2461,1.4389,tetrapak,0.0246,0.5465,0.393,1,0.428,0.0420,0.5082,0.438
2462,1.4389,tetrapak,0.0848,0.5027,2.994,0,0.428,0.0337,0.4384,-0.367
2463,1.4389,can,0.0793,0.6504,0.017,0,0.428,0.1055,0.6034,-1.108
2464,1.4422,can,-0.1668,0.5027,1.963,0,0.428,-0.1518,0.5038,0.073
2465,1.4422,can,-0.1887,0.6559,1.529,0,0.428,-0.1661,0.6223,2.230
2466,1.4422,can,-0.0410,0.5574,1.186,0,0.428,-0.0184,0.5232,-2.272
2467,1.4422,can,0.0629,0.5246,1.963,1,0.428,0.0720,0.5284,3.013
2468,1.4422,chips,0.2270,0.3496,1.946,0,0.428,0.1783,0.3518,-2.821
2469,1.4422,chips,0.0465,0.3660,2.356,0,0.428,0.0670,0.4552,2.490
2470,1.4422,can,-0.0793,0.6668,0.677,0,0.428,-0.0548,0.6407,0.878
2471,1.4422,can,-0.1012,0.3605,1.963,1,0.428,-0.0881,0.3669,2.800
2472,1.4467,chips,-0.0410,0.4535,0.393,0,0.428,-0.0408,0.4746,-2.955
2473,1.4467,chips,-0.2707,0.5684,0.312,0,0.428,-0.2323,0.5972,1.798
2474,1.4467,chips,-0.1012,0.4918,0.320,0,0.428,-0.1477,0.5240,-2.369
2475,1.4467,tetrapak,-0.1230,0.5082,1.963,1,0.428,-0.0608,0.5445,-0.994
2476,1.4467,can,0.0027,0.4426,2.862,0,0.428,-0.0189,0.4157,1.901
2477,1.4467,chips,0.1449,0.4316,2.356,0,0.428,0.1837,0.5225,-0.886
2478,1.4467,tetrapak,-0.2270,0.3934,1.963,0,0.428,-0.1805,0.4069,2.864
2479,1.4467,tetrapak,-0.0355,0.5738,0.911,0,0.428,-0.0091,0.5165,0.077
2480,1.4508,chips,0.0027,0.4754,2.356,0,0.428,0.0428,0.5532,-1.101
2481,1.4508,chips,-0.0301,0.6285,0.515,0,0.428,0.0363,0.5907,-0.108
2482,1.4508,can,0.1121,0.4973,1.899,0,0.428,0.0843,0.4567,-1.751
2483,1.4508,tetrapak,0.1777,0.5301,1.963,1,0.428,0.1775,0.5304,-2.093
2484,1.4508,can,-0.1121,0.6340,1.244,0,0.428,-0.1093,0.6284,0.468
2485,1.4508,tetrapak,0.1723,0.3113,0.477,0,0.428,0.1226,0.3357,-0.455
2486,1.4508,can,0.1285,0.3496,1.963,1,0.428,0.1280,0.3627,2.043
2487,1.4508,can,-0.2051,0.4973,1.860,0,0.428,-0.1716,0.4533,-3.010
2488,1.4553,chips,0.1121,0.4043,2.356,0,0.427,0.1050,0.2914,-0.592
2489,1.4553,can,0.0629,0.4863,1.963,0,0.427,0.0704,0.4839,2.066
2490,1.4553,can,-0.1887,0.6504,1.616,0,0.427,-0.1713,0.6088,-0.913
2491,1.4553,can,0.1012,0.6121,1.963,0,0.427,0.1060,0.6088,0.776
2492,1.4553,tetrapak,0.0082,0.3387,2.827,0,0.427,0.0382,0.3077,0.285
2493,1.4553,chips,0.0902,0.3605,2.356,0,0.427,0.0219,0.2884,-0.331
2494,1.4553,chips,0.2105,0.3934,0.393,0,0.427,0.2889,0.3591,-1.484
2495,1.4553,chips,0.1449,0.4098,2.356,0,0.427,0.0893,0.4712,-1.880
2496,1.4593,chips,0.0465,0.5684,0.393,0,0.427,0.0728,0.4817,-0.217
2497,1.4593,tetrapak,0.1066,0.3934,1.963,1,0.427,0.1338,0.3980,-1.096
2498,1.4593,can,-0.0902,0.3551,1.963,0,0.427,-0.0649,0.3628,0.101
2499,1.4593,chips,-0.0684,0.3934,0.393,0,0.427,-0.0481,0.3060,-2.642
2500,1.4593,chips,0.0684,0.4152,0.393,0,0.427,0.1228,0.3441,-2.818
2501,1.4593,chips,-0.0574,0.6777,1.891,0,0.427,-0.0193,0.7388,-0.056
2502,1.4593,can,-0.0793,0.4973,1.963,0,0.427,-0.0556,0.5079,2.466
2503,1.4593,can,-0.1559,0.5027,1.963,0,0.427,-0.1287,0.5042,-1.057
2504,1.4630,can,0.0629,0.4371,1.963,0,0.427,0.0845,0.4393,0.172
2505,1.4630,tetrapak,0.0191,0.5027,1.963,1,0.427,0.0411,0.5011,-2.436
2506,1.4630,can,-0.2215,0.5301,0.720,0,0.427,-0.1748,0.5452,2.001
2507,1.4630,tetrapak,0.2215,0.5027,0.393,0,0.427,0.2396,0.4921,0.939
2508,1.4630,tetrapak,0.0301,0.5027,1.963,1,0.427,0.1100,0.5333,2.010
2509,1.4630,can,-0.1504,0.4426,2.850,0,0.427,-0.1321,0.3980,2.181
2510,1.4630,tetrapak,-0.0082,0.6230,1.963,0,0.427,0.0168,0.6185,2.278
2511,1.4630,can,-0.0137,0.4535,2.586,0,0.427,-0.0457,0.4495,-3.139
2512,1.4679,chips,-0.2652,0.4426,2.356,0,0.427,-0.2005,0.3392,3.091
2513,1.4679,can,-0.0902,0.6012,1.963,0,0.427,-0.0706,0.5999,-1.939
2514,1.4679,chips,-0.0410,0.3277,2.356,0,0.427,0.0370,0.3921,1.743
2515,1.4679,chips,-0.1559,0.4043,2.356,0,0.427,-0.1431,0.2906,-0.509
2516,1.4679,chips,0.0574,0.4590,0.775,0,0.427,0.0401,0.5262,2.802
2517,1.4679,can,0.1066,0.5738,1.612,1,0.427,0.0959,0.5847,2.441
2518,1.4679,can,0.0301,0.5246,1.963,0,0.427,0.0439,0.5271,-2.548
2519,1.4679,tetrapak,0.1723,0.5027,1.963,1,0.427,0.1285,0.4623,2.385
2520,1.4727,tetrapak,-0.0793,0.4535,0.944,0,0.427,-0.0505,0.4964,-1.325
2521,1.4727,chips,-0.0738,0.6449,0.393,0,0.427,0.0010,0.5843,1.407
2522,1.4727,tetrapak,-0.1285,0.3605,0.393,1,0.427,-0.1102,0.3480,0.704
2523,1.4727,tetrapak,0.0902,0.6887,1.963,1,0.427,0.0521,0.6433,2.372
2524,1.4727,chips,0.1777,0.5684,0.393,0,0.427,0.2569,0.5294,1.688
2525,1.4727,tetrapak,-0.1559,0.5246,1.963,0,0.427,-0.1240,0.5249,1.325
2526,1.4727,tetrapak,-0.0191,0.4098,2.203,0,0.427,-0.0023,0.4411,-1.553
2527,1.4727,chips,0.0137,0.4043,0.393,0,0.427,0.0967,0.3618,-1.523
2528,1.4783,can,-0.0574,0.5957,2.623,0,0.426,-0.0931,0.5648,1.492
2529,1.4783,can,0.1285,0.3387,0.766,0,0.426,0.0917,0.3867,-2.264
2530,1.4783,chips,-0.0027,0.4863,2.356,0,0.426,0.1072,0.5067,1.282
2531,1.4783,can,0.2379,0.6176,1.607,0,0.426,0.1991,0.6321,0.583
2532,1.4783,can,0.0191,0.4809,1.963,1,0.426,0.0376,0.4928,-2.633
2533,1.4783,tetrapak,-0.0848,0.5465,0.393,1,0.426,-0.0757,0.5321,-2.797
2534,1.4783,chips,-0.3363,0.6613,1.386,0,0.426,-0.2051,0.6361,-2.290
2535,1.4783,tetrapak,-0.1996,0.7652,0.393,0,0.426,-0.1760,0.6924,-3.080
2536,1.4827,tetrapak,0.1066,0.6230,2.287,0,0.426,-0.0034,0.6235,1.435
2537,1.4827,chips,-0.1340,0.3988,2.356,0,0.426,-0.0636,0.4897,-0.068
2538,1.4827,tetrapak,0.0574,0.6340,2.880,0,0.426,0.0269,0.5899,-2.845
2539,1.4827,can,0.1066,0.4152,1.963,1,0.426,0.1246,0.4229,1.352
2540,1.4827,tetrapak,-0.0848,0.5191,2.146,0,0.426,-0.1091,0.5343,2.889
2541,1.4827,chips,-0.0246,0.4426,2.237,0,0.426,-0.0862,0.4714,1.583
2542,1.4827,tetrapak,-0.2270,0.6449,0.393,1,0.426,-0.2107,0.6366,-2.324
2543,1.4827,tetrapak,0.1559,0.4043,2.798,0,0.426,0.2425,0.4208,1.728
2544,1.4868,chips,-0.2160,0.6176,0.000,0,0.426,-0.2400,0.6878,-2.433
2545,1.4868,tetrapak,-0.2051,0.3059,0.393,0,0.426,-0.1993,0.2619,-0.204
2546,1.4868,chips,-0.0629,0.3441,0.000,0,0.426,-0.0805,0.4109,-2.582
2547,1.4868,tetrapak,0.1777,0.6012,1.963,1,0.426,0.1976,0.6000,0.323
2548,1.4868,chips,-0.0629,0.3113,0.000,0,0.426,-0.0180,0.3486,1.795
2549,1.4868,tetrapak,0.1559,0.6230,1.963,1,0.426,0.1715,0.6181,2.929
2550,1.4868,tetrapak,0.1066,0.6559,2.458,0,0.426,0.0772,0.6339,0.720
2551,1.4868,tetrapak,-0.1285,0.4699,0.393,0,0.426,-0.0901,0.4527,0.925
2552,1.4916,can,-0.0848,0.5465,1.963,1,0.426,-0.0643,0.5530,-2.588
2553,1.4916,tetrapak,-0.0301,0.5027,2.136,0,0.426,-0.0131,0.5829,2.512
2554,1.4916,can,0.1449,0.5574,1.661,0,0.426,0.1203,0.5297,-2.895
2555,1.4916,tetrapak,0.0520,0.5848,2.206,0,0.426,0.0371,0.5594,1.886
2556,1.4916,chips,-0.0301,0.3387,1.963,0,0.426,0.0228,0.4446,-0.997
2557,1.4916,chips,0.1121,0.3824,1.963,0,0.426,0.0081,0.3863,-2.156
2558,1.4916,chips,0.2543,0.6395,2.026,0,0.426,0.2039,0.7321,-0.236
2559,1.4916,tetrapak,0.1066,0.4043,1.963,1,0.426,0.1262,0.4169,3.126
2560,1.4961,can,-0.0520,0.3551,0.273,0,0.425,-0.0192,0.4013,0.490
2561,1.4961,chips,-0.0246,0.4480,3.044,0,0.425,-0.0230,0.4545,-0.442
2562,1.4961,tetrapak,0.1832,0.6340,1.963,1,0.425,0.1999,0.6376,-1.036
2563,1.4961,can,0.1668,0.6012,2.147,1,0.425,0.1446,0.6091,1.698
2564,1.4961,tetrapak,0.2051,0.3824,1.963,0,0.425,0.2619,0.3592,1.017
2565,1.4961,chips,0.1176,0.7598,0.549,0,0.425,0.1209,0.6904,2.203
2566,1.4961,can,-0.0902,0.4754,1.952,0,0.425,-0.0860,0.4640,0.012
2567,1.4961,chips,-0.1395,0.3934,1.963,0,0.425,-0.1921,0.3491,2.296
2568,1.5009,chips,-0.0191,0.4480,1.963,0,0.425,-0.0717,0.4365,-1.550
2569,1.5009,can,0.1504,0.4809,1.963,1,0.425,0.1538,0.4842,-0.059
2570,1.5009,can,0.1504,0.5629,1.429,0,0.425,0.1459,0.5245,-2.243
2571,1.5009,chips,-0.2105,0.5246,0.306,0,0.425,-0.1780,0.4249,-2.026
2572,1.5009,tetrapak,0.0957,0.3605,1.963,1,0.425,0.0553,0.3251,-0.852
2573,1.5009,tetrapak,0.1668,0.6230,1.963,1,0.425,0.1750,0.6140,3.117
2574,1.5009,chips,0.0684,0.5793,1.963,0,0.425,0.0089,0.5698,1.354
2575,1.5009,chips,0.1559,0.5137,1.963,0,0.425,0.1060,0.4554,2.594
2576,1.5048,can,-0.0082,0.5137,0.605,0,0.425,0.0395,0.5076,-0.812
2577,1.5048,can,0.1395,0.4590,1.963,1,0.425,0.1591,0.4709,3.037
2578,1.5048,chips,0.1230,0.4043,1.713,0,0.425,0.1873,0.3102,0.855
2579,1.5048,tetrapak,-0.1777,0.6176,2.263,0,0.425,-0.1777,0.6460,1.885
2580,1.5048,tetrapak,-0.2105,0.6121,1.963,0,0.425,-0.1587,0.6009,-2.369
2581,1.5048,chips,0.0574,0.4043,1.963,0,0.425,-0.0326,0.3760,1.428
2582,1.5048,tetrapak,-0.2762,0.3496,1.963,1,0.425,-0.1971,0.3827,-1.127
2583,1.5048,chips,-0.1723,0.3387,1.963,0,0.425,-0.2376,0.2749,2.799
2584,1.5100,tetrapak,0.0574,0.6012,1.963,0,0.425,0.0761,0.6094,-1.894
2585,1.5100,tetrapak,-0.1941,0.4371,1.963,0,0.425,-0.1428,0.4510,2.157
2586,1.5100,tetrapak,0.1613,0.5902,1.963,1,0.425,0.2294,0.6381,2.239
2587,1.5100,can,-0.0574,0.3934,1.963,0,0.425,-0.0317,0.3947,1.141
2588,1.5100,can,-0.0027,0.5191,1.192,0,0.425,0.0026,0.4852,1.168
2589,1.5100,can,0.1832,0.4426,2.047,0,0.425,0.1598,0.4143,2.288
2590,1.5100,tetrapak,-0.0191,0.6230,1.963,0,0.425,0.0106,0.6227,1.146
2591,1.5100,tetrapak,-0.0246,0.5465,1.963,1,0.425,0.0453,0.5929,2.152
2592,1.5140,tetrapak,0.1504,0.4809,1.963,0,0.424,0.1639,0.4862,1.253
2593,1.5140,chips,-0.0355,0.4480,0.677,0,0.424,0.0226,0.5122,-1.242
2594,1.5140,can,-0.0082,0.4043,1.963,0,0.424,0.0065,0.4159,2.416
2595,1.5140,chips,0.0902,0.5738,1.963,0,0.424,0.0980,0.6861,-0.553
2596,1.5140,tetrapak,0.1230,0.5355,1.963,1,0.424,0.1409,0.5342,-1.597
2597,1.5140,tetrapak,-0.2980,0.3770,0.846,0,0.424,-0.2371,0.4572,-0.920
2598,1.5140,can,0.1723,0.6066,0.400,0,0.424,0.1939,0.5593,-0.580
2599,1.5140,can,-0.1668,0.3824,1.936,0,0.424,-0.1985,0.3624,2.481
2600,1.5185,chips,-0.0684,0.4426,1.046,0,0.424,-0.0357,0.4489,2.201
2601,1.5185,can,-0.1449,0.6230,1.963,0,0.424,-0.1254,0.6353,-0.054
2602,1.5185,chips,0.1230,0.5848,1.963,0,0.424,0.0490,0.5100,2.869
2603,1.5185,tetrapak,0.0574,0.5355,1.963,1,0.424,0.0821,0.5427,0.392
2604,1.5185,chips,-0.0629,0.7324,1.963,0,0.424,-0.1147,0.6472,-3.049
2605,1.5185,can,-0.0902,0.5355,1.963,0,0.424,-0.0696,0.5437,-2.257
2606,1.5185,tetrapak,0.1285,0.5410,2.400,1,0.424,0.1237,0.5219,-1.055
2607,1.5185,can,-0.1777,0.6230,1.963,0,0.424,-0.1500,0.6259,1.448
2608,1.5221,chips,0.3145,0.4699,1.638,0,0.424,0.2648,0.5474,1.067
2609,1.5221,can,-0.0848,0.5027,1.963,0,0.424,-0.0623,0.5158,0.370
2610,1.5221,chips,0.1395,0.7543,0.203,0,0.424,0.1458,0.6530,2.598
2611,1.5221,can,0.1395,0.6285,0.696,0,0.424,0.1143,0.6081,0.189
2612,1.5221,chips,-0.0738,0.5301,1.963,0,0.424,-0.1225,0.4419,-3.121
2613,1.5221,can,-0.0355,0.5355,1.963,0,0.424,-0.0148,0.5553,-3.133
2614,1.5221,can,0.1449,0.3605,1.941,0,0.424,0.1163,0.3521,-0.912
2615,1.5221,can,-0.0027,0.3496,1.963,0,0.424,0.0175,0.3683,-2.106
2616,1.5261,can,-0.0738,0.4371,1.757,0,0.424,-0.0515,0.4310,3.051
2617,1.5261,chips,-0.0738,0.6285,0.794,0,0.424,-0.0024,0.7218,2.486
2618,1.5261,can,0.1340,0.3660,0.997,1,0.424,0.1242,0.3732,-0.679
2619,1.5261,chips,0.1012,0.6066,0.733,0,0.424,0.1215,0.5513,2.486
2620,1.5261,chips,-0.0848,0.5027,1.963,0,0.424,-0.1582,0.4349,2.752
2621,1.5261,chips,-0.1121,0.5629,1.118,0,0.424,-0.0251,0.5087,0.616
2622,1.5261,tetrapak,0.1832,0.4973,1.004,0,0.424,0.1037,0.4499,1.871
2623,1.5261,tetrapak,-0.0957,0.4809,1.963,0,0.424,-0.0613,0.4915,-1.056
2624,1.5315,tetrapak,-0.1230,0.3715,1.963,0,0.424,-0.0469,0.3770,1.463
2625,1.5315,tetrapak,-0.1996,0.3277,1.963,0,0.424,-0.1541,0.3595,-0.955
2626,1.5315,can,0.0191,0.3496,2.422,0,0.424,0.0614,0.3729,-1.690
2627,1.5315,chips,0.0629,0.5465,1.963,0,0.424,0.0126,0.4853,-0.296
2628,1.5315,chips,-0.0301,0.8090,2.631,0,0.424,-0.0410,0.6871,-2.612
2629,1.5315,tetrapak,0.1613,0.7270,2.772,0,0.424,0.1245,0.7153,-2.616
2630,1.5315,chips,0.0957,0.5957,1.129,0,0.424,-0.0017,0.6466,-1.524
2631,1.5315,chips,0.0574,0.4699,1.963,0,0.424,-0.0254,0.4696,-2.129
2632,1.5350,chips,0.0410,0.4207,2.727,0,0.423,0.0567,0.3113,-0.280
2633,1.5350,can,0.1941,0.6285,1.963,0,0.423,0.1957,0.6200,-1.559
2634,1.5350,chips,-0.1340,0.6340,0.148,0,0.423,-0.0820,0.6043,-1.024
2635,1.5350,chips,0.1340,0.6941,1.963,0,0.423,0.0552,0.6668,-1.758
2636,1.5350,chips,-0.2488,0.4535,1.706,0,0.423,-0.1877,0.4647,1.942
2637,1.5350,chips,0.0793,0.5082,0.112,0,0.423,0.1840,0.5208,1.338
2638,1.5350,can,-0.0082,0.4098,1.963,1,0.423,-0.0026,0.4079,0.371
2639,1.5350,chips,0.1887,0.4426,1.963,0,0.423,0.1584,0.3573,-2.917
2640,1.5398,tetrapak,0.0301,0.5137,1.963,0,0.423,0.0476,0.5167,-0.494
2641,1.5398,can,0.1066,0.4426,1.963,1,0.423,0.1174,0.4461,1.699
2642,1.5398,chips,-0.0301,0.4863,2.356,0,0.423,-0.0765,0.4100,-0.194
2643,1.5398,chips,0.0465,0.3988,2.356,0,0.423,0.0720,0.2987,-2.418
2644,1.5398,chips,0.1832,0.7160,2.356,1,0.423,0.1022,0.6587,2.483
2645,1.5398,can,-0.0027,0.4098,1.963,1,0.423,0.0053,0.4130,-1.419
2646,1.5398,can,0.0191,0.3988,2.030,0,0.423,0.0196,0.4132,-0.029
2647,1.5398,can,0.0957,0.3770,1.887,0,0.423,0.0565,0.3841,0.557
2648,1.5456,tetrapak,-0.1723,0.5246,1.963,0,0.423,-0.1305,0.5265,-2.614
2649,1.5456,chips,-0.2270,0.4809,1.033,0,0.423,-0.1625,0.4509,0.635
2650,1.5456,tetrapak,-0.1723,0.5902,0.393,0,0.423,-0.1622,0.5484,2.780
2651,1.5456,chips,0.1012,0.4590,0.725,0,0.423,0.1181,0.4944,0.134
2652,1.5456,tetrapak,-0.0957,0.5738,0.106,0,0.423,-0.1212,0.5631,-0.576
2653,1.5456,chips,0.0410,0.3441,2.356,0,0.423,-0.0466,0.3952,-2.683
2654,1.5456,can,-0.0848,0.3605,1.963,1,0.423,-0.0686,0.3739,2.840
2655,1.5456,can,-0.1941,0.6121,0.299,0,0.423,-0.1480,0.6044,-1.272
2656,1.5507,tetrapak,-0.0465,0.4480,0.333,1,0.423,-0.0125,0.4358,0.369
2657,1.5507,tetrapak,0.0902,0.6121,0.393,1,0.423,0.1168,0.5850,-2.469
2658,1.5507,chips,0.3418,0.5629,2.533,0,0.423,0.2318,0.5892,2.034
2659,1.5507,can,0.0301,0.6504,1.717,0,0.423,0.0169,0.6194,0.728
2660,1.5507,chips,-0.2270,0.4699,2.882,0,0.423,-0.2056,0.3899,3.092
2661,1.5507,tetrapak,-0.0027,0.3387,1.963,1,0.423,0.0337,0.3491,1.406
2662,1.5507,tetrapak,-0.1723,0.5629,0.087,0,0.423,-0.0925,0.5326,-1.979
2663,1.5507,chips,0.2105,0.4754,2.356,0,0.423,0.2684,0.3765,-2.024
2664,1.5555,can,0.0355,0.5793,2.582,0,0.422,0.0702,0.5533,3.078
2665,1.5555,chips,-0.0082,0.5246,0.945,0,0.422,-0.0877,0.5325,-1.914
2666,1.5555,can,0.1395,0.4098,1.963,1,0.422,0.1486,0.4181,-2.130
2667,1.5555,can,-0.1559,0.5520,2.863,1,0.422,-0.1756,0.5386,0.108
2668,1.5555,can,0.1449,0.5574,1.963,1,0.422,0.1557,0.5611,1.086
2669,1.5555,tetrapak,-0.0246,0.3824,1.963,0,0.422,0.0014,0.4006,0.786
2670,1.5555,chips,-0.1395,0.6504,0.576,0,0.422,-0.2127,0.5571,2.195
2671,1.5555,can,-0.1066,0.6121,0.987,0,0.422,-0.0708,0.6311,2.104
2672,1.5601,chips,0.1668,0.7652,0.393,0,0.422,0.2051,0.6643,-0.163
2673,1.5601,chips,0.0137,0.5301,2.356,0,0.422,0.0397,0.4258,0.803
2674,1.5601,can,0.0793,0.5465,1.963,1,0.422,0.0796,0.5506,-2.431
2675,1.5601,chips,0.1449,0.6121,1.963,0,0.422,0.0319,0.6110,0.978
2676,1.5601,tetrapak,-0.1066,0.5629,2.114,0,0.422,-0.0433,0.5703,-1.966
2677,1.5601,tetrapak,0.0246,0.6340,1.963,0,0.422,0.0291,0.6133,2.010
2678,1.5601,chips,-0.1723,0.3332,0.000,0,0.422,-0.0877,0.2657,-2.714
2679,1.5601,tetrapak,-0.1996,0.5355,1.584,0,0.422,-0.1190,0.5162,-1.662
2680,1.5644,tetrapak,-0.0574,0.4918,1.963,0,0.422,-0.0291,0.4961,-2.408
2681,1.5644,tetrapak,-0.0684,0.6176,1.963,0,0.422,-0.0410,0.6027,1.790
2682,1.5644,chips,0.0137,0.7105,0.000,0,0.422,0.0684,0.6275,-3.034
2683,1.5644,tetrapak,0.1887,0.4371,0.269,0,0.422,0.1151,0.4015,-0.751
2684,1.5644,can,-0.1012,0.3715,1.963,1,0.422,-0.0841,0.3835,-2.892
2685,1.5644,chips,0.2762,0.7707,2.356,0,0.422,0.2147,0.7025,-0.227
2686,1.5644,tetrapak,0.1066,0.4262,1.963,1,0.422,0.1758,0.4375,1.629
2687,1.5644,chips,0.0191,0.5355,0.000,0,0.422,0.0834,0.4655,-2.806
2688,1.5686,tetrapak,0.1832,0.3387,0.435,0,0.422,0.1765,0.4086,0.830
2689,1.5686,chips,0.0137,0.6395,0.000,0,0.422,0.0746,0.5528,0.121
2690,1.5686,chips,-0.1176,0.4918,0.000,0,0.422,-0.0184,0.4710,1.961
2691,1.5686,tetrapak,-0.1176,0.3824,1.963,1,0.422,-0.0668,0.4029,1.732
2692,1.5686,tetrapak,-0.2324,0.3879,1.963,0,0.422,-0.1927,0.4012,1.739
2693,1.5686,chips,0.1012,0.6121,0.793,0,0.422,-0.0303,0.5991,-0.936
2694,1.5686,chips,-0.0793,0.6941,2.863,0,0.422,-0.0008,0.6746,2.018
2695,1.5686,chips,0.0684,0.5027,0.000,0,0.422,0.1593,0.4750,1.973
2696,1.5734,can,0.0410,0.5082,1.959,1,0.422,0.0327,0.5015,1.879
2697,1.5734,can,0.0082,0.4371,1.963,1,0.422,0.0208,0.4421,-0.608
2698,1.5734,chips,-0.1996,0.4918,2.764,0,0.422,-0.1401,0.4249,-2.687
2699,1.5734,can,0.0191,0.3496,1.963,0,0.422,0.0356,0.3631,-1.774
2700,1.5734,chips,0.0684,0.5137,1.963,0,0.422,-0.0298,0.5090,1.089
2701,1.5734,can,0.1121,0.3168,0.185,0,0.422,0.1351,0.3588,0.053
2702,1.5734,can,0.1723,0.3715,1.963,1,0.422,0.1844,0.3788,2.105
2703,1.5734,chips,0.1996,0.5191,1.571,0,0.422,0.1293,0.4598,-0.478
2704,1.5780,chips,0.2434,0.4371,1.214,0,0.421,0.1513,0.4778,-1.838
2705,1.5780,can,-0.0793,0.4316,2.578,0,0.421,-0.0338,0.4617,0.551
2706,1.5780,chips,0.1996,0.5738,1.963,0,0.421,0.1007,0.5633,-2.068
2707,1.5780,can,0.0191,0.6176,2.724,0,0.421,-0.0140,0.6292,2.013
2708,1.5780,chips,0.1887,0.6340,1.571,0,0.421,0.1152,0.5687,2.396
2709,1.5780,can,-0.1340,0.6121,1.963,1,0.421,-0.1144,0.6151,0.959
2710,1.5780,tetrapak,-0.0520,0.3004,2.330,0,0.421,-0.0423,0.3051,0.929
2711,1.5780,tetrapak,-0.1996,0.6504,1.322,0,0.421,-0.2524,0.7140,-2.476
2712,1.5829,chips,0.0355,0.4480,0.393,0,0.421,0.0948,0.3865,1.151
2713,1.5829,can,-0.1395,0.3387,2.898,0,0.421,-0.1475,0.3881,-1.893
2714,1.5829,chips,-0.2762,0.6777,2.356,0,0.421,-0.1607,0.6587,-2.203
2715,1.5829,chips,0.0246,0.3879,0.147,0,0.421,0.1050,0.3799,2.408
2716,1.5829,chips,0.0246,0.5684,1.590,0,0.421,0.0244,0.5562,-2.917
2717,1.5829,tetrapak,-0.0520,0.3441,1.963,0,0.421,-0.0224,0.3641,-2.341
2718,1.5829,tetrapak,-0.0520,0.5246,0.426,0,0.421,-0.0322,0.4894,0.022
2719,1.5829,can,-0.1285,0.3988,0.843,0,0.421,-0.1286,0.4338,0.993
2720,1.5870,tetrapak,0.1559,0.5137,1.963,1,0.421,0.1635,0.5129,-2.835
2721,1.5870,tetrapak,0.1723,0.3660,1.963,1,0.421,0.1754,0.3719,-2.216
2722,1.5870,tetrapak,-0.2215,0.4590,1.963,0,0.421,-0.1881,0.4654,0.738
2723,1.5870,chips,0.2707,0.6613,2.356,0,0.421,0.2121,0.5826,-0.224
2724,1.5870,can,0.0465,0.6449,1.963,0,0.421,0.0602,0.6436,2.307
2725,1.5870,tetrapak,-0.0410,0.3660,1.963,1,0.421,-0.0213,0.3714,-0.836
2726,1.5870,tetrapak,-0.0465,0.7652,2.557,0,0.421,-0.0117,0.7213,-2.691
2727,1.5870,can,0.1777,0.5027,1.963,0,0.421,0.1831,0.5072,-0.429
2728,1.5912,tetrapak,0.0191,0.3934,1.963,1,0.421,0.0331,0.3977,-1.636
2729,1.5912,can,0.1395,0.4262,1.633,0,0.421,0.1274,0.3770,-0.458
2730,1.5912,chips,-0.0738,0.4207,2.356,0,0.421,0.0349,0.4383,1.127
2731,1.5912,tetrapak,-0.1504,0.6777,0.393,0,0.421,-0.1364,0.6386,2.956
2732,1.5912,can,0.1449,0.5520,1.963,1,0.421,0.1541,0.5572,2.809
2733,1.5912,tetrapak,-0.0574,0.3660,1.963,1,0.421,-0.0378,0.3732,-1.719
2734,1.5912,tetrapak,0.0902,0.4371,1.963,1,0.421,0.1025,0.4486,2.195
2735,1.5912,tetrapak,-0.0738,0.5902,1.407,0,0.421,-0.0504,0.5525,0.258
2736,1.5956,can,-0.0793,0.3605,2.796,0,0.420,-0.1176,0.3968,0.623
2737,1.5956,tetrapak,-0.0191,0.5137,1.963,0,0.420,0.0029,0.5218,2.606
2738,1.5956,chips,-0.2926,0.5410,2.356,0,0.420,-0.1927,0.5496,2.332
2739,1.5956,can,-0.1395,0.3824,1.963,0,0.420,-0.1200,0.3945,0.808
2740,1.5956,can,0.1723,0.6066,1.963,1,0.420,0.1864,0.6133,0.423
2741,1.5956,can,0.1121,0.3770,0.497,0,0.420,0.0854,0.4174,0.029
2742,1.5956,can,0.0137,0.6012,1.963,1,0.420,0.0277,0.6115,-1.696
2743,1.5956,chips,0.0520,0.5137,1.963,0,0.420,0.1531,0.5564,-1.834
2744,1.5993,tetrapak,0.1012,0.5684,0.741,0,0.420,0.0505,0.5395,-0.605
2745,1.5993,tetrapak,-0.1668,0.4152,1.963,0,0.420,-0.1436,0.4217,-2.089
2746,1.5993,chips,0.1613,0.5902,2.192,0,0.420,0.0920,0.6578,0.720
2747,1.5993,chips,-0.2762,0.3934,0.176,0,0.420,-0.1959,0.4782,1.771
2748,1.5993,can,-0.0027,0.4809,1.963,0,0.420,0.0168,0.4876,0.339
2749,1.5993,can,-0.2215,0.6230,1.963,0,0.420,-0.1946,0.6267,2.060
2750,1.5993,tetrapak,-0.0848,0.3387,1.963,0,0.420,-0.0477,0.3601,0.461
2751,1.5993,can,-0.1613,0.6012,1.963,0,0.420,-0.1402,0.6112,2.976
2752,1.6038,can,0.1012,0.5793,1.963,0,0.420,0.1135,0.5819,-0.793
2753,1.6038,chips,-0.2488,0.5684,2.356,0,0.420,-0.1368,0.5746,1.084
2754,1.6038,can,0.1559,0.4809,1.963,1,0.420,0.1688,0.4871,-0.881
2755,1.6038,chips,0.1613,0.6887,2.185,0,0.420,0.1589,0.6983,-0.500
2756,1.6038,tetrapak,-0.1777,0.3551,0.110,0,0.420,-0.1823,0.3778,2.409
2757,1.6038,chips,-0.1996,0.3934,2.356,0,0.420,-0.2703,0.3417,-1.002
2758,1.6038,tetrapak,0.0629,0.5574,1.963,1,0.420,0.0779,0.5637,2.294
2759,1.6038,chips,-0.1395,0.4371,0.000,0,0.420,-0.0986,0.3517,-0.035
2760,1.6076,tetrapak,0.1395,0.4262,1.667,0,0.420,0.1726,0.4045,-1.923
2761,1.6076,chips,0.2160,0.4262,3.088,0,0.420,0.2214,0.3765,0.753
2762,1.6076,tetrapak,-0.2434,0.5246,1.963,0,0.420,-0.2276,0.5308,-1.944
2763,1.6076,tetrapak,0.0137,0.4809,0.393,1,0.420,0.0611,0.4520,1.007
2764,1.6076,can,0.0191,0.6449,2.961,0,0.420,-0.0067,0.6371,0.776
2765,1.6076,chips,-0.0520,0.6230,0.000,0,0.420,0.0388,0.6296,2.227
2766,1.6076,chips,-0.2215,0.4098,0.583,0,0.420,-0.2189,0.4980,0.324
2767,1.6076,can,-0.0520,0.3770,1.963,1,0.420,-0.0435,0.3883,-2.191
2768,1.6116,tetrapak,-0.0848,0.5738,0.393,0,0.420,-0.0709,0.5698,2.713
2769,1.6116,chips,0.1723,0.5301,1.392,0,0.420,0.2306,0.4107,0.888
2770,1.6116,tetrapak,0.0465,0.4371,1.963,1,0.420,0.0597,0.4532,-1.406
2771,1.6116,tetrapak,0.0410,0.6012,1.963,1,0.420,0.0041,0.5642,-0.773
2772,1.6116,tetrapak,-0.2105,0.6176,1.963,1,0.420,-0.2494,0.5861,-0.955
2773,1.6116,tetrapak,0.0574,0.3387,1.963,1,0.420,0.0080,0.3165,-1.004
2774,1.6116,chips,0.0520,0.5574,2.356,0,0.420,0.1642,0.5335,0.861
2775,1.6116,chips,-0.1285,0.5957,2.403,0,0.420,-0.0459,0.5602,0.216
2776,1.6167,tetrapak,-0.2105,0.4809,1.963,1,0.419,-0.1318,0.5026,-1.327
2777,1.6167,can,-0.1449,0.4590,1.963,1,0.419,-0.1246,0.4702,2.609
2778,1.6167,can,-0.0793,0.4754,2.642,0,0.419,-0.0656,0.4784,0.242
2779,1.6167,tetrapak,-0.0465,0.4480,1.963,0,0.419,-0.0229,0.4601,-0.059
2780,1.6167,can,-0.0355,0.5793,1.963,0,0.419,-0.0188,0.5806,-0.677
2781,1.6167,chips,-0.1340,0.3879,0.884,0,0.419,-0.0118,0.4301,2.321
2782,1.6167,tetrapak,-0.0684,0.3168,2.632,0,0.419,-0.1042,0.2616,0.026
2783,1.6167,chips,-0.1777,0.5027,0.000,0,0.419,-0.0726,0.4978,-1.052
2784,1.6209,can,-0.1777,0.5738,1.963,1,0.419,-0.1652,0.5787,0.621
2785,1.6209,can,-0.1449,0.6395,1.963,1,0.419,-0.1283,0.6459,1.525
2786,1.6209,chips,0.1832,0.4809,1.662,0,0.419,0.1179,0.5300,-1.133
2787,1.6209,can,-0.1668,0.6121,1.963,1,0.419,-0.1533,0.6173,1.942
2788,1.6209,can,-0.0246,0.3824,1.963,1,0.419,-0.0105,0.3917,-1.322
2789,1.6209,tetrapak,-0.1066,0.5574,1.963,1,0.419,-0.0757,0.5557,-1.454
2790,1.6209,tetrapak,-0.2160,0.3934,1.963,0,0.419,-0.1666,0.4132,1.030
2791,1.6209,can,0.1176,0.5137,1.963,0,0.419,0.1279,0.5197,-0.333
2792,1.6260,tetrapak,0.1121,0.5902,0.393,1,0.419,0.1208,0.5631,-2.774
2793,1.6260,can,-0.1559,0.5574,2.113,0,0.419,-0.1715,0.5954,-0.839
2794,1.6260,can,0.0629,0.4590,1.963,1,0.419,0.0718,0.4644,3.011
2795,1.6260,chips,-0.0137,0.5684,0.303,0,0.419,0.0145,0.5316,1.205
2796,1.6260,chips,-0.0191,0.5191,2.356,0,0.419,-0.0548,0.5199,0.756
2797,1.6260,can,0.2324,0.5246,2.932,0,0.419,0.1988,0.4915,1.527
2798,1.6260,can,0.0082,0.5902,0.717,0,0.419,0.0368,0.6068,-2.538
2799,1.6260,tetrapak,-0.0191,0.3332,1.162,0,0.419,0.0154,0.3805,2.638
2800,1.6295,chips,-0.0957,0.6504,1.689,0,0.419,-0.0659,0.5947,1.098
2801,1.6295,chips,0.1121,0.6340,2.356,0,0.419,0.0470,0.5848,-0.963
2802,1.6295,can,-0.1559,0.4590,1.963,1,0.419,-0.1415,0.4646,-0.784
2803,1.6295,can,0.1395,0.4699,1.963,0,0.419,0.1477,0.4781,-2.001
2804,1.6295,chips,0.2488,0.7434,2.356,0,0.419,0.1909,0.6811,-0.700
2805,1.6295,chips,-0.2160,0.3715,1.424,0,0.419,-0.2845,0.3503,1.851
2806,1.6295,can,0.1066,0.6285,0.614,0,0.419,0.1280,0.6179,0.007
2807,1.6295,chips,0.1613,0.6613,2.356,0,0.419,0.1192,0.5753,-2.914
2808,1.6345,can,0.1723,0.4152,1.963,1,0.418,0.1811,0.4224,1.895
2809,1.6345,chips,0.0465,0.4645,2.712,0,0.418,0.0772,0.4111,-3.133
2810,1.6345,chips,-0.0246,0.5520,2.356,0,0.418,-0.0802,0.5384,1.471
2811,1.6345,tetrapak,0.0137,0.6176,0.441,0,0.418,0.0187,0.6832,2.557
2812,1.6345,chips,-0.1012,0.6832,2.356,0,0.418,-0.1298,0.6323,2.631
2813,1.6345,chips,0.0191,0.3551,0.367,0,0.418,0.0124,0.3160,2.815
2814,1.6345,chips,0.1504,0.4262,2.516,0,0.418,0.2593,0.5017,1.543
2815,1.6345,tetrapak,-0.0574,0.4262,1.963,1,0.418,-0.0688,0.4431,1.242
2816,1.6382,can,-0.0848,0.3715,1.963,0,0.418,-0.0705,0.3876,-0.571
2817,1.6382,chips,0.0137,0.4316,2.356,0,0.418,-0.0120,0.5110,0.606
2818,1.6382,can,0.1559,0.5301,3.131,0,0.418,0.1905,0.5289,-0.420
2819,1.6382,can,-0.2379,0.5191,1.685,0,0.418,-0.1987,0.5000,-0.355
2820,1.6382,chips,0.0465,0.4973,2.356,0,0.418,0.0289,0.5721,0.320
2821,1.6382,tetrapak,0.0848,0.6066,0.656,0,0.418,0.1040,0.6210,-2.484
2822,1.6382,can,-0.1012,0.4152,0.123,0,0.418,-0.1134,0.4524,-1.266
2823,1.6382,chips,-0.0137,0.6395,2.356,0,0.418,-0.0477,0.5616,0.099
2824,1.6434,chips,-0.1449,0.5301,2.356,0,0.418,-0.2025,0.4903,2.107
2825,1.6434,tetrapak,-0.1449,0.6176,1.963,1,0.418,-0.1150,0.6176,0.649
2826,1.6434,chips,0.1723,0.6176,2.356,0,0.418,0.1109,0.6192,-1.332
2827,1.6434,can,0.0848,0.6121,1.963,1,0.418,0.1051,0.6210,1.140
2828,1.6434,chips,-0.1996,0.7105,1.315,0,0.418,-0.1563,0.6923,-3.019
2829,1.6434,tetrapak,0.1285,0.3496,1.963,1,0.418,0.1355,0.3748,0.695
2830,1.6434,chips,0.1121,0.4809,2.356,0,0.418,0.0226,0.4762,-2.159
2831,1.6434,can,0.0301,0.3824,1.963,0,0.418,0.0500,0.3966,2.195
2832,1.6473,tetrapak,-0.1777,0.5137,3.140,0,0.418,-0.1188,0.5486,-1.210
2833,1.6473,can,-0.0410,0.4152,1.963,0,0.418,-0.0246,0.4305,-2.522
2834,1.6473,can,0.1285,0.6340,0.976,0,0.418,0.1325,0.6421,2.550
2835,1.6473,tetrapak,-0.1340,0.6230,1.963,0,0.418,-0.1492,0.6555,-2.305
2836,1.6473,can,-0.0684,0.5574,1.963,0,0.418,-0.0471,0.5664,-1.626
2837,1.6473,can,0.0246,0.6176,1.963,1,0.418,0.0404,0.6251,-0.940
2838,1.6473,tetrapak,-0.0793,0.5902,2.007,0,0.418,-0.0431,0.5571,0.921
2839,1.6473,tetrapak,0.0191,0.3387,2.802,0,0.418,0.0300,0.3963,0.933
2840,1.6516,can,-0.1777,0.4152,1.963,1,0.418,-0.1583,0.4225,1.434
2841,1.6516,chips,-0.0191,0.8418,0.599,0,0.418,-0.0756,0.7402,-0.347
2842,1.6516,chips,0.1723,0.4863,0.347,0,0.418,0.2284,0.4662,-0.879
2843,1.6516,can,-0.1012,0.5465,1.963,1,0.418,-0.0825,0.5490,-1.134
2844,1.6516,tetrapak,-0.1121,0.4590,1.963,0,0.418,-0.0308,0.4495,1.286
2845,1.6516,chips,0.0520,0.4973,1.358,0,0.418,0.0025,0.5740,-1.722
2846,1.6516,tetrapak,0.1395,0.6121,1.963,1,0.418,0.1530,0.6148,0.895
2847,1.6516,tetrapak,0.0793,0.4973,1.963,1,0.418,0.0938,0.5025,-2.435
2848,1.6561,can,-0.2051,0.6395,1.963,1,0.417,-0.1909,0.6407,0.646
2849,1.6561,can,-0.1668,0.4809,1.963,1,0.417,-0.1506,0.4881,3.141
2850,1.6561,tetrapak,0.1777,0.7543,2.316,0,0.417,0.1533,0.6590,2.526
2851,1.6561,can,-0.0465,0.5574,1.963,1,0.417,-0.0343,0.5663,-2.282
2852,1.6561,chips,0.1176,0.4426,2.356,0,0.417,0.0595,0.4011,2.037
2853,1.6561,tetrapak,-0.0410,0.5465,0.132,0,0.417,-0.0680,0.5707,-2.170
2854,1.6561,can,0.1395,0.3715,1.635,0,0.417,0.1699,0.3890,-2.100
2855,1.6561,can,0.1285,0.4973,1.963,1,0.417,0.1382,0.5013,1.622
2856,1.6608,tetrapak,-0.0902,0.7379,2.675,0,0.417,-0.0712,0.6759,-2.705
2857,1.6608,chips,0.1066,0.5027,2.356,0,0.417,0.0150,0.4707,-1.848
2858,1.6608,chips,0.0574,0.3824,1.218,0,0.417,-0.0313,0.3522,2.790
2859,1.6608,can,0.0465,0.4207,2.551,0,0.417,0.0432,0.3835,-1.326
2860,1.6608,can,-0.1395,0.5027,1.963,1,0.417,-0.1311,0.5032,-0.718
2861,1.6608,tetrapak,0.1449,0.7434,1.342,0,0.417,0.1036,0.6655,2.093
2862,1.6608,can,-0.0793,0.3551,1.963,1,0.417,-0.0723,0.3578,-0.819
2863,1.6608,tetrapak,0.1668,0.5137,1.963,1,0.417,0.1662,0.5110,-1.264
2864,1.6652,chips,0.2816,0.6613,2.356,0,0.417,0.2052,0.6374,1.775
2865,1.6652,can,-0.0137,0.5738,0.508,0,0.417,-0.0164,0.6168,-2.367
2866,1.6652,tetrapak,0.0629,0.6832,0.078,0,0.417,0.0172,0.6463,-2.809
2867,1.6652,tetrapak,0.0410,0.3824,1.963,1,0.417,0.0535,0.4013,0.060
2868,1.6652,tetrapak,-0.0848,0.4152,1.093,0,0.417,-0.1081,0.4478,-3.015
2869,1.6652,can,0.1668,0.5902,1.963,1,0.417,0.1776,0.5976,-1.212
2870,1.6652,chips,0.1887,0.6340,2.356,0,0.417,0.2149,0.7281,-0.723
2871,1.6652,tetrapak,-0.0738,0.3660,1.358,0,0.417,-0.0869,0.3552,-0.963
2872,1.6696,tetrapak,0.0027,0.3715,0.019,1,0.417,0.0022,0.3880,-2.991
2873,1.6696,chips,-0.2488,0.6723,2.829,0,0.417,-0.1848,0.6337,1.201
2874,1.6696,chips,0.2543,0.3770,2.356,0,0.417,0.1986,0.3804,-1.409
2875,1.6696,can,0.0957,0.5902,1.963,1,0.417,0.1074,0.5942,-2.257
2876,1.6696,can,-0.0793,0.5574,1.963,1,0.417,-0.0682,0.5657,-1.343
2877,1.6696,can,-0.1449,0.3715,1.963,0,0.417,-0.1261,0.3822,1.647
2878,1.6696,tetrapak,0.1887,0.5355,1.963,1,0.417,0.1965,0.5438,2.559
2879,1.6696,chips,-0.0848,0.3879,2.356,0,0.417,-0.1217,0.4556,-2.121
2880,1.6742,can,-0.1777,0.5355,1.963,1,0.416,-0.1659,0.5435,-2.633
2881,1.6742,can,0.0629,0.3715,1.963,1,0.416,0.0719,0.3832,3.106
2882,1.6742,can,-0.0629,0.4152,0.418,0,0.416,-0.0995,0.4338,-0.270
2883,1.6742,can,-0.0301,0.5191,1.846,0,0.416,-0.0042,0.5576,1.224
2884,1.6742,chips,0.0684,0.5957,2.356,0,0.416,0.0426,0.6760,-2.493
2885,1.6742,tetrapak,-0.1996,0.5191,1.963,0,0.416,-0.1636,0.5195,-2.237
2886,1.6742,can,-0.1340,0.5465,1.963,1,0.416,-0.1181,0.5483,0.282
2887,1.6742,tetrapak,-0.1559,0.6066,2.664,0,0.416,-0.1671,0.5686,0.947
2888,1.6788,chips,-0.1668,0.6668,1.430,0,0.416,-0.1176,0.7438,0.392
2889,1.6788,chips,-0.0301,0.3168,1.963,0,0.416,-0.1315,0.2835,2.372
2890,1.6788,chips,0.0301,0.4207,2.356,0,0.416,-0.0680,0.4173,2.156
2891,1.6788,tetrapak,0.1559,0.5465,1.963,1,0.416,0.1151,0.5231,-0.973
2892,1.6788,can,0.0520,0.3824,1.963,1,0.416,0.0637,0.3917,-2.245
2893,1.6788,tetrapak,-0.2160,0.6504,1.963,0,0.416,-0.1784,0.6463,1.773
2894,1.6788,can,0.0137,0.3824,1.963,1,0.416,0.0240,0.3958,-1.080
2895,1.6788,chips,0.1559,0.4973,2.356,0,0.416,0.2445,0.4282,1.470
