t,phase,cmd0,cmd1,cmd2,cmd3,cmd4,cmd5,act0,act1,act2,act3,act4,act5,clearance
0.01,settle,1.04732,-2.23214,2.02661,-1.36527,-1.57080,2.62751,1.04732,-2.23214,2.02661,-1.36527,-1.57080,2.62751,0.11070
0.02,settle,1.04732,-2.23214,2.02661,-1.36527,-1.57080,2.62751,1.04732,-2.23214,2.02661,-1.36527,-1.57080,2.62751,0.11070
0.03,settle,1.04732,-2.23214,2.02661,-1.36527,-1.57080,2.62751,1.04732,-2.23214,2.02661,-1.36527,-1.57080,2.62751,0.11070
0.04,settle,1.04732,-2.23214,2.02661,-1.36527,-1.57080,2.62751,1.04732,-2.23214,2.02661,-1.36527,-1.57080,2.62751,0.11070
0.05,settle,1.04732,-2.23214,2.02661,-1.36527,-1.57080,2.62751,1.04732,-2.23214,2.02661,-1.36527,-1.57080,2.62751,0.11070
0.06,settle,1.04732,-2.23214,2.02661,-1.36527,-1.57080,2.62751,1.04732,-2.23214,2.02661,-1.36527,-1.57080,2.62751,0.11070
0.07,settle,1.04732,-2.23214,2.02661,-1.36527,-1.57080,2.62751,1.04732,-2.23214,2.02661,-1.36527,-1.57080,2.62751,0.11070
0.08,settle,1.04732,-2.23214,2.02661,-1.36527,-1.57080,2.62751,1.04732,-2.23214,2.02661,-1.36527,-1.57080,2.62751,0.11070
0.09,settle,1.04732,-2.23214,2.02661,-1.36527,-1.57080,2.62751,1.04732,-2.23214,2.02661,-1.36527,-1.57080,2.62751,0.11070
0.10,settle,1.04732,-2.23214,2.02661,-1.36527,-1.57080,2.62751,1.04732,-2.23214,2.02661,-1.36527,-1.57080,2.62751,0.11070
0.11,settle,1.04732,-2.23214,2.02661,-1.36527,-1.57080,2.62751,1.04732,-2.23214,2.02661,-1.36527,-1.57080,2.62751,0.11070
0.12,settle,1.04732,-2.23214,2.02661,-1.36527,-1.57080,2.62751,1.04732,-2.23214,2.02661,-1.36527,-1.57080,2.62751,0.11070
0.13,settle,1.04732,-2.23214,2.02661,-1.36527,-1.57080,2.62751,1.04732,-2.23214,2.02661,-1.36527,-1.57080,2.62751,0.11070
0.14,settle,1.04732,-2.23214,2.02661,-1.36527,-1.57080,2.62751,1.04732,-2.23214,2.02661,-1.36527,-1.57080,2.62751,0.11070
0.15,settle,1.04732,-2.23214,2.02661,-1.36527,-1.57080,2.62751,1.04732,-2.23214,2.02661,-1.36527,-1.57080,2.62751,0.11070
0.16,settle,1.04732,-2.23214,2.02661,-1.36527,-1.57080,2.62751,1.04732,-2.23214,2.02661,-1.36527,-1.57080,2.62751,0.11070
0.17,settle,1.04732,-2.23214,2.02661,-1.36527,-1.57080,2.62751,1.04732,-2.23214,2.02661,-1.36527,-1.57080,2.62751,0.11070
0.18,settle,1.04732,-2.23214,2.02661,-1.36527,-1.57080,2.62751,1.04732,-2.23214,2.02661,-1.36527,-1.57080,2.62751,0.11070
0.19,settle,1.04732,-2.23214,2.02661,-1.36527,-1.57080,2.62751,1.04732,-2.23214,2.02661,-1.36527,-1.57080,2.62751,0.11070
0.20,settle,1.04732,-2.23214,2.02661,-1.36527,-1.57080,2.62751,1.04732,-2.23214,2.02661,-1.36527,-1.57080,2.62751,0.11070
0.21,settle,1.04732,-2.23214,2.02661,-1.36527,-1.57080,2.62751,1.04732,-2.23214,2.02661,-1.36527,-1.57080,2.62751,0.11070
0.22,settle,1.04732,-2.23214,2.02661,-1.36527,-1.57080,2.62751,1.04732,-2.23214,2.02661,-1.36527,-1.57080,2.62751,0.11070
0.23,settle,1.04732,-2.23214,2.02661,-1.36527,-1.57080,2.62751,1.04732,-2.23214,2.02661,-1.36527,-1.57080,2.62751,0.11070
0.24,settle,1.04732,-2.23214,2.02661,-1.36527,-1.57080,2.62751,1.04732,-2.23214,2.02661,-1.36527,-1.57080,2.62751,0.11070
0.25,settle,1.04732,-2.23214,2.02661,-1.36527,-1.57080,2.62751,1.04732,-2.23214,2.02661,-1.36527,-1.57080,2.62751,0.11070
0.26,settle,1.04732,-2.23214,2.02661,-1.36527,-1.57080,2.62751,1.04732,-2.23214,2.02661,-1.36527,-1.57080,2.62751,0.11070
0.27,settle,1.04732,-2.23214,2.02661,-1.36527,-1.57080,2.62751,1.04732,-2.23214,2.02661,-1.36527,-1.57080,2.62751,0.11070
0.28,settle,1.04732,-2.23214,2.02661,-1.36527,-1.57080,2.62751,1.04732,-2.23214,2.02661,-1.36527,-1.57080,2.62751,0.11070
0.29,settle,1.04732,-2.23214,2.02661,-1.36527,-1.57080,2.62751,1.04732,-2.23214,2.02661,-1.36527,-1.57080,2.62751,0.11070
0.30,settle,1.04732,-2.23214,2.02661,-1.36527,-1.57080,2.62751,1.04732,-2.23214,2.02661,-1.36527,-1.57080,2.62751,0.11070
0.31,settle,1.04732,-2.23214,2.02661,-1.36527,-1.57080,2.62751,1.04732,-2.23214,2.02661,-1.36527,-1.57080,2.62751,0.11070
0.32,settle,1.04732,-2.23214,2.02661,-1.36527,-1.57080,2.62751,1.04732,-2.23214,2.02661,-1.36527,-1.57080,2.62751,0.11070
0.33,settle,1.04732,-2.23214,2.02661,-1.36527,-1.57080,2.62751,1.04732,-2.23214,2.02661,-1.36527,-1.57080,2.62751,0.11070
0.34,settle,1.04732,-2.23214,2.02661,-1.36527,-1.57080,2.62751,1.04732,-2.23214,2.02661,-1.36527,-1.57080,2.62751,0.11070
0.35,settle,1.04732,-2.23214,2.02661,-1.36527,-1.57080,2.62751,1.04732,-2.23214,2.02661,-1.36527,-1.57080,2.62751,0.11070
0.36,settle,1.04732,-2.23214,2.02661,-1.36527,-1.57080,2.62751,1.04732,-2.23214,2.02661,-1.36527,-1.57080,2.62751,0.11070
0.37,settle,1.04732,-2.23214,2.02661,-1.36527,-1.57080,2.62751,1.04732,-2.23214,2.02661,-1.36527,-1.57080,2.62751,0.11070
0.38,settle,1.04732,-2.23214,2.02661,-1.36527,-1.57080,2.62751,1.04732,-2.23214,2.02661,-1.36527,-1.57080,2.62751,0.11070
0.39,settle,1.04732,-2.23214,2.02661,-1.36527,-1.57080,2.62751,1.04732,-2.23214,2.02661,-1.36527,-1.57080,2.62751,0.11070
0.40,settle,1.04732,-2.23214,2.02661,-1.36527,-1.57080,2.62751,1.04732,-2.23214,2.02661,-1.36527,-1.57080,2.62751,0.11070
0.41,settle,1.04732,-2.23214,2.02661,-1.36527,-1.57080,2.62751,1.04732,-2.23214,2.02661,-1.36527,-1.57080,2.62751,0.11070
0.42,settle,1.04732,-2.23214,2.02661,-1.36527,-1.57080,2.62751,1.04732,-2.23214,2.02661,-1.36527,-1.57080,2.62751,0.11070
0.43,settle,1.04732,-2.23214,2.02661,-1.36527,-1.57080,2.62751,1.04732,-2.23214,2.02661,-1.36527,-1.57080,2.62751,0.11070
0.44,settle,1.04732,-2.23214,2.02661,-1.36527,-1.57080,2.62751,1.04732,-2.23214,2.02661,-1.36527,-1.57080,2.62751,0.11070
0.45,settle,1.04732,-2.23214,2.02661,-1.36527,-1.57080,2.62751,1.04732,-2.23214,2.02661,-1.36527,-1.57080,2.62751,0.11070
0.46,settle,1.04732,-2.23214,2.02661,-1.36527,-1.57080,2.62751,1.04732,-2.23214,2.02661,-1.36527,-1.57080,2.62751,0.11070
0.47,settle,1.04732,-2.23214,2.02661,-1.36527,-1.57080,2.62751,1.04732,-2.23214,2.02661,-1.36527,-1.57080,2.62751,0.11070
0.48,settle,1.04732,-2.23214,2.02661,-1.36527,-1.57080,2.62751,1.04732,-2.23214,2.02661,-1.36527,-1.57080,2.62751,0.11070
0.49,settle,1.04732,-2.23214,2.02661,-1.36527,-1.57080,2.62751,1.04732,-2.23214,2.02661,-1.36527,-1.57080,2.62751,0.11070
0.50,settle,1.04732,-2.23214,2.02661,-1.36527,-1.57080,2.62751,1.04732,-2.23214,2.02661,-1.36527,-1.57080,2.62751,0.11070
0.51,test_close,1.04732,-2.23214,2.02661,-1.36527,-1.57080,2.62751,1.04732,-2.23214,2.02661,-1.36527,-1.57080,2.62751,0.11070
0.52,test_close,1.04732,-2.23214,2.02661,-1.36527,-1.57080,2.62751,1.04732,-2.23214,2.02661,-1.36527,-1.57080,2.62751,0.11070
0.53,test_close,1.04732,-2.23214,2.02661,-1.36527,-1.57080,2.62751,1.04732,-2.23214,2.02661,-1.36527,-1.57080,2.62751,0.11070
0.54,test_close,1.04732,-2.23214,2.02661,-1.36527,-1.57080,2.62751,1.04732,-2.23214,2.02661,-1.36527,-1.57080,2.62751,0.11070
0.55,test_close,1.04732,-2.23214,2.02661,-1.36527,-1.57080,2.62751,1.04732,-2.23214,2.02661,-1.36527,-1.57080,2.62751,0.11070
0.56,test_close,1.04732,-2.23214,2.02661,-1.36527,-1.57080,2.62751,1.04732,-2.23214,2.02661,-1.36527,-1.57080,2.62751,0.11070
0.57,test_close,1.04732,-2.23214,2.02661,-1.36527,-1.57080,2.62751,1.04732,-2.23214,2.02661,-1.36527,-1.57080,2.62751,0.11070
0.58,test_close,1.04732,-2.23214,2.02661,-1.36527,-1.57080,2.62751,1.04732,-2.23214,2.02661,-1.36527,-1.57080,2.62751,0.11070
0.59,test_close,1.04732,-2.23214,2.02661,-1.36527,-1.57080,2.62751,1.04732,-2.23214,2.02661,-1.36527,-1.57080,2.62751,0.11070
0.60,test_close,1.04732,-2.23214,2.02661,-1.36527,-1.57080,2.62751,1.04732,-2.23214,2.02661,-1.36527,-1.57080,2.62751,0.11070
0.61,test_close,1.04732,-2.23214,2.02661,-1.36527,-1.57080,2.62751,1.04732,-2.23214,2.02661,-1.36527,-1.57080,2.62751,0.11070
0.62,test_close,1.04732,-2.23214,2.02661,-1.36527,-1.57080,2.62751,1.04732,-2.23214,2.02661,-1.36527,-1.57080,2.62751,0.11070
0.63,test_close,1.04732,-2.23214,2.02661,-1.36527,-1.57080,2.62751,1.04732,-2.23214,2.02661,-1.36527,-1.57080,2.62751,0.11070
0.64,test_close,1.04732,-2.23214,2.02661,-1.36527,-1.57080,2.62751,1.04732,-2.23214,2.02661,-1.36527,-1.57080,2.62751,0.11070
0.65,test_close,1.04732,-2.23214,2.02661,-1.36527,-1.57080,2.62751,1.04732,-2.23214,2.02661,-1.36527,-1.57080,2.62751,0.11070
0.66,test_close,1.04732,-2.23214,2.02661,-1.36527,-1.57080,2.62751,1.04732,-2.23214,2.02661,-1.36527,-1.57080,2.62751,0.11070
0.67,test_close,1.04732,-2.23214,2.02661,-1.36527,-1.57080,2.62751,1.04732,-2.23214,2.02661,-1.36527,-1.57080,2.62751,0.11070
0.68,test_close,1.04732,-2.23214,2.02661,-1.36527,-1.57080,2.62751,1.04732,-2.23214,2.02661,-1.36527,-1.57080,2.62751,0.11070
0.69,test_close,1.04732,-2.23214,2.02661,-1.36527,-1.57080,2.62751,1.04732,-2.23214,2.02661,-1.36527,-1.57080,2.62751,0.11070
0.70,test_close,1.04732,-2.23214,2.02661,-1.36527,-1.57080,2.62751,1.04732,-2.23214,2.02661,-1.36527,-1.57080,2.62751,0.11070
0.71,test_close,1.04732,-2.23214,2.02661,-1.36527,-1.57080,2.62751,1.04732,-2.23214,2.02661,-1.36527,-1.57080,2.62751,0.11070
0.72,test_close,1.04732,-2.23214,2.02661,-1.36527,-1.57080,2.62751,1.04732,-2.23214,2.02661,-1.36527,-1.57080,2.62751,0.11070
0.73,test_close,1.04732,-2.23214,2.02661,-1.36527,-1.57080,2.62751,1.04732,-2.23214,2.02661,-1.36527,-1.57080,2.62751,0.11070
0.74,test_close,1.04732,-2.23214,2.02661,-1.36527,-1.57080,2.62751,1.04732,-2.23214,2.02661,-1.36527,-1.57080,2.62751,0.11070
0.75,test_close,1.04732,-2.23214,2.02661,-1.36527,-1.57080,2.62751,1.04732,-2.23214,2.02661,-1.36527,-1.57080,2.62751,0.11070
0.76,test_close,1.04732,-2.23214,2.02661,-1.36527,-1.57080,2.62751,1.04732,-2.23214,2.02661,-1.36527,-1.57080,2.62751,0.11070
0.77,test_close,1.04732,-2.23214,2.02661,-1.36527,-1.57080,2.62751,1.04732,-2.23214,2.02661,-1.36527,-1.57080,2.62751,0.11070
0.78,test_close,1.04732,-2.23214,2.02661,-1.36527,-1.57080,2.62751,1.04732,-2.23214,2.02661,-1.36527,-1.57080,2.62751,0.11070
0.79,test_close,1.04732,-2.23214,2.02661,-1.36527,-1.57080,2.62751,1.04732,-2.23214,2.02661,-1.36527,-1.57080,2.62751,0.11070
0.80,test_close,1.04732,-2.23214,2.02661,-1.36527,-1.57080,2.62751,1.04732,-2.23214,2.02661,-1.36527,-1.57080,2.62751,0.11070
0.81,test_close,1.04732,-2.23214,2.02661,-1.36527,-1.57080,2.62751,1.04732,-2.23214,2.02661,-1.36527,-1.57080,2.62751,0.11070
0.82,test_close,1.04732,-2.23214,2.02661,-1.36527,-1.57080,2.62751,1.04732,-2.23214,2.02661,-1.36527,-1.57080,2.62751,0.11070
0.83,test_close,1.04732,-2.23214,2.02661,-1.36527,-1.57080,2.62751,1.04732,-2.23214,2.02661,-1.36527,-1.57080,2.62751,0.11070
0.84,test_close,1.04732,-2.23214,2.02661,-1.36527,-1.57080,2.62751,1.04732,-2.23214,2.02661,-1.36527,-1.57080,2.62751,0.11070
0.85,test_close,1.04732,-2.23214,2.02661,-1.36527,-1.57080,2.62751,1.04732,-2.23214,2.02661,-1.36527,-1.57080,2.62751,0.11070
0.86,test_close,1.04732,-2.23214,2.02661,-1.36527,-1.57080,2.62751,1.04732,-2.23214,2.02661,-1.36527,-1.57080,2.62751,0.11070
0.87,test_close,1.04732,-2.23214,2.02661,-1.36527,-1.57080,2.62751,1.04732,-2.23214,2.02661,-1.36527,-1.57080,2.62751,0.11070
0.88,test_close,1.04732,-2.23214,2.02661,-1.36527,-1.57080,2.62751,1.04732,-2.23214,2.02661,-1.36527,-1.57080,2.62751,0.11070
0.89,test_close,1.04732,-2.23214,2.02661,-1.36527,-1.57080,2.62751,1.04732,-2.23214,2.02661,-1.36527,-1.57080,2.62751,0.11070
0.90,test_close,1.04732,-2.23214,2.02661,-1.36527,-1.57080,2.62751,1.04732,-2.23214,2.02661,-1.36527,-1.57080,2.62751,0.11070
0.91,test_close,1.04732,-2.23214,2.02661,-1.36527,-1.57080,2.62751,1.04732,-2.23214,2.02661,-1.36527,-1.57080,2.62751,0.11070
0.92,test_close,1.04732,-2.23214,2.02661,-1.36527,-1.57080,2.62751,1.04732,-2.23214,2.02661,-1.36527,-1.57080,2.62751,0.11070
0.93,test_close,1.04732,-2.23214,2.02661,-1.36527,-1.57080,2.62751,1.04732,-2.23214,2.02661,-1.36527,-1.57080,2.62751,0.11070
0.94,test_close,1.04732,-2.23214,2.02661,-1.36527,-1.57080,2.62751,1.04732,-2.23214,2.02661,-1.36527,-1.57080,2.62751,0.11070
0.95,test_close,1.04732,-2.23214,2.02661,-1.36527,-1.57080,2.62751,1.04732,-2.23214,2.02661,-1.36527,-1.57080,2.62751,0.11070
0.96,test_close,1.04732,-2.23214,2.02661,-1.36527,-1.57080,2.62751,1.04732,-2.23214,2.02661,-1.36527,-1.57080,2.62751,0.11070
0.97,test_close,1.04732,-2.23214,2.02661,-1.36527,-1.57080,2.62751,1.04732,-2.23214,2.02661,-1.36527,-1.57080,2.62751,0.11070
0.98,test_close,1.04732,-2.23214,2.02661,-1.36527,-1.57080,2.62751,1.04732,-2.23214,2.02661,-1.36527,-1.57080,2.62751,0.11070
0.99,test_close,1.04732,-2.23214,2.02661,-1.36527,-1.57080,2.62751,1.04732,-2.23214,2.02661,-1.36527,-1.57080,2.62751,0.11070
1.00,test_close,1.04732,-2.23214,2.02661,-1.36527,-1.57080,2.62751,1.04732,-2.23214,2.02661,-1.36527,-1.57080,2.62751,0.11070
1.01,test_close,1.04732,-2.23214,2.02661,-1.36527,-1.57080,2.62751,1.04732,-2.23214,2.02661,-1.36527,-1.57080,2.62751,0.11070
1.02,test_close,1.04732,-2.23214,2.02661,-1.36527,-1.57080,2.62751,1.04732,-2.23214,2.02661,-1.36527,-1.57080,2.62751,0.11070
1.03,test_close,1.04732,-2.23214,2.02661,-1.36527,-1.57080,2.62751,1.04732,-2.23214,2.02661,-1.36527,-1.57080,2.62751,0.11070
1.04,test_close,1.04732,-2.23214,2.02661,-1.36527,-1.57080,2.62751,1.04732,-2.23214,2.02661,-1.36527,-1.57080,2.62751,0.11070
1.05,test_close,1.04732,-2.23214,2.02661,-1.36527,-1.57080,2.62751,1.04732,-2.23214,2.02661,-1.36527,-1.57080,2.62751,0.11070
1.06,test_close,1.04732,-2.23214,2.02661,-1.36527,-1.57080,2.62751,1.04732,-2.23214,2.02661,-1.36527,-1.57080,2.62751,0.11070
1.07,test_close,1.04732,-2.23214,2.02661,-1.36527,-1.57080,2.62751,1.04732,-2.23214,2.02661,-1.36527,-1.57080,2.62751,0.11070
1.08,test_close,1.04732,-2.23214,2.02661,-1.36527,-1.57080,2.62751,1.04732,-2.23214,2.02661,-1.36527,-1.57080,2.62751,0.11070
1.09,test_close,1.04732,-2.23214,2.02661,-1.36527,-1.57080,2.62751,1.04732,-2.23214,2.02661,-1.36527,-1.57080,2.62751,0.11070
1.10,test_close,1.04732,-2.23214,2.02661,-1.36527,-1.57080,2.62751,1.04732,-2.23214,2.02661,-1.36527,-1.57080,2.62751,0.11070
1.11,test_close,1.04732,-2.23214,2.02661,-1.36527,-1.57080,2.62751,1.04732,-2.23214,2.02661,-1.36527,-1.57080,2.62751,0.11070
1.12,test_close,1.04732,-2.23214,2.02661,-1.36527,-1.57080,2.62751,1.04732,-2.23214,2.02661,-1.36527,-1.57080,2.62751,0.11070
1.13,test_close,1.04732,-2.23214,2.02661,-1.36527,-1.57080,2.62751,1.04732,-2.23214,2.02661,-1.36527,-1.57080,2.62751,0.11070
1.14,test_close,1.04732,-2.23214,2.02661,-1.36527,-1.57080,2.62751,1.04732,-2.23214,2.02661,-1.36527,-1.57080,2.62751,0.11070
1.15,test_close,1.04732,-2.23214,2.02661,-1.36527,-1.57080,2.62751,1.04732,-2.23214,2.02661,-1.36527,-1.57080,2.62751,0.11070
1.16,test_close,1.04732,-2.23214,2.02661,-1.36527,-1.57080,2.62751,1.04732,-2.23214,2.02661,-1.36527,-1.57080,2.62751,0.11070
1.17,test_close,1.04732,-2.23214,2.02661,-1.36527,-1.57080,2.62751,1.04732,-2.23214,2.02661,-1.36527,-1.57080,2.62751,0.11070
1.18,test_close,1.04732,-2.23214,2.02661,-1.36527,-1.57080,2.62751,1.04732,-2.23214,2.02661,-1.36527,-1.57080,2.62751,0.11070
1.19,test_close,1.04732,-2.23214,2.02661,-1.36527,-1.57080,2.62751,1.04732,-2.23214,2.02661,-1.36527,-1.57080,2.62751,0.11070
1.20,test_close,1.04732,-2.23214,2.02661,-1.36527,-1.57080,2.62751,1.04732,-2.23214,2.02661,-1.36527,-1.57080,2.62751,0.11070
1.21,test_close,1.04732,-2.23214,2.02661,-1.36527,-1.57080,2.62751,1.04732,-2.23214,2.02661,-1.36527,-1.57080,2.62751,0.11070
1.22,test_close,1.04732,-2.23214,2.02661,-1.36527,-1.57080,2.62751,1.04732,-2.23214,2.02661,-1.36527,-1.57080,2.62751,0.11070
1.23,test_close,1.04732,-2.23214,2.02661,-1.36527,-1.57080,2.62751,1.04732,-2.23214,2.02661,-1.36527,-1.57080,2.62751,0.11070
1.24,test_close,1.04732,-2.23214,2.02661,-1.36527,-1.57080,2.62751,1.04732,-2.23214,2.02661,-1.36527,-1.57080,2.62751,0.11070
1.25,test_close,1.04732,-2.23214,2.02661,-1.36527,-1.57080,2.62751,1.04732,-2.23214,2.02661,-1.36527,-1.57080,2.62751,0.11070
1.26,test_close,1.04732,-2.23214,2.02661,-1.36527,-1.57080,2.62751,1.04732,-2.23214,2.02661,-1.36527,-1.57080,2.62751,0.11070
1.27,test_close,1.04732,-2.23214,2.02661,-1.36527,-1.57080,2.62751,1.04732,-2.23214,2.02661,-1.36527,-1.57080,2.62751,0.11070
1.28,test_close,1.04732,-2.23214,2.02661,-1.36527,-1.57080,2.62751,1.04732,-2.23214,2.02661,-1.36527,-1.57080,2.62751,0.11070
1.29,test_close,1.04732,-2.23214,2.02661,-1.36527,-1.57080,2.62751,1.04732,-2.23214,2.02661,-1.36527,-1.57080,2.62751,0.11070
1.30,test_close,1.04732,-2.23214,2.02661,-1.36527,-1.57080,2.62751,1.04732,-2.23214,2.02661,-1.36527,-1.57080,2.62751,0.11070
1.31,test_open,1.04732,-2.23214,2.02661,-1.36527,-1.57080,2.62751,1.04732,-2.23214,2.02661,-1.36527,-1.57080,2.62751,0.11070
1.32,test_open,1.04732,-2.23214,2.02661,-1.36527,-1.57080,2.62751,1.04732,-2.23214,2.02661,-1.36527,-1.57080,2.62751,0.11070
1.33,test_open,1.04732,-2.23214,2.02661,-1.36527,-1.57080,2.62751,1.04732,-2.23214,2.02661,-1.36527,-1.57080,2.62751,0.11070
1.34,test_open,1.04732,-2.23214,2.02661,-1.36527,-1.57080,2.62751,1.04732,-2.23214,2.02661,-1.36527,-1.57080,2.62751,0.11070
1.35,test_open,1.04732,-2.23214,2.02661,-1.36527,-1.57080,2.62751,1.04732,-2.23214,2.02661,-1.36527,-1.57080,2.62751,0.11070
1.36,test_open,1.04732,-2.23214,2.02661,-1.36527,-1.57080,2.62751,1.04732,-2.23214,2.02661,-1.36527,-1.57080,2.62751,0.11070
1.37,test_open,1.04732,-2.23214,2.02661,-1.36527,-1.57080,2.62751,1.04732,-2.23214,2.02661,-1.36527,-1.57080,2.62751,0.11070
1.38,test_open,1.04732,-2.23214,2.02661,-1.36527,-1.57080,2.62751,1.04732,-2.23214,2.02661,-1.36527,-1.57080,2.62751,0.11070
1.39,test_open,1.04732,-2.23214,2.02661,-1.36527,-1.57080,2.62751,1.04732,-2.23214,2.02661,-1.36527,-1.57080,2.62751,0.11070
1.40,test_open,1.04732,-2.23214,2.02661,-1.36527,-1.57080,2.62751,1.04732,-2.23214,2.02661,-1.36527,-1.57080,2.62751,0.11070
1.41,test_open,1.04732,-2.23214,2.02661,-1.36527,-1.57080,2.62751,1.04732,-2.23214,2.02661,-1.36527,-1.57080,2.62751,0.11070
1.42,test_open,1.04732,-2.23214,2.02661,-1.36527,-1.57080,2.62751,1.04732,-2.23214,2.02661,-1.36527,-1.57080,2.62751,0.11070
1.43,test_open,1.04732,-2.23214,2.02661,-1.36527,-1.57080,2.62751,1.04732,-2.23214,2.02661,-1.36527,-1.57080,2.62751,0.11070
1.44,test_open,1.04732,-2.23214,2.02661,-1.36527,-1.57080,2.62751,1.04732,-2.23214,2.02661,-1.36527,-1.57080,2.62751,0.11070
1.45,test_open,1.04732,-2.23214,2.02661,-1.36527,-1.57080,2.62751,1.04732,-2.23214,2.02661,-1.36527,-1.57080,2.62751,0.11070
1.46,test_open,1.04732,-2.23214,2.02661,-1.36527,-1.57080,2.62751,1.04732,-2.23214,2.02661,-1.36527,-1.57080,2.62751,0.11070
1.47,test_open,1.04732,-2.23214,2.02661,-1.36527,-1.57080,2.62751,1.04732,-2.23214,2.02661,-1.36527,-1.57080,2.62751,0.11070
1.48,test_open,1.04732,-2.23214,2.02661,-1.36527,-1.57080,2.62751,1.04732,-2.23214,2.02661,-1.36527,-1.57080,2.62751,0.11070
1.49,test_open,1.04732,-2.23214,2.02661,-1.36527,-1.57080,2.62751,1.04732,-2.23214,2.02661,-1.36527,-1.57080,2.62751,0.11070
1.50,test_open,1.04732,-2.23214,2.02661,-1.36527,-1.57080,2.62751,1.04732,-2.23214,2.02661,-1.36527,-1.57080,2.62751,0.11070
1.51,test_open,1.04732,-2.23214,2.02661,-1.36527,-1.57080,2.62751,1.04732,-2.23214,2.02661,-1.36527,-1.57080,2.62751,0.11070
1.52,test_open,1.04732,-2.23214,2.02661,-1.36527,-1.57080,2.62751,1.04732,-2.23214,2.02661,-1.36527,-1.57080,2.62751,0.11070
1.53,test_open,1.04732,-2.23214,2.02661,-1.36527,-1.57080,2.62751,1.04732,-2.23214,2.02661,-1.36527,-1.57080,2.62751,0.11070
1.54,test_open,1.04732,-2.23214,2.02661,-1.36527,-1.57080,2.62751,1.04732,-2.23214,2.02661,-1.36527,-1.57080,2.62751,0.11070
1.55,test_open,1.04732,-2.23214,2.02661,-1.36527,-1.57080,2.62751,1.04732,-2.23214,2.02661,-1.36527,-1.57080,2.62751,0.11070
1.56,test_open,1.04732,-2.23214,2.02661,-1.36527,-1.57080,2.62751,1.04732,-2.23214,2.02661,-1.36527,-1.57080,2.62751,0.11070
1.57,test_open,1.04732,-2.23214,2.02661,-1.36527,-1.57080,2.62751,1.04732,-2.23214,2.02661,-1.36527,-1.57080,2.62751,0.11070
1.58,test_open,1.04732,-2.23214,2.02661,-1.36527,-1.57080,2.62751,1.04732,-2.23214,2.02661,-1.36527,-1.57080,2.62751,0.11070
1.59,test_open,1.04732,-2.23214,2.02661,-1.36527,-1.57080,2.62751,1.04732,-2.23214,2.02661,-1.36527,-1.57080,2.62751,0.11070
1.60,test_open,1.04732,-2.23214,2.02661,-1.36527,-1.57080,2.62751,1.04732,-2.23214,2.02661,-1.36527,-1.57080,2.62751,0.11070
1.61,test_open,1.04732,-2.23214,2.02661,-1.36527,-1.57080,2.62751,1.04732,-2.23214,2.02661,-1.36527,-1.57080,2.62751,0.11070
1.62,test_open,1.04732,-2.23214,2.02661,-1.36527,-1.57080,2.62751,1.04732,-2.23214,2.02661,-1.36527,-1.57080,2.62751,0.11070
1.63,test_open,1.04732,-2.23214,2.02661,-1.36527,-1.57080,2.62751,1.04732,-2.23214,2.02661,-1.36527,-1.57080,2.62751,0.11070
1.64,test_open,1.04732,-2.23214,2.02661,-1.36527,-1.57080,2.62751,1.04732,-2.23214,2.02661,-1.36527,-1.57080,2.62751,0.11070
1.65,test_open,1.04732,-2.23214,2.02661,-1.36527,-1.57080,2.62751,1.04732,-2.23214,2.02661,-1.36527,-1.57080,2.62751,0.11070
1.66,test_open,1.04732,-2.23214,2.02661,-1.36527,-1.57080,2.62751,1.04732,-2.23214,2.02661,-1.36527,-1.57080,2.62751,0.11070
1.67,test_open,1.04732,-2.23214,2.02661,-1.36527,-1.57080,2.62751,1.04732,-2.23214,2.02661,-1.36527,-1.57080,2.62751,0.11070
1.68,test_open,1.04732,-2.23214,2.02661,-1.36527,-1.57080,2.62751,1.04732,-2.23214,2.02661,-1.36527,-1.57080,2.62751,0.11070
1.69,test_open,1.04732,-2.23214,2.02661,-1.36527,-1.57080,2.62751,1.04732,-2.23214,2.02661,-1.36527,-1.57080,2.62751,0.11070
1.70,test_open,1.04732,-2.23214,2.02661,-1.36527,-1.57080,2.62751,1.04732,-2.23214,2.02661,-1.36527,-1.57080,2.62751,0.11070
1.71,test_open,1.04732,-2.23214,2.02661,-1.36527,-1.57080,2.62751,1.04732,-2.23214,2.02661,-1.36527,-1.57080,2.62751,0.11070
1.72,test_open,1.04732,-2.23214,2.02661,-1.36527,-1.57080,2.62751,1.04732,-2.23214,2.02661,-1.36527,-1.57080,2.62751,0.11070
1.73,test_open,1.04732,-2.23214,2.02661,-1.36527,-1.57080,2.62751,1.04732,-2.23214,2.02661,-1.36527,-1.57080,2.62751,0.11070
1.74,test_open,1.04732,-2.23214,2.02661,-1.36527,-1.57080,2.62751,1.04732,-2.23214,2.02661,-1.36527,-1.57080,2.62751,0.11070
1.75,test_open,1.04732,-2.23214,2.02661,-1.36527,-1.57080,2.62751,1.04732,-2.23214,2.02661,-1.36527,-1.57080,2.62751,0.11070
1.76,test_open,1.04732,-2.23214,2.02661,-1.36527,-1.57080,2.62751,1.04732,-2.23214,2.02661,-1.36527,-1.57080,2.62751,0.11070
1.77,test_open,1.04732,-2.23214,2.02661,-1.36527,-1.57080,2.62751,1.04732,-2.23214,2.02661,-1.36527,-1.57080,2.62751,0.11070
1.78,test_open,1.04732,-2.23214,2.02661,-1.36527,-1.57080,2.62751,1.04732,-2.23214,2.02661,-1.36527,-1.57080,2.62751,0.11070
1.79,test_open,1.04732,-2.23214,2.02661,-1.36527,-1.57080,2.62751,1.04732,-2.23214,2.02661,-1.36527,-1.57080,2.62751,0.11070
1.80,test_open,1.04732,-2.23214,2.02661,-1.36527,-1.57080,2.62751,1.04732,-2.23214,2.02661,-1.36527,-1.57080,2.62751,0.11070
1.81,test_open,1.04732,-2.23214,2.02661,-1.36527,-1.57080,2.62751,1.04732,-2.23214,2.02661,-1.36527,-1.57080,2.62751,0.11070
1.82,test_open,1.04732,-2.23214,2.02661,-1.36527,-1.57080,2.62751,1.04732,-2.23214,2.02661,-1.36527,-1.57080,2.62751,0.11070
1.83,test_open,1.04732,-2.23214,2.02661,-1.36527,-1.57080,2.62751,1.04732,-2.23214,2.02661,-1.36527,-1.57080,2.62751,0.11070
1.84,test_open,1.04732,-2.23214,2.02661,-1.36527,-1.57080,2.62751,1.04732,-2.23214,2.02661,-1.36527,-1.57080,2.62751,0.11070
1.85,test_open,1.04732,-2.23214,2.02661,-1.36527,-1.57080,2.62751,1.04732,-2.23214,2.02661,-1.36527,-1.57080,2.62751,0.11070
1.86,test_open,1.04732,-2.23214,2.02661,-1.36527,-1.57080,2.62751,1.04732,-2.23214,2.02661,-1.36527,-1.57080,2.62751,0.11070
1.87,test_open,1.04732,-2.23214,2.02661,-1.36527,-1.57080,2.62751,1.04732,-2.23214,2.02661,-1.36527,-1.57080,2.62751,0.11070
1.88,test_open,1.04732,-2.23214,2.02661,-1.36527,-1.57080,2.62751,1.04732,-2.23214,2.02661,-1.36527,-1.57080,2.62751,0.11070
1.89,test_open,1.04732,-2.23214,2.02661,-1.36527,-1.57080,2.62751,1.04732,-2.23214,2.02661,-1.36527,-1.57080,2.62751,0.11070
1.90,test_open,1.04732,-2.23214,2.02661,-1.36527,-1.57080,2.62751,1.04732,-2.23214,2.02661,-1.36527,-1.57080,2.62751,0.11070
1.91,test_open,1.04732,-2.23214,2.02661,-1.36527,-1.57080,2.62751,1.04732,-2.23214,2.02661,-1.36527,-1.57080,2.62751,0.11070
1.92,test_open,1.04732,-2.23214,2.02661,-1.36527,-1.57080,2.62751,1.04732,-2.23214,2.02661,-1.36527,-1.57080,2.62751,0.11070
1.93,test_open,1.04732,-2.23214,2.02661,-1.36527,-1.57080,2.62751,1.04732,-2.23214,2.02661,-1.36527,-1.57080,2.62751,0.11070
1.94,test_open,1.04732,-2.23214,2.02661,-1.36527,-1.57080,2.62751,1.04732,-2.23214,2.02661,-1.36527,-1.57080,2.62751,0.11070
1.95,test_open,1.04732,-2.23214,2.02661,-1.36527,-1.57080,2.62751,1.04732,-2.23214,2.02661,-1.36527,-1.57080,2.62751,0.11070
1.96,test_open,1.04732,-2.23214,2.02661,-1.36527,-1.57080,2.62751,1.04732,-2.23214,2.02661,-1.36527,-1.57080,2.62751,0.11070
1.97,test_open,1.04732,-2.23214,2.02661,-1.36527,-1.57080,2.62751,1.04732,-2.23214,2.02661,-1.36527,-1.57080,2.62751,0.11070
1.98,test_open,1.04732,-2.23214,2.02661,-1.36527,-1.57080,2.62751,1.04732,-2.23214,2.02661,-1.36527,-1.57080,2.62751,0.11070
1.99,test_open,1.04732,-2.23214,2.02661,-1.36527,-1.57080,2.62751,1.04732,-2.23214,2.02661,-1.36527,-1.57080,2.62751,0.11070
2.00,test_open,1.04732,-2.23214,2.02661,-1.36527,-1.57080,2.62751,1.04732,-2.23214,2.02661,-1.36527,-1.57080,2.62751,0.11070
2.01,test_open,1.04732,-2.23214,2.02661,-1.36527,-1.57080,2.62751,1.04732,-2.23214,2.02661,-1.36527,-1.57080,2.62751,0.11070
2.02,test_open,1.04732,-2.23214,2.02661,-1.36527,-1.57080,2.62751,1.04732,-2.23214,2.02661,-1.36527,-1.57080,2.62751,0.11070
2.03,test_open,1.04732,-2.23214,2.02661,-1.36527,-1.57080,2.62751,1.04732,-2.23214,2.02661,-1.36527,-1.57080,2.62751,0.11070
2.04,test_open,1.04732,-2.23214,2.02661,-1.36527,-1.57080,2.62751,1.04732,-2.23214,2.02661,-1.36527,-1.57080,2.62751,0.11070
2.05,test_open,1.04732,-2.23214,2.02661,-1.36527,-1.57080,2.62751,1.04732,-2.23214,2.02661,-1.36527,-1.57080,2.62751,0.11070
2.06,test_open,1.04732,-2.23214,2.02661,-1.36527,-1.57080,2.62751,1.04732,-2.23214,2.02661,-1.36527,-1.57080,2.62751,0.11070
2.07,test_open,1.04732,-2.23214,2.02661,-1.36527,-1.57080,2.62751,1.04732,-2.23214,2.02661,-1.36527,-1.57080,2.62751,0.11070
2.08,test_open,1.04732,-2.23214,2.02661,-1.36527,-1.57080,2.62751,1.04732,-2.23214,2.02661,-1.36527,-1.57080,2.62751,0.11070
2.09,test_open,1.04732,-2.23214,2.02661,-1.36527,-1.57080,2.62751,1.04732,-2.23214,2.02661,-1.36527,-1.57080,2.62751,0.11070
2.10,test_open,1.04732,-2.23214,2.02661,-1.36527,-1.57080,2.62751,1.04732,-2.23214,2.02661,-1.36527,-1.57080,2.62751,0.11070
2.11,pregrasp,1.04146,-2.23181,2.01221,-1.36803,-1.56170,2.62938,1.04691,-2.23202,2.02577,-1.36547,-1.56973,2.62773,0.11070
2.12,pregrasp,1.03560,-2.23148,1.99781,-1.37079,-1.55260,2.63125,1.04586,-2.23177,2.02349,-1.36596,-1.56772,2.62814,0.11070
2.13,pregrasp,1.02974,-2.23115,1.98341,-1.37355,-1.54350,2.63312,1.04420,-2.23144,2.01976,-1.36671,-1.56487,2.62872,0.11070
2.14,pregrasp,1.02389,-2.23082,1.96901,-1.37631,-1.53439,2.63499,1.04202,-2.23107,2.01471,-1.36772,-1.56129,2.62946,0.11070
2.15,pregrasp,1.01803,-2.23049,1.95461,-1.37907,-1.52529,2.63686,1.03937,-2.23071,2.00849,-1.36894,-1.55707,2.63032,0.11070
2.16,pregrasp,1.01217,-2.23016,1.94021,-1.38183,-1.51619,2.63873,1.03633,-2.23035,2.00123,-1.37035,-1.55227,2.63131,0.11070
2.17,pregrasp,1.00631,-2.22983,1.92581,-1.38459,-1.50709,2.64060,1.03293,-2.23000,1.99307,-1.37193,-1.54697,2.63240,0.11070
2.18,pregrasp,1.00045,-2.22950,1.91141,-1.38735,-1.49799,2.64246,1.02923,-2.22967,1.98411,-1.37366,-1.54123,2.63358,0.11070
2.19,pregrasp,0.99459,-2.22917,1.89701,-1.39011,-1.48889,2.64433,1.02526,-2.22934,1.97446,-1.37552,-1.53509,2.63484,0.11070
2.20,pregrasp,0.98873,-2.22884,1.88261,-1.39287,-1.47979,2.64620,1.02105,-2.22903,1.96420,-1.37749,-1.52860,2.63617,0.11070
2.21,pregrasp,0.98287,-2.22851,1.86821,-1.39563,-1.47069,2.64807,1.01664,-2.22872,1.95341,-1.37956,-1.52181,2.63757,0.11070
2.22,pregrasp,0.97701,-2.22818,1.85381,-1.39839,-1.46159,2.64994,1.01205,-2.22841,1.94217,-1.38171,-1.51475,2.63902,0.11070
2.23,pregrasp,0.97115,-2.22785,1.83941,-1.40115,-1.45249,2.65181,1.00730,-2.22810,1.93052,-1.38394,-1.50745,2.64052,0.11070
2.24,pregrasp,0.96529,-2.22752,1.82501,-1.40391,-1.44339,2.65368,1.00242,-2.22780,1.91851,-1.38624,-1.49994,2.64206,0.11070
2.25,pregrasp,0.95943,-2.22719,1.81061,-1.40667,-1.43429,2.65555,0.99741,-2.22749,1.90621,-1.38860,-1.49224,2.64365,0.11070
2.26,pregrasp,0.95357,-2.22686,1.79621,-1.40943,-1.42519,2.65742,0.99229,-2.22718,1.89363,-1.39100,-1.48438,2.64526,0.11070
2.27,pregrasp,0.94771,-2.22653,1.78181,-1.41219,-1.41609,2.65929,0.98709,-2.22687,1.88082,-1.39345,-1.47637,2.64691,0.11070
2.28,pregrasp,0.94185,-2.22620,1.76741,-1.41495,-1.40698,2.66116,0.98180,-2.22656,1.86781,-1.39594,-1.46823,2.64858,0.11070
2.29,pregrasp,0.93599,-2.22587,1.75301,-1.41770,-1.39788,2.66303,0.97643,-2.22625,1.85462,-1.39846,-1.45998,2.65027,0.11070
2.30,pregrasp,0.93013,-2.22554,1.73861,-1.42046,-1.38878,2.66490,0.97101,-2.22593,1.84128,-1.40102,-1.45164,2.65199,0.11070
2.31,pregrasp,0.92427,-2.22521,1.72421,-1.42322,-1.37968,2.66677,0.96553,-2.22561,1.82780,-1.40360,-1.44320,2.65372,0.11070
2.32,pregrasp,0.91841,-2.22488,1.70981,-1.42598,-1.37058,2.66864,0.96000,-2.22529,1.81421,-1.40620,-1.43469,2.65547,0.11070
2.33,pregrasp,0.91255,-2.22455,1.69541,-1.42874,-1.36148,2.67051,0.95443,-2.22497,1.80051,-1.40882,-1.42610,2.65724,0.11070
2.34,pregrasp,0.90669,-2.22422,1.68101,-1.43150,-1.35238,2.67238,0.94883,-2.22464,1.78672,-1.41146,-1.41746,2.65901,0.11070
2.35,pregrasp,0.90083,-2.22389,1.66661,-1.43426,-1.34328,2.67425,0.94319,-2.22431,1.77286,-1.41411,-1.40877,2.66080,0.11070
2.36,pregrasp,0.89497,-2.22356,1.65221,-1.43702,-1.33418,2.67612,0.93752,-2.22398,1.75892,-1.41678,-1.40002,2.66260,0.11070
2.37,pregrasp,0.88911,-2.22323,1.63781,-1.43978,-1.32508,2.67799,0.93182,-2.22365,1.74493,-1.41945,-1.39124,2.66440,0.11070
2.38,pregrasp,0.88325,-2.22290,1.62341,-1.44254,-1.31598,2.67986,0.92611,-2.22331,1.73088,-1.42214,-1.38242,2.66621,0.11070
2.39,pregrasp,0.87739,-2.22257,1.60901,-1.44530,-1.30688,2.68173,0.92038,-2.22298,1.71679,-1.42484,-1.37356,2.66803,0.11070
2.40,pregrasp,0.87153,-2.22224,1.59461,-1.44806,-1.29778,2.68359,0.91463,-2.22264,1.70266,-1.42755,-1.36468,2.66986,0.11070
2.41,pregrasp,0.86567,-2.22191,1.58021,-1.45082,-1.28868,2.68546,0.90886,-2.22230,1.68850,-1.43026,-1.35577,2.67169,0.11070
2.42,pregrasp,0.85981,-2.22158,1.56581,-1.45358,-1.27957,2.68733,0.90308,-2.22196,1.67430,-1.43298,-1.34684,2.67352,0.11070
2.43,pregrasp,0.85395,-2.22125,1.55141,-1.45634,-1.27047,2.68920,0.89729,-2.22162,1.66008,-1.43570,-1.33789,2.67536,0.11070
2.44,pregrasp,0.84809,-2.22092,1.53701,-1.45910,-1.26137,2.69107,0.89149,-2.22127,1.64583,-1.43843,-1.32893,2.67721,0.11070
2.45,pregrasp,0.84223,-2.22059,1.52261,-1.46186,-1.25227,2.69294,0.88569,-2.22093,1.63157,-1.44116,-1.31994,2.67905,0.11070
2.46,pregrasp,0.83637,-2.22026,1.50820,-1.46462,-1.24317,2.69481,0.87987,-2.22058,1.61729,-1.44389,-1.31095,2.68090,0.11070
2.47,pregrasp,0.83052,-2.21993,1.49380,-1.46738,-1.23407,2.69668,0.87405,-2.22024,1.60299,-1.44663,-1.30194,2.68275,0.11070
2.48,pregrasp,0.82466,-2.21960,1.47940,-1.47014,-1.22497,2.69855,0.86822,-2.21989,1.58868,-1.44937,-1.29292,2.68460,0.11070
2.49,pregrasp,0.81880,-2.21927,1.46500,-1.47290,-1.21587,2.70042,0.86239,-2.21954,1.57436,-1.45211,-1.28389,2.68646,0.11070
2.50,pregrasp,0.81294,-2.21894,1.45060,-1.47566,-1.20677,2.70229,0.85656,-2.21919,1.56002,-1.45486,-1.27486,2.68832,0.11070
2.51,pregrasp,0.80708,-2.21861,1.43620,-1.47842,-1.19767,2.70416,0.85072,-2.21885,1.54568,-1.45760,-1.26581,2.69018,0.11070
2.52,pregrasp,0.80122,-2.21828,1.42180,-1.48118,-1.18857,2.70603,0.84487,-2.21850,1.53133,-1.46035,-1.25676,2.69203,0.11070
2.53,pregrasp,0.79536,-2.21795,1.40740,-1.48394,-1.17947,2.70790,0.83903,-2.21815,1.51698,-1.46310,-1.24771,2.69389,0.11070
2.54,pregrasp,0.78950,-2.21762,1.39300,-1.48670,-1.17037,2.70977,0.83318,-2.21780,1.50262,-1.46585,-1.23865,2.69576,0.11070
2.55,pregrasp,0.78364,-2.21729,1.37860,-1.48946,-1.16126,2.71164,0.82733,-2.21745,1.48825,-1.46860,-1.22958,2.69762,0.11070
2.56,pregrasp,0.77778,-2.21696,1.36420,-1.49222,-1.15216,2.71351,0.82148,-2.21710,1.47388,-1.47136,-1.22051,2.69948,0.11070
2.57,pregrasp,0.77192,-2.21663,1.34980,-1.49497,-1.14306,2.71538,0.81563,-2.21675,1.45950,-1.47411,-1.21144,2.70135,0.11070
2.58,pregrasp,0.76606,-2.21630,1.33540,-1.49773,-1.13396,2.71725,0.80977,-2.21640,1.44512,-1.47686,-1.20237,2.70321,0.11070
2.59,pregrasp,0.76020,-2.21597,1.32100,-1.50049,-1.12486,2.71912,0.80392,-2.21605,1.43074,-1.47962,-1.19329,2.70508,0.11070
2.60,pregrasp,0.75434,-2.21564,1.30660,-1.50325,-1.11576,2.72099,0.79806,-2.21570,1.41636,-1.48237,-1.18421,2.70695,0.11070
2.61,pregrasp,0.74848,-2.21531,1.29220,-1.50601,-1.10666,2.72286,0.79220,-2.21535,1.40197,-1.48513,-1.17513,2.70881,0.11070
2.62,pregrasp,0.74262,-2.21498,1.27780,-1.50877,-1.09756,2.72472,0.78635,-2.21500,1.38758,-1.48789,-1.16604,2.71068,0.11070
2.63,pregrasp,0.73676,-2.21465,1.26340,-1.51153,-1.08846,2.72659,0.78049,-2.21465,1.37319,-1.49064,-1.15696,2.71254,0.11070
2.64,pregrasp,0.73090,-2.21432,1.24900,-1.51429,-1.07936,2.72846,0.77463,-2.21430,1.35880,-1.49340,-1.14787,2.71441,0.11070
2.65,pregrasp,0.72504,-2.21399,1.23460,-1.51705,-1.07026,2.73033,0.76877,-2.21395,1.34441,-1.49616,-1.13878,2.71628,0.11070
2.66,pregrasp,0.71918,-2.21366,1.22020,-1.51981,-1.06116,2.73220,0.76291,-2.21360,1.33001,-1.49891,-1.12969,2.71815,0.11070
2.67,pregrasp,0.71332,-2.21333,1.20580,-1.52257,-1.05206,2.73407,0.75706,-2.21325,1.31561,-1.50167,-1.12060,2.72001,0.11070
2.68,pregrasp,0.70746,-2.21300,1.19140,-1.52533,-1.04296,2.73594,0.75120,-2.21290,1.30122,-1.50443,-1.11151,2.72188,0.11070
2.69,pregrasp,0.70160,-2.21267,1.17700,-1.52809,-1.03385,2.73781,0.74534,-2.21255,1.28682,-1.50719,-1.10242,2.72375,0.11070
2.70,pregrasp,0.69574,-2.21234,1.16260,-1.53085,-1.02475,2.73968,0.73948,-2.21220,1.27242,-1.50994,-1.09332,2.72562,0.11070
2.71,pregrasp,0.68988,-2.21201,1.14820,-1.53361,-1.01565,2.74155,0.73362,-2.21185,1.25802,-1.51270,-1.08423,2.72749,0.11070
2.72,pregrasp,0.68402,-2.21168,1.13380,-1.53637,-1.00655,2.74342,0.72777,-2.21150,1.24363,-1.51546,-1.07514,2.72935,0.11070
2.73,pregrasp,0.67816,-2.21136,1.11940,-1.53913,-0.99745,2.74529,0.72191,-2.21115,1.22922,-1.51822,-1.06604,2.73122,0.11070
2.74,pregrasp,0.67230,-2.21103,1.10500,-1.54189,-0.98835,2.74716,0.71605,-2.21081,1.21482,-1.52098,-1.05695,2.73309,0.11070
2.75,pregrasp,0.66644,-2.21070,1.09060,-1.54465,-0.97925,2.74903,0.71020,-2.21046,1.20042,-1.52374,-1.04785,2.73496,0.11070
2.76,pregrasp,0.66058,-2.21037,1.07620,-1.54741,-0.97015,2.75090,0.70434,-2.21011,1.18602,-1.52649,-1.03876,2.73683,0.11070
2.77,pregrasp,0.65472,-2.21004,1.06180,-1.55017,-0.96105,2.75277,0.69849,-2.20976,1.17162,-1.52925,-1.02966,2.73870,0.11070
2.78,pregrasp,0.64886,-2.20971,1.04740,-1.55293,-0.95195,2.75464,0.69263,-2.20942,1.15722,-1.53201,-1.02056,2.74057,0.11070
2.79,pregrasp,0.64300,-2.20938,1.03300,-1.55569,-0.94285,2.75651,0.68678,-2.20907,1.14282,-1.53477,-1.01147,2.74244,0.11070
2.80,pregrasp,0.63715,-2.20905,1.01860,-1.55845,-0.93375,2.75838,0.68092,-2.20872,1.12842,-1.53753,-1.00237,2.74431,0.11070
2.81,pregrasp,0.63129,-2.20872,1.00420,-1.56121,-0.92465,2.76025,0.67507,-2.20838,1.11401,-1.54029,-0.99327,2.74618,0.11070
2.82,pregrasp,0.62543,-2.20839,0.98980,-1.56397,-0.91555,2.76212,0.66922,-2.20803,1.09961,-1.54304,-0.98418,2.74804,0.11070
2.83,pregrasp,0.61957,-2.20806,0.97540,-1.56673,-0.90644,2.76399,0.66337,-2.20769,1.08521,-1.54580,-0.97508,2.74991,0.11070
2.84,pregrasp,0.61371,-2.20773,0.96100,-1.56949,-0.89734,2.76585,0.65752,-2.20734,1.07081,-1.54856,-0.96598,2.75178,0.11070
2.85,pregrasp,0.60785,-2.20740,0.94660,-1.57225,-0.88824,2.76772,0.65166,-2.20700,1.05641,-1.55132,-0.95688,2.75365,0.11070
2.86,pregrasp,0.60199,-2.20707,0.93220,-1.57500,-0.87914,2.76959,0.64581,-2.20666,1.04200,-1.55408,-0.94779,2.75552,0.11070
2.87,pregrasp,0.59613,-2.20674,0.91780,-1.57776,-0.87004,2.77146,0.63996,-2.20631,1.02760,-1.55684,-0.93869,2.75739,0.11070
2.88,pregrasp,0.59027,-2.20641,0.90340,-1.58052,-0.86094,2.77333,0.63412,-2.20597,1.01320,-1.55960,-0.92959,2.75926,0.11070
2.89,pregrasp,0.58441,-2.20608,0.88900,-1.58328,-0.85184,2.77520,0.62827,-2.20563,0.99879,-1.56235,-0.92049,2.76113,0.11070
2.90,pregrasp,0.57855,-2.20575,0.87460,-1.58604,-0.84274,2.77707,0.62242,-2.20529,0.98439,-1.56511,-0.91139,2.76300,0.11070
2.91,pregrasp,0.57269,-2.20542,0.86020,-1.58880,-0.83364,2.77894,0.61657,-2.20495,0.96999,-1.56787,-0.90229,2.76487,0.11070
2.92,pregrasp,0.56683,-2.20509,0.84580,-1.59156,-0.82454,2.78081,0.61073,-2.20461,0.95558,-1.57063,-0.89320,2.76674,0.11070
2.93,pregrasp,0.56097,-2.20476,0.83140,-1.59432,-0.81544,2.78268,0.60488,-2.20427,0.94118,-1.57339,-0.88410,2.76861,0.11070
2.94,pregrasp,0.55511,-2.20443,0.81700,-1.59708,-0.80634,2.78455,0.59904,-2.20393,0.92678,-1.57615,-0.87500,2.77048,0.11070
2.95,pregrasp,0.54925,-2.20410,0.80260,-1.59984,-0.79724,2.78642,0.59319,-2.20359,0.91238,-1.57890,-0.86590,2.77235,0.11070
2.96,pregrasp,0.54339,-2.20377,0.78820,-1.60260,-0.78814,2.78829,0.58735,-2.20325,0.89797,-1.58166,-0.85680,2.77422,0.11070
2.97,pregrasp,0.53753,-2.20344,0.77380,-1.60536,-0.77903,2.79016,0.58150,-2.20291,0.88357,-1.58442,-0.84770,2.77609,0.11070
2.98,pregrasp,0.53167,-2.20311,0.75940,-1.60812,-0.76993,2.79203,0.57566,-2.20257,0.86917,-1.58718,-0.83860,2.77795,0.11070
2.99,pregrasp,0.52581,-2.20278,0.74500,-1.61088,-0.76083,2.79390,0.56982,-2.20223,0.85476,-1.58994,-0.82950,2.77982,0.11070
3.00,pregrasp,0.51995,-2.20245,0.73060,-1.61364,-0.75173,2.79577,0.56398,-2.20190,0.84036,-1.59269,-0.82041,2.78169,0.11070
3.01,pregrasp,0.51409,-2.20212,0.71620,-1.61640,-0.74263,2.79764,0.55814,-2.20156,0.82596,-1.59545,-0.81131,2.78356,0.11070
3.02,pregrasp,0.50823,-2.20179,0.70180,-1.61916,-0.73353,2.79951,0.55230,-2.20123,0.81155,-1.59821,-0.80221,2.78543,0.11070
3.03,pregrasp,0.50237,-2.20146,0.68740,-1.62192,-0.72443,2.80138,0.54646,-2.20089,0.79715,-1.60097,-0.79311,2.78730,0.11070
3.04,pregrasp,0.49651,-2.20113,0.67300,-1.62468,-0.71533,2.80325,0.54062,-2.20056,0.78275,-1.60372,-0.78401,2.78917,0.11070
3.05,pregrasp,0.49065,-2.20080,0.65859,-1.62744,-0.70623,2.80512,0.53478,-2.20022,0.76834,-1.60648,-0.77491,2.79104,0.11070
3.06,pregrasp,0.48479,-2.20047,0.64419,-1.63020,-0.69713,2.80698,0.52894,-2.19989,0.75394,-1.60924,-0.76581,2.79291,0.11070
3.07,pregrasp,0.47893,-2.20014,0.62979,-1.63296,-0.68803,2.80885,0.52311,-2.19955,0.73954,-1.61200,-0.75671,2.79478,0.11070
3.08,pregrasp,0.47307,-2.19981,0.61539,-1.63572,-0.67893,2.81072,0.51727,-2.19922,0.72513,-1.61475,-0.74761,2.79665,0.11070
3.09,pregrasp,0.46721,-2.19948,0.60099,-1.63848,-0.66983,2.81259,0.51143,-2.19889,0.71073,-1.61751,-0.73851,2.79852,0.11070
3.10,pregrasp,0.46135,-2.19915,0.58659,-1.64124,-0.66073,2.81446,0.50560,-2.19855,0.69633,-1.62027,-0.72941,2.80039,0.11070
3.11,pregrasp,0.45549,-2.19882,0.57219,-1.64400,-0.65162,2.81633,0.49976,-2.19822,0.68192,-1.62303,-0.72031,2.80226,0.11070
3.12,pregrasp,0.44963,-2.19849,0.55779,-1.64676,-0.64252,2.81820,0.49393,-2.19789,0.66752,-1.62578,-0.71121,2.80413,0.11070
3.13,pregrasp,0.44378,-2.19816,0.54339,-1.64952,-0.63342,2.82007,0.48810,-2.19756,0.65312,-1.62854,-0.70211,2.80600,0.11070
3.14,pregrasp,0.43792,-2.19783,0.52899,-1.65227,-0.62432,2.82194,0.48226,-2.19723,0.63871,-1.63130,-0.69301,2.80787,0.11070
3.15,pregrasp,0.43206,-2.19750,0.51459,-1.65503,-0.61522,2.82381,0.47643,-2.19690,0.62431,-1.63405,-0.68391,2.80974,0.11070
3.16,pregrasp,0.42620,-2.19717,0.50019,-1.65779,-0.60612,2.82568,0.47060,-2.19657,0.60991,-1.63681,-0.67481,2.81161,0.11070
3.17,pregrasp,0.42034,-2.19684,0.48579,-1.66055,-0.59702,2.82755,0.46477,-2.19624,0.59551,-1.63957,-0.66571,2.81347,0.11070
3.18,pregrasp,0.41448,-2.19651,0.47139,-1.66331,-0.58792,2.82942,0.45893,-2.19591,0.58110,-1.64232,-0.65661,2.81534,0.11070
3.19,pregrasp,0.40862,-2.19618,0.45699,-1.66607,-0.57882,2.83129,0.45310,-2.19559,0.56670,-1.64508,-0.64751,2.81721,0.11070
3.20,pregrasp,0.40276,-2.19585,0.44259,-1.66883,-0.56972,2.83316,0.44727,-2.19526,0.55230,-1.64784,-0.63841,2.81908,0.11070
3.21,pregrasp,0.39690,-2.19552,0.42819,-1.67159,-0.56062,2.83503,0.44144,-2.19493,0.53789,-1.65059,-0.62931,2.82095,0.11070
3.22,pregrasp,0.39104,-2.19519,0.41379,-1.67435,-0.55152,2.83690,0.43561,-2.19460,0.52349,-1.65335,-0.62021,2.82282,0.11070
3.23,pregrasp,0.38518,-2.19486,0.39939,-1.67711,-0.54242,2.83877,0.42978,-2.19428,0.50909,-1.65611,-0.61111,2.82469,0.11070
3.24,pregrasp,0.37932,-2.19453,0.38499,-1.67987,-0.53332,2.84064,0.42395,-2.19395,0.49469,-1.65886,-0.60201,2.82656,0.11070
3.25,pregrasp,0.37346,-2.19420,0.37059,-1.68263,-0.52421,2.84251,0.41813,-2.19363,0.48028,-1.66162,-0.59291,2.82843,0.11070
3.26,pregrasp,0.36760,-2.19387,0.35619,-1.68539,-0.51511,2.84438,0.41230,-2.19330,0.46588,-1.66437,-0.58381,2.83030,0.11070
3.27,pregrasp,0.36174,-2.19354,0.34179,-1.68815,-0.50601,2.84625,0.40647,-2.19298,0.45148,-1.66713,-0.57471,2.83217,0.11070
3.28,pregrasp,0.35588,-2.19321,0.32739,-1.69091,-0.49691,2.84811,0.40064,-2.19265,0.43708,-1.66989,-0.56561,2.83404,0.11070
3.29,pregrasp,0.35002,-2.19288,0.31299,-1.69367,-0.48781,2.84998,0.39481,-2.19233,0.42268,-1.67264,-0.55651,2.83591,0.11070
3.30,pregrasp,0.34416,-2.19255,0.29859,-1.69643,-0.47871,2.85185,0.38899,-2.19201,0.40827,-1.67540,-0.54741,2.83778,0.11070
3.31,pregrasp,0.33830,-2.19222,0.28419,-1.69919,-0.46961,2.85372,0.38316,-2.19168,0.39387,-1.67815,-0.53831,2.83965,0.11070
3.32,pregrasp,0.33244,-2.19189,0.26979,-1.70195,-0.46051,2.85559,0.37733,-2.19136,0.37947,-1.68091,-0.52921,2.84152,0.11070
3.33,pregrasp,0.32658,-2.19156,0.25539,-1.70471,-0.45141,2.85746,0.37151,-2.19104,0.36507,-1.68367,-0.52011,2.84339,0.11070
3.34,pregrasp,0.32072,-2.19123,0.24099,-1.70747,-0.44231,2.85933,0.36568,-2.19072,0.35067,-1.68642,-0.51101,2.84526,0.11070
3.35,pregrasp,0.31486,-2.19090,0.22659,-1.71023,-0.43321,2.86120,0.35985,-2.19040,0.33627,-1.68918,-0.50190,2.84713,0.11070
3.36,pregrasp,0.30900,-2.19057,0.21219,-1.71299,-0.42411,2.86307,0.35403,-2.19008,0.32186,-1.69193,-0.49280,2.84900,0.11070
3.37,pregrasp,0.30314,-2.19024,0.19779,-1.71575,-0.41501,2.86494,0.34820,-2.18976,0.30746,-1.69469,-0.48370,2.85087,0.11070
3.38,pregrasp,0.29728,-2.18991,0.18339,-1.71851,-0.40591,2.86681,0.34238,-2.18944,0.29306,-1.69744,-0.47460,2.85274,0.11070
3.39,pregrasp,0.29142,-2.18958,0.16899,-1.72127,-0.39680,2.86868,0.33655,-2.18912,0.27866,-1.70020,-0.46550,2.85461,0.11070
3.40,pregrasp,0.28556,-2.18925,0.15459,-1.72403,-0.38770,2.87055,0.33072,-2.18880,0.26426,-1.70296,-0.45640,2.85648,0.11070
3.41,pregrasp,0.27970,-2.18893,0.14019,-1.72679,-0.37860,2.87242,0.32490,-2.18848,0.24986,-1.70571,-0.44730,2.85835,0.11070
3.42,pregrasp,0.27384,-2.18860,0.12579,-1.72954,-0.36950,2.87429,0.31907,-2.18817,0.23546,-1.70847,-0.43820,2.86022,0.11070
3.43,pregrasp,0.26798,-2.18827,0.11139,-1.73230,-0.36040,2.87616,0.31325,-2.18785,0.22106,-1.71122,-0.42910,2.86208,0.11070
3.44,pregrasp,0.26212,-2.18794,0.09699,-1.73506,-0.35130,2.87803,0.30742,-2.18753,0.20666,-1.71398,-0.41999,2.86395,0.11070
3.45,pregrasp,0.25626,-2.18761,0.08259,-1.73782,-0.34220,2.87990,0.30159,-2.18721,0.19225,-1.71673,-0.41089,2.86582,0.11070
3.46,pregrasp,0.25041,-2.18728,0.06819,-1.74058,-0.33310,2.88177,0.29577,-2.18690,0.17785,-1.71949,-0.40179,2.86769,0.11070
3.47,pregrasp,0.24455,-2.18695,0.05379,-1.74334,-0.32400,2.88364,0.28994,-2.18658,0.16345,-1.72224,-0.39269,2.86956,0.11070
3.48,pregrasp,0.23869,-2.18662,0.03939,-1.74610,-0.31490,2.88551,0.28412,-2.18627,0.14905,-1.72500,-0.38359,2.87143,0.11070
3.49,pregrasp,0.23283,-2.18629,0.02499,-1.74886,-0.30580,2.88738,0.27829,-2.18595,0.13465,-1.72775,-0.37449,2.87330,0.11070
3.50,pregrasp,0.22697,-2.18596,0.01059,-1.75162,-0.29670,2.88924,0.27246,-2.18564,0.12025,-1.73051,-0.36539,2.87517,0.11070
3.51,pregrasp,0.22111,-2.18563,-0.00381,-1.75438,-0.28760,2.89111,0.26664,-2.18532,0.10585,-1.73326,-0.35628,2.87704,0.11070
3.52,pregrasp,0.21525,-2.18530,-0.01821,-1.75714,-0.27850,2.89298,0.26081,-2.18501,0.09145,-1.73602,-0.34718,2.87891,0.11070
3.53,pregrasp,0.20939,-2.18497,-0.03261,-1.75990,-0.26939,2.89485,0.25498,-2.18469,0.07705,-1.73877,-0.33808,2.88078,0.11070
3.54,pregrasp,0.20353,-2.18464,-0.04701,-1.76266,-0.26029,2.89672,0.24915,-2.18438,0.06265,-1.74153,-0.32898,2.88265,0.11070
3.55,pregrasp,0.19767,-2.18431,-0.06141,-1.76542,-0.25119,2.89859,0.24333,-2.18407,0.04826,-1.74428,-0.31988,2.88452,0.11070
3.56,pregrasp,0.19181,-2.18398,-0.07581,-1.76818,-0.24209,2.90046,0.23750,-2.18375,0.03386,-1.74704,-0.31078,2.88639,0.11070
3.57,pregrasp,0.18595,-2.18365,-0.09021,-1.77094,-0.23299,2.90233,0.23167,-2.18344,0.01946,-1.74979,-0.30167,2.88826,0.11070
3.58,pregrasp,0.18009,-2.18332,-0.10461,-1.77370,-0.22389,2.90420,0.22584,-2.18313,0.00506,-1.75255,-0.29257,2.89013,0.11070
3.59,pregrasp,0.17423,-2.18299,-0.11901,-1.77646,-0.21479,2.90607,0.22001,-2.18282,-0.00934,-1.75530,-0.28347,2.89200,0.11070
3.60,pregrasp,0.16837,-2.18266,-0.13341,-1.77922,-0.20569,2.90794,0.21418,-2.18250,-0.02374,-1.75806,-0.27437,2.89387,0.11070
3.61,pregrasp,0.16251,-2.18233,-0.14781,-1.78198,-0.19659,2.90981,0.20836,-2.18219,-0.03814,-1.76082,-0.26527,2.89574,0.11070
3.62,pregrasp,0.15665,-2.18200,-0.16221,-1.78474,-0.18749,2.91168,0.20253,-2.18188,-0.05254,-1.76357,-0.25617,2.89761,0.11070
3.63,pregrasp,0.15079,-2.18167,-0.17661,-1.78750,-0.17839,2.91355,0.19669,-2.18157,-0.06694,-1.76633,-0.24706,2.89948,0.11070
3.64,pregrasp,0.14493,-2.18134,-0.19102,-1.79026,-0.16929,2.91542,0.19086,-2.18126,-0.08133,-1.76908,-0.23796,2.90134,0.11070
3.65,pregrasp,0.13907,-2.18101,-0.20542,-1.79302,-0.16019,2.91729,0.18503,-2.18095,-0.09573,-1.77184,-0.22886,2.90321,0.11070
3.66,pregrasp,0.13321,-2.18068,-0.21982,-1.79578,-0.15109,2.91916,0.17920,-2.18064,-0.11013,-1.77459,-0.21976,2.90508,0.11070
3.67,pregrasp,0.12735,-2.18035,-0.23422,-1.79854,-0.14198,2.92103,0.17337,-2.18033,-0.12453,-1.77735,-0.21066,2.90695,0.11070
3.68,pregrasp,0.12149,-2.18002,-0.24862,-1.80130,-0.13288,2.92290,0.16754,-2.18002,-0.13893,-1.78010,-0.20156,2.90882,0.11070
3.69,pregrasp,0.11563,-2.17969,-0.26302,-1.80406,-0.12378,2.92477,0.16170,-2.17971,-0.15332,-1.78286,-0.19245,2.91069,0.11070
3.70,pregrasp,0.10977,-2.17936,-0.27742,-1.80681,-0.11468,2.92664,0.15587,-2.17941,-0.16772,-1.78562,-0.18335,2.91256,0.11070
3.71,pregrasp,0.10391,-2.17903,-0.29182,-1.80957,-0.10558,2.92851,0.15004,-2.17910,-0.18212,-1.78837,-0.17425,2.91443,0.11070
3.72,pregrasp,0.09805,-2.17870,-0.30622,-1.81233,-0.09648,2.93037,0.14420,-2.17879,-0.19652,-1.79113,-0.16515,2.91630,0.11070
3.73,pregrasp,0.09219,-2.17837,-0.32062,-1.81509,-0.08738,2.93224,0.13836,-2.17848,-0.21091,-1.79388,-0.15605,2.91817,0.11070
3.74,pregrasp,0.08633,-2.17804,-0.33502,-1.81785,-0.07828,2.93411,0.13253,-2.17818,-0.22531,-1.79664,-0.14695,2.92004,0.11070
3.75,pregrasp,0.08047,-2.17771,-0.34942,-1.82061,-0.06918,2.93598,0.12669,-2.17787,-0.23971,-1.79939,-0.13784,2.92191,0.11070
3.76,pregrasp,0.07461,-2.17738,-0.36382,-1.82337,-0.06008,2.93785,0.12086,-2.17756,-0.25411,-1.80215,-0.12874,2.92378,0.11070
3.77,pregrasp,0.06875,-2.17705,-0.37822,-1.82613,-0.05098,2.93972,0.11502,-2.17726,-0.26850,-1.80491,-0.11964,2.92565,0.11070
3.78,pregrasp,0.06289,-2.17672,-0.39262,-1.82889,-0.04188,2.94159,0.10918,-2.17695,-0.28290,-1.80766,-0.11054,2.92752,0.11070
3.79,pregrasp,0.05704,-2.17639,-0.40702,-1.83165,-0.03278,2.94346,0.10334,-2.17664,-0.29730,-1.81042,-0.10144,2.92939,0.11070
3.80,pregrasp,0.05118,-2.17606,-0.42142,-1.83441,-0.02368,2.94533,0.09750,-2.17634,-0.31169,-1.81318,-0.09234,2.93126,0.11070
3.81,pregrasp,0.04532,-2.17573,-0.43582,-1.83717,-0.01457,2.94720,0.09166,-2.17603,-0.32609,-1.81593,-0.08323,2.93313,0.11070
3.82,pregrasp,0.03946,-2.17540,-0.45022,-1.83993,-0.00547,2.94907,0.08582,-2.17573,-0.34049,-1.81869,-0.07413,2.93500,0.11070
3.83,pregrasp,0.03360,-2.17507,-0.46462,-1.84269,0.00363,2.95094,0.07998,-2.17542,-0.35488,-1.82145,-0.06503,2.93686,0.11070
3.84,pregrasp,0.02774,-2.17474,-0.47902,-1.84545,0.01273,2.95281,0.07413,-2.17512,-0.36928,-1.82420,-0.05593,2.93873,0.11070
3.85,pregrasp,0.02188,-2.17441,-0.49342,-1.84821,0.02183,2.95468,0.06829,-2.17481,-0.38367,-1.82696,-0.04683,2.94060,0.11070
3.86,pregrasp,0.01602,-2.17408,-0.50782,-1.85097,0.03093,2.95655,0.06245,-2.17451,-0.39807,-1.82972,-0.03773,2.94247,0.11070
3.87,pregrasp,0.01016,-2.17375,-0.52222,-1.85373,0.04003,2.95842,0.05660,-2.17421,-0.41247,-1.83248,-0.02862,2.94434,0.11070
3.88,pregrasp,0.00430,-2.17342,-0.53662,-1.85649,0.04913,2.96029,0.05076,-2.17390,-0.42686,-1.83523,-0.01952,2.94621,0.11070
3.89,pregrasp,-0.00156,-2.17309,-0.55102,-1.85925,0.05823,2.96216,0.04491,-2.17360,-0.44126,-1.83799,-0.01042,2.94808,0.11070
3.90,pregrasp,-0.00742,-2.17276,-0.56542,-1.86201,0.06733,2.96403,0.03906,-2.17330,-0.45565,-1.84075,-0.00132,2.94995,0.11070
3.91,pregrasp,-0.01328,-2.17243,-0.57982,-1.86477,0.07643,2.96590,0.03321,-2.17299,-0.47005,-1.84351,0.00778,2.95182,0.11070
3.92,pregrasp,-0.01914,-2.17210,-0.59422,-1.86753,0.08553,2.96777,0.02736,-2.17269,-0.48444,-1.84626,0.01688,2.95369,0.11070
3.93,pregrasp,-0.02500,-2.17177,-0.60862,-1.87029,0.09463,2.96964,0.02152,-2.17238,-0.49884,-1.84902,0.02598,2.95556,0.11070
3.94,pregrasp,-0.03086,-2.17144,-0.62302,-1.87305,0.10373,2.97150,0.01566,-2.17208,-0.51324,-1.85178,0.03508,2.95743,0.11070
3.95,pregrasp,-0.03672,-2.17111,-0.63742,-1.87581,0.11284,2.97337,0.00981,-2.17178,-0.52763,-1.85454,0.04419,2.95930,0.11070
3.96,pregrasp,-0.04258,-2.17078,-0.65182,-1.87857,0.12194,2.97524,0.00396,-2.17148,-0.54203,-1.85730,0.05329,2.96117,0.11070
3.97,pregrasp,-0.04844,-2.17045,-0.66622,-1.88133,0.13104,2.97711,-0.00189,-2.17117,-0.55642,-1.86006,0.06239,2.96304,0.11070
3.98,pregrasp,-0.05430,-2.17012,-0.68062,-1.88408,0.14014,2.97898,-0.00774,-2.17087,-0.57082,-1.86282,0.07149,2.96491,0.11070
3.99,pregrasp,-0.06016,-2.16979,-0.69502,-1.88684,0.14924,2.98085,-0.01360,-2.17057,-0.58521,-1.86557,0.08059,2.96678,0.11070
4.00,pregrasp,-0.06602,-2.16946,-0.70942,-1.88960,0.15834,2.98272,-0.01945,-2.17027,-0.59961,-1.86833,0.08969,2.96864,0.11070
4.01,pregrasp,-0.07188,-2.16913,-0.72382,-1.89236,0.16744,2.98459,-0.02531,-2.16997,-0.61400,-1.87109,0.09879,2.97051,0.11070
4.02,pregrasp,-0.07774,-2.16880,-0.73822,-1.89512,0.17654,2.98646,-0.03117,-2.16966,-0.62840,-1.87385,0.10789,2.97238,0.11070
4.03,pregrasp,-0.08360,-2.16847,-0.75262,-1.89788,0.18564,2.98833,-0.03702,-2.16936,-0.64279,-1.87661,0.11699,2.97425,0.11070
4.04,pregrasp,-0.08946,-2.16814,-0.76702,-1.90064,0.19474,2.99020,-0.04288,-2.16906,-0.65719,-1.87937,0.12610,2.97612,0.11070
4.05,pregrasp,-0.09532,-2.16781,-0.78142,-1.90340,0.20384,2.99207,-0.04874,-2.16876,-0.67158,-1.88213,0.13520,2.97799,0.11070
4.06,pregrasp,-0.10118,-2.16748,-0.79582,-1.90616,0.21294,2.99394,-0.05460,-2.16845,-0.68598,-1.88489,0.14430,2.97986,0.11070
4.07,pregrasp,-0.10704,-2.16716,-0.81022,-1.90892,0.22204,2.99581,-0.06046,-2.16815,-0.70037,-1.88765,0.15340,2.98173,0.11070
4.08,pregrasp,-0.11290,-2.16683,-0.82462,-1.91168,0.23114,2.99768,-0.06633,-2.16785,-0.71477,-1.89041,0.16250,2.98360,0.11070
4.09,pregrasp,-0.11876,-2.16650,-0.83902,-1.91444,0.24025,2.99955,-0.07219,-2.16755,-0.72916,-1.89317,0.17160,2.98547,0.11070
4.10,pregrasp,-0.12462,-2.16617,-0.85342,-1.91720,0.24935,3.00142,-0.07805,-2.16725,-0.74356,-1.89593,0.18070,2.98734,0.11070
4.11,pregrasp,-0.13048,-2.16584,-0.86782,-1.91996,0.25845,3.00329,-0.08391,-2.16694,-0.75795,-1.89869,0.18980,2.98921,0.11070
4.12,pregrasp,-0.13634,-2.16551,-0.88222,-1.92272,0.26755,3.00516,-0.08978,-2.16664,-0.77235,-1.90145,0.19890,2.99108,0.11070
4.13,pregrasp,-0.14219,-2.16518,-0.89662,-1.92548,0.27665,3.00703,-0.09565,-2.16634,-0.78674,-1.90421,0.20800,2.99295,0.11070
4.14,pregrasp,-0.14805,-2.16485,-0.91102,-1.92824,0.28575,3.00890,-0.10151,-2.16604,-0.80114,-1.90697,0.21710,2.99482,0.11070
4.15,pregrasp,-0.15391,-2.16452,-0.92542,-1.93100,0.29485,3.01077,-0.10738,-2.16573,-0.81553,-1.90973,0.22620,2.99669,0.11070
4.16,pregrasp,-0.15977,-2.16419,-0.93982,-1.93376,0.30395,3.01263,-0.11325,-2.16543,-0.82992,-1.91249,0.23530,2.99856,0.11070
4.17,pregrasp,-0.16563,-2.16386,-0.95422,-1.93652,0.31305,3.01450,-0.11911,-2.16513,-0.84432,-1.91525,0.24440,3.00043,0.11070
4.18,pregrasp,-0.17149,-2.16353,-0.96862,-1.93928,0.32215,3.01637,-0.12498,-2.16483,-0.85871,-1.91801,0.25351,3.00230,0.11070
4.19,pregrasp,-0.17735,-2.16320,-0.98302,-1.94204,0.33125,3.01824,-0.13085,-2.16453,-0.87311,-1.92077,0.26261,3.00417,0.11070
4.20,pregrasp,-0.18321,-2.16287,-0.99742,-1.94480,0.34035,3.02011,-0.13672,-2.16422,-0.88750,-1.92353,0.27171,3.00604,0.11070
4.21,pregrasp,-0.18907,-2.16254,-1.01182,-1.94756,0.34945,3.02198,-0.14260,-2.16392,-0.90190,-1.92629,0.28081,3.00791,0.11070
4.22,pregrasp,-0.19493,-2.16221,-1.02622,-1.95032,0.35856,3.02385,-0.14847,-2.16362,-0.91630,-1.92905,0.28991,3.00978,0.11070
4.23,pregrasp,-0.20079,-2.16188,-1.04062,-1.95308,0.36766,3.02572,-0.15434,-2.16332,-0.93069,-1.93181,0.29901,3.01164,0.11070
4.24,pregrasp,-0.20665,-2.16155,-1.05503,-1.95584,0.37676,3.02759,-0.16021,-2.16301,-0.94509,-1.93458,0.30811,3.01351,0.11070
4.25,pregrasp,-0.21251,-2.16122,-1.06943,-1.95860,0.38586,3.02946,-0.16609,-2.16271,-0.95948,-1.93734,0.31721,3.01538,0.11070
4.26,pregrasp,-0.21837,-2.16089,-1.08383,-1.96135,0.39496,3.03133,-0.17196,-2.16241,-0.97388,-1.94010,0.32631,3.01725,0.11070
4.27,pregrasp,-0.22423,-2.16056,-1.09823,-1.96411,0.40406,3.03320,-0.17784,-2.16210,-0.98827,-1.94286,0.33541,3.01912,0.11070
4.28,pregrasp,-0.23009,-2.16023,-1.11263,-1.96687,0.41316,3.03507,-0.18371,-2.16180,-1.00267,-1.94562,0.34451,3.02099,0.11070
4.29,pregrasp,-0.23595,-2.15990,-1.12703,-1.96963,0.42226,3.03694,-0.18959,-2.16150,-1.01706,-1.94838,0.35361,3.02286,0.11070
4.30,pregrasp,-0.24181,-2.15957,-1.14143,-1.97239,0.43136,3.03881,-0.19547,-2.16119,-1.03146,-1.95114,0.36271,3.02473,0.11070
4.31,pregrasp,-0.24767,-2.15924,-1.15583,-1.97515,0.44046,3.04068,-0.20134,-2.16089,-1.04585,-1.95390,0.37181,3.02660,0.11070
4.32,pregrasp,-0.25353,-2.15891,-1.17023,-1.97791,0.44956,3.04255,-0.20722,-2.16059,-1.06025,-1.95666,0.38091,3.02847,0.11070
4.33,pregrasp,-0.25939,-2.15858,-1.18463,-1.98067,0.45866,3.04442,-0.21310,-2.16028,-1.07464,-1.95942,0.39001,3.03034,0.11070
4.34,pregrasp,-0.26525,-2.15825,-1.19903,-1.98343,0.46776,3.04629,-0.21898,-2.15998,-1.08904,-1.96219,0.39911,3.03221,0.11070
4.35,pregrasp,-0.27111,-2.15792,-1.21343,-1.98619,0.47686,3.04816,-0.22486,-2.15968,-1.10343,-1.96495,0.40821,3.03408,0.11070
4.36,pregrasp,-0.27697,-2.15759,-1.22783,-1.98895,0.48597,3.05003,-0.23074,-2.15937,-1.11783,-1.96771,0.41731,3.03595,0.11070
4.37,pregrasp,-0.28283,-2.15726,-1.24223,-1.99171,0.49507,3.05190,-0.23662,-2.15907,-1.13223,-1.97047,0.42641,3.03782,0.11070
4.38,pregrasp,-0.28869,-2.15693,-1.25663,-1.99447,0.50417,3.05376,-0.24250,-2.15876,-1.14662,-1.97323,0.43551,3.03969,0.11070
4.39,pregrasp,-0.29455,-2.15660,-1.27103,-1.99723,0.51327,3.05563,-0.24838,-2.15846,-1.16102,-1.97599,0.44461,3.04156,0.11070
4.40,pregrasp,-0.30041,-2.15627,-1.28543,-1.99999,0.52237,3.05750,-0.25426,-2.15815,-1.17541,-1.97875,0.45371,3.04343,0.11070
4.41,pregrasp,-0.30627,-2.15594,-1.29983,-2.00275,0.53147,3.05937,-0.26015,-2.15785,-1.18981,-1.98151,0.46281,3.04530,0.11070
4.42,pregrasp,-0.31213,-2.15561,-1.31423,-2.00551,0.54057,3.06124,-0.26603,-2.15754,-1.20421,-1.98428,0.47191,3.04717,0.11070
4.43,pregrasp,-0.31799,-2.15528,-1.32863,-2.00827,0.54967,3.06311,-0.27191,-2.15724,-1.21860,-1.98704,0.48101,3.04904,0.11070
4.44,pregrasp,-0.32385,-2.15495,-1.34303,-2.01103,0.55877,3.06498,-0.27779,-2.15693,-1.23300,-1.98980,0.49011,3.05091,0.11070
4.45,pregrasp,-0.32971,-2.15462,-1.35743,-2.01379,0.56787,3.06685,-0.28368,-2.15663,-1.24740,-1.99256,0.49922,3.05278,0.11070
4.46,pregrasp,-0.33556,-2.15429,-1.37183,-2.01655,0.57697,3.06872,-0.28956,-2.15632,-1.26179,-1.99532,0.50832,3.05465,0.11070
4.47,pregrasp,-0.34142,-2.15396,-1.38623,-2.01931,0.58607,3.07059,-0.29544,-2.15602,-1.27619,-1.99808,0.51742,3.05651,0.11070
4.48,pregrasp,-0.34728,-2.15363,-1.40063,-2.02207,0.59517,3.07246,-0.30133,-2.15571,-1.29059,-2.00084,0.52652,3.05838,0.11070
4.49,pregrasp,-0.35314,-2.15330,-1.41503,-2.02483,0.60427,3.07433,-0.30721,-2.15541,-1.30498,-2.00361,0.53562,3.06025,0.11070
4.50,pregrasp,-0.35900,-2.15297,-1.42943,-2.02759,0.61338,3.07620,-0.31310,-2.15510,-1.31938,-2.00637,0.54472,3.06212,0.11070
4.51,pregrasp,-0.36486,-2.15264,-1.44383,-2.03035,0.62248,3.07807,-0.31898,-2.15479,-1.33378,-2.00913,0.55382,3.06399,0.11070
4.52,pregrasp,-0.37072,-2.15231,-1.45823,-2.03311,0.63158,3.07994,-0.32487,-2.15449,-1.34818,-2.01189,0.56292,3.06586,0.11070
4.53,pregrasp,-0.37658,-2.15198,-1.47263,-2.03587,0.64068,3.08181,-0.33075,-2.15418,-1.36257,-2.01465,0.57202,3.06773,0.11070
4.54,pregrasp,-0.38244,-2.15165,-1.48703,-2.03863,0.64978,3.08368,-0.33664,-2.15387,-1.37697,-2.01741,0.58112,3.06960,0.11070
4.55,pregrasp,-0.38830,-2.15132,-1.50143,-2.04138,0.65888,3.08555,-0.34252,-2.15357,-1.39137,-2.02018,0.59022,3.07147,0.11070
4.56,pregrasp,-0.39416,-2.15099,-1.51583,-2.04414,0.66798,3.08742,-0.34841,-2.15326,-1.40577,-2.02294,0.59932,3.07334,0.11070
4.57,pregrasp,-0.40002,-2.15066,-1.53023,-2.04690,0.67708,3.08929,-0.35429,-2.15295,-1.42016,-2.02570,0.60842,3.07521,0.11070
4.58,pregrasp,-0.40588,-2.15033,-1.54463,-2.04966,0.68618,3.09116,-0.36018,-2.15264,-1.43456,-2.02846,0.61752,3.07708,0.11070
4.59,pregrasp,-0.41174,-2.15000,-1.55903,-2.05242,0.69528,3.09303,-0.36607,-2.15233,-1.44896,-2.03122,0.62662,3.07895,0.11070
4.60,pregrasp,-0.41760,-2.14967,-1.57343,-2.05518,0.70438,3.09489,-0.37195,-2.15203,-1.46336,-2.03398,0.63572,3.08082,0.11070
4.61,pregrasp,-0.42346,-2.14934,-1.58783,-2.05794,0.71348,3.09676,-0.37784,-2.15172,-1.47776,-2.03674,0.64482,3.08269,0.11070
4.62,pregrasp,-0.42932,-2.14901,-1.60223,-2.06070,0.72258,3.09863,-0.38372,-2.15141,-1.49215,-2.03951,0.65392,3.08456,0.11070
4.63,pregrasp,-0.43518,-2.14868,-1.61663,-2.06346,0.73168,3.10050,-0.38961,-2.15110,-1.50655,-2.04227,0.66302,3.08643,0.11070
4.64,pregrasp,-0.44104,-2.14835,-1.63103,-2.06622,0.74079,3.10237,-0.39549,-2.15079,-1.52095,-2.04503,0.67212,3.08830,0.11070
4.65,pregrasp,-0.44690,-2.14802,-1.64543,-2.06898,0.74989,3.10424,-0.40138,-2.15048,-1.53535,-2.04779,0.68122,3.09017,0.11070
4.66,pregrasp,-0.45276,-2.14769,-1.65983,-2.07174,0.75899,3.10611,-0.40726,-2.15017,-1.54975,-2.05055,0.69032,3.09204,0.11070
4.67,pregrasp,-0.45862,-2.14736,-1.67423,-2.07450,0.76809,3.10798,-0.41315,-2.14986,-1.56415,-2.05331,0.69942,3.09391,0.11070
4.68,pregrasp,-0.46448,-2.14703,-1.68863,-2.07726,0.77719,3.10985,-0.41903,-2.14955,-1.57855,-2.05608,0.70852,3.09578,0.11070
4.69,pregrasp,-0.47034,-2.14670,-1.70303,-2.08002,0.78629,3.11172,-0.42492,-2.14924,-1.59295,-2.05884,0.71762,3.09765,0.10803
4.70,pregrasp,-0.47620,-2.14637,-1.71743,-2.08278,0.79539,3.11359,-0.43080,-2.14893,-1.60735,-2.06160,0.72672,3.09952,0.10285
4.71,pregrasp,-0.48206,-2.14604,-1.73183,-2.08554,0.80449,3.11546,-0.43669,-2.14862,-1.62175,-2.06436,0.73583,3.10139,0.09788
4.72,pregrasp,-0.48792,-2.14571,-1.74623,-2.08830,0.81359,3.11733,-0.44257,-2.14830,-1.63614,-2.06712,0.74493,3.10325,0.09311
4.73,pregrasp,-0.49378,-2.14538,-1.76063,-2.09106,0.82269,3.11920,-0.44846,-2.14799,-1.65054,-2.06989,0.75403,3.10512,0.08853
4.74,pregrasp,-0.49964,-2.14505,-1.77503,-2.09382,0.83179,3.12107,-0.45434,-2.14768,-1.66494,-2.07265,0.76313,3.10699,0.08416
4.75,pregrasp,-0.50550,-2.14473,-1.78943,-2.09658,0.84089,3.12294,-0.46023,-2.14737,-1.67934,-2.07541,0.77223,3.10886,0.07999
4.76,pregrasp,-0.51136,-2.14440,-1.80383,-2.09934,0.84999,3.12481,-0.46611,-2.14706,-1.69374,-2.07817,0.78133,3.11073,0.07603
4.77,pregrasp,-0.51722,-2.14407,-1.81823,-2.10210,0.85909,3.12668,-0.47199,-2.14675,-1.70814,-2.08093,0.79043,3.11260,0.07226
4.78,pregrasp,-0.52308,-2.14374,-1.83263,-2.10486,0.86820,3.12855,-0.47629,-2.14332,-1.71718,-2.08358,0.79595,3.12356,0.07205
4.79,pregrasp,-0.52893,-2.14341,-1.84703,-2.10762,0.87730,3.13042,-0.48026,-2.13818,-1.72681,-2.08603,0.80352,3.12895,0.07253
4.80,pregrasp,-0.53479,-2.14308,-1.86143,-2.11038,0.88640,3.13229,-0.48450,-2.13300,-1.73704,-2.08859,0.81113,3.13461,0.07294
4.81,pregrasp,-0.54065,-2.14275,-1.87583,-2.11314,0.89550,3.13416,-0.48889,-2.12786,-1.74732,-2.09124,0.81879,3.13999,0.07336
4.82,pregrasp,-0.54651,-2.14242,-1.89024,-2.11590,0.90460,3.13602,-0.49333,-2.12281,-1.75772,-2.09411,0.82600,3.14328,0.07382
4.83,pregrasp,-0.55237,-2.14209,-1.90464,-2.11865,0.91370,3.13789,-0.49777,-2.11784,-1.76811,-2.09707,0.83316,3.14675,0.07430
4.84,pregrasp,-0.55823,-2.14176,-1.91904,-2.12141,0.92280,3.13976,-0.50221,-2.11295,-1.77850,-2.10010,0.84034,3.15017,0.07479
4.85,pregrasp,-0.56409,-2.14143,-1.93344,-2.12417,0.93190,3.14163,-0.50666,-2.10812,-1.78889,-2.10321,0.84754,3.15356,0.07530
4.86,pregrasp,-0.56995,-2.14110,-1.94784,-2.12693,0.94100,3.14350,-0.51113,-2.10338,-1.79929,-2.10640,0.85476,3.15687,0.07583
4.87,pregrasp,-0.57581,-2.14077,-1.96224,-2.12969,0.95010,3.14537,-0.51561,-2.09871,-1.80971,-2.10969,0.86200,3.16012,0.07638
4.88,pregrasp,-0.58167,-2.14044,-1.97664,-2.13245,0.95920,3.14724,-0.52012,-2.09413,-1.82015,-2.11308,0.86927,3.16326,0.07695
4.89,pregrasp,-0.58753,-2.14011,-1.99104,-2.13521,0.96830,3.14911,-0.52466,-2.08963,-1.83064,-2.11656,0.87657,3.16630,0.07754
4.90,pregrasp,-0.59339,-2.13978,-2.00544,-2.13797,0.97740,3.15098,-0.52922,-2.08523,-1.84116,-2.12015,0.88390,3.16922,0.07815
4.91,pregrasp,-0.59339,-2.13978,-2.00544,-2.13797,0.97740,3.15098,-0.53372,-2.08121,-1.85105,-2.12357,0.89048,3.17144,0.07874
4.92,pregrasp,-0.59339,-2.13978,-2.00544,-2.13797,0.97740,3.15098,-0.53792,-2.07773,-1.85992,-2.12675,0.89635,3.17296,0.07928
4.93,pregrasp,-0.59339,-2.13978,-2.00544,-2.13797,0.97740,3.15098,-0.54170,-2.07475,-1.86778,-2.12970,0.90156,3.17407,0.07977
4.94,pregrasp,-0.59339,-2.13978,-2.00544,-2.13797,0.97740,3.15098,-0.54504,-2.07220,-1.87471,-2.13242,0.90615,3.17493,0.08022
4.95,pregrasp,-0.59339,-2.13978,-2.00544,-2.13797,0.97740,3.15098,-0.54797,-2.07005,-1.88081,-2.13492,0.91018,3.17564,0.08063
4.96,pregrasp,-0.59339,-2.13978,-2.00544,-2.13797,0.97740,3.15098,-0.55052,-2.06822,-1.88617,-2.13722,0.91370,3.17625,0.08100
4.97,pregrasp,-0.59339,-2.13978,-2.00544,-2.13797,0.97740,3.15098,-0.55276,-2.06667,-1.89088,-2.13933,0.91679,3.17681,0.08133
4.98,pregrasp,-0.59339,-2.13978,-2.00544,-2.13797,0.97740,3.15098,-0.55471,-2.06537,-1.89501,-2.14127,0.91947,3.17735,0.08164
4.99,pregrasp,-0.59339,-2.13978,-2.00544,-2.13797,0.97740,3.15098,-0.55643,-2.06427,-1.89864,-2.14305,0.92181,3.17789,0.08192
5.00,pregrasp,-0.59339,-2.13978,-2.00544,-2.13797,0.97740,3.15098,-0.55794,-2.06333,-1.90182,-2.14468,0.92383,3.17845,0.08217
5.01,pregrasp,-0.59339,-2.13978,-2.00544,-2.13797,0.97740,3.15098,-0.55927,-2.06255,-1.90462,-2.14617,0.92558,3.17903,0.08240
5.02,pregrasp,-0.59339,-2.13978,-2.00544,-2.13797,0.97740,3.15098,-0.56045,-2.06188,-1.90707,-2.14754,0.92709,3.17962,0.08261
5.03,pregrasp,-0.59339,-2.13978,-2.00544,-2.13797,0.97740,3.15098,-0.56149,-2.06133,-1.90923,-2.14879,0.92841,3.18017,0.08280
5.04,pregrasp,-0.59339,-2.13978,-2.00544,-2.13797,0.97740,3.15098,-0.56240,-2.06086,-1.91113,-2.14994,0.92957,3.18059,0.08239
5.05,pregrasp,-0.59339,-2.13978,-2.00544,-2.13797,0.97740,3.15098,-0.56319,-2.06047,-1.91281,-2.15099,0.93063,3.18079,0.08090
5.06,pregrasp,-0.59339,-2.13978,-2.00544,-2.13797,0.97740,3.15098,-0.56384,-2.06015,-1.91431,-2.15196,0.93163,3.18067,0.07959
5.07,pregrasp,-0.59339,-2.13978,-2.00544,-2.13797,0.97740,3.15098,-0.56438,-2.05990,-1.91566,-2.15286,0.93259,3.18018,0.07845
5.08,pregrasp,-0.59339,-2.13978,-2.00544,-2.13797,0.97740,3.15098,-0.56479,-2.05970,-1.91686,-2.15369,0.93351,3.17938,0.07745
5.09,pregrasp,-0.59339,-2.13978,-2.00544,-2.13797,0.97740,3.15098,-0.56511,-2.05956,-1.91795,-2.15446,0.93439,3.17834,0.07658
5.10,pregrasp,-0.59339,-2.13978,-2.00544,-2.13797,0.97740,3.15098,-0.56534,-2.05945,-1.91891,-2.15518,0.93521,3.17712,0.07582
5.11,pregrasp,-0.59339,-2.13978,-2.00544,-2.13797,0.97740,3.15098,-0.56552,-2.05938,-1.91978,-2.15584,0.93599,3.17577,0.07515
5.12,pregrasp,-0.59339,-2.13978,-2.00544,-2.13797,0.97740,3.15098,-0.56564,-2.05934,-1.92056,-2.15646,0.93671,3.17435,0.07457
5.13,pregrasp,-0.59339,-2.13978,-2.00544,-2.13797,0.97740,3.15098,-0.56574,-2.05932,-1.92126,-2.15703,0.93739,3.17287,0.07406
5.14,pregrasp,-0.59339,-2.13978,-2.00544,-2.13797,0.97740,3.15098,-0.56581,-2.05932,-1.92189,-2.15756,0.93801,3.17137,0.07360
5.15,pregrasp,-0.59339,-2.13978,-2.00544,-2.13797,0.97740,3.15098,-0.56585,-2.05934,-1.92246,-2.15805,0.93860,3.16985,0.07319
5.16,pregrasp,-0.59339,-2.13978,-2.00544,-2.13797,0.97740,3.15098,-0.56589,-2.05937,-1.92297,-2.15851,0.93914,3.16834,0.07283
5.17,pregrasp,-0.59339,-2.13978,-2.00544,-2.13797,0.97740,3.15098,-0.56592,-2.05941,-1.92343,-2.15893,0.93964,3.16684,0.07250
5.18,pregrasp,-0.59339,-2.13978,-2.00544,-2.13797,0.97740,3.15098,-0.56594,-2.05946,-1.92385,-2.15932,0.94010,3.16536,0.07220
5.19,pregrasp,-0.59339,-2.13978,-2.00544,-2.13797,0.97740,3.15098,-0.56596,-2.05952,-1.92424,-2.15969,0.94054,3.16391,0.07193
5.20,pregrasp,-0.59339,-2.13978,-2.00544,-2.13797,0.97740,3.15098,-0.56597,-2.05958,-1.92458,-2.16003,0.94094,3.16248,0.07169
5.21,pregrasp,-0.59339,-2.13978,-2.00544,-2.13797,0.97740,3.15098,-0.56598,-2.05964,-1.92490,-2.16034,0.94131,3.16109,0.07146
5.22,pregrasp,-0.59339,-2.13978,-2.00544,-2.13797,0.97740,3.15098,-0.56599,-2.05971,-1.92519,-2.16064,0.94166,3.15974,0.07126
5.23,pregrasp,-0.59339,-2.13978,-2.00544,-2.13797,0.97740,3.15098,-0.56600,-2.05978,-1.92546,-2.16091,0.94199,3.15841,0.07107
5.24,pregrasp,-0.59339,-2.13978,-2.00544,-2.13797,0.97740,3.15098,-0.56601,-2.05985,-1.92570,-2.16116,0.94229,3.15713,0.07089
5.25,pregrasp,-0.59339,-2.13978,-2.00544,-2.13797,0.97740,3.15098,-0.56602,-2.05993,-1.92593,-2.16140,0.94258,3.15588,0.07073
5.26,pregrasp,-0.59339,-2.13978,-2.00544,-2.13797,0.97740,3.15098,-0.56603,-2.06000,-1.92613,-2.16162,0.94284,3.15468,0.07058
5.27,pregrasp,-0.59339,-2.13978,-2.00544,-2.13797,0.97740,3.15098,-0.56604,-2.06007,-1.92633,-2.16183,0.94309,3.15350,0.07044
5.28,pregrasp,-0.59339,-2.13978,-2.00544,-2.13797,0.97740,3.15098,-0.56604,-2.06014,-1.92650,-2.16202,0.94333,3.15237,0.07031
5.29,pregrasp,-0.59339,-2.13978,-2.00544,-2.13797,0.97740,3.15098,-0.56605,-2.06021,-1.92667,-2.16220,0.94355,3.15127,0.07019
5.30,pregrasp,-0.59339,-2.13978,-2.00544,-2.13797,0.97740,3.15098,-0.56606,-2.06028,-1.92682,-2.16237,0.94376,3.15022,0.07008
5.31,pregrasp,-0.59339,-2.13978,-2.00544,-2.13797,0.97740,3.15098,-0.56607,-2.06034,-1.92696,-2.16253,0.94395,3.14920,0.06997
5.32,pregrasp,-0.59339,-2.13978,-2.00544,-2.13797,0.97740,3.15098,-0.56608,-2.06041,-1.92708,-2.16267,0.94411,3.14829,0.06988
5.33,pregrasp,-0.59339,-2.13978,-2.00544,-2.13797,0.97740,3.15098,-0.56609,-2.06047,-1.92721,-2.16280,0.94430,3.14729,0.06979
5.34,pregrasp,-0.59339,-2.13978,-2.00544,-2.13797,0.97740,3.15098,-0.56610,-2.06053,-1.92731,-2.16293,0.94444,3.14649,0.06971
5.35,pregrasp,-0.59339,-2.13978,-2.00544,-2.13797,0.97740,3.15098,-0.56610,-2.06059,-1.92743,-2.16304,0.94462,3.14549,0.06962
5.36,pregrasp,-0.59339,-2.13978,-2.00544,-2.13797,0.97740,3.15098,-0.56611,-2.06065,-1.92751,-2.16316,0.94473,3.14481,0.06956
5.37,pregrasp,-0.59339,-2.13978,-2.00544,-2.13797,0.97740,3.15098,-0.56612,-2.06070,-1.92762,-2.16325,0.94491,3.14384,0.06948
5.38,pregrasp,-0.59339,-2.13978,-2.00544,-2.13797,0.97740,3.15098,-0.56613,-2.06075,-1.92769,-2.16336,0.94500,3.14327,0.06942
5.39,pregrasp,-0.59339,-2.13978,-2.00544,-2.13797,0.97740,3.15098,-0.56614,-2.06081,-1.92779,-2.16344,0.94517,3.14235,0.06935
5.40,pregrasp,-0.59339,-2.13978,-2.00544,-2.13797,0.97740,3.15098,-0.56616,-2.06086,-1.92785,-2.16354,0.94524,3.14185,0.06929
5.41,pregrasp,-0.59339,-2.13978,-2.00544,-2.13797,0.97740,3.15098,-0.56617,-2.06090,-1.92793,-2.16361,0.94539,3.14102,0.06923
5.42,pregrasp,-0.59339,-2.13978,-2.00544,-2.13797,0.97740,3.15098,-0.56618,-2.06095,-1.92800,-2.16370,0.94547,3.14047,0.06918
5.43,pregrasp,-0.59339,-2.13978,-2.00544,-2.13797,0.97740,3.15098,-0.56619,-2.06100,-1.92807,-2.16377,0.94558,3.13977,0.06913
5.44,pregrasp,-0.59339,-2.13978,-2.00544,-2.13797,0.97740,3.15098,-0.56620,-2.06104,-1.92813,-2.16385,0.94566,3.13923,0.06907
5.45,pregrasp,-0.59339,-2.13978,-2.00544,-2.13797,0.97740,3.15098,-0.56620,-2.06108,-1.92819,-2.16390,0.94577,3.13858,0.06903
5.46,pregrasp,-0.59339,-2.13978,-2.00544,-2.13797,0.97740,3.15098,-0.56621,-2.06112,-1.92825,-2.16398,0.94584,3.13807,0.06898
5.47,pregrasp,-0.59339,-2.13978,-2.00544,-2.13797,0.97740,3.15098,-0.56622,-2.06116,-1.92830,-2.16403,0.94593,3.13748,0.06894
5.48,pregrasp,-0.59339,-2.13978,-2.00544,-2.13797,0.97740,3.15098,-0.56623,-2.06120,-1.92834,-2.16408,0.94599,3.13705,0.06891
5.49,pregrasp,-0.59339,-2.13978,-2.00544,-2.13797,0.97740,3.15098,-0.56624,-2.06123,-1.92839,-2.16413,0.94607,3.13656,0.06887
5.50,pregrasp,-0.59339,-2.13978,-2.00544,-2.13797,0.97740,3.15098,-0.56624,-2.06126,-1.92844,-2.16418,0.94614,3.13606,0.06883
5.51,pregrasp,-0.59339,-2.13978,-2.00544,-2.13797,0.97740,3.15098,-0.56625,-2.06130,-1.92848,-2.16423,0.94620,3.13563,0.06880
5.52,pregrasp,-0.59339,-2.13978,-2.00544,-2.13797,0.97740,3.15098,-0.56626,-2.06133,-1.92852,-2.16427,0.94627,3.13514,0.06877
5.53,pregrasp,-0.59339,-2.13978,-2.00544,-2.13797,0.97740,3.15098,-0.56626,-2.06136,-1.92857,-2.16432,0.94633,3.13471,0.06873
5.54,pregrasp,-0.59339,-2.13978,-2.00544,-2.13797,0.97740,3.15098,-0.56627,-2.06139,-1.92859,-2.16435,0.94638,3.13436,0.06871
5.55,pregrasp,-0.59339,-2.13978,-2.00544,-2.13797,0.97740,3.15098,-0.56627,-2.06142,-1.92864,-2.16439,0.94645,3.13390,0.06868
5.56,pregrasp,-0.59339,-2.13978,-2.00544,-2.13797,0.97740,3.15098,-0.56627,-2.06145,-1.92868,-2.16443,0.94651,3.13351,0.06865
5.57,pregrasp,-0.59339,-2.13978,-2.00544,-2.13797,0.97740,3.15098,-0.56628,-2.06147,-1.92869,-2.16446,0.94654,3.13326,0.06863
5.58,pregrasp,-0.59339,-2.13978,-2.00544,-2.13797,0.97740,3.15098,-0.56629,-2.06149,-1.92872,-2.16448,0.94657,3.13298,0.06861
5.59,pregrasp,-0.59339,-2.13978,-2.00544,-2.13797,0.97740,3.15098,-0.56630,-2.06151,-1.92875,-2.16451,0.94664,3.13260,0.06858
5.60,pregrasp,-0.59339,-2.13978,-2.00544,-2.13797,0.97740,3.15098,-0.56630,-2.06154,-1.92879,-2.16455,0.94669,3.13222,0.06855
5.61,pregrasp,-0.59339,-2.13978,-2.00544,-2.13797,0.97740,3.15098,-0.56631,-2.06156,-1.92881,-2.16458,0.94672,3.13200,0.06853
5.62,pregrasp,-0.59339,-2.13978,-2.00544,-2.13797,0.97740,3.15098,-0.56632,-2.06157,-1.92882,-2.16460,0.94674,3.13185,0.06852
5.63,pregrasp,-0.59339,-2.13978,-2.00544,-2.13797,0.97740,3.15098,-0.56634,-2.06159,-1.92883,-2.16462,0.94676,3.13171,0.06850
5.64,pregrasp,-0.59339,-2.13978,-2.00544,-2.13797,0.97740,3.15098,-0.56635,-2.06160,-1.92885,-2.16464,0.94679,3.13150,0.06848
5.65,pregrasp,-0.59339,-2.13978,-2.00544,-2.13797,0.97740,3.15098,-0.56635,-2.06162,-1.92889,-2.16468,0.94684,3.13119,0.06845
5.66,pregrasp,-0.59339,-2.13978,-2.00544,-2.13797,0.97740,3.15098,-0.56635,-2.06164,-1.92891,-2.16470,0.94687,3.13096,0.06844
5.67,pregrasp,-0.59339,-2.13978,-2.00544,-2.13797,0.97740,3.15098,-0.56636,-2.06166,-1.92893,-2.16473,0.94690,3.13074,0.06842
5.68,pregrasp,-0.59339,-2.13978,-2.00544,-2.13797,0.97740,3.15098,-0.56636,-2.06167,-1.92895,-2.16474,0.94693,3.13053,0.06840
5.69,pregrasp,-0.59339,-2.13978,-2.00544,-2.13797,0.97740,3.15098,-0.56637,-2.06169,-1.92897,-2.16476,0.94696,3.13032,0.06839
5.70,pregrasp,-0.59339,-2.13978,-2.00544,-2.13797,0.97740,3.15098,-0.56637,-2.06170,-1.92899,-2.16478,0.94699,3.13011,0.06837
5.71,pregrasp,-0.59339,-2.13978,-2.00544,-2.13797,0.97740,3.15098,-0.56638,-2.06171,-1.92901,-2.16480,0.94702,3.12990,0.06836
5.72,pregrasp,-0.59339,-2.13978,-2.00544,-2.13797,0.97740,3.15098,-0.56638,-2.06173,-1.92903,-2.16482,0.94705,3.12970,0.06834
5.73,pregrasp,-0.59339,-2.13978,-2.00544,-2.13797,0.97740,3.15098,-0.56638,-2.06174,-1.92905,-2.16483,0.94708,3.12949,0.06832
5.74,pregrasp,-0.59339,-2.13978,-2.00544,-2.13797,0.97740,3.15098,-0.56639,-2.06175,-1.92907,-2.16485,0.94712,3.12928,0.06831
5.75,pregrasp,-0.59339,-2.13978,-2.00544,-2.13797,0.97740,3.15098,-0.56639,-2.06177,-1.92910,-2.16487,0.94715,3.12908,0.06829
5.76,pregrasp,-0.59339,-2.13978,-2.00544,-2.13797,0.97740,3.15098,-0.56639,-2.06178,-1.92912,-2.16489,0.94718,3.12888,0.06828
5.77,pregrasp,-0.59339,-2.13978,-2.00544,-2.13797,0.97740,3.15098,-0.56640,-2.06180,-1.92914,-2.16491,0.94722,3.12867,0.06826
5.78,pregrasp,-0.59339,-2.13978,-2.00544,-2.13797,0.97740,3.15098,-0.56648,-2.06180,-1.92917,-2.16500,0.94724,3.12878,0.06819
5.79,pregrasp,-0.59339,-2.13978,-2.00544,-2.13797,0.97740,3.15098,-0.56654,-2.06181,-1.92922,-2.16507,0.94727,3.12895,0.06812
5.80,pregrasp,-0.59339,-2.13978,-2.00544,-2.13797,0.97740,3.15098,-0.56661,-2.06182,-1.92926,-2.16517,0.94730,3.12909,0.06805
5.81,pregrasp,-0.59339,-2.13978,-2.00544,-2.13797,0.97740,3.15098,-0.56667,-2.06184,-1.92933,-2.16528,0.94736,3.12912,0.06797
5.82,pregrasp,-0.59339,-2.13978,-2.00544,-2.13797,0.97740,3.15098,-0.56666,-2.06185,-1.92937,-2.16532,0.94740,3.12890,0.06794
5.83,pregrasp,-0.59339,-2.13978,-2.00544,-2.13797,0.97740,3.15098,-0.56674,-2.06186,-1.92942,-2.16541,0.94744,3.12883,0.06787
5.84,pregrasp,-0.59339,-2.13978,-2.00544,-2.13797,0.97740,3.15098,-0.56673,-2.06188,-1.92945,-2.16542,0.94746,3.12873,0.06785
5.85,pregrasp,-0.59339,-2.13978,-2.00544,-2.13797,0.97740,3.15098,-0.56680,-2.06188,-1.92949,-2.16549,0.94749,3.12872,0.06779
5.86,pregrasp,-0.59339,-2.13978,-2.00544,-2.13797,0.97740,3.15098,-0.56679,-2.06190,-1.92951,-2.16550,0.94750,3.12857,0.06778
5.87,pregrasp,-0.59339,-2.13978,-2.00544,-2.13797,0.97740,3.15098,-0.56686,-2.06190,-1.92955,-2.16556,0.94753,3.12854,0.06772
5.88,pregrasp,-0.59339,-2.13978,-2.00544,-2.13797,0.97740,3.15098,-0.56687,-2.06191,-1.92957,-2.16558,0.94752,3.12849,0.06770
5.89,pregrasp,-0.59339,-2.13978,-2.00544,-2.13797,0.97740,3.15098,-0.56693,-2.06192,-1.92959,-2.16566,0.94750,3.12858,0.06764
5.90,pregrasp,-0.59339,-2.13978,-2.00544,-2.13797,0.97740,3.15098,-0.56694,-2.06194,-1.92966,-2.16573,0.94756,3.12846,0.06759
5.91,pregrasp,-0.59339,-2.13978,-2.00544,-2.13797,0.97740,3.15098,-0.56700,-2.06194,-1.92969,-2.16582,0.94756,3.12856,0.06753
5.92,pregrasp,-0.59339,-2.13978,-2.00544,-2.13797,0.97740,3.15098,-0.56698,-2.06196,-1.92973,-2.16584,0.94757,3.12840,0.06752
5.93,pregrasp,-0.59339,-2.13978,-2.00544,-2.13797,0.97740,3.15098,-0.56705,-2.06197,-1.92976,-2.16589,0.94759,3.12838,0.06747
5.94,pregrasp,-0.59339,-2.13978,-2.00544,-2.13797,0.97740,3.15098,-0.56709,-2.06197,-1.92978,-2.16593,0.94757,3.12842,0.06743
5.95,pregrasp,-0.59339,-2.13978,-2.00544,-2.13797,0.97740,3.15098,-0.56707,-2.06199,-1.92981,-2.16596,0.94757,3.12823,0.06742
5.96,pregrasp,-0.59339,-2.13978,-2.00544,-2.13797,0.97740,3.15098,-0.56713,-2.06199,-1.92984,-2.16599,0.94760,3.12823,0.06736
5.97,pregrasp,-0.59339,-2.13978,-2.00544,-2.13797,0.97740,3.15098,-0.56717,-2.06199,-1.92987,-2.16604,0.94757,3.12827,0.06733
5.98,pregrasp,-0.59339,-2.13978,-2.00544,-2.13797,0.97740,3.15098,-0.56715,-2.06201,-1.92990,-2.16607,0.94757,3.12809,0.06732
5.99,pregrasp,-0.59339,-2.13978,-2.00544,-2.13797,0.97740,3.15098,-0.56721,-2.06201,-1.92993,-2.16610,0.94760,3.12807,0.06726
6.00,pregrasp,-0.59339,-2.13978,-2.00544,-2.13797,0.97740,3.15098,-0.56725,-2.06201,-1.92996,-2.16615,0.94758,3.12812,0.06722
6.01,pregrasp,-0.59339,-2.13978,-2.00544,-2.13797,0.97740,3.15098,-0.56723,-2.06203,-1.92999,-2.16618,0.94758,3.12794,0.06721
6.02,pregrasp,-0.59339,-2.13978,-2.00544,-2.13797,0.97740,3.15098,-0.56730,-2.06203,-1.93002,-2.16621,0.94760,3.12793,0.06716
6.03,pregrasp,-0.59339,-2.13978,-2.00544,-2.13797,0.97740,3.15098,-0.56734,-2.06203,-1.93004,-2.16627,0.94758,3.12799,0.06712
6.04,pregrasp,-0.59339,-2.13978,-2.00544,-2.13797,0.97740,3.15098,-0.56732,-2.06205,-1.93008,-2.16630,0.94758,3.12781,0.06711
6.05,pregrasp,-0.59339,-2.13978,-2.00544,-2.13797,0.97740,3.15098,-0.56738,-2.06205,-1.93011,-2.16633,0.94760,3.12782,0.06706
6.06,pregrasp,-0.59339,-2.13978,-2.00544,-2.13797,0.97740,3.15098,-0.56742,-2.06205,-1.93013,-2.16638,0.94758,3.12788,0.06701
6.07,pregrasp,-0.59339,-2.13978,-2.00544,-2.13797,0.97740,3.15098,-0.56740,-2.06207,-1.93017,-2.16642,0.94758,3.12770,0.06700
6.08,pregrasp,-0.59339,-2.13978,-2.00544,-2.13797,0.97740,3.15098,-0.56746,-2.06207,-1.93020,-2.16645,0.94760,3.12771,0.06695
6.09,pregrasp,-0.59339,-2.13978,-2.00544,-2.13797,0.97740,3.15098,-0.56750,-2.06207,-1.93022,-2.16650,0.94758,3.12778,0.06691
6.10,pregrasp,-0.59339,-2.13978,-2.00544,-2.13797,0.97740,3.15098,-0.56748,-2.06209,-1.93026,-2.16653,0.94757,3.12760,0.06690
6.11,approach,-0.59410,-2.13935,-2.00632,-2.13751,0.97670,3.15098,-0.56755,-2.06206,-1.93032,-2.16649,0.94756,3.12753,0.08352
6.12,approach,-0.59481,-2.13893,-2.00720,-2.13705,0.97599,3.15098,-0.56760,-2.06197,-1.93043,-2.16635,0.94745,3.12739,0.08351
6.13,approach,-0.59551,-2.13850,-2.00809,-2.13660,0.97528,3.15098,-0.56761,-2.06185,-1.93058,-2.16610,0.94736,3.12697,0.08348
6.14,approach,-0.59622,-2.13808,-2.00897,-2.13614,0.97457,3.15098,-0.56770,-2.06168,-1.93080,-2.16580,0.94729,3.12642,0.08345
6.15,approach,-0.59693,-2.13765,-2.00986,-2.13568,0.97387,3.15098,-0.56775,-2.06148,-1.93103,-2.16540,0.94718,3.12577,0.08341
6.16,approach,-0.59764,-2.13723,-2.01074,-2.13522,0.97316,3.15098,-0.56783,-2.06130,-1.93153,-2.16507,0.94732,3.12355,0.08333
6.17,approach,-0.59834,-2.13680,-2.01163,-2.13476,0.97245,3.15098,-0.56794,-2.06112,-1.93210,-2.16485,0.94719,3.12207,0.08329
6.18,approach,-0.59905,-2.13638,-2.01251,-2.13430,0.97175,3.15098,-0.56809,-2.06092,-1.93276,-2.16457,0.94721,3.11984,0.08322
6.19,approach,-0.59976,-2.13595,-2.01339,-2.13384,0.97104,3.15098,-0.56829,-2.06070,-1.93344,-2.16433,0.94708,3.11802,0.08316
6.20,approach,-0.60046,-2.13553,-2.01428,-2.13338,0.97033,3.15098,-0.56853,-2.06048,-1.93418,-2.16406,0.94701,3.11587,0.08310
6.21,approach,-0.60117,-2.13510,-2.01516,-2.13292,0.96962,3.15098,-0.56881,-2.06024,-1.93494,-2.16380,0.94685,3.11390,0.08304
6.22,approach,-0.60188,-2.13468,-2.01605,-2.13246,0.96892,3.15098,-0.56913,-2.05999,-1.93575,-2.16353,0.94670,3.11182,0.08298
6.23,approach,-0.60259,-2.13425,-2.01693,-2.13201,0.96821,3.15098,-0.56949,-2.05973,-1.93657,-2.16326,0.94650,3.10982,0.08293
6.24,approach,-0.60329,-2.13383,-2.01781,-2.13155,0.96750,3.15098,-0.56988,-2.05946,-1.93742,-2.16298,0.94628,3.10783,0.08287
6.25,approach,-0.60400,-2.13340,-2.01870,-2.13109,0.96680,3.15098,-0.57031,-2.05919,-1.93828,-2.16271,0.94604,3.10588,0.08281
6.26,approach,-0.60471,-2.13297,-2.01958,-2.13063,0.96609,3.15098,-0.57076,-2.05890,-1.93916,-2.16242,0.94577,3.10396,0.08276
6.27,approach,-0.60541,-2.13255,-2.02047,-2.13017,0.96538,3.15098,-0.57124,-2.05861,-1.94006,-2.16214,0.94547,3.10208,0.08271
6.28,approach,-0.60612,-2.13212,-2.02135,-2.12971,0.96467,3.15098,-0.57174,-2.05831,-1.94096,-2.16185,0.94515,3.10025,0.08266
6.29,approach,-0.60683,-2.13170,-2.02223,-2.12925,0.96397,3.15098,-0.57227,-2.05800,-1.94187,-2.16156,0.94481,3.09846,0.08261
6.30,approach,-0.60754,-2.13127,-2.02312,-2.12879,0.96326,3.15098,-0.57281,-2.05769,-1.94279,-2.16127,0.94445,3.09672,0.08256
6.31,approach,-0.60824,-2.13085,-2.02400,-2.12833,0.96255,3.15098,-0.57336,-2.05737,-1.94370,-2.16096,0.94407,3.09502,0.08251
6.32,approach,-0.60895,-2.13042,-2.02489,-2.12787,0.96184,3.15098,-0.57392,-2.05703,-1.94461,-2.16065,0.94366,3.09343,0.08247
6.33,approach,-0.60966,-2.13000,-2.02577,-2.12742,0.96114,3.15098,-0.57449,-2.05671,-1.94554,-2.16033,0.94325,3.09187,0.08242
6.34,approach,-0.61037,-2.12957,-2.02666,-2.12696,0.96043,3.15098,-0.57508,-2.05637,-1.94646,-2.16004,0.94282,3.09029,0.08239
6.35,approach,-0.61107,-2.12915,-2.02754,-2.12650,0.95972,3.15098,-0.57558,-2.05594,-1.94733,-2.15975,0.94268,3.08973,0.08238
6.36,approach,-0.61178,-2.12872,-2.02842,-2.12604,0.95902,3.15098,-0.57598,-2.05545,-1.94824,-2.15938,0.94250,3.08990,0.08238
6.37,approach,-0.61249,-2.12830,-2.02931,-2.12558,0.95831,3.15098,-0.57640,-2.05497,-1.94913,-2.15902,0.94228,3.08987,0.08239
6.38,approach,-0.61319,-2.12787,-2.03019,-2.12512,0.95760,3.15098,-0.57685,-2.05448,-1.95000,-2.15866,0.94198,3.08974,0.08240
6.39,approach,-0.61390,-2.12745,-2.03108,-2.12466,0.95689,3.15098,-0.57729,-2.05400,-1.95088,-2.15829,0.94172,3.08972,0.08240
6.40,approach,-0.61461,-2.12702,-2.03196,-2.12420,0.95619,3.15098,-0.57775,-2.05352,-1.95177,-2.15791,0.94141,3.08983,0.08240
6.41,approach,-0.61532,-2.12660,-2.03284,-2.12374,0.95548,3.15098,-0.57824,-2.05304,-1.95263,-2.15754,0.94100,3.08980,0.08241
6.42,approach,-0.61602,-2.12617,-2.03373,-2.12329,0.95477,3.15098,-0.57877,-2.05256,-1.95347,-2.15716,0.94054,3.08963,0.08241
6.43,approach,-0.61673,-2.12575,-2.03461,-2.12283,0.95406,3.15098,-0.57930,-2.05209,-1.95434,-2.15677,0.94011,3.08958,0.08242
6.44,approach,-0.61744,-2.12532,-2.03550,-2.12237,0.95336,3.15098,-0.57983,-2.05161,-1.95521,-2.15638,0.93966,3.08967,0.08241
6.45,approach,-0.61815,-2.12490,-2.03638,-2.12191,0.95265,3.15098,-0.58040,-2.05114,-1.95605,-2.15599,0.93912,3.08961,0.08242
6.46,approach,-0.61885,-2.12447,-2.03726,-2.12145,0.95194,3.15098,-0.58099,-2.05067,-1.95688,-2.15560,0.93853,3.08941,0.08242
6.47,approach,-0.61956,-2.12405,-2.03815,-2.12099,0.95124,3.15098,-0.58157,-2.05020,-1.95772,-2.15520,0.93799,3.08934,0.08242
6.48,approach,-0.62027,-2.12362,-2.03903,-2.12053,0.95053,3.15098,-0.58216,-2.04973,-1.95858,-2.15480,0.93745,3.08940,0.08242
6.49,approach,-0.62097,-2.12320,-2.03992,-2.12007,0.94982,3.15098,-0.58276,-2.04927,-1.95941,-2.15439,0.93682,3.08933,0.08242
6.50,approach,-0.62168,-2.12277,-2.04080,-2.11961,0.94911,3.15098,-0.58339,-2.04880,-1.96022,-2.15400,0.93615,3.08911,0.08243
6.51,approach,-0.62239,-2.12235,-2.04169,-2.11915,0.94841,3.15098,-0.58401,-2.04833,-1.96106,-2.15359,0.93554,3.08902,0.08243
6.52,approach,-0.62310,-2.12192,-2.04257,-2.11870,0.94770,3.15098,-0.58462,-2.04787,-1.96191,-2.15318,0.93494,3.08907,0.08243
6.53,approach,-0.62380,-2.12150,-2.04345,-2.11824,0.94699,3.15098,-0.58525,-2.04740,-1.96273,-2.15277,0.93427,3.08899,0.08243
6.54,approach,-0.62451,-2.12107,-2.04434,-2.11778,0.94629,3.15098,-0.58589,-2.04694,-1.96354,-2.15237,0.93356,3.08876,0.08243
6.55,approach,-0.62522,-2.12065,-2.04522,-2.11732,0.94558,3.15098,-0.58653,-2.04647,-1.96437,-2.15196,0.93291,3.08866,0.08243
6.56,approach,-0.62592,-2.12022,-2.04611,-2.11686,0.94487,3.15098,-0.58716,-2.04601,-1.96521,-2.15154,0.93227,3.08870,0.08243
6.57,approach,-0.62663,-2.11980,-2.04699,-2.11640,0.94416,3.15098,-0.58779,-2.04554,-1.96603,-2.15113,0.93157,3.08861,0.08243
6.58,approach,-0.62734,-2.11937,-2.04787,-2.11594,0.94346,3.15098,-0.58844,-2.04508,-1.96684,-2.15072,0.93084,3.08837,0.08244
6.59,approach,-0.62805,-2.11894,-2.04876,-2.11548,0.94275,3.15098,-0.58909,-2.04461,-1.96767,-2.15031,0.93016,3.08827,0.08244
6.60,approach,-0.62875,-2.11852,-2.04964,-2.11502,0.94204,3.15098,-0.58972,-2.04415,-1.96851,-2.14989,0.92951,3.08831,0.08243
6.61,approach,-0.62946,-2.11809,-2.05053,-2.11456,0.94133,3.15098,-0.59036,-2.04369,-1.96933,-2.14947,0.92879,3.08821,0.08243
6.62,approach,-0.63017,-2.11767,-2.05141,-2.11411,0.94063,3.15098,-0.59101,-2.04322,-1.97013,-2.14906,0.92804,3.08797,0.08244
6.63,approach,-0.63088,-2.11724,-2.05229,-2.11365,0.93992,3.15098,-0.59166,-2.04276,-1.97095,-2.14865,0.92735,3.08786,0.08244
6.64,approach,-0.63158,-2.11682,-2.05318,-2.11319,0.93921,3.15098,-0.59229,-2.04229,-1.97179,-2.14823,0.92669,3.08790,0.08243
6.65,approach,-0.63229,-2.11639,-2.05406,-2.11273,0.93851,3.15098,-0.59294,-2.04183,-1.97261,-2.14781,0.92596,3.08780,0.08244
6.66,approach,-0.63300,-2.11597,-2.05495,-2.11227,0.93780,3.15098,-0.59359,-2.04137,-1.97341,-2.14740,0.92520,3.08755,0.08244
6.67,approach,-0.63370,-2.11554,-2.05583,-2.11181,0.93709,3.15098,-0.59424,-2.04090,-1.97424,-2.14698,0.92450,3.08744,0.08244
6.68,approach,-0.63441,-2.11512,-2.05672,-2.11135,0.93638,3.15098,-0.59488,-2.04044,-1.97507,-2.14656,0.92383,3.08748,0.08244
6.69,approach,-0.63512,-2.11469,-2.05760,-2.11089,0.93568,3.15098,-0.59552,-2.03997,-1.97589,-2.14614,0.92309,3.08738,0.08244
6.70,approach,-0.63583,-2.11427,-2.05848,-2.11043,0.93497,3.15098,-0.59618,-2.03951,-1.97669,-2.14573,0.92232,3.08713,0.08244
6.71,approach,-0.63653,-2.11384,-2.05937,-2.10997,0.93426,3.15098,-0.59683,-2.03904,-1.97751,-2.14532,0.92162,3.08701,0.08244
6.72,approach,-0.63724,-2.11342,-2.06025,-2.10952,0.93355,3.15098,-0.59746,-2.03858,-1.97835,-2.14489,0.92094,3.08705,0.08244
6.73,approach,-0.63795,-2.11299,-2.06114,-2.10906,0.93285,3.15098,-0.59811,-2.03812,-1.97917,-2.14447,0.92020,3.08695,0.08244
6.74,approach,-0.63866,-2.11257,-2.06202,-2.10860,0.93214,3.15098,-0.59877,-2.03765,-1.97997,-2.14406,0.91943,3.08669,0.08244
6.75,approach,-0.63936,-2.11214,-2.06290,-2.10814,0.93143,3.15098,-0.59942,-2.03719,-1.98079,-2.14364,0.91872,3.08658,0.08244
6.76,approach,-0.64007,-2.11172,-2.06379,-2.10768,0.93073,3.15098,-0.60005,-2.03673,-1.98163,-2.14322,0.91804,3.08662,0.08244
6.77,approach,-0.64078,-2.11129,-2.06467,-2.10722,0.93002,3.15098,-0.60070,-2.03626,-1.98244,-2.14280,0.91730,3.08652,0.08244
6.78,approach,-0.64148,-2.11087,-2.06556,-2.10676,0.92931,3.15098,-0.60136,-2.03580,-1.98324,-2.14239,0.91653,3.08626,0.08244
6.79,approach,-0.64219,-2.11044,-2.06644,-2.10630,0.92860,3.15098,-0.60200,-2.03533,-1.98406,-2.14197,0.91582,3.08615,0.08244
6.80,approach,-0.64290,-2.11002,-2.06732,-2.10584,0.92790,3.15098,-0.60264,-2.03487,-1.98490,-2.14155,0.91514,3.08619,0.08244
6.81,approach,-0.64361,-2.10959,-2.06821,-2.10539,0.92719,3.15098,-0.60328,-2.03440,-1.98571,-2.14113,0.91439,3.08608,0.08244
6.82,approach,-0.64431,-2.10917,-2.06909,-2.10493,0.92648,3.15098,-0.60394,-2.03394,-1.98651,-2.14072,0.91361,3.08582,0.08245
6.83,approach,-0.64502,-2.10874,-2.06998,-2.10447,0.92578,3.15098,-0.60459,-2.03348,-1.98733,-2.14030,0.91291,3.08571,0.08245
6.84,approach,-0.64573,-2.10832,-2.07086,-2.10401,0.92507,3.15098,-0.60523,-2.03301,-1.98817,-2.13988,0.91222,3.08575,0.08244
6.85,approach,-0.64643,-2.10789,-2.07175,-2.10355,0.92436,3.15098,-0.60587,-2.03255,-1.98898,-2.13946,0.91147,3.08564,0.08244
6.86,approach,-0.64714,-2.10747,-2.07263,-2.10309,0.92365,3.15098,-0.60653,-2.03208,-1.98978,-2.13905,0.91070,3.08538,0.08245
6.87,approach,-0.64785,-2.10704,-2.07351,-2.10263,0.92295,3.15098,-0.60718,-2.03162,-1.99060,-2.13863,0.90999,3.08526,0.08245
6.88,approach,-0.64856,-2.10662,-2.07440,-2.10217,0.92224,3.15098,-0.60781,-2.03115,-1.99144,-2.13821,0.90930,3.08531,0.08244
6.89,approach,-0.64926,-2.10619,-2.07528,-2.10171,0.92153,3.15098,-0.60846,-2.03069,-1.99225,-2.13779,0.90855,3.08520,0.08244
6.90,approach,-0.64997,-2.10577,-2.07617,-2.10125,0.92082,3.15098,-0.60912,-2.03023,-1.99305,-2.13738,0.90777,3.08494,0.08245
6.91,approach,-0.65068,-2.10534,-2.07705,-2.10080,0.92012,3.15098,-0.60977,-2.02976,-1.99387,-2.13696,0.90706,3.08482,0.08245
6.92,approach,-0.65139,-2.10492,-2.07793,-2.10034,0.91941,3.15098,-0.61040,-2.02930,-1.99470,-2.13654,0.90638,3.08487,0.08244
6.93,approach,-0.65209,-2.10449,-2.07882,-2.09988,0.91870,3.15098,-0.61105,-2.02883,-1.99552,-2.13612,0.90563,3.08476,0.08244
6.94,approach,-0.65280,-2.10406,-2.07970,-2.09942,0.91800,3.15098,-0.61170,-2.02837,-1.99631,-2.13570,0.90485,3.08449,0.08245
6.95,approach,-0.65351,-2.10364,-2.08059,-2.09896,0.91729,3.15098,-0.61235,-2.02790,-1.99713,-2.13529,0.90414,3.08438,0.08245
6.96,approach,-0.65421,-2.10321,-2.08147,-2.09850,0.91658,3.15098,-0.61299,-2.02744,-1.99797,-2.13487,0.90346,3.08443,0.08245
6.97,approach,-0.65492,-2.10279,-2.08236,-2.09804,0.91587,3.15098,-0.61363,-2.02697,-1.99878,-2.13445,0.90270,3.08432,0.08245
6.98,approach,-0.65563,-2.10236,-2.08324,-2.09758,0.91517,3.15098,-0.61429,-2.02651,-1.99958,-2.13404,0.90192,3.08405,0.08245
6.99,approach,-0.65634,-2.10194,-2.08412,-2.09712,0.91446,3.15098,-0.61494,-2.02604,-2.00040,-2.13362,0.90122,3.08393,0.08245
7.00,approach,-0.65704,-2.10151,-2.08501,-2.09666,0.91375,3.15098,-0.61557,-2.02558,-2.00124,-2.13320,0.90053,3.08398,0.08245
7.01,approach,-0.65775,-2.10109,-2.08589,-2.09621,0.91304,3.15098,-0.61622,-2.02511,-2.00205,-2.13278,0.89978,3.08387,0.08245
7.02,approach,-0.65846,-2.10066,-2.08678,-2.09575,0.91234,3.15098,-0.61687,-2.02465,-2.00285,-2.13237,0.89900,3.08360,0.08245
7.03,approach,-0.65917,-2.10024,-2.08766,-2.09529,0.91163,3.15098,-0.61752,-2.02418,-2.00367,-2.13195,0.89829,3.08349,0.08245
7.04,approach,-0.65987,-2.09981,-2.08854,-2.09483,0.91092,3.15098,-0.61815,-2.02372,-2.00450,-2.13153,0.89761,3.08354,0.08245
7.05,approach,-0.66058,-2.09939,-2.08943,-2.09437,0.91022,3.15098,-0.61880,-2.02326,-2.00532,-2.13111,0.89685,3.08343,0.08245
7.06,approach,-0.66129,-2.09896,-2.09031,-2.09391,0.90951,3.15098,-0.61946,-2.02279,-2.00611,-2.13070,0.89607,3.08316,0.08246
7.07,approach,-0.66199,-2.09854,-2.09120,-2.09345,0.90880,3.15098,-0.62010,-2.02232,-2.00693,-2.13029,0.89536,3.08304,0.08246
7.08,approach,-0.66270,-2.09811,-2.09208,-2.09299,0.90809,3.15098,-0.62074,-2.02186,-2.00777,-2.12986,0.89468,3.08310,0.08245
7.09,approach,-0.66341,-2.09769,-2.09296,-2.09253,0.90739,3.15098,-0.62138,-2.02140,-2.00858,-2.12944,0.89392,3.08299,0.08245
7.10,approach,-0.66412,-2.09726,-2.09385,-2.09207,0.90668,3.15098,-0.62204,-2.02093,-2.00937,-2.12903,0.89314,3.08271,0.08246
7.11,approach,-0.66482,-2.09684,-2.09473,-2.09162,0.90597,3.15098,-0.62269,-2.02046,-2.01019,-2.12862,0.89243,3.08259,0.08246
7.12,approach,-0.66553,-2.09641,-2.09562,-2.09116,0.90527,3.15098,-0.62332,-2.02000,-2.01103,-2.12820,0.89175,3.08265,0.08245
7.13,approach,-0.66624,-2.09599,-2.09650,-2.09070,0.90456,3.15098,-0.62396,-2.01954,-2.01184,-2.12778,0.89099,3.08254,0.08245
7.14,approach,-0.66694,-2.09556,-2.09739,-2.09024,0.90385,3.15098,-0.62462,-2.01907,-2.01263,-2.12737,0.89021,3.08226,0.08246
7.15,approach,-0.66765,-2.09514,-2.09827,-2.08978,0.90314,3.15098,-0.62527,-2.01860,-2.01345,-2.12695,0.88950,3.08215,0.08246
7.16,approach,-0.66836,-2.09471,-2.09915,-2.08932,0.90244,3.15098,-0.62590,-2.01814,-2.01429,-2.12653,0.88882,3.08221,0.08246
7.17,approach,-0.66907,-2.09429,-2.10004,-2.08886,0.90173,3.15098,-0.62655,-2.01767,-2.01510,-2.12611,0.88806,3.08209,0.08246
7.18,approach,-0.66977,-2.09386,-2.10092,-2.08840,0.90102,3.15098,-0.62721,-2.01721,-2.01589,-2.12570,0.88728,3.08181,0.08246
7.19,approach,-0.67048,-2.09344,-2.10181,-2.08794,0.90031,3.15098,-0.62785,-2.01674,-2.01671,-2.12529,0.88657,3.08170,0.08246
7.20,approach,-0.67119,-2.09301,-2.10269,-2.08749,0.89961,3.15098,-0.62848,-2.01628,-2.01755,-2.12487,0.88589,3.08176,0.08246
7.21,approach,-0.67190,-2.09259,-2.10357,-2.08703,0.89890,3.15098,-0.62913,-2.01581,-2.01836,-2.12445,0.88513,3.08164,0.08246
7.22,approach,-0.67260,-2.09216,-2.10446,-2.08657,0.89819,3.15098,-0.62979,-2.01535,-2.01915,-2.12404,0.88435,3.08136,0.08246
7.23,approach,-0.67331,-2.09174,-2.10534,-2.08611,0.89749,3.15098,-0.63043,-2.01488,-2.01997,-2.12363,0.88364,3.08125,0.08247
7.24,approach,-0.67402,-2.09131,-2.10623,-2.08565,0.89678,3.15098,-0.63106,-2.01442,-2.02081,-2.12321,0.88296,3.08131,0.08246
7.25,approach,-0.67472,-2.09089,-2.10711,-2.08519,0.89607,3.15098,-0.63171,-2.01395,-2.02162,-2.12279,0.88220,3.08120,0.08246
7.26,approach,-0.67543,-2.09046,-2.10799,-2.08473,0.89536,3.15098,-0.63237,-2.01349,-2.02241,-2.12238,0.88141,3.08091,0.08247
7.27,approach,-0.67614,-2.09003,-2.10888,-2.08427,0.89466,3.15098,-0.63301,-2.01302,-2.02323,-2.12197,0.88071,3.08080,0.08247
7.28,approach,-0.67685,-2.08961,-2.10976,-2.08381,0.89395,3.15098,-0.63364,-2.01255,-2.02407,-2.12155,0.88002,3.08086,0.08246
7.29,approach,-0.67755,-2.08918,-2.11065,-2.08335,0.89324,3.15098,-0.63429,-2.01209,-2.02488,-2.12113,0.87926,3.08075,0.08246
7.30,approach,-0.67826,-2.08876,-2.11153,-2.08290,0.89253,3.15098,-0.63494,-2.01163,-2.02567,-2.12072,0.87848,3.08046,0.08247
7.31,approach,-0.67897,-2.08833,-2.11242,-2.08244,0.89183,3.15098,-0.63559,-2.01116,-2.02649,-2.12031,0.87778,3.08035,0.08247
7.32,approach,-0.67968,-2.08791,-2.11330,-2.08198,0.89112,3.15098,-0.63622,-2.01069,-2.02733,-2.11989,0.87709,3.08041,0.08247
7.33,approach,-0.68038,-2.08748,-2.11418,-2.08152,0.89041,3.15098,-0.63686,-2.01023,-2.02813,-2.11947,0.87633,3.08030,0.08247
7.34,approach,-0.68109,-2.08706,-2.11507,-2.08106,0.88971,3.15098,-0.63752,-2.00976,-2.02893,-2.11906,0.87555,3.08001,0.08247
7.35,approach,-0.68180,-2.08663,-2.11595,-2.08060,0.88900,3.15098,-0.63817,-2.00930,-2.02975,-2.11865,0.87484,3.07990,0.08248
7.36,approach,-0.68250,-2.08621,-2.11684,-2.08014,0.88829,3.15098,-0.63880,-2.00883,-2.03058,-2.11823,0.87416,3.07996,0.08247
7.37,approach,-0.68321,-2.08578,-2.11772,-2.07968,0.88758,3.15098,-0.63944,-2.00837,-2.03139,-2.11782,0.87340,3.07985,0.08247
7.38,approach,-0.68392,-2.08536,-2.11860,-2.07922,0.88688,3.15098,-0.64010,-2.00790,-2.03218,-2.11741,0.87261,3.07956,0.08248
7.39,approach,-0.68463,-2.08493,-2.11949,-2.07876,0.88617,3.15098,-0.64074,-2.00743,-2.03300,-2.11700,0.87191,3.07944,0.08248
7.40,approach,-0.68533,-2.08451,-2.12037,-2.07831,0.88546,3.15098,-0.64137,-2.00697,-2.03384,-2.11658,0.87122,3.07952,0.08247
7.41,approach,-0.68604,-2.08408,-2.12126,-2.07785,0.88475,3.15098,-0.64202,-2.00650,-2.03465,-2.11616,0.87046,3.07940,0.08247
7.42,approach,-0.68675,-2.08366,-2.12214,-2.07739,0.88405,3.15098,-0.64268,-2.00604,-2.03544,-2.11575,0.86968,3.07911,0.08248
7.43,approach,-0.68745,-2.08323,-2.12302,-2.07693,0.88334,3.15098,-0.64332,-2.00557,-2.03626,-2.11534,0.86897,3.07900,0.08248
7.44,approach,-0.68816,-2.08281,-2.12391,-2.07647,0.88263,3.15098,-0.64395,-2.00510,-2.03709,-2.11492,0.86829,3.07907,0.08248
7.45,approach,-0.68887,-2.08238,-2.12479,-2.07601,0.88193,3.15098,-0.64460,-2.00464,-2.03790,-2.11451,0.86752,3.07895,0.08248
7.46,approach,-0.68958,-2.08196,-2.12568,-2.07555,0.88122,3.15098,-0.64525,-2.00417,-2.03869,-2.11410,0.86674,3.07866,0.08248
7.47,approach,-0.69028,-2.08153,-2.12656,-2.07509,0.88051,3.15098,-0.64590,-2.00371,-2.03951,-2.11369,0.86604,3.07854,0.08249
7.48,approach,-0.69099,-2.08111,-2.12745,-2.07463,0.87980,3.15098,-0.64653,-2.00324,-2.04035,-2.11327,0.86535,3.07862,0.08248
7.49,approach,-0.69170,-2.08068,-2.12833,-2.07417,0.87910,3.15098,-0.64717,-2.00278,-2.04116,-2.11285,0.86459,3.07850,0.08248
7.50,approach,-0.69241,-2.08026,-2.12921,-2.07372,0.87839,3.15098,-0.64783,-2.00231,-2.04195,-2.11245,0.86380,3.07821,0.08249
7.51,approach,-0.69241,-2.08026,-2.12921,-2.07372,0.87839,3.15098,-0.64846,-2.00188,-2.04271,-2.11208,0.86316,3.07811,0.08249
7.52,approach,-0.69241,-2.08026,-2.12921,-2.07372,0.87839,3.15098,-0.64901,-2.00149,-2.04343,-2.11176,0.86269,3.07823,0.08249
7.53,approach,-0.69241,-2.08026,-2.12921,-2.07372,0.87839,3.15098,-0.64949,-2.00114,-2.04406,-2.11150,0.86227,3.07817,0.08249
7.54,approach,-0.69241,-2.08026,-2.12921,-2.07372,0.87839,3.15098,-0.64988,-2.00082,-2.04461,-2.11129,0.86197,3.07798,0.08251
7.55,approach,-0.69241,-2.08026,-2.12921,-2.07372,0.87839,3.15098,-0.65016,-2.00053,-2.04515,-2.11111,0.86184,3.07800,0.08251
7.56,approach,-0.69241,-2.08026,-2.12921,-2.07372,0.87839,3.15098,-0.65039,-2.00028,-2.04562,-2.11097,0.86172,3.07804,0.08252
7.57,approach,-0.69241,-2.08026,-2.12921,-2.07372,0.87839,3.15098,-0.65054,-2.00006,-2.04608,-2.11085,0.86175,3.07825,0.08252
7.58,approach,-0.69241,-2.08026,-2.12921,-2.07372,0.87839,3.15098,-0.65068,-1.99986,-2.04645,-2.11074,0.86168,3.07830,0.08253
7.59,approach,-0.69241,-2.08026,-2.12921,-2.07372,0.87839,3.15098,-0.65076,-1.99969,-2.04679,-2.11068,0.86174,3.07834,0.08253
7.60,approach,-0.69241,-2.08026,-2.12921,-2.07372,0.87839,3.15098,-0.65085,-1.99954,-2.04708,-2.11060,0.86169,3.07841,0.08254
7.61,approach,-0.69241,-2.08026,-2.12921,-2.07372,0.87839,3.15098,-0.65088,-1.99940,-2.04735,-2.11056,0.86181,3.07844,0.08255
7.62,approach,-0.69241,-2.08026,-2.12921,-2.07372,0.87839,3.15098,-0.65098,-1.99929,-2.04753,-2.11050,0.86169,3.07839,0.08256
7.63,approach,-0.69241,-2.08026,-2.12921,-2.07372,0.87839,3.15098,-0.65100,-1.99920,-2.04772,-2.11047,0.86178,3.07834,0.08256
7.64,approach,-0.69241,-2.08026,-2.12921,-2.07372,0.87839,3.15098,-0.65109,-1.99911,-2.04789,-2.11044,0.86170,3.07844,0.08256
7.65,approach,-0.69241,-2.08026,-2.12921,-2.07372,0.87839,3.15098,-0.65116,-1.99907,-2.04795,-2.11035,0.86154,3.07836,0.08256
7.66,approach,-0.69241,-2.08026,-2.12921,-2.07372,0.87839,3.15098,-0.65118,-1.99900,-2.04808,-2.11033,0.86156,3.07836,0.08256
7.67,approach,-0.69241,-2.08026,-2.12921,-2.07372,0.87839,3.15098,-0.65118,-1.99893,-2.04824,-2.11033,0.86162,3.07845,0.08257
7.68,approach,-0.69241,-2.08026,-2.12921,-2.07372,0.87839,3.15098,-0.65119,-1.99889,-2.04830,-2.11029,0.86161,3.07843,0.08257
7.69,approach,-0.69241,-2.08026,-2.12921,-2.07372,0.87839,3.15098,-0.65119,-1.99885,-2.04839,-2.11028,0.86165,3.07845,0.08257
7.70,approach,-0.69241,-2.08026,-2.12921,-2.07372,0.87839,3.15098,-0.65120,-1.99881,-2.04845,-2.11026,0.86165,3.07846,0.08257
7.71,approach,-0.69241,-2.08026,-2.12921,-2.07372,0.87839,3.15098,-0.65120,-1.99878,-2.04853,-2.11026,0.86169,3.07849,0.08257
7.72,approach,-0.69241,-2.08026,-2.12921,-2.07372,0.87839,3.15098,-0.65121,-1.99875,-2.04858,-2.11025,0.86170,3.07850,0.08257
7.73,approach,-0.69241,-2.08026,-2.12921,-2.07372,0.87839,3.15098,-0.65127,-1.99874,-2.04861,-2.11024,0.86159,3.07850,0.08257
7.74,approach,-0.69241,-2.08026,-2.12921,-2.07372,0.87839,3.15098,-0.65135,-1.99874,-2.04864,-2.11024,0.86144,3.07851,0.08258
7.75,approach,-0.69241,-2.08026,-2.12921,-2.07372,0.87839,3.15098,-0.65145,-1.99873,-2.04868,-2.11028,0.86126,3.07853,0.08258
7.76,approach,-0.69241,-2.08026,-2.12921,-2.07372,0.87839,3.15098,-0.65154,-1.99873,-2.04878,-2.11034,0.86119,3.07876,0.08259
7.77,approach,-0.69241,-2.08026,-2.12921,-2.07372,0.87839,3.15098,-0.65154,-1.99871,-2.04891,-2.11042,0.86126,3.07890,0.08260
7.78,approach,-0.69241,-2.08026,-2.12921,-2.07372,0.87839,3.15098,-0.65166,-1.99872,-2.04893,-2.11048,0.86111,3.07894,0.08261
7.79,approach,-0.69241,-2.08026,-2.12921,-2.07372,0.87839,3.15098,-0.65166,-1.99870,-2.04906,-2.11059,0.86114,3.07908,0.08263
7.80,approach,-0.69241,-2.08026,-2.12921,-2.07372,0.87839,3.15098,-0.65177,-1.99872,-2.04908,-2.11064,0.86100,3.07910,0.08263
7.81,approach,-0.69241,-2.08026,-2.12921,-2.07372,0.87839,3.15098,-0.65175,-1.99870,-2.04920,-2.11075,0.86105,3.07928,0.08265
7.82,approach,-0.69241,-2.08026,-2.12921,-2.07372,0.87839,3.15098,-0.65187,-1.99873,-2.04922,-2.11082,0.86098,3.07927,0.08266
7.83,approach,-0.69241,-2.08026,-2.12921,-2.07372,0.87839,3.15098,-0.65185,-1.99872,-2.04927,-2.11090,0.86094,3.07931,0.08267
7.84,approach,-0.69241,-2.08026,-2.12921,-2.07372,0.87839,3.15098,-0.65197,-1.99875,-2.04924,-2.11093,0.86079,3.07925,0.08268
7.85,approach,-0.69241,-2.08026,-2.12921,-2.07372,0.87839,3.15098,-0.65195,-1.99872,-2.04936,-2.11102,0.86087,3.07943,0.08269
7.86,approach,-0.69241,-2.08026,-2.12921,-2.07372,0.87839,3.15098,-0.65208,-1.99875,-2.04938,-2.11109,0.86078,3.07941,0.08270
7.87,approach,-0.69241,-2.08026,-2.12921,-2.07372,0.87839,3.15098,-0.65204,-1.99874,-2.04946,-2.11116,0.86082,3.07962,0.08271
7.88,approach,-0.69241,-2.08026,-2.12921,-2.07372,0.87839,3.15098,-0.65216,-1.99876,-2.04944,-2.11120,0.86068,3.07955,0.08272
7.89,approach,-0.69241,-2.08026,-2.12921,-2.07372,0.87839,3.15098,-0.65213,-1.99875,-2.04951,-2.11126,0.86074,3.07971,0.08272
7.90,approach,-0.69241,-2.08026,-2.12921,-2.07372,0.87839,3.15098,-0.65224,-1.99877,-2.04955,-2.11135,0.86066,3.07972,0.08274
7.91,approach,-0.69241,-2.08026,-2.12921,-2.07372,0.87839,3.15098,-0.65222,-1.99876,-2.04962,-2.11140,0.86069,3.07988,0.08274
7.92,approach,-0.69241,-2.08026,-2.12921,-2.07372,0.87839,3.15098,-0.65233,-1.99878,-2.04960,-2.11144,0.86054,3.07982,0.08275
7.93,approach,-0.69241,-2.08026,-2.12921,-2.07372,0.87839,3.15098,-0.65230,-1.99876,-2.04970,-2.11150,0.86061,3.08000,0.08276
7.94,approach,-0.69241,-2.08026,-2.12921,-2.07372,0.87839,3.15098,-0.65242,-1.99878,-2.04973,-2.11159,0.86055,3.08000,0.08277
7.95,approach,-0.69241,-2.08026,-2.12921,-2.07372,0.87839,3.15098,-0.65240,-1.99878,-2.04978,-2.11164,0.86053,3.08017,0.08278
7.96,approach,-0.69241,-2.08026,-2.12921,-2.07372,0.87839,3.15098,-0.65245,-1.99879,-2.04979,-2.11168,0.86041,3.08017,0.08278
7.97,approach,-0.69241,-2.08026,-2.12921,-2.07372,0.87839,3.15098,-0.65245,-1.99878,-2.04991,-2.11178,0.86043,3.08027,0.08280
7.98,approach,-0.69241,-2.08026,-2.12921,-2.07372,0.87839,3.15098,-0.65258,-1.99881,-2.04992,-2.11184,0.86035,3.08029,0.08280
7.99,approach,-0.69241,-2.08026,-2.12921,-2.07372,0.87839,3.15098,-0.65253,-1.99879,-2.05001,-2.11193,0.86040,3.08050,0.08282
8.00,approach,-0.69241,-2.08026,-2.12921,-2.07372,0.87839,3.15098,-0.65265,-1.99881,-2.04998,-2.11195,0.86028,3.08042,0.08282
8.01,approach,-0.69241,-2.08026,-2.12921,-2.07372,0.87839,3.15098,-0.65264,-1.99881,-2.05003,-2.11200,0.86027,3.08058,0.08283
8.02,approach,-0.69241,-2.08026,-2.12921,-2.07372,0.87839,3.15098,-0.65269,-1.99883,-2.05003,-2.11204,0.86015,3.08058,0.08283
8.03,approach,-0.69241,-2.08026,-2.12921,-2.07372,0.87839,3.15098,-0.65269,-1.99881,-2.05015,-2.11214,0.86019,3.08069,0.08285
8.04,approach,-0.69241,-2.08026,-2.12921,-2.07372,0.87839,3.15098,-0.65282,-1.99884,-2.05016,-2.11220,0.86011,3.08070,0.08285
8.05,approach,-0.69241,-2.08026,-2.12921,-2.07372,0.87839,3.15098,-0.65277,-1.99882,-2.05025,-2.11228,0.86016,3.08091,0.08287
8.06,approach,-0.69241,-2.08026,-2.12921,-2.07372,0.87839,3.15098,-0.65288,-1.99885,-2.05024,-2.11229,0.86007,3.08092,0.08286
8.07,approach,-0.69241,-2.08026,-2.12921,-2.07372,0.87839,3.15098,-0.65287,-1.99885,-2.05028,-2.11233,0.86006,3.08108,0.08287
8.08,approach,-0.69241,-2.08026,-2.12921,-2.07372,0.87839,3.15098,-0.65292,-1.99886,-2.05029,-2.11237,0.85995,3.08108,0.08287
8.09,approach,-0.69241,-2.08026,-2.12921,-2.07372,0.87839,3.15098,-0.65292,-1.99884,-2.05040,-2.11246,0.85999,3.08117,0.08289
8.10,approach,-0.69241,-2.08026,-2.12921,-2.07372,0.87839,3.15098,-0.65305,-1.99887,-2.05041,-2.11252,0.85992,3.08117,0.08289
8.11,close,-0.69241,-2.08026,-2.12921,-2.07372,0.87839,3.15098,-0.65300,-1.99885,-2.05050,-2.11259,0.85997,3.08137,0.08290
8.12,close,-0.69241,-2.08026,-2.12921,-2.07372,0.87839,3.15098,-0.65313,-1.99888,-2.05047,-2.11262,0.85986,3.08130,0.08291
8.13,close,-0.69241,-2.08026,-2.12921,-2.07372,0.87839,3.15098,-0.65311,-1.99887,-2.05053,-2.11266,0.85984,3.08145,0.08291
8.14,close,-0.69241,-2.08026,-2.12921,-2.07372,0.87839,3.15098,-0.65318,-1.99889,-2.05053,-2.11270,0.85971,3.08146,0.08292
8.15,close,-0.69241,-2.08026,-2.12921,-2.07372,0.87839,3.15098,-0.65319,-1.99887,-2.05065,-2.11280,0.85974,3.08156,0.08293
8.16,close,-0.69241,-2.08026,-2.12921,-2.07372,0.87839,3.15098,-0.65331,-1.99890,-2.05065,-2.11286,0.85965,3.08156,0.08294
8.17,close,-0.69241,-2.08026,-2.12921,-2.07372,0.87839,3.15098,-0.65328,-1.99888,-2.05073,-2.11294,0.85964,3.08161,0.08296
8.18,close,-0.69241,-2.08026,-2.12921,-2.07372,0.87839,3.15098,-0.65342,-1.99891,-2.05069,-2.11297,0.85956,3.08153,0.08296
8.19,close,-0.69241,-2.08026,-2.12921,-2.07372,0.87839,3.15098,-0.65341,-1.99891,-2.05074,-2.11300,0.85953,3.08168,0.08296
8.20,close,-0.69241,-2.08026,-2.12921,-2.07372,0.87839,3.15098,-0.65342,-1.99891,-2.05072,-2.11300,0.85948,3.08163,0.08297
8.21,close,-0.69241,-2.08026,-2.12921,-2.07372,0.87839,3.15098,-0.65337,-1.99889,-2.05078,-2.11303,0.85960,3.08168,0.08297
8.22,close,-0.69241,-2.08026,-2.12921,-2.07372,0.87839,3.15098,-0.65351,-1.99892,-2.05074,-2.11306,0.85951,3.08162,0.08297
8.23,close,-0.69241,-2.08026,-2.12921,-2.07372,0.87839,3.15098,-0.65350,-1.99892,-2.05079,-2.11310,0.85948,3.08178,0.08298
8.24,close,-0.69241,-2.08026,-2.12921,-2.07372,0.87839,3.15098,-0.65350,-1.99892,-2.05079,-2.11310,0.85944,3.08173,0.08298
8.25,close,-0.69241,-2.08026,-2.12921,-2.07372,0.87839,3.15098,-0.65346,-1.99890,-2.05082,-2.11311,0.85952,3.08176,0.08298
8.26,close,-0.69241,-2.08026,-2.12921,-2.07372,0.87839,3.15098,-0.65360,-1.99893,-2.05080,-2.11315,0.85944,3.08173,0.08298
8.27,close,-0.69241,-2.08026,-2.12921,-2.07372,0.87839,3.15098,-0.65358,-1.99892,-2.05086,-2.11318,0.85942,3.08185,0.08299
8.28,close,-0.69241,-2.08026,-2.12921,-2.07372,0.87839,3.15098,-0.65367,-1.99894,-2.05084,-2.11322,0.85930,3.08187,0.08300
8.29,close,-0.69241,-2.08026,-2.12921,-2.07372,0.87839,3.15098,-0.65365,-1.99892,-2.05094,-2.11329,0.85932,3.08196,0.08301
8.30,close,-0.69241,-2.08026,-2.12921,-2.07372,0.87839,3.15098,-0.65377,-1.99895,-2.05096,-2.11336,0.85928,3.08196,0.08301
8.31,close,-0.69241,-2.08026,-2.12921,-2.07372,0.87839,3.15098,-0.65374,-1.99893,-2.05103,-2.11342,0.85927,3.08214,0.08302
8.32,close,-0.69241,-2.08026,-2.12921,-2.07372,0.87839,3.15098,-0.65385,-1.99896,-2.05100,-2.11345,0.85913,3.08208,0.08303
8.33,close,-0.69241,-2.08026,-2.12921,-2.07372,0.87839,3.15098,-0.65381,-1.99894,-2.05110,-2.11352,0.85916,3.08222,0.08304
8.34,close,-0.69241,-2.08026,-2.12921,-2.07372,0.87839,3.15098,-0.65394,-1.99897,-2.05105,-2.11353,0.85908,3.08216,0.08304
8.35,close,-0.69241,-2.08026,-2.12921,-2.07372,0.87839,3.15098,-0.65392,-1.99897,-2.05111,-2.11358,0.85906,3.08232,0.08304
8.36,close,-0.69241,-2.08026,-2.12921,-2.07372,0.87839,3.15098,-0.65396,-1.99898,-2.05108,-2.11358,0.85895,3.08225,0.08305
8.37,close,-0.69241,-2.08026,-2.12921,-2.07372,0.87839,3.15098,-0.65396,-1.99896,-2.05119,-2.11367,0.85900,3.08237,0.08306
8.38,close,-0.69241,-2.08026,-2.12921,-2.07372,0.87839,3.15098,-0.65408,-1.99899,-2.05120,-2.11373,0.85892,3.08238,0.08306
8.39,close,-0.69241,-2.08026,-2.12921,-2.07372,0.87839,3.15098,-0.65403,-1.99897,-2.05129,-2.11381,0.85895,3.08257,0.08308
8.40,close,-0.69241,-2.08026,-2.12921,-2.07372,0.87839,3.15098,-0.65416,-1.99900,-2.05126,-2.11384,0.85887,3.08251,0.08308
8.41,close,-0.69241,-2.08026,-2.12921,-2.07372,0.87839,3.15098,-0.65415,-1.99900,-2.05130,-2.11387,0.85882,3.08260,0.08308
8.42,close,-0.69241,-2.08026,-2.12921,-2.07372,0.87839,3.15098,-0.65414,-1.99899,-2.05130,-2.11388,0.85882,3.08267,0.08309
8.43,close,-0.69241,-2.08026,-2.12921,-2.07372,0.87839,3.15098,-0.65413,-1.99899,-2.05135,-2.11392,0.85884,3.08266,0.08309
8.44,close,-0.69241,-2.08026,-2.12921,-2.07372,0.87839,3.15098,-0.65427,-1.99901,-2.05133,-2.11395,0.85876,3.08264,0.08310
8.45,close,-0.69241,-2.08026,-2.12921,-2.07372,0.87839,3.15098,-0.65425,-1.99901,-2.05139,-2.11399,0.85873,3.08274,0.08310
8.46,close,-0.69241,-2.08026,-2.12921,-2.07372,0.87839,3.15098,-0.65432,-1.99902,-2.05137,-2.11401,0.85863,3.08279,0.08311
8.47,close,-0.69241,-2.08026,-2.12921,-2.07372,0.87839,3.15098,-0.65432,-1.99901,-2.05147,-2.11410,0.85866,3.08287,0.08312
8.48,close,-0.69241,-2.08026,-2.12921,-2.07372,0.87839,3.15098,-0.65444,-1.99904,-2.05148,-2.11416,0.85860,3.08287,0.08312
8.49,close,-0.69241,-2.08026,-2.12921,-2.07372,0.87839,3.15098,-0.65439,-1.99901,-2.05157,-2.11423,0.85861,3.08307,0.08314
8.50,close,-0.69241,-2.08026,-2.12921,-2.07372,0.87839,3.15098,-0.65451,-1.99905,-2.05156,-2.11425,0.85857,3.08311,0.08313
8.51,close,-0.69241,-2.08026,-2.12921,-2.07372,0.87839,3.15098,-0.65450,-1.99905,-2.05160,-2.11428,0.85852,3.08318,0.08313
8.52,close,-0.69241,-2.08026,-2.12921,-2.07372,0.87839,3.15098,-0.65450,-1.99904,-2.05161,-2.11429,0.85851,3.08326,0.08314
8.53,close,-0.69241,-2.08026,-2.12921,-2.07372,0.87839,3.15098,-0.65448,-1.99903,-2.05167,-2.11433,0.85855,3.08327,0.08314
8.54,close,-0.69241,-2.08026,-2.12921,-2.07372,0.87839,3.15098,-0.65462,-1.99906,-2.05163,-2.11435,0.85847,3.08321,0.08314
8.55,close,-0.69241,-2.08026,-2.12921,-2.07372,0.87839,3.15098,-0.65461,-1.99906,-2.05168,-2.11439,0.85843,3.08335,0.08315
8.56,close,-0.69241,-2.08026,-2.12921,-2.07372,0.87839,3.15098,-0.65459,-1.99905,-2.05169,-2.11440,0.85843,3.08332,0.08315
8.57,close,-0.69241,-2.08026,-2.12921,-2.07372,0.87839,3.15098,-0.65466,-1.99907,-2.05166,-2.11440,0.85833,3.08330,0.08315
8.58,close,-0.69241,-2.08026,-2.12921,-2.07372,0.87839,3.15098,-0.65467,-1.99905,-2.05178,-2.11450,0.85837,3.08343,0.08317
8.59,close,-0.69241,-2.08026,-2.12921,-2.07372,0.87839,3.15098,-0.65478,-1.99908,-2.05178,-2.11455,0.85828,3.08343,0.08317
8.60,close,-0.69241,-2.08026,-2.12921,-2.07372,0.87839,3.15098,-0.65473,-1.99906,-2.05188,-2.11463,0.85832,3.08364,0.08319
8.61,close,-0.69241,-2.08026,-2.12921,-2.07372,0.87839,3.15098,-0.65486,-1.99909,-2.05184,-2.11465,0.85823,3.08355,0.08319
8.62,close,-0.69241,-2.08026,-2.12921,-2.07372,0.87839,3.15098,-0.65484,-1.99908,-2.05189,-2.11469,0.85819,3.08368,0.08319
8.63,close,-0.69241,-2.08026,-2.12921,-2.07372,0.87839,3.15098,-0.65485,-1.99909,-2.05188,-2.11469,0.85814,3.08363,0.08319
8.64,close,-0.69241,-2.08026,-2.12921,-2.07372,0.87839,3.15098,-0.65481,-1.99907,-2.05193,-2.11471,0.85825,3.08367,0.08320
8.65,close,-0.69241,-2.08026,-2.12921,-2.07372,0.87839,3.15098,-0.65495,-1.99910,-2.05189,-2.11474,0.85820,3.08365,0.08320
8.66,close,-0.69241,-2.08026,-2.12921,-2.07372,0.87839,3.15098,-0.65494,-1.99910,-2.05193,-2.11476,0.85814,3.08372,0.08320
8.67,close,-0.69241,-2.08026,-2.12921,-2.07372,0.87839,3.15098,-0.65492,-1.99908,-2.05194,-2.11479,0.85814,3.08366,0.08321
8.68,close,-0.69241,-2.08026,-2.12921,-2.07372,0.87839,3.15098,-0.65506,-1.99911,-2.05191,-2.11481,0.85804,3.08357,0.08321
8.69,close,-0.69241,-2.08026,-2.12921,-2.07372,0.87839,3.15098,-0.65502,-1.99909,-2.05200,-2.11487,0.85806,3.08370,0.08322
8.70,close,-0.69241,-2.08026,-2.12921,-2.07372,0.87839,3.15098,-0.65515,-1.99912,-2.05195,-2.11489,0.85799,3.08364,0.08322
8.71,close,-0.69241,-2.08026,-2.12921,-2.07372,0.87839,3.15098,-0.65514,-1.99912,-2.05200,-2.11492,0.85793,3.08372,0.08323
8.72,close,-0.69241,-2.08026,-2.12921,-2.07372,0.87839,3.15098,-0.65512,-1.99911,-2.05201,-2.11494,0.85795,3.08382,0.08323
8.73,close,-0.69241,-2.08026,-2.12921,-2.07372,0.87839,3.15098,-0.65513,-1.99911,-2.05200,-2.11492,0.85791,3.08371,0.08323
8.74,close,-0.69241,-2.08026,-2.12921,-2.07372,0.87839,3.15098,-0.65511,-1.99910,-2.05202,-2.11492,0.85797,3.08373,0.08323
8.75,close,-0.69241,-2.08026,-2.12921,-2.07372,0.87839,3.15098,-0.65524,-1.99913,-2.05200,-2.11495,0.85788,3.08373,0.08323
8.76,close,-0.69241,-2.08026,-2.12921,-2.07372,0.87839,3.15098,-0.65520,-1.99911,-2.05209,-2.11501,0.85789,3.08385,0.08324
8.77,close,-0.69241,-2.08026,-2.12921,-2.07372,0.87839,3.15098,-0.65533,-1.99914,-2.05205,-2.11504,0.85785,3.08381,0.08324
8.78,close,-0.69241,-2.08026,-2.12921,-2.07372,0.87839,3.15098,-0.65532,-1.99914,-2.05209,-2.11507,0.85778,3.08389,0.08325
8.79,close,-0.69241,-2.08026,-2.12921,-2.07372,0.87839,3.15098,-0.65527,-1.99912,-2.05213,-2.11510,0.85785,3.08400,0.08326
8.80,close,-0.69241,-2.08026,-2.12921,-2.07372,0.87839,3.15098,-0.65541,-1.99915,-2.05210,-2.11513,0.85775,3.08392,0.08326
8.81,close,-0.69241,-2.08026,-2.12921,-2.07372,0.87839,3.15098,-0.65538,-1.99914,-2.05217,-2.11517,0.85773,3.08401,0.08326
8.82,close,-0.69241,-2.08026,-2.12921,-2.07372,0.87839,3.15098,-0.65550,-1.99916,-2.05215,-2.11522,0.85769,3.08402,0.08327
8.83,close,-0.69241,-2.08026,-2.12921,-2.07372,0.87839,3.15098,-0.65548,-1.99916,-2.05221,-2.11524,0.85764,3.08409,0.08327
8.84,close,-0.69241,-2.08026,-2.12921,-2.07372,0.87839,3.15098,-0.65555,-1.99916,-2.05220,-2.11528,0.85756,3.08418,0.08328
8.85,close,-0.69241,-2.08026,-2.12921,-2.07372,0.87839,3.15098,-0.65555,-1.99915,-2.05230,-2.11535,0.85759,3.08423,0.08329
8.86,close,-0.69241,-2.08026,-2.12921,-2.07372,0.87839,3.15098,-0.65567,-1.99919,-2.05230,-2.11541,0.85754,3.08422,0.08329
8.87,close,-0.69241,-2.08026,-2.12921,-2.07372,0.87839,3.15098,-0.65561,-1.99917,-2.05239,-2.11548,0.85755,3.08444,0.08331
8.88,close,-0.69241,-2.08026,-2.12921,-2.07372,0.87839,3.15098,-0.65574,-1.99919,-2.05236,-2.11553,0.85748,3.08438,0.08331
8.89,close,-0.69241,-2.08026,-2.12921,-2.07372,0.87839,3.15098,-0.65572,-1.99919,-2.05241,-2.11555,0.85742,3.08444,0.08331
8.90,close,-0.69241,-2.08026,-2.12921,-2.07372,0.87839,3.15098,-0.65574,-1.99919,-2.05241,-2.11557,0.85738,3.08452,0.08332
8.91,close,-0.69241,-2.08026,-2.12921,-2.07372,0.87839,3.15098,-0.65575,-1.99918,-2.05250,-2.11564,0.85741,3.08455,0.08333
8.92,close,-0.69241,-2.08026,-2.12921,-2.07372,0.87839,3.15098,-0.65587,-1.99921,-2.05250,-2.11570,0.85735,3.08456,0.08333
8.93,close,-0.69241,-2.08026,-2.12921,-2.07372,0.87839,3.15098,-0.65581,-1.99918,-2.05260,-2.11577,0.85739,3.08479,0.08335
8.94,close,-0.69241,-2.08026,-2.12921,-2.07372,0.87839,3.15098,-0.65594,-1.99921,-2.05256,-2.11581,0.85731,3.08470,0.08335
8.95,close,-0.69241,-2.08026,-2.12921,-2.07372,0.87839,3.15098,-0.65593,-1.99922,-2.05260,-2.11583,0.85725,3.08476,0.08335
8.96,close,-0.69241,-2.08026,-2.12921,-2.07372,0.87839,3.15098,-0.65589,-1.99920,-2.05263,-2.11586,0.85730,3.08488,0.08336
8.97,close,-0.69241,-2.08026,-2.12921,-2.07372,0.87839,3.15098,-0.65602,-1.99923,-2.05260,-2.11588,0.85718,3.08479,0.08336
8.98,close,-0.69241,-2.08026,-2.12921,-2.07372,0.87839,3.15098,-0.65599,-1.99921,-2.05270,-2.11593,0.85721,3.08491,0.08337
8.99,close,-0.69241,-2.08026,-2.12921,-2.07372,0.87839,3.15098,-0.65611,-1.99924,-2.05265,-2.11595,0.85716,3.08486,0.08337
9.00,close,-0.69241,-2.08026,-2.12921,-2.07372,0.87839,3.15098,-0.65610,-1.99924,-2.05270,-2.11598,0.85710,3.08494,0.08337
9.01,close,-0.69241,-2.08026,-2.12921,-2.07372,0.87839,3.15098,-0.65607,-1.99922,-2.05271,-2.11601,0.85713,3.08505,0.08338
9.02,close,-0.69241,-2.08026,-2.12921,-2.07372,0.87839,3.15098,-0.65615,-1.99924,-2.05268,-2.11599,0.85702,3.08494,0.08338
9.03,close,-0.69241,-2.08026,-2.12921,-2.07372,0.87839,3.15098,-0.65615,-1.99923,-2.05279,-2.11608,0.85707,3.08507,0.08339
9.04,close,-0.69241,-2.08026,-2.12921,-2.07372,0.87839,3.15098,-0.65625,-1.99926,-2.05282,-2.11612,0.85703,3.08517,0.08338
9.05,close,-0.69241,-2.08026,-2.12921,-2.07372,0.87839,3.15098,-0.65619,-1.99924,-2.05291,-2.11620,0.85707,3.08541,0.08340
9.06,close,-0.69241,-2.08026,-2.12921,-2.07372,0.87839,3.15098,-0.65632,-1.99927,-2.05287,-2.11623,0.85699,3.08532,0.08340
9.07,close,-0.69241,-2.08026,-2.12921,-2.07372,0.87839,3.15098,-0.65631,-1.99928,-2.05291,-2.11625,0.85693,3.08538,0.08340
9.08,close,-0.69241,-2.08026,-2.12921,-2.07372,0.87839,3.15098,-0.65627,-1.99925,-2.05295,-2.11629,0.85698,3.08549,0.08341
9.09,close,-0.69241,-2.08026,-2.12921,-2.07372,0.87839,3.15098,-0.65640,-1.99928,-2.05292,-2.11631,0.85689,3.08541,0.08341
9.10,close,-0.69241,-2.08026,-2.12921,-2.07372,0.87839,3.15098,-0.65637,-1.99927,-2.05300,-2.11635,0.85688,3.08550,0.08342
9.11,lift,-0.69241,-2.07863,-2.12883,-2.07573,0.87839,3.15098,-0.65649,-1.99929,-2.05298,-2.11640,0.85686,3.08551,0.08342
9.12,lift,-0.69241,-2.07700,-2.12844,-2.07774,0.87839,3.15098,-0.65649,-1.99929,-2.05303,-2.11642,0.85685,3.08562,0.08342
9.13,lift,-0.69241,-2.07538,-2.12805,-2.07975,0.87839,3.15098,-0.65652,-1.99928,-2.05301,-2.11644,0.85686,3.08575,0.08343
9.14,lift,-0.69241,-2.07375,-2.12766,-2.08177,0.87839,3.15098,-0.65653,-1.99927,-2.05309,-2.11649,0.85696,3.08573,0.08344
9.15,lift,-0.69241,-2.07213,-2.12728,-2.08378,0.87839,3.15098,-0.65667,-1.99930,-2.05310,-2.11655,0.85697,3.08577,0.08344
9.16,lift,-0.69241,-2.07050,-2.12689,-2.08579,0.87839,3.15098,-0.65668,-1.99927,-2.05320,-2.11663,0.85718,3.08596,0.08345
9.17,lift,-0.69241,-2.06888,-2.12650,-2.08781,0.87839,3.15098,-0.65681,-1.99930,-2.05327,-2.11680,0.85716,3.08607,0.08347
9.18,lift,-0.69241,-2.06725,-2.12612,-2.08982,0.87839,3.15098,-0.65693,-1.99926,-2.05369,-2.11733,0.85781,3.08636,0.08355
9.19,lift,-0.69241,-2.06562,-2.12573,-2.09183,0.87839,3.15098,-0.65717,-1.99922,-2.05421,-2.11785,0.85788,3.08739,0.08362
9.20,lift,-0.69241,-2.06400,-2.12534,-2.09385,0.87839,3.15098,-0.65755,-1.99922,-2.05478,-2.11851,0.85813,3.08800,0.08371
9.21,lift,-0.69241,-2.06237,-2.12495,-2.09586,0.87839,3.15098,-0.65801,-1.99922,-2.05544,-2.11923,0.85819,3.08906,0.08380
9.22,lift,-0.69241,-2.06075,-2.12457,-2.09787,0.87839,3.15098,-0.65858,-1.99922,-2.05610,-2.12003,0.85814,3.08990,0.08391
9.23,lift,-0.69241,-2.05912,-2.12418,-2.09989,0.87839,3.15098,-0.65922,-1.99923,-2.05683,-2.12089,0.85813,3.09098,0.08403
9.24,lift,-0.69241,-2.05750,-2.12379,-2.10190,0.87839,3.15098,-0.65992,-1.99926,-2.05762,-2.12180,0.85810,3.09222,0.08415
9.25,lift,-0.69241,-2.05587,-2.12340,-2.10391,0.87839,3.15098,-0.66064,-1.99924,-2.05842,-2.12278,0.85806,3.09357,0.08430
9.26,lift,-0.69241,-2.05424,-2.12302,-2.10592,0.87839,3.15098,-0.66141,-1.99925,-2.05928,-2.12379,0.85804,3.09516,0.08444
9.27,lift,-0.69241,-2.05262,-2.12263,-2.10794,0.87839,3.15098,-0.66218,-1.99922,-2.06014,-2.12485,0.85804,3.09688,0.08461
9.28,lift,-0.69241,-2.05099,-2.12224,-2.10995,0.87839,3.15098,-0.66297,-1.99921,-2.06107,-2.12593,0.85807,3.09874,0.08477
9.29,lift,-0.69241,-2.04937,-2.12186,-2.11196,0.87839,3.15098,-0.66376,-1.99917,-2.06201,-2.12705,0.85814,3.10063,0.08494
9.30,lift,-0.69241,-2.04774,-2.12147,-2.11398,0.87839,3.15098,-0.66456,-1.99915,-2.06301,-2.12819,0.85825,3.10258,0.08511
9.31,lift,-0.69241,-2.04612,-2.12108,-2.11599,0.87839,3.15098,-0.66535,-1.99911,-2.06402,-2.12936,0.85839,3.10449,0.08529
9.32,lift,-0.69241,-2.04449,-2.12069,-2.11800,0.87839,3.15098,-0.66615,-1.99909,-2.06507,-2.13054,0.85858,3.10643,0.08546
9.33,lift,-0.69241,-2.04286,-2.12031,-2.12002,0.87839,3.15098,-0.66694,-1.99906,-2.06614,-2.13175,0.85880,3.10832,0.08565
9.34,lift,-0.69241,-2.04124,-2.11992,-2.12203,0.87839,3.15098,-0.66773,-1.99905,-2.06725,-2.13298,0.85906,3.11022,0.08582
9.35,lift,-0.69241,-2.03961,-2.11953,-2.12404,0.87839,3.15098,-0.66851,-1.99903,-2.06836,-2.13422,0.85934,3.11207,0.08600
9.36,lift,-0.69241,-2.03799,-2.11914,-2.12605,0.87839,3.15098,-0.66930,-1.99902,-2.06952,-2.13546,0.85966,3.11392,0.08618
9.37,lift,-0.69241,-2.03636,-2.11876,-2.12807,0.87839,3.15098,-0.67008,-1.99901,-2.07068,-2.13672,0.86000,3.11571,0.08636
9.38,lift,-0.69241,-2.03474,-2.11837,-2.13008,0.87839,3.15098,-0.67086,-1.99902,-2.07188,-2.13799,0.86038,3.11748,0.08654
9.39,lift,-0.69241,-2.03311,-2.11798,-2.13209,0.87839,3.15098,-0.67163,-1.99902,-2.07307,-2.13926,0.86077,3.11919,0.08672
9.40,lift,-0.69241,-2.03148,-2.11760,-2.13411,0.87839,3.15098,-0.67241,-1.99903,-2.07430,-2.14054,0.86120,3.12088,0.08689
9.41,lift,-0.69241,-2.02986,-2.11721,-2.13612,0.87839,3.15098,-0.67317,-1.99904,-2.07553,-2.14181,0.86164,3.12249,0.08707
9.42,lift,-0.69241,-2.02823,-2.11682,-2.13813,0.87839,3.15098,-0.67395,-1.99907,-2.07680,-2.14309,0.86211,3.12409,0.08724
9.43,lift,-0.69241,-2.02661,-2.11643,-2.14015,0.87839,3.15098,-0.67471,-1.99909,-2.07806,-2.14437,0.86260,3.12560,0.08742
9.44,lift,-0.69241,-2.02498,-2.11605,-2.14216,0.87839,3.15098,-0.67548,-1.99913,-2.07935,-2.14564,0.86312,3.12709,0.08759
9.45,lift,-0.69241,-2.02336,-2.11566,-2.14417,0.87839,3.15098,-0.67624,-1.99916,-2.08063,-2.14691,0.86365,3.12852,0.08776
9.46,lift,-0.69241,-2.02173,-2.11527,-2.14618,0.87839,3.15098,-0.67700,-1.99921,-2.08195,-2.14818,0.86421,3.12990,0.08792
9.47,lift,-0.69241,-2.02010,-2.11488,-2.14820,0.87839,3.15098,-0.67776,-1.99925,-2.08326,-2.14944,0.86478,3.13123,0.08809
9.48,lift,-0.69241,-2.01848,-2.11450,-2.15021,0.87839,3.15098,-0.67852,-1.99931,-2.08459,-2.15069,0.86538,3.13252,0.08825
9.49,lift,-0.69241,-2.01685,-2.11411,-2.15222,0.87839,3.15098,-0.67928,-1.99935,-2.08592,-2.15194,0.86598,3.13375,0.08842
9.50,lift,-0.69241,-2.01523,-2.11372,-2.15424,0.87839,3.15098,-0.68004,-1.99942,-2.08728,-2.15317,0.86661,3.13495,0.08857
9.51,lift,-0.69241,-2.01360,-2.11334,-2.15625,0.87839,3.15098,-0.68078,-1.99948,-2.08862,-2.15440,0.86725,3.13610,0.08873
9.52,lift,-0.69241,-2.01197,-2.11295,-2.15826,0.87839,3.15098,-0.68154,-1.99955,-2.09000,-2.15561,0.86791,3.13722,0.08888
9.53,lift,-0.69241,-2.01035,-2.11256,-2.16028,0.87839,3.15098,-0.68229,-1.99961,-2.09135,-2.15682,0.86858,3.13829,0.08904
9.54,lift,-0.69241,-2.00872,-2.11217,-2.16229,0.87839,3.15098,-0.68304,-1.99969,-2.09274,-2.15801,0.86927,3.13934,0.08919
9.55,lift,-0.69241,-2.00710,-2.11179,-2.16430,0.87839,3.15098,-0.68378,-1.99976,-2.09411,-2.15921,0.86996,3.14047,0.08935
9.56,lift,-0.69241,-2.00547,-2.11140,-2.16631,0.87839,3.15098,-0.68451,-1.99980,-2.09544,-2.16038,0.87065,3.14206,0.08952
9.57,lift,-0.69241,-2.00385,-2.11101,-2.16833,0.87839,3.15098,-0.68521,-1.99981,-2.09675,-2.16152,0.87136,3.14364,0.08969
9.58,lift,-0.69241,-2.00222,-2.11062,-2.17034,0.87839,3.15098,-0.68593,-1.99983,-2.09809,-2.16263,0.87208,3.14520,0.08985
9.59,lift,-0.69241,-2.00059,-2.11024,-2.17235,0.87839,3.15098,-0.68663,-1.99983,-2.09939,-2.16380,0.87278,3.14629,0.09003
9.60,lift,-0.69241,-1.99897,-2.10985,-2.17437,0.87839,3.15098,-0.68732,-1.99979,-2.10064,-2.16504,0.87343,3.14684,0.09022
9.61,lift,-0.69241,-1.99734,-2.10946,-2.17638,0.87839,3.15098,-0.68795,-1.99967,-2.10179,-2.16637,0.87402,3.14733,0.08991
9.62,lift,-0.69241,-1.99572,-2.10908,-2.17839,0.87839,3.15098,-0.68852,-1.99940,-2.10277,-2.16779,0.87454,3.14775,0.08974
9.63,lift,-0.69241,-1.99409,-2.10869,-2.18041,0.87839,3.15098,-0.68902,-1.99898,-2.10360,-2.16928,0.87499,3.14813,0.08971
9.64,lift,-0.69241,-1.99247,-2.10830,-2.18242,0.87839,3.15098,-0.68945,-1.99841,-2.10427,-2.17083,0.87540,3.14847,0.08982
9.65,lift,-0.69241,-1.99084,-2.10791,-2.18443,0.87839,3.15098,-0.68983,-1.99770,-2.10481,-2.17243,0.87575,3.14876,0.09005
9.66,lift,-0.69241,-1.98921,-2.10753,-2.18644,0.87839,3.15098,-0.69015,-1.99687,-2.10523,-2.17408,0.87607,3.14902,0.09040
9.67,lift,-0.69241,-1.98759,-2.10714,-2.18846,0.87839,3.15098,-0.69044,-1.99593,-2.10554,-2.17577,0.87634,3.14925,0.09084
9.68,lift,-0.69241,-1.98596,-2.10675,-2.19047,0.87839,3.15098,-0.69069,-1.99490,-2.10576,-2.17750,0.87659,3.14946,0.09137
9.69,lift,-0.69241,-1.98434,-2.10636,-2.19248,0.87839,3.15098,-0.69090,-1.99378,-2.10590,-2.17926,0.87680,3.14963,0.09197
9.70,lift,-0.69241,-1.98271,-2.10598,-2.19450,0.87839,3.15098,-0.69109,-1.99259,-2.10597,-2.18105,0.87699,3.14979,0.09264
9.71,lift,-0.69241,-1.98109,-2.10559,-2.19651,0.87839,3.15098,-0.69125,-1.99134,-2.10597,-2.18286,0.87715,3.14993,0.09336
9.72,lift,-0.69241,-1.97946,-2.10520,-2.19852,0.87839,3.15098,-0.69140,-1.99004,-2.10593,-2.18470,0.87730,3.15005,0.09413
9.73,lift,-0.69241,-1.97783,-2.10482,-2.20054,0.87839,3.15098,-0.69152,-1.98869,-2.10584,-2.18656,0.87743,3.15016,0.09494
9.74,lift,-0.69241,-1.97621,-2.10443,-2.20255,0.87839,3.15098,-0.69163,-1.98730,-2.10571,-2.18844,0.87754,3.15026,0.09579
9.75,lift,-0.69241,-1.97458,-2.10404,-2.20456,0.87839,3.15098,-0.69172,-1.98588,-2.10555,-2.19033,0.87764,3.15034,0.09667
9.76,lift,-0.69241,-1.97296,-2.10365,-2.20658,0.87839,3.15098,-0.69180,-1.98443,-2.10536,-2.19223,0.87773,3.15042,0.09757
9.77,lift,-0.69241,-1.97133,-2.10327,-2.20859,0.87839,3.15098,-0.69188,-1.98295,-2.10514,-2.19415,0.87781,3.15049,0.09850
9.78,lift,-0.69241,-1.96970,-2.10288,-2.21060,0.87839,3.15098,-0.69194,-1.98146,-2.10490,-2.19608,0.87788,3.15054,0.09945
9.79,lift,-0.69241,-1.96808,-2.10249,-2.21261,0.87839,3.15098,-0.69199,-1.97994,-2.10464,-2.19802,0.87794,3.15060,0.10041
9.80,lift,-0.69241,-1.96645,-2.10211,-2.21463,0.87839,3.15098,-0.69204,-1.97841,-2.10436,-2.19997,0.87799,3.15064,0.10139
9.81,lift,-0.69241,-1.96483,-2.10172,-2.21664,0.87839,3.15098,-0.69208,-1.97687,-2.10407,-2.20192,0.87804,3.15068,0.10239
9.82,lift,-0.69241,-1.96320,-2.10133,-2.21865,0.87839,3.15098,-0.69211,-1.97531,-2.10376,-2.20389,0.87808,3.15072,0.10339
9.83,lift,-0.69241,-1.96158,-2.10094,-2.22067,0.87839,3.15098,-0.69215,-1.97375,-2.10345,-2.20585,0.87812,3.15075,0.10440
9.84,lift,-0.69241,-1.95995,-2.10056,-2.22268,0.87839,3.15098,-0.69217,-1.97218,-2.10312,-2.20783,0.87815,3.15078,0.10542
9.85,lift,-0.69241,-1.95832,-2.10017,-2.22469,0.87839,3.15098,-0.69220,-1.97060,-2.10279,-2.20980,0.87818,3.15080,0.10645
9.86,lift,-0.69241,-1.95670,-2.09978,-2.22671,0.87839,3.15098,-0.69222,-1.96901,-2.10245,-2.21178,0.87820,3.15082,0.10749
9.87,lift,-0.69241,-1.95507,-2.09939,-2.22872,0.87839,3.15098,-0.69223,-1.96742,-2.10211,-2.21377,0.87823,3.15084,0.10853
9.88,lift,-0.69241,-1.95345,-2.09901,-2.23073,0.87839,3.15098,-0.69225,-1.96582,-2.10175,-2.21576,0.87824,3.15085,0.10958
9.89,lift,-0.69241,-1.95182,-2.09862,-2.23274,0.87839,3.15098,-0.69226,-1.96422,-2.10140,-2.21775,0.87826,3.15087,0.11063
9.90,lift,-0.69241,-1.95020,-2.09823,-2.23476,0.87839,3.15098,-0.69227,-1.96261,-2.10104,-2.21974,0.87828,3.15088,0.11070
9.91,lift,-0.69241,-1.94857,-2.09785,-2.23677,0.87839,3.15098,-0.69228,-1.96101,-2.10067,-2.22174,0.87829,3.15089,0.11070
9.92,lift,-0.69241,-1.94694,-2.09746,-2.23878,0.87839,3.15098,-0.69229,-1.95940,-2.10031,-2.22374,0.87830,3.15090,0.11070
9.93,lift,-0.69241,-1.94532,-2.09707,-2.24080,0.87839,3.15098,-0.69230,-1.95778,-2.09994,-2.22574,0.87831,3.15091,0.11070
9.94,lift,-0.69241,-1.94369,-2.09668,-2.24281,0.87839,3.15098,-0.69231,-1.95617,-2.09956,-2.22774,0.87832,3.15092,0.11070
9.95,lift,-0.69241,-1.94207,-2.09630,-2.24482,0.87839,3.15098,-0.69231,-1.95455,-2.09919,-2.22975,0.87833,3.15092,0.11070
9.96,lift,-0.69241,-1.94044,-2.09591,-2.24684,0.87839,3.15098,-0.69232,-1.95294,-2.09882,-2.23175,0.87834,3.15093,0.11070
9.97,lift,-0.69241,-1.93882,-2.09552,-2.24885,0.87839,3.15098,-0.69232,-1.95132,-2.09844,-2.23375,0.87834,3.15094,0.11070
9.98,lift,-0.69241,-1.93719,-2.09513,-2.25086,0.87839,3.15098,-0.69233,-1.94970,-2.09806,-2.23576,0.87835,3.15095,0.11070
9.99,lift,-0.69241,-1.93556,-2.09475,-2.25287,0.87839,3.15098,-0.69233,-1.94808,-2.09768,-2.23776,0.87835,3.15095,0.11070
10.00,lift,-0.69241,-1.93394,-2.09436,-2.25489,0.87839,3.15098,-0.69233,-1.94646,-2.09730,-2.23977,0.87836,3.15095,0.11070
10.01,lift,-0.69241,-1.93231,-2.09397,-2.25690,0.87839,3.15098,-0.69234,-1.94483,-2.09692,-2.24178,0.87836,3.15095,0.11070
10.02,lift,-0.69241,-1.93069,-2.09359,-2.25891,0.87839,3.15098,-0.69234,-1.94321,-2.09654,-2.24379,0.87836,3.15095,0.11070
10.03,lift,-0.69241,-1.92906,-2.09320,-2.26093,0.87839,3.15098,-0.69234,-1.94159,-2.09615,-2.24580,0.87837,3.15095,0.11070
10.04,lift,-0.69241,-1.92744,-2.09281,-2.26294,0.87839,3.15098,-0.69234,-1.93997,-2.09577,-2.24781,0.87837,3.15095,0.11070
10.05,lift,-0.69241,-1.92581,-2.09242,-2.26495,0.87839,3.15098,-0.69234,-1.93834,-2.09538,-2.24982,0.87837,3.15095,0.11070
10.06,lift,-0.69241,-1.92418,-2.09204,-2.26697,0.87839,3.15098,-0.69234,-1.93672,-2.09500,-2.25183,0.87837,3.15095,0.11070
10.07,lift,-0.69241,-1.92256,-2.09165,-2.26898,0.87839,3.15098,-0.69234,-1.93509,-2.09461,-2.25385,0.87838,3.15095,0.11070
10.08,lift,-0.69241,-1.92093,-2.09126,-2.27099,0.87839,3.15098,-0.69234,-1.93347,-2.09423,-2.25586,0.87838,3.15095,0.11070
10.09,lift,-0.69241,-1.91931,-2.09087,-2.27300,0.87839,3.15098,-0.69235,-1.93185,-2.09384,-2.25787,0.87838,3.15095,0.11070
10.10,lift,-0.69241,-1.91768,-2.09049,-2.27502,0.87839,3.15098,-0.69235,-1.93022,-2.09346,-2.25988,0.87838,3.15095,0.11070
10.11,lift,-0.69241,-1.91605,-2.09010,-2.27703,0.87839,3.15098,-0.69235,-1.92860,-2.09307,-2.26189,0.87838,3.15095,0.11070
10.12,lift,-0.69241,-1.91443,-2.08971,-2.27904,0.87839,3.15098,-0.69235,-1.92697,-2.09268,-2.26390,0.87838,3.15096,0.11070
10.13,lift,-0.69241,-1.91280,-2.08933,-2.28106,0.87839,3.15098,-0.69235,-1.92535,-2.09230,-2.26592,0.87838,3.15096,0.11070
10.14,lift,-0.69241,-1.91118,-2.08894,-2.28307,0.87839,3.15098,-0.69235,-1.92372,-2.09191,-2.26793,0.87838,3.15096,0.11070
10.15,lift,-0.69241,-1.90955,-2.08855,-2.28508,0.87839,3.15098,-0.69235,-1.92210,-2.09153,-2.26994,0.87839,3.15096,0.11070
10.16,lift,-0.69241,-1.90793,-2.08816,-2.28710,0.87839,3.15098,-0.69235,-1.92047,-2.09114,-2.27195,0.87839,3.15096,0.11070
10.17,lift,-0.69241,-1.90630,-2.08778,-2.28911,0.87839,3.15098,-0.69235,-1.91885,-2.09075,-2.27396,0.87839,3.15096,0.11070
10.18,lift,-0.69241,-1.90467,-2.08739,-2.29112,0.87839,3.15098,-0.69235,-1.91722,-2.09037,-2.27598,0.87839,3.15096,0.11070
10.19,lift,-0.69241,-1.90305,-2.08700,-2.29313,0.87839,3.15098,-0.69235,-1.91559,-2.08998,-2.27799,0.87839,3.15096,0.11070
10.20,lift,-0.69241,-1.90142,-2.08661,-2.29515,0.87839,3.15098,-0.69235,-1.91397,-2.08959,-2.28000,0.87839,3.15096,0.11070
10.21,lift,-0.69241,-1.89980,-2.08623,-2.29716,0.87839,3.15098,-0.69235,-1.91234,-2.08921,-2.28201,0.87839,3.15096,0.11070
10.22,lift,-0.69241,-1.89817,-2.08584,-2.29917,0.87839,3.15098,-0.69235,-1.91072,-2.08882,-2.28402,0.87839,3.15096,0.11070
10.23,lift,-0.69241,-1.89655,-2.08545,-2.30119,0.87839,3.15098,-0.69235,-1.90909,-2.08843,-2.28604,0.87839,3.15096,0.11070
10.24,lift,-0.69241,-1.89492,-2.08507,-2.30320,0.87839,3.15098,-0.69235,-1.90747,-2.08805,-2.28805,0.87839,3.15096,0.11070
10.25,lift,-0.69241,-1.89329,-2.08468,-2.30521,0.87839,3.15098,-0.69235,-1.90584,-2.08766,-2.29006,0.87839,3.15096,0.11070
10.26,lift,-0.69241,-1.89167,-2.08429,-2.30723,0.87839,3.15098,-0.69235,-1.90422,-2.08727,-2.29207,0.87839,3.15096,0.11070
10.27,lift,-0.69241,-1.89004,-2.08390,-2.30924,0.87839,3.15098,-0.69235,-1.90259,-2.08688,-2.29408,0.87839,3.15096,0.11070
10.28,lift,-0.69241,-1.88842,-2.08352,-2.31125,0.87839,3.15098,-0.69235,-1.90097,-2.08650,-2.29610,0.87839,3.15096,0.11070
10.29,lift,-0.69241,-1.88679,-2.08313,-2.31327,0.87839,3.15098,-0.69235,-1.89934,-2.08611,-2.29811,0.87839,3.15096,0.11070
10.30,lift,-0.69241,-1.88517,-2.08274,-2.31528,0.87839,3.15098,-0.69235,-1.89771,-2.08572,-2.30012,0.87839,3.15096,0.11070
10.31,lift,-0.69241,-1.88354,-2.08235,-2.31729,0.87839,3.15098,-0.69235,-1.89609,-2.08534,-2.30213,0.87839,3.15096,0.11070
10.32,lift,-0.69241,-1.88191,-2.08197,-2.31930,0.87839,3.15098,-0.69235,-1.89446,-2.08495,-2.30415,0.87839,3.15096,0.11070
10.33,lift,-0.69241,-1.88029,-2.08158,-2.32132,0.87839,3.15098,-0.69235,-1.89284,-2.08456,-2.30616,0.87839,3.15096,0.11070
10.34,lift,-0.69241,-1.87866,-2.08119,-2.32333,0.87839,3.15098,-0.69235,-1.89121,-2.08418,-2.30817,0.87839,3.15096,0.11070
10.35,lift,-0.69241,-1.87704,-2.08081,-2.32534,0.87839,3.15098,-0.69235,-1.88959,-2.08379,-2.31018,0.87839,3.15096,0.11070
10.36,lift,-0.69241,-1.87541,-2.08042,-2.32736,0.87839,3.15098,-0.69235,-1.88796,-2.08340,-2.31220,0.87839,3.15096,0.11070
10.37,lift,-0.69241,-1.87379,-2.08003,-2.32937,0.87839,3.15098,-0.69235,-1.88634,-2.08301,-2.31421,0.87839,3.15096,0.11070
10.38,lift,-0.69241,-1.87216,-2.07964,-2.33138,0.87839,3.15098,-0.69235,-1.88471,-2.08263,-2.31622,0.87839,3.15096,0.11070
10.39,lift,-0.69241,-1.87053,-2.07926,-2.33340,0.87839,3.15098,-0.69235,-1.88308,-2.08224,-2.31823,0.87839,3.15096,0.11070
10.40,lift,-0.69241,-1.86891,-2.07887,-2.33541,0.87839,3.15098,-0.69235,-1.88146,-2.08185,-2.32025,0.87839,3.15096,0.11070
10.41,lift,-0.69241,-1.86728,-2.07848,-2.33742,0.87839,3.15098,-0.69235,-1.87983,-2.08147,-2.32226,0.87839,3.15097,0.11070
10.42,lift,-0.69241,-1.86566,-2.07809,-2.33943,0.87839,3.15098,-0.69235,-1.87821,-2.08108,-2.32427,0.87839,3.15097,0.11070
10.43,lift,-0.69241,-1.86403,-2.07771,-2.34145,0.87839,3.15098,-0.69235,-1.87658,-2.08069,-2.32628,0.87839,3.15097,0.11070
10.44,lift,-0.69241,-1.86240,-2.07732,-2.34346,0.87839,3.15098,-0.69235,-1.87496,-2.08030,-2.32830,0.87839,3.15097,0.11070
10.45,lift,-0.69241,-1.86078,-2.07693,-2.34547,0.87839,3.15098,-0.69235,-1.87333,-2.07992,-2.33031,0.87839,3.15097,0.11070
10.46,lift,-0.69241,-1.85915,-2.07655,-2.34749,0.87839,3.15098,-0.69235,-1.87170,-2.07953,-2.33232,0.87839,3.15097,0.11070
10.47,lift,-0.69241,-1.85753,-2.07616,-2.34950,0.87839,3.15098,-0.69235,-1.87008,-2.07914,-2.33433,0.87839,3.15097,0.11070
10.48,lift,-0.69241,-1.85590,-2.07577,-2.35151,0.87839,3.15098,-0.69235,-1.86845,-2.07876,-2.33635,0.87839,3.15097,0.11070
10.49,lift,-0.69241,-1.85428,-2.07538,-2.35353,0.87839,3.15098,-0.69235,-1.86683,-2.07837,-2.33836,0.87839,3.15097,0.11070
10.50,lift,-0.69241,-1.85265,-2.07500,-2.35554,0.87839,3.15098,-0.69235,-1.86520,-2.07798,-2.34037,0.87839,3.15097,0.11070
10.51,lift,-0.69241,-1.85265,-2.07500,-2.35554,0.87839,3.15098,-0.69236,-1.86364,-2.07761,-2.34216,0.87839,3.15097,0.11070
10.52,lift,-0.69241,-1.85265,-2.07500,-2.35554,0.87839,3.15098,-0.69238,-1.86221,-2.07727,-2.34373,0.87839,3.15097,0.11070
10.53,lift,-0.69241,-1.85265,-2.07500,-2.35554,0.87839,3.15098,-0.69241,-1.86093,-2.07696,-2.34512,0.87839,3.15097,0.11070
10.54,lift,-0.69241,-1.85265,-2.07500,-2.35554,0.87839,3.15098,-0.69244,-1.85981,-2.07669,-2.34635,0.87839,3.15097,0.11070
10.55,lift,-0.69241,-1.85265,-2.07500,-2.35554,0.87839,3.15098,-0.69246,-1.85883,-2.07645,-2.34743,0.87839,3.15097,0.11070
10.56,lift,-0.69241,-1.85265,-2.07500,-2.35554,0.87839,3.15098,-0.69247,-1.85798,-2.07625,-2.34838,0.87839,3.15097,0.11070
10.57,lift,-0.69241,-1.85265,-2.07500,-2.35554,0.87839,3.15098,-0.69249,-1.85724,-2.07607,-2.34923,0.87839,3.15097,0.11070
10.58,lift,-0.69241,-1.85265,-2.07500,-2.35554,0.87839,3.15098,-0.69249,-1.85661,-2.07592,-2.34997,0.87839,3.15097,0.11070
10.59,lift,-0.69241,-1.85265,-2.07500,-2.35554,0.87839,3.15098,-0.69250,-1.85606,-2.07579,-2.35063,0.87839,3.15097,0.11070
10.60,lift,-0.69241,-1.85265,-2.07500,-2.35554,0.87839,3.15098,-0.69250,-1.85559,-2.07568,-2.35120,0.87839,3.15097,0.11070
10.61,lift,-0.69241,-1.85265,-2.07500,-2.35554,0.87839,3.15098,-0.69250,-1.85518,-2.07558,-2.35172,0.87839,3.15097,0.11070
10.62,lift,-0.69241,-1.85265,-2.07500,-2.35554,0.87839,3.15098,-0.69250,-1.85483,-2.07550,-2.35217,0.87839,3.15097,0.11070
10.63,lift,-0.69241,-1.85265,-2.07500,-2.35554,0.87839,3.15098,-0.69250,-1.85453,-2.07543,-2.35256,0.87839,3.15097,0.11070
10.64,lift,-0.69241,-1.85265,-2.07500,-2.35554,0.87839,3.15098,-0.69249,-1.85427,-2.07537,-2.35291,0.87839,3.15097,0.11070
10.65,lift,-0.69241,-1.85265,-2.07500,-2.35554,0.87839,3.15098,-0.69249,-1.85404,-2.07531,-2.35322,0.87839,3.15097,0.11070
10.66,lift,-0.69241,-1.85265,-2.07500,-2.35554,0.87839,3.15098,-0.69249,-1.85385,-2.07527,-2.35350,0.87839,3.15097,0.11070
10.67,lift,-0.69241,-1.85265,-2.07500,-2.35554,0.87839,3.15098,-0.69248,-1.85368,-2.07523,-2.35374,0.87839,3.15097,0.11070
10.68,lift,-0.69241,-1.85265,-2.07500,-2.35554,0.87839,3.15098,-0.69247,-1.85354,-2.07520,-2.35395,0.87839,3.15097,0.11070
10.69,lift,-0.69241,-1.85265,-2.07500,-2.35554,0.87839,3.15098,-0.69247,-1.85342,-2.07517,-2.35414,0.87839,3.15097,0.11070
10.70,lift,-0.69241,-1.85265,-2.07500,-2.35554,0.87839,3.15098,-0.69246,-1.85331,-2.07514,-2.35430,0.87839,3.15097,0.11070
10.71,lift,-0.69241,-1.85265,-2.07500,-2.35554,0.87839,3.15098,-0.69246,-1.85322,-2.07512,-2.35445,0.87839,3.15097,0.11070
10.72,lift,-0.69241,-1.85265,-2.07500,-2.35554,0.87839,3.15098,-0.69246,-1.85314,-2.07511,-2.35457,0.87839,3.15097,0.11070
10.73,lift,-0.69241,-1.85265,-2.07500,-2.35554,0.87839,3.15098,-0.69245,-1.85307,-2.07509,-2.35469,0.87839,3.15097,0.11070
10.74,lift,-0.69241,-1.85265,-2.07500,-2.35554,0.87839,3.15098,-0.69245,-1.85301,-2.07508,-2.35479,0.87839,3.15097,0.11070
10.75,lift,-0.69241,-1.85265,-2.07500,-2.35554,0.87839,3.15098,-0.69244,-1.85296,-2.07506,-2.35488,0.87839,3.15097,0.11070
10.76,lift,-0.69241,-1.85265,-2.07500,-2.35554,0.87839,3.15098,-0.69244,-1.85292,-2.07506,-2.35496,0.87839,3.15097,0.11070
10.77,lift,-0.69241,-1.85265,-2.07500,-2.35554,0.87839,3.15098,-0.69244,-1.85288,-2.07505,-2.35502,0.87839,3.15097,0.11070
10.78,lift,-0.69241,-1.85265,-2.07500,-2.35554,0.87839,3.15098,-0.69243,-1.85285,-2.07504,-2.35508,0.87839,3.15097,0.11070
10.79,lift,-0.69241,-1.85265,-2.07500,-2.35554,0.87839,3.15098,-0.69243,-1.85282,-2.07503,-2.35514,0.87839,3.15097,0.11070
10.80,lift,-0.69241,-1.85265,-2.07500,-2.35554,0.87839,3.15098,-0.69243,-1.85280,-2.07503,-2.35518,0.87839,3.15097,0.11070
10.81,lift,-0.69241,-1.85265,-2.07500,-2.35554,0.87839,3.15098,-0.69243,-1.85278,-2.07502,-2.35523,0.87839,3.15097,0.11070
10.82,lift,-0.69241,-1.85265,-2.07500,-2.35554,0.87839,3.15098,-0.69243,-1.85276,-2.07502,-2.35526,0.87839,3.15097,0.11070
10.83,lift,-0.69241,-1.85265,-2.07500,-2.35554,0.87839,3.15098,-0.69242,-1.85274,-2.07502,-2.35529,0.87839,3.15097,0.11070
10.84,lift,-0.69241,-1.85265,-2.07500,-2.35554,0.87839,3.15098,-0.69242,-1.85273,-2.07502,-2.35532,0.87839,3.15097,0.11070
10.85,lift,-0.69241,-1.85265,-2.07500,-2.35554,0.87839,3.15098,-0.69242,-1.85272,-2.07502,-2.35535,0.87839,3.15097,0.11070
10.86,lift,-0.69241,-1.85265,-2.07500,-2.35554,0.87839,3.15098,-0.69242,-1.85271,-2.07502,-2.35537,0.87839,3.15097,0.11070
10.87,lift,-0.69241,-1.85265,-2.07500,-2.35554,0.87839,3.15098,-0.69242,-1.85270,-2.07502,-2.35539,0.87839,3.15097,0.11070
10.88,lift,-0.69241,-1.85265,-2.07500,-2.35554,0.87839,3.15098,-0.69241,-1.85270,-2.07502,-2.35541,0.87839,3.15097,0.11070
10.89,lift,-0.69241,-1.85265,-2.07500,-2.35554,0.87839,3.15098,-0.69241,-1.85269,-2.07502,-2.35542,0.87839,3.15097,0.11070
10.90,lift,-0.69241,-1.85265,-2.07500,-2.35554,0.87839,3.15098,-0.69241,-1.85268,-2.07502,-2.35544,0.87839,3.15097,0.11070
10.91,lift,-0.69241,-1.85265,-2.07500,-2.35554,0.87839,3.15098,-0.69241,-1.85268,-2.07502,-2.35545,0.87839,3.15097,0.11070
10.92,lift,-0.69241,-1.85265,-2.07500,-2.35554,0.87839,3.15098,-0.69241,-1.85268,-2.07502,-2.35546,0.87839,3.15097,0.11070
10.93,lift,-0.69241,-1.85265,-2.07500,-2.35554,0.87839,3.15098,-0.69241,-1.85267,-2.07502,-2.35547,0.87839,3.15097,0.11070
10.94,lift,-0.69241,-1.85265,-2.07500,-2.35554,0.87839,3.15098,-0.69241,-1.85267,-2.07502,-2.35547,0.87839,3.15097,0.11070
10.95,lift,-0.69241,-1.85265,-2.07500,-2.35554,0.87839,3.15098,-0.69241,-1.85266,-2.07502,-2.35548,0.87839,3.15097,0.11070
10.96,lift,-0.69241,-1.85265,-2.07500,-2.35554,0.87839,3.15098,-0.69241,-1.85266,-2.07502,-2.35549,0.87839,3.15097,0.11070
10.97,lift,-0.69241,-1.85265,-2.07500,-2.35554,0.87839,3.15098,-0.69241,-1.85266,-2.07502,-2.35550,0.87839,3.15097,0.11070
10.98,lift,-0.69241,-1.85265,-2.07500,-2.35554,0.87839,3.15098,-0.69241,-1.85266,-2.07502,-2.35550,0.87839,3.15097,0.11070
10.99,lift,-0.69241,-1.85265,-2.07500,-2.35554,0.87839,3.15098,-0.69241,-1.85266,-2.07502,-2.35551,0.87839,3.15097,0.11070
11.00,lift,-0.69241,-1.85265,-2.07500,-2.35554,0.87839,3.15098,-0.69241,-1.85266,-2.07502,-2.35551,0.87839,3.15097,0.11070
11.01,lift,-0.69241,-1.85265,-2.07500,-2.35554,0.87839,3.15098,-0.69241,-1.85266,-2.07502,-2.35551,0.87839,3.15097,0.11070
11.02,lift,-0.69241,-1.85265,-2.07500,-2.35554,0.87839,3.15098,-0.69241,-1.85266,-2.07502,-2.35551,0.87839,3.15097,0.11070
11.03,lift,-0.69241,-1.85265,-2.07500,-2.35554,0.87839,3.15098,-0.69241,-1.85266,-2.07502,-2.35551,0.87839,3.15097,0.11070
11.04,lift,-0.69241,-1.85265,-2.07500,-2.35554,0.87839,3.15098,-0.69241,-1.85266,-2.07502,-2.35551,0.87839,3.15097,0.11070
11.05,lift,-0.69241,-1.85265,-2.07500,-2.35554,0.87839,3.15098,-0.69241,-1.85266,-2.07502,-2.35551,0.87839,3.15097,0.11070
11.06,lift,-0.69241,-1.85265,-2.07500,-2.35554,0.87839,3.15098,-0.69241,-1.85266,-2.07502,-2.35551,0.87839,3.15097,0.11070
11.07,lift,-0.69241,-1.85265,-2.07500,-2.35554,0.87839,3.15098,-0.69241,-1.85266,-2.07502,-2.35551,0.87839,3.15097,0.11070
11.08,lift,-0.69241,-1.85265,-2.07500,-2.35554,0.87839,3.15098,-0.69241,-1.85266,-2.07502,-2.35551,0.87839,3.15097,0.11070
11.09,lift,-0.69241,-1.85265,-2.07500,-2.35554,0.87839,3.15098,-0.69241,-1.85266,-2.07502,-2.35551,0.87839,3.15097,0.11070
11.10,lift,-0.69241,-1.85265,-2.07500,-2.35554,0.87839,3.15098,-0.69241,-1.85266,-2.07502,-2.35551,0.87839,3.15097,0.11070
11.11,hold,-0.69241,-1.85265,-2.07500,-2.35554,0.87839,3.15098,-0.69241,-1.85266,-2.07502,-2.35551,0.87839,3.15097,0.11070
11.12,hold,-0.69241,-1.85265,-2.07500,-2.35554,0.87839,3.15098,-0.69241,-1.85266,-2.07502,-2.35551,0.87839,3.15097,0.11070
11.13,hold,-0.69241,-1.85265,-2.07500,-2.35554,0.87839,3.15098,-0.69241,-1.85266,-2.07502,-2.35551,0.87839,3.15097,0.11070
11.14,hold,-0.69241,-1.85265,-2.07500,-2.35554,0.87839,3.15098,-0.69241,-1.85266,-2.07502,-2.35551,0.87839,3.15097,0.11070
11.15,hold,-0.69241,-1.85265,-2.07500,-2.35554,0.87839,3.15098,-0.69241,-1.85266,-2.07502,-2.35551,0.87839,3.15097,0.11070
11.16,hold,-0.69241,-1.85265,-2.07500,-2.35554,0.87839,3.15098,-0.69241,-1.85266,-2.07502,-2.35551,0.87839,3.15097,0.11070
11.17,hold,-0.69241,-1.85265,-2.07500,-2.35554,0.87839,3.15098,-0.69241,-1.85266,-2.07502,-2.35551,0.87839,3.15097,0.11070
11.18,hold,-0.69241,-1.85265,-2.07500,-2.35554,0.87839,3.15098,-0.69241,-1.85266,-2.07502,-2.35551,0.87839,3.15097,0.11070
11.19,hold,-0.69241,-1.85265,-2.07500,-2.35554,0.87839,3.15098,-0.69241,-1.85266,-2.07502,-2.35551,0.87839,3.15097,0.11070
11.20,hold,-0.69241,-1.85265,-2.07500,-2.35554,0.87839,3.15098,-0.69241,-1.85266,-2.07502,-2.35551,0.87839,3.15097,0.11070
11.21,hold,-0.69241,-1.85265,-2.07500,-2.35554,0.87839,3.15098,-0.69241,-1.85266,-2.07502,-2.35551,0.87839,3.15097,0.11070
11.22,hold,-0.69241,-1.85265,-2.07500,-2.35554,0.87839,3.15098,-0.69241,-1.85266,-2.07502,-2.35551,0.87839,3.15097,0.11070
11.23,hold,-0.69241,-1.85265,-2.07500,-2.35554,0.87839,3.15098,-0.69241,-1.85266,-2.07502,-2.35551,0.87839,3.15097,0.11070
11.24,hold,-0.69241,-1.85265,-2.07500,-2.35554,0.87839,3.15098,-0.69241,-1.85266,-2.07502,-2.35551,0.87839,3.15097,0.11070
11.25,hold,-0.69241,-1.85265,-2.07500,-2.35554,0.87839,3.15098,-0.69241,-1.85266,-2.07502,-2.35551,0.87839,3.15097,0.11070
11.26,hold,-0.69241,-1.85265,-2.07500,-2.35554,0.87839,3.15098,-0.69241,-1.85266,-2.07502,-2.35551,0.87839,3.15097,0.11070
11.27,hold,-0.69241,-1.85265,-2.07500,-2.35554,0.87839,3.15098,-0.69241,-1.85266,-2.07502,-2.35551,0.87839,3.15097,0.11070
11.28,hold,-0.69241,-1.85265,-2.07500,-2.35554,0.87839,3.15098,-0.69241,-1.85266,-2.07502,-2.35551,0.87839,3.15097,0.11070
11.29,hold,-0.69241,-1.85265,-2.07500,-2.35554,0.87839,3.15098,-0.69241,-1.85266,-2.07502,-2.35551,0.87839,3.15097,0.11070
11.30,hold,-0.69241,-1.85265,-2.07500,-2.35554,0.87839,3.15098,-0.69241,-1.85266,-2.07502,-2.35551,0.87839,3.15097,0.11070
11.31,hold,-0.69241,-1.85265,-2.07500,-2.35554,0.87839,3.15098,-0.69241,-1.85266,-2.07502,-2.35551,0.87839,3.15097,0.11070
11.32,hold,-0.69241,-1.85265,-2.07500,-2.35554,0.87839,3.15098,-0.69241,-1.85266,-2.07502,-2.35551,0.87839,3.15097,0.11070
11.33,hold,-0.69241,-1.85265,-2.07500,-2.35554,0.87839,3.15098,-0.69241,-1.85266,-2.07502,-2.35551,0.87839,3.15097,0.11070
11.34,hold,-0.69241,-1.85265,-2.07500,-2.35554,0.87839,3.15098,-0.69241,-1.85266,-2.07502,-2.35551,0.87839,3.15097,0.11070
11.35,hold,-0.69241,-1.85265,-2.07500,-2.35554,0.87839,3.15098,-0.69241,-1.85266,-2.07502,-2.35551,0.87839,3.15097,0.11070
11.36,hold,-0.69241,-1.85265,-2.07500,-2.35554,0.87839,3.15098,-0.69241,-1.85266,-2.07502,-2.35551,0.87839,3.15097,0.11070
11.37,hold,-0.69241,-1.85265,-2.07500,-2.35554,0.87839,3.15098,-0.69241,-1.85266,-2.07502,-2.35551,0.87839,3.15097,0.11070
11.38,hold,-0.69241,-1.85265,-2.07500,-2.35554,0.87839,3.15098,-0.69241,-1.85266,-2.07502,-2.35551,0.87839,3.15097,0.11070
11.39,hold,-0.69241,-1.85265,-2.07500,-2.35554,0.87839,3.15098,-0.69241,-1.85266,-2.07502,-2.35551,0.87839,3.15097,0.11070
11.40,hold,-0.69241,-1.85265,-2.07500,-2.35554,0.87839,3.15098,-0.69241,-1.85266,-2.07502,-2.35551,0.87839,3.15097,0.11070
11.41,hold,-0.69241,-1.85265,-2.07500,-2.35554,0.87839,3.15098,-0.69241,-1.85266,-2.07502,-2.35551,0.87839,3.15097,0.11070
11.42,hold,-0.69241,-1.85265,-2.07500,-2.35554,0.87839,3.15098,-0.69241,-1.85266,-2.07502,-2.35551,0.87839,3.15097,0.11070
11.43,hold,-0.69241,-1.85265,-2.07500,-2.35554,0.87839,3.15098,-0.69241,-1.85266,-2.07502,-2.35551,0.87839,3.15097,0.11070
11.44,hold,-0.69241,-1.85265,-2.07500,-2.35554,0.87839,3.15098,-0.69241,-1.85266,-2.07502,-2.35551,0.87839,3.15097,0.11070
11.45,hold,-0.69241,-1.85265,-2.07500,-2.35554,0.87839,3.15098,-0.69241,-1.85266,-2.07502,-2.35551,0.87839,3.15097,0.11070
11.46,hold,-0.69241,-1.85265,-2.07500,-2.35554,0.87839,3.15098,-0.69241,-1.85266,-2.07502,-2.35551,0.87839,3.15097,0.11070
11.47,hold,-0.69241,-1.85265,-2.07500,-2.35554,0.87839,3.15098,-0.69241,-1.85266,-2.07502,-2.35551,0.87839,3.15097,0.11070
11.48,hold,-0.69241,-1.85265,-2.07500,-2.35554,0.87839,3.15098,-0.69241,-1.85266,-2.07502,-2.35551,0.87839,3.15097,0.11070
11.49,hold,-0.69241,-1.85265,-2.07500,-2.35554,0.87839,3.15098,-0.69241,-1.85266,-2.07502,-2.35551,0.87839,3.15097,0.11070
11.50,hold,-0.69241,-1.85265,-2.07500,-2.35554,0.87839,3.15098,-0.69241,-1.85266,-2.07502,-2.35551,0.87839,3.15097,0.11070
11.51,hold,-0.69241,-1.85265,-2.07500,-2.35554,0.87839,3.15098,-0.69241,-1.85266,-2.07502,-2.35551,0.87839,3.15097,0.11070
11.52,hold,-0.69241,-1.85265,-2.07500,-2.35554,0.87839,3.15098,-0.69241,-1.85266,-2.07502,-2.35551,0.87839,3.15097,0.11070
11.53,hold,-0.69241,-1.85265,-2.07500,-2.35554,0.87839,3.15098,-0.69241,-1.85266,-2.07502,-2.35551,0.87839,3.15097,0.11070
11.54,hold,-0.69241,-1.85265,-2.07500,-2.35554,0.87839,3.15098,-0.69241,-1.85266,-2.07502,-2.35551,0.87839,3.15097,0.11070
11.55,hold,-0.69241,-1.85265,-2.07500,-2.35554,0.87839,3.15098,-0.69241,-1.85266,-2.07502,-2.35551,0.87839,3.15097,0.11070
11.56,hold,-0.69241,-1.85265,-2.07500,-2.35554,0.87839,3.15098,-0.69241,-1.85266,-2.07502,-2.35551,0.87839,3.15097,0.11070
11.57,hold,-0.69241,-1.85265,-2.07500,-2.35554,0.87839,3.15098,-0.69241,-1.85266,-2.07502,-2.35551,0.87839,3.15097,0.11070
11.58,hold,-0.69241,-1.85265,-2.07500,-2.35554,0.87839,3.15098,-0.69241,-1.85266,-2.07502,-2.35551,0.87839,3.15097,0.11070
11.59,hold,-0.69241,-1.85265,-2.07500,-2.35554,0.87839,3.15098,-0.69241,-1.85266,-2.07502,-2.35551,0.87839,3.15097,0.11070
11.60,hold,-0.69241,-1.85265,-2.07500,-2.35554,0.87839,3.15098,-0.69241,-1.85266,-2.07502,-2.35551,0.87839,3.15097,0.11070
11.61,hold,-0.69241,-1.85265,-2.07500,-2.35554,0.87839,3.15098,-0.69241,-1.85266,-2.07502,-2.35551,0.87839,3.15097,0.11070
11.62,hold,-0.69241,-1.85265,-2.07500,-2.35554,0.87839,3.15098,-0.69241,-1.85266,-2.07502,-2.35551,0.87839,3.15097,0.11070
11.63,hold,-0.69241,-1.85265,-2.07500,-2.35554,0.87839,3.15098,-0.69241,-1.85266,-2.07502,-2.35551,0.87839,3.15097,0.11070
11.64,hold,-0.69241,-1.85265,-2.07500,-2.35554,0.87839,3.15098,-0.69241,-1.85266,-2.07502,-2.35551,0.87839,3.15097,0.11070
11.65,hold,-0.69241,-1.85265,-2.07500,-2.35554,0.87839,3.15098,-0.69241,-1.85266,-2.07502,-2.35551,0.87839,3.15097,0.11070
11.66,hold,-0.69241,-1.85265,-2.07500,-2.35554,0.87839,3.15098,-0.69241,-1.85266,-2.07502,-2.35551,0.87839,3.15097,0.11070
11.67,hold,-0.69241,-1.85265,-2.07500,-2.35554,0.87839,3.15098,-0.69241,-1.85266,-2.07502,-2.35551,0.87839,3.15097,0.11070
11.68,hold,-0.69241,-1.85265,-2.07500,-2.35554,0.87839,3.15098,-0.69241,-1.85266,-2.07502,-2.35551,0.87839,3.15097,0.11070
11.69,hold,-0.69241,-1.85265,-2.07500,-2.35554,0.87839,3.15098,-0.69241,-1.85266,-2.07502,-2.35551,0.87839,3.15097,0.11070
11.70,hold,-0.69241,-1.85265,-2.07500,-2.35554,0.87839,3.15098,-0.69241,-1.85266,-2.07502,-2.35551,0.87839,3.15097,0.11070
11.71,hold,-0.69241,-1.85265,-2.07500,-2.35554,0.87839,3.15098,-0.69241,-1.85266,-2.07502,-2.35551,0.87839,3.15097,0.11070
11.72,hold,-0.69241,-1.85265,-2.07500,-2.35554,0.87839,3.15098,-0.69241,-1.85266,-2.07502,-2.35551,0.87839,3.15097,0.11070
11.73,hold,-0.69241,-1.85265,-2.07500,-2.35554,0.87839,3.15098,-0.69241,-1.85266,-2.07502,-2.35551,0.87839,3.15097,0.11070
11.74,hold,-0.69241,-1.85265,-2.07500,-2.35554,0.87839,3.15098,-0.69241,-1.85266,-2.07502,-2.35551,0.87839,3.15097,0.11070
11.75,hold,-0.69241,-1.85265,-2.07500,-2.35554,0.87839,3.15098,-0.69241,-1.85266,-2.07502,-2.35551,0.87839,3.15097,0.11070
11.76,hold,-0.69241,-1.85265,-2.07500,-2.35554,0.87839,3.15098,-0.69241,-1.85266,-2.07502,-2.35551,0.87839,3.15097,0.11070
11.77,hold,-0.69241,-1.85265,-2.07500,-2.35554,0.87839,3.15098,-0.69241,-1.85266,-2.07502,-2.35551,0.87839,3.15097,0.11070
11.78,hold,-0.69241,-1.85265,-2.07500,-2.35554,0.87839,3.15098,-0.69241,-1.85266,-2.07502,-2.35551,0.87839,3.15097,0.11070
11.79,hold,-0.69241,-1.85265,-2.07500,-2.35554,0.87839,3.15098,-0.69241,-1.85266,-2.07502,-2.35551,0.87839,3.15097,0.11070
11.80,hold,-0.69241,-1.85265,-2.07500,-2.35554,0.87839,3.15098,-0.69241,-1.85266,-2.07502,-2.35551,0.87839,3.15097,0.11070
11.81,hold,-0.69241,-1.85265,-2.07500,-2.35554,0.87839,3.15098,-0.69241,-1.85266,-2.07502,-2.35551,0.87839,3.15097,0.11070
11.82,hold,-0.69241,-1.85265,-2.07500,-2.35554,0.87839,3.15098,-0.69241,-1.85266,-2.07502,-2.35551,0.87839,3.15097,0.11070
11.83,hold,-0.69241,-1.85265,-2.07500,-2.35554,0.87839,3.15098,-0.69241,-1.85266,-2.07502,-2.35551,0.87839,3.15097,0.11070
11.84,hold,-0.69241,-1.85265,-2.07500,-2.35554,0.87839,3.15098,-0.69241,-1.85266,-2.07502,-2.35551,0.87839,3.15097,0.11070
11.85,hold,-0.69241,-1.85265,-2.07500,-2.35554,0.87839,3.15098,-0.69241,-1.85266,-2.07502,-2.35551,0.87839,3.15097,0.11070
11.86,hold,-0.69241,-1.85265,-2.07500,-2.35554,0.87839,3.15098,-0.69241,-1.85266,-2.07502,-2.35551,0.87839,3.15097,0.11070
11.87,hold,-0.69241,-1.85265,-2.07500,-2.35554,0.87839,3.15098,-0.69241,-1.85266,-2.07502,-2.35551,0.87839,3.15097,0.11070
11.88,hold,-0.69241,-1.85265,-2.07500,-2.35554,0.87839,3.15098,-0.69241,-1.85266,-2.07502,-2.35551,0.87839,3.15097,0.11070
11.89,hold,-0.69241,-1.85265,-2.07500,-2.35554,0.87839,3.15098,-0.69241,-1.85266,-2.07502,-2.35551,0.87839,3.15097,0.11070
11.90,hold,-0.69241,-1.85265,-2.07500,-2.35554,0.87839,3.15098,-0.69241,-1.85266,-2.07502,-2.35551,0.87839,3.15097,0.11070
11.91,hold,-0.69241,-1.85265,-2.07500,-2.35554,0.87839,3.15098,-0.69241,-1.85266,-2.07502,-2.35551,0.87839,3.15097,0.11070
11.92,hold,-0.69241,-1.85265,-2.07500,-2.35554,0.87839,3.15098,-0.69241,-1.85266,-2.07502,-2.35551,0.87839,3.15097,0.11070
11.93,hold,-0.69241,-1.85265,-2.07500,-2.35554,0.87839,3.15098,-0.69241,-1.85266,-2.07502,-2.35551,0.87839,3.15097,0.11070
11.94,hold,-0.69241,-1.85265,-2.07500,-2.35554,0.87839,3.15098,-0.69241,-1.85266,-2.07502,-2.35551,0.87839,3.15097,0.11070
11.95,hold,-0.69241,-1.85265,-2.07500,-2.35554,0.87839,3.15098,-0.69241,-1.85266,-2.07502,-2.35551,0.87839,3.15097,0.11070
11.96,hold,-0.69241,-1.85265,-2.07500,-2.35554,0.87839,3.15098,-0.69241,-1.85266,-2.07502,-2.35551,0.87839,3.15097,0.11070
11.97,hold,-0.69241,-1.85265,-2.07500,-2.35554,0.87839,3.15098,-0.69241,-1.85266,-2.07502,-2.35551,0.87839,3.15097,0.11070
11.98,hold,-0.69241,-1.85265,-2.07500,-2.35554,0.87839,3.15098,-0.69241,-1.85266,-2.07502,-2.35551,0.87839,3.15097,0.11070
11.99,hold,-0.69241,-1.85265,-2.07500,-2.35554,0.87839,3.15098,-0.69241,-1.85266,-2.07502,-2.35551,0.87839,3.15097,0.11070
12.00,hold,-0.69241,-1.85265,-2.07500,-2.35554,0.87839,3.15098,-0.69241,-1.85266,-2.07502,-2.35551,0.87839,3.15097,0.11070
12.01,hold,-0.69241,-1.85265,-2.07500,-2.35554,0.87839,3.15098,-0.69241,-1.85266,-2.07502,-2.35551,0.87839,3.15097,0.11070
12.02,hold,-0.69241,-1.85265,-2.07500,-2.35554,0.87839,3.15098,-0.69241,-1.85266,-2.07502,-2.35551,0.87839,3.15097,0.11070
12.03,hold,-0.69241,-1.85265,-2.07500,-2.35554,0.87839,3.15098,-0.69241,-1.85266,-2.07502,-2.35551,0.87839,3.15097,0.11070
12.04,hold,-0.69241,-1.85265,-2.07500,-2.35554,0.87839,3.15098,-0.69241,-1.85266,-2.07502,-2.35551,0.87839,3.15097,0.11070
12.05,hold,-0.69241,-1.85265,-2.07500,-2.35554,0.87839,3.15098,-0.69241,-1.85266,-2.07502,-2.35551,0.87839,3.15097,0.11070
12.06,hold,-0.69241,-1.85265,-2.07500,-2.35554,0.87839,3.15098,-0.69241,-1.85266,-2.07502,-2.35551,0.87839,3.15097,0.11070
12.07,hold,-0.69241,-1.85265,-2.07500,-2.35554,0.87839,3.15098,-0.69241,-1.85266,-2.07502,-2.35551,0.87839,3.15097,0.11070
12.08,hold,-0.69241,-1.85265,-2.07500,-2.35554,0.87839,3.15098,-0.69241,-1.85266,-2.07502,-2.35551,0.87839,3.15097,0.11070
12.09,hold,-0.69241,-1.85265,-2.07500,-2.35554,0.87839,3.15098,-0.69241,-1.85266,-2.07502,-2.35551,0.87839,3.15097,0.11070
12.10,hold,-0.69241,-1.85265,-2.07500,-2.35554,0.87839,3.15098,-0.69241,-1.85266,-2.07502,-2.35551,0.87839,3.15097,0.11070
12.11,hold,-0.69241,-1.85265,-2.07500,-2.35554,0.87839,3.15098,-0.69241,-1.85266,-2.07502,-2.35551,0.87839,3.15097,0.11070
12.12,hold,-0.69241,-1.85265,-2.07500,-2.35554,0.87839,3.15098,-0.69241,-1.85266,-2.07502,-2.35551,0.87839,3.15097,0.11070
12.13,hold,-0.69241,-1.85265,-2.07500,-2.35554,0.87839,3.15098,-0.69241,-1.85266,-2.07502,-2.35551,0.87839,3.15097,0.11070
12.14,hold,-0.69241,-1.85265,-2.07500,-2.35554,0.87839,3.15098,-0.69241,-1.85266,-2.07502,-2.35551,0.87839,3.15097,0.11070
12.15,hold,-0.69241,-1.85265,-2.07500,-2.35554,0.87839,3.15098,-0.69241,-1.85266,-2.07502,-2.35551,0.87839,3.15097,0.11070
12.16,hold,-0.69241,-1.85265,-2.07500,-2.35554,0.87839,3.15098,-0.69241,-1.85266,-2.07502,-2.35551,0.87839,3.15097,0.11070
12.17,hold,-0.69241,-1.85265,-2.07500,-2.35554,0.87839,3.15098,-0.69241,-1.85266,-2.07502,-2.35551,0.87839,3.15097,0.11070
12.18,hold,-0.69241,-1.85265,-2.07500,-2.35554,0.87839,3.15098,-0.69241,-1.85266,-2.07502,-2.35551,0.87839,3.15097,0.11070
12.19,hold,-0.69241,-1.85265,-2.07500,-2.35554,0.87839,3.15098,-0.69241,-1.85266,-2.07502,-2.35551,0.87839,3.15097,0.11070
12.20,hold,-0.69241,-1.85265,-2.07500,-2.35554,0.87839,3.15098,-0.69241,-1.85266,-2.07502,-2.35551,0.87839,3.15097,0.11070
12.21,hold,-0.69241,-1.85265,-2.07500,-2.35554,0.87839,3.15098,-0.69241,-1.85266,-2.07502,-2.35551,0.87839,3.15097,0.11070
12.22,hold,-0.69241,-1.85265,-2.07500,-2.35554,0.87839,3.15098,-0.69241,-1.85266,-2.07502,-2.35551,0.87839,3.15097,0.11070
12.23,hold,-0.69241,-1.85265,-2.07500,-2.35554,0.87839,3.15098,-0.69241,-1.85266,-2.07502,-2.35551,0.87839,3.15097,0.11070
12.24,hold,-0.69241,-1.85265,-2.07500,-2.35554,0.87839,3.15098,-0.69241,-1.85266,-2.07502,-2.35551,0.87839,3.15097,0.11070
12.25,hold,-0.69241,-1.85265,-2.07500,-2.35554,0.87839,3.15098,-0.69241,-1.85266,-2.07502,-2.35551,0.87839,3.15097,0.11070
12.26,hold,-0.69241,-1.85265,-2.07500,-2.35554,0.87839,3.15098,-0.69241,-1.85266,-2.07502,-2.35551,0.87839,3.15097,0.11070
12.27,hold,-0.69241,-1.85265,-2.07500,-2.35554,0.87839,3.15098,-0.69241,-1.85266,-2.07502,-2.35551,0.87839,3.15097,0.11070
12.28,hold,-0.69241,-1.85265,-2.07500,-2.35554,0.87839,3.15098,-0.69241,-1.85266,-2.07502,-2.35551,0.87839,3.15097,0.11070
12.29,hold,-0.69241,-1.85265,-2.07500,-2.35554,0.87839,3.15098,-0.69241,-1.85266,-2.07502,-2.35551,0.87839,3.15097,0.11070
12.30,hold,-0.69241,-1.85265,-2.07500,-2.35554,0.87839,3.15098,-0.69241,-1.85266,-2.07502,-2.35551,0.87839,3.15097,0.11070
12.31,hold,-0.69241,-1.85265,-2.07500,-2.35554,0.87839,3.15098,-0.69241,-1.85266,-2.07502,-2.35551,0.87839,3.15097,0.11070
12.32,hold,-0.69241,-1.85265,-2.07500,-2.35554,0.87839,3.15098,-0.69241,-1.85266,-2.07502,-2.35551,0.87839,3.15097,0.11070
12.33,hold,-0.69241,-1.85265,-2.07500,-2.35554,0.87839,3.15098,-0.69241,-1.85266,-2.07502,-2.35551,0.87839,3.15097,0.11070
12.34,hold,-0.69241,-1.85265,-2.07500,-2.35554,0.87839,3.15098,-0.69241,-1.85266,-2.07502,-2.35551,0.87839,3.15097,0.11070
12.35,hold,-0.69241,-1.85265,-2.07500,-2.35554,0.87839,3.15098,-0.69241,-1.85266,-2.07502,-2.35551,0.87839,3.15097,0.11070
12.36,hold,-0.69241,-1.85265,-2.07500,-2.35554,0.87839,3.15098,-0.69241,-1.85266,-2.07502,-2.35551,0.87839,3.15097,0.11070
12.37,hold,-0.69241,-1.85265,-2.07500,-2.35554,0.87839,3.15098,-0.69241,-1.85266,-2.07502,-2.35551,0.87839,3.15097,0.11070
12.38,hold,-0.69241,-1.85265,-2.07500,-2.35554,0.87839,3.15098,-0.69241,-1.85266,-2.07502,-2.35551,0.87839,3.15097,0.11070
12.39,hold,-0.69241,-1.85265,-2.07500,-2.35554,0.87839,3.15098,-0.69241,-1.85266,-2.07502,-2.35551,0.87839,3.15097,0.11070
12.40,hold,-0.69241,-1.85265,-2.07500,-2.35554,0.87839,3.15098,-0.69241,-1.85266,-2.07502,-2.35551,0.87839,3.15097,0.11070
12.41,hold,-0.69241,-1.85265,-2.07500,-2.35554,0.87839,3.15098,-0.69241,-1.85266,-2.07502,-2.35551,0.87839,3.15097,0.11070
12.42,hold,-0.69241,-1.85265,-2.07500,-2.35554,0.87839,3.15098,-0.69241,-1.85266,-2.07502,-2.35551,0.87839,3.15097,0.11070
12.43,hold,-0.69241,-1.85265,-2.07500,-2.35554,0.87839,3.15098,-0.69241,-1.85266,-2.07502,-2.35551,0.87839,3.15097,0.11070
12.44,hold,-0.69241,-1.85265,-2.07500,-2.35554,0.87839,3.15098,-0.69241,-1.85266,-2.07502,-2.35551,0.87839,3.15097,0.11070
12.45,hold,-0.69241,-1.85265,-2.07500,-2.35554,0.87839,3.15098,-0.69241,-1.85266,-2.07502,-2.35551,0.87839,3.15097,0.11070
12.46,hold,-0.69241,-1.85265,-2.07500,-2.35554,0.87839,3.15098,-0.69241,-1.85266,-2.07502,-2.35551,0.87839,3.15097,0.11070
12.47,hold,-0.69241,-1.85265,-2.07500,-2.35554,0.87839,3.15098,-0.69241,-1.85266,-2.07502,-2.35551,0.87839,3.15097,0.11070
12.48,hold,-0.69241,-1.85265,-2.07500,-2.35554,0.87839,3.15098,-0.69241,-1.85266,-2.07502,-2.35551,0.87839,3.15097,0.11070
12.49,hold,-0.69241,-1.85265,-2.07500,-2.35554,0.87839,3.15098,-0.69241,-1.85266,-2.07502,-2.35551,0.87839,3.15097,0.11070
12.50,hold,-0.69241,-1.85265,-2.07500,-2.35554,0.87839,3.15098,-0.69241,-1.85266,-2.07502,-2.35551,0.87839,3.15097,0.11070
12.51,hold,-0.69241,-1.85265,-2.07500,-2.35554,0.87839,3.15098,-0.69241,-1.85266,-2.07502,-2.35551,0.87839,3.15097,0.11070
12.52,hold,-0.69241,-1.85265,-2.07500,-2.35554,0.87839,3.15098,-0.69241,-1.85266,-2.07502,-2.35551,0.87839,3.15097,0.11070
12.53,hold,-0.69241,-1.85265,-2.07500,-2.35554,0.87839,3.15098,-0.69241,-1.85266,-2.07502,-2.35551,0.87839,3.15097,0.11070
12.54,hold,-0.69241,-1.85265,-2.07500,-2.35554,0.87839,3.15098,-0.69241,-1.85266,-2.07502,-2.35551,0.87839,3.15097,0.11070
12.55,hold,-0.69241,-1.85265,-2.07500,-2.35554,0.87839,3.15098,-0.69241,-1.85266,-2.07502,-2.35551,0.87839,3.15097,0.11070
12.56,hold,-0.69241,-1.85265,-2.07500,-2.35554,0.87839,3.15098,-0.69241,-1.85266,-2.07502,-2.35551,0.87839,3.15097,0.11070
12.57,hold,-0.69241,-1.85265,-2.07500,-2.35554,0.87839,3.15098,-0.69241,-1.85266,-2.07502,-2.35551,0.87839,3.15097,0.11070
12.58,hold,-0.69241,-1.85265,-2.07500,-2.35554,0.87839,3.15098,-0.69241,-1.85266,-2.07502,-2.35551,0.87839,3.15097,0.11070
12.59,hold,-0.69241,-1.85265,-2.07500,-2.35554,0.87839,3.15098,-0.69241,-1.85266,-2.07502,-2.35551,0.87839,3.15097,0.11070
12.60,hold,-0.69241,-1.85265,-2.07500,-2.35554,0.87839,3.15098,-0.69241,-1.85266,-2.07502,-2.35551,0.87839,3.15097,0.11070
12.61,hold,-0.69241,-1.85265,-2.07500,-2.35554,0.87839,3.15098,-0.69241,-1.85266,-2.07502,-2.35551,0.87839,3.15097,0.11070
12.62,hold,-0.69241,-1.85265,-2.07500,-2.35554,0.87839,3.15098,-0.69241,-1.85266,-2.07502,-2.35551,0.87839,3.15097,0.11070
12.63,hold,-0.69241,-1.85265,-2.07500,-2.35554,0.87839,3.15098,-0.69241,-1.85266,-2.07502,-2.35551,0.87839,3.15097,0.11070
12.64,hold,-0.69241,-1.85265,-2.07500,-2.35554,0.87839,3.15098,-0.69241,-1.85266,-2.07502,-2.35551,0.87839,3.15097,0.11070
12.65,hold,-0.69241,-1.85265,-2.07500,-2.35554,0.87839,3.15098,-0.69241,-1.85266,-2.07502,-2.35551,0.87839,3.15097,0.11070
12.66,hold,-0.69241,-1.85265,-2.07500,-2.35554,0.87839,3.15098,-0.69241,-1.85266,-2.07502,-2.35551,0.87839,3.15097,0.11070
12.67,hold,-0.69241,-1.85265,-2.07500,-2.35554,0.87839,3.15098,-0.69241,-1.85266,-2.07502,-2.35551,0.87839,3.15097,0.11070
12.68,hold,-0.69241,-1.85265,-2.07500,-2.35554,0.87839,3.15098,-0.69241,-1.85266,-2.07502,-2.35551,0.87839,3.15097,0.11070
12.69,hold,-0.69241,-1.85265,-2.07500,-2.35554,0.87839,3.15098,-0.69241,-1.85266,-2.07502,-2.35551,0.87839,3.15097,0.11070
12.70,hold,-0.69241,-1.85265,-2.07500,-2.35554,0.87839,3.15098,-0.69241,-1.85266,-2.07502,-2.35551,0.87839,3.15097,0.11070
12.71,hold,-0.69241,-1.85265,-2.07500,-2.35554,0.87839,3.15098,-0.69241,-1.85266,-2.07502,-2.35551,0.87839,3.15097,0.11070
12.72,hold,-0.69241,-1.85265,-2.07500,-2.35554,0.87839,3.15098,-0.69241,-1.85266,-2.07502,-2.35551,0.87839,3.15097,0.11070
12.73,hold,-0.69241,-1.85265,-2.07500,-2.35554,0.87839,3.15098,-0.69241,-1.85266,-2.07502,-2.35551,0.87839,3.15097,0.11070
12.74,hold,-0.69241,-1.85265,-2.07500,-2.35554,0.87839,3.15098,-0.69241,-1.85266,-2.07502,-2.35551,0.87839,3.15097,0.11070
12.75,hold,-0.69241,-1.85265,-2.07500,-2.35554,0.87839,3.15098,-0.69241,-1.85266,-2.07502,-2.35551,0.87839,3.15097,0.11070
12.76,hold,-0.69241,-1.85265,-2.07500,-2.35554,0.87839,3.15098,-0.69241,-1.85266,-2.07502,-2.35551,0.87839,3.15097,0.11070
12.77,hold,-0.69241,-1.85265,-2.07500,-2.35554,0.87839,3.15098,-0.69241,-1.85266,-2.07502,-2.35551,0.87839,3.15097,0.11070
12.78,hold,-0.69241,-1.85265,-2.07500,-2.35554,0.87839,3.15098,-0.69241,-1.85266,-2.07502,-2.35551,0.87839,3.15097,0.11070
12.79,hold,-0.69241,-1.85265,-2.07500,-2.35554,0.87839,3.15098,-0.69241,-1.85266,-2.07502,-2.35551,0.87839,3.15097,0.11070
12.80,hold,-0.69241,-1.85265,-2.07500,-2.35554,0.87839,3.15098,-0.69241,-1.85266,-2.07502,-2.35551,0.87839,3.15097,0.11070
12.81,hold,-0.69241,-1.85265,-2.07500,-2.35554,0.87839,3.15098,-0.69241,-1.85266,-2.07502,-2.35551,0.87839,3.15097,0.11070
12.82,hold,-0.69241,-1.85265,-2.07500,-2.35554,0.87839,3.15098,-0.69241,-1.85266,-2.07502,-2.35551,0.87839,3.15097,0.11070
12.83,hold,-0.69241,-1.85265,-2.07500,-2.35554,0.87839,3.15098,-0.69241,-1.85266,-2.07502,-2.35551,0.87839,3.15097,0.11070
12.84,hold,-0.69241,-1.85265,-2.07500,-2.35554,0.87839,3.15098,-0.69241,-1.85266,-2.07502,-2.35551,0.87839,3.15097,0.11070
12.85,hold,-0.69241,-1.85265,-2.07500,-2.35554,0.87839,3.15098,-0.69241,-1.85266,-2.07502,-2.35551,0.87839,3.15097,0.11070
12.86,hold,-0.69241,-1.85265,-2.07500,-2.35554,0.87839,3.15098,-0.69241,-1.85266,-2.07502,-2.35551,0.87839,3.15097,0.11070
12.87,hold,-0.69241,-1.85265,-2.07500,-2.35554,0.87839,3.15098,-0.69241,-1.85266,-2.07502,-2.35551,0.87839,3.15097,0.11070
12.88,hold,-0.69241,-1.85265,-2.07500,-2.35554,0.87839,3.15098,-0.69241,-1.85266,-2.07502,-2.35551,0.87839,3.15097,0.11070
12.89,hold,-0.69241,-1.85265,-2.07500,-2.35554,0.87839,3.15098,-0.69241,-1.85266,-2.07502,-2.35551,0.87839,3.15097,0.11070
12.90,hold,-0.69241,-1.85265,-2.07500,-2.35554,0.87839,3.15098,-0.69241,-1.85266,-2.07502,-2.35551,0.87839,3.15097,0.11070
12.91,hold,-0.69241,-1.85265,-2.07500,-2.35554,0.87839,3.15098,-0.69241,-1.85266,-2.07502,-2.35551,0.87839,3.15097,0.11070
12.92,hold,-0.69241,-1.85265,-2.07500,-2.35554,0.87839,3.15098,-0.69241,-1.85266,-2.07502,-2.35551,0.87839,3.15097,0.11070
12.93,hold,-0.69241,-1.85265,-2.07500,-2.35554,0.87839,3.15098,-0.69241,-1.85266,-2.07502,-2.35551,0.87839,3.15097,0.11070
12.94,hold,-0.69241,-1.85265,-2.07500,-2.35554,0.87839,3.15098,-0.69241,-1.85266,-2.07502,-2.35551,0.87839,3.15097,0.11070
12.95,hold,-0.69241,-1.85265,-2.07500,-2.35554,0.87839,3.15098,-0.69241,-1.85266,-2.07502,-2.35551,0.87839,3.15097,0.11070
12.96,hold,-0.69241,-1.85265,-2.07500,-2.35554,0.87839,3.15098,-0.69241,-1.85266,-2.07502,-2.35551,0.87839,3.15097,0.11070
12.97,hold,-0.69241,-1.85265,-2.07500,-2.35554,0.87839,3.15098,-0.69241,-1.85266,-2.07502,-2.35551,0.87839,3.15097,0.11070
12.98,hold,-0.69241,-1.85265,-2.07500,-2.35554,0.87839,3.15098,-0.69241,-1.85266,-2.07502,-2.35551,0.87839,3.15097,0.11070
12.99,hold,-0.69241,-1.85265,-2.07500,-2.35554,0.87839,3.15098,-0.69241,-1.85266,-2.07502,-2.35551,0.87839,3.15097,0.11070
13.00,hold,-0.69241,-1.85265,-2.07500,-2.35554,0.87839,3.15098,-0.69241,-1.85266,-2.07502,-2.35551,0.87839,3.15097,0.11070
13.01,hold,-0.69241,-1.85265,-2.07500,-2.35554,0.87839,3.15098,-0.69241,-1.85266,-2.07502,-2.35551,0.87839,3.15097,0.11070
13.02,hold,-0.69241,-1.85265,-2.07500,-2.35554,0.87839,3.15098,-0.69241,-1.85266,-2.07502,-2.35551,0.87839,3.15097,0.11070
13.03,hold,-0.69241,-1.85265,-2.07500,-2.35554,0.87839,3.15098,-0.69241,-1.85266,-2.07502,-2.35551,0.87839,3.15097,0.11070
13.04,hold,-0.69241,-1.85265,-2.07500,-2.35554,0.87839,3.15098,-0.69241,-1.85266,-2.07502,-2.35551,0.87839,3.15097,0.11070
13.05,hold,-0.69241,-1.85265,-2.07500,-2.35554,0.87839,3.15098,-0.69241,-1.85266,-2.07502,-2.35551,0.87839,3.15097,0.11070
13.06,hold,-0.69241,-1.85265,-2.07500,-2.35554,0.87839,3.15098,-0.69241,-1.85266,-2.07502,-2.35551,0.87839,3.15097,0.11070
13.07,hold,-0.69241,-1.85265,-2.07500,-2.35554,0.87839,3.15098,-0.69241,-1.85266,-2.07502,-2.35551,0.87839,3.15097,0.11070
13.08,hold,-0.69241,-1.85265,-2.07500,-2.35554,0.87839,3.15098,-0.69241,-1.85266,-2.07502,-2.35551,0.87839,3.15097,0.11070
13.09,hold,-0.69241,-1.85265,-2.07500,-2.35554,0.87839,3.15098,-0.69241,-1.85266,-2.07502,-2.35551,0.87839,3.15097,0.11070
13.10,hold,-0.69241,-1.85265,-2.07500,-2.35554,0.87839,3.15098,-0.69241,-1.85266,-2.07502,-2.35551,0.87839,3.15097,0.11070
