ISO-10303-21;
HEADER;
/* Generated by software containing ST-Developer
 * from STEP Tools, Inc. (www.steptools.com) 
 */

FILE_DESCRIPTION(
/* description */ (''),
/* implementation_level */ '2;1');

FILE_NAME(
/* name */ 'EF_Camera_Stand_V1.2.stp',
/* time_stamp */ '2024-04-24T13:03:53+02:00',
/* author */ ('Seven'),
/* organization */ (''),
/* preprocessor_version */ 'ST-DEVELOPER v20',
/* originating_system */ 'Autodesk Inventor 2024',
/* authorisation */ '');

FILE_SCHEMA (('AUTOMOTIVE_DESIGN { 1 0 10303 214 3 1 1 }'));
ENDSEC;

DATA;
#10=MECHANICAL_DESIGN_GEOMETRIC_PRESENTATION_REPRESENTATION('',(#16),#2864);
#11=GEOMETRICALLY_BOUNDED_WIREFRAME_SHAPE_REPRESENTATION('',(#12),#2863);
#12=GEOMETRIC_CURVE_SET('Sketch19',(#2860));
#13=SHAPE_REPRESENTATION_RELATIONSHIP('SRR','None',#2871,#15);
#14=SHAPE_REPRESENTATION_RELATIONSHIP('SRR','None',#2871,#11);
#15=ADVANCED_BREP_SHAPE_REPRESENTATION('',(#17),#2863);
#16=STYLED_ITEM('',(#2880),#17);
#17=MANIFOLD_SOLID_BREP('Solid1',#1499);
#18=B_SPLINE_CURVE_WITH_KNOTS('',3,(#2752,#2753,#2754,#2755,#2756,#2757,
#2758,#2759,#2760,#2761,#2762,#2763,#2764,#2765),.UNSPECIFIED.,.F.,.F.,
(4,2,2,2,2,2,4),(4.2029550073576,4.64848241462197,5.44888707037666,6.24929172613134,
7.04969638188602,7.8501010376407,8.29562844490507),.UNSPECIFIED.);
#19=CONICAL_SURFACE('',#1623,3.75,0.785398163397448);
#20=CONICAL_SURFACE('',#1635,3.75,0.785398163397448);
#21=CONICAL_SURFACE('',#1682,44.5,0.785398163397446);
#22=CONICAL_SURFACE('',#1688,4.9,0.785398163397458);
#23=CONICAL_SURFACE('',#1693,4.9,0.785398163397448);
#24=CONICAL_SURFACE('',#1698,4.9,0.785398163397448);
#25=CONICAL_SURFACE('',#1703,4.9,0.785398163397448);
#26=CONICAL_SURFACE('',#1720,16.25,0.785398163397448);
#27=CONICAL_SURFACE('',#1726,31.,0.785398163397448);
#28=SPHERICAL_SURFACE('',#1581,2.);
#29=SPHERICAL_SURFACE('',#1585,2.);
#30=SPHERICAL_SURFACE('',#1589,1.99999999999999);
#31=SPHERICAL_SURFACE('',#1594,1.99999999999999);
#32=FACE_BOUND('',#440,.T.);
#33=FACE_BOUND('',#441,.T.);
#34=FACE_BOUND('',#457,.T.);
#35=FACE_BOUND('',#458,.T.);
#36=FACE_BOUND('',#461,.T.);
#37=FACE_BOUND('',#462,.T.);
#38=FACE_BOUND('',#464,.T.);
#39=FACE_BOUND('',#466,.T.);
#40=FACE_BOUND('',#467,.T.);
#41=FACE_BOUND('',#471,.T.);
#42=FACE_BOUND('',#472,.T.);
#43=FACE_BOUND('',#473,.T.);
#44=FACE_BOUND('',#474,.T.);
#45=FACE_BOUND('',#475,.T.);
#46=FACE_BOUND('',#478,.T.);
#47=FACE_BOUND('',#479,.T.);
#48=FACE_BOUND('',#480,.T.);
#49=FACE_BOUND('',#481,.T.);
#50=FACE_BOUND('',#482,.T.);
#51=FACE_BOUND('',#483,.T.);
#52=FACE_BOUND('',#486,.T.);
#53=FACE_BOUND('',#490,.T.);
#54=FACE_BOUND('',#495,.T.);
#55=FACE_BOUND('',#498,.T.);
#56=FACE_BOUND('',#521,.T.);
#57=FACE_BOUND('',#523,.T.);
#58=FACE_BOUND('',#525,.T.);
#59=FACE_BOUND('',#527,.T.);
#60=FACE_BOUND('',#538,.T.);
#61=ELLIPSE('',#1553,3.16227766016838,3.00000000000001);
#62=ELLIPSE('',#1554,3.16227766016838,3.00000000000001);
#63=ELLIPSE('',#1556,3.16227766016838,3.00000000000001);
#64=ELLIPSE('',#1557,3.16227766016838,3.00000000000001);
#65=ELLIPSE('',#1567,6.80073525436773,2.);
#66=ELLIPSE('',#1568,6.80073525436772,2.);
#67=ELLIPSE('',#1572,6.80073525436772,2.);
#68=ELLIPSE('',#1574,6.80073525436773,2.);
#69=B_SPLINE_SURFACE_WITH_KNOTS('',3,3,((#2341,#2342,#2343,#2344,#2345,
#2346),(#2347,#2348,#2349,#2350,#2351,#2352),(#2353,#2354,#2355,#2356,#2357,
#2358),(#2359,#2360,#2361,#2362,#2363,#2364),(#2365,#2366,#2367,#2368,#2369,
#2370)),.UNSPECIFIED.,.F.,.F.,.F.,(4,1,4),(4,1,1,4),(0.,0.571428571428571,
1.),(-1.5707963267949,-0.897597901025655,-0.448798950512828,0.),
 .UNSPECIFIED.);
#70=B_SPLINE_SURFACE_WITH_KNOTS('',3,3,((#2376,#2377,#2378,#2379,#2380,
#2381),(#2382,#2383,#2384,#2385,#2386,#2387),(#2388,#2389,#2390,#2391,#2392,
#2393),(#2394,#2395,#2396,#2397,#2398,#2399),(#2400,#2401,#2402,#2403,#2404,
#2405)),.UNSPECIFIED.,.F.,.F.,.F.,(4,1,4),(4,1,1,4),(0.,0.571428571428571,
1.),(-1.5707963267949,-0.897597901025655,-0.448798950512828,0.),
 .UNSPECIFIED.);
#71=B_SPLINE_SURFACE_WITH_KNOTS('',3,3,((#2435,#2436,#2437,#2438,#2439,
#2440,#2441),(#2442,#2443,#2444,#2445,#2446,#2447,#2448),(#2449,#2450,#2451,
#2452,#2453,#2454,#2455),(#2456,#2457,#2458,#2459,#2460,#2461,#2462),(#2463,
#2464,#2465,#2466,#2467,#2468,#2469),(#2470,#2471,#2472,#2473,#2474,#2475,
#2476)),.UNSPECIFIED.,.F.,.F.,.F.,(4,1,1,4),(4,1,1,1,4),(0.,0.285714285714286,
0.571428571428571,1.),(-1.5707963267949,-1.12199737628207,-0.673198425769241,
-0.224399475256413,6.30121668674793E-16),.UNSPECIFIED.);
#72=B_SPLINE_SURFACE_WITH_KNOTS('',3,3,((#2494,#2495,#2496,#2497,#2498,
#2499,#2500,#2501),(#2502,#2503,#2504,#2505,#2506,#2507,#2508,#2509),(#2510,
#2511,#2512,#2513,#2514,#2515,#2516,#2517),(#2518,#2519,#2520,#2521,#2522,
#2523,#2524,#2525),(#2526,#2527,#2528,#2529,#2530,#2531,#2532,#2533),(#2534,
#2535,#2536,#2537,#2538,#2539,#2540,#2541)),.UNSPECIFIED.,.F.,.F.,.F.,(4,
1,1,4),(4,1,1,1,1,4),(0.,0.285714285714286,0.571428571428571,1.),(-1.5707963267949,
-1.12199737628207,-0.897597901025655,-0.448798950512827,-0.224399475256414,
1.64589682239893E-16),.UNSPECIFIED.);
#73=PLANE('',#1545);
#74=PLANE('',#1548);
#75=PLANE('',#1570);
#76=PLANE('',#1576);
#77=PLANE('',#1608);
#78=PLANE('',#1614);
#79=PLANE('',#1618);
#80=PLANE('',#1620);
#81=PLANE('',#1629);
#82=PLANE('',#1637);
#83=PLANE('',#1644);
#84=PLANE('',#1645);
#85=PLANE('',#1650);
#86=PLANE('',#1657);
#87=PLANE('',#1661);
#88=PLANE('',#1686);
#89=PLANE('',#1708);
#90=PLANE('',#1710);
#91=PLANE('',#1712);
#92=PLANE('',#1714);
#93=PLANE('',#1725);
#94=PLANE('',#1731);
#95=PLANE('',#1732);
#96=TOROIDAL_SURFACE('',#1532,7.5,3.);
#97=TOROIDAL_SURFACE('',#1538,7.5,3.);
#98=TOROIDAL_SURFACE('',#1601,63.,2.);
#99=TOROIDAL_SURFACE('',#1667,62.,2.);
#100=TOROIDAL_SURFACE('',#1672,63.,2.);
#101=TOROIDAL_SURFACE('',#1677,62.,2.);
#102=LINE('',#2280,#186);
#103=LINE('',#2281,#187);
#104=LINE('',#2292,#188);
#105=LINE('',#2293,#189);
#106=LINE('',#2301,#190);
#107=LINE('',#2302,#191);
#108=LINE('',#2305,#192);
#109=LINE('',#2308,#193);
#110=LINE('',#2311,#194);
#111=LINE('',#2313,#195);
#112=LINE('',#2315,#196);
#113=LINE('',#2316,#197);
#114=LINE('',#2319,#198);
#115=LINE('',#2323,#199);
#116=LINE('',#2325,#200);
#117=LINE('',#2327,#201);
#118=LINE('',#2426,#202);
#119=LINE('',#2428,#203);
#120=LINE('',#2430,#204);
#121=LINE('',#2434,#205);
#122=LINE('',#2484,#206);
#123=LINE('',#2485,#207);
#124=LINE('',#2488,#208);
#125=LINE('',#2489,#209);
#126=LINE('',#2492,#210);
#127=LINE('',#2546,#211);
#128=LINE('',#2549,#212);
#129=LINE('',#2550,#213);
#130=LINE('',#2557,#214);
#131=LINE('',#2568,#215);
#132=LINE('',#2577,#216);
#133=LINE('',#2578,#217);
#134=LINE('',#2587,#218);
#135=LINE('',#2588,#219);
#136=LINE('',#2593,#220);
#137=LINE('',#2594,#221);
#138=LINE('',#2602,#222);
#139=LINE('',#2603,#223);
#140=LINE('',#2605,#224);
#141=LINE('',#2606,#225);
#142=LINE('',#2608,#226);
#143=LINE('',#2609,#227);
#144=LINE('',#2612,#228);
#145=LINE('',#2614,#229);
#146=LINE('',#2617,#230);
#147=LINE('',#2624,#231);
#148=LINE('',#2628,#232);
#149=LINE('',#2631,#233);
#150=LINE('',#2648,#234);
#151=LINE('',#2655,#235);
#152=LINE('',#2670,#236);
#153=LINE('',#2691,#237);
#154=LINE('',#2693,#238);
#155=LINE('',#2700,#239);
#156=LINE('',#2702,#240);
#157=LINE('',#2705,#241);
#158=LINE('',#2712,#242);
#159=LINE('',#2718,#243);
#160=LINE('',#2720,#244);
#161=LINE('',#2724,#245);
#162=LINE('',#2732,#246);
#163=LINE('',#2740,#247);
#164=LINE('',#2746,#248);
#165=LINE('',#2748,#249);
#166=LINE('',#2750,#250);
#167=LINE('',#2766,#251);
#168=LINE('',#2771,#252);
#169=LINE('',#2776,#253);
#170=LINE('',#2779,#254);
#171=LINE('',#2785,#255);
#172=LINE('',#2789,#256);
#173=LINE('',#2795,#257);
#174=LINE('',#2799,#258);
#175=LINE('',#2805,#259);
#176=LINE('',#2809,#260);
#177=LINE('',#2815,#261);
#178=LINE('',#2830,#262);
#179=LINE('',#2832,#263);
#180=LINE('',#2834,#264);
#181=LINE('',#2836,#265);
#182=LINE('',#2839,#266);
#183=LINE('',#2845,#267);
#184=LINE('',#2850,#268);
#185=LINE('',#2856,#269);
#186=VECTOR('',#1755,10.);
#187=VECTOR('',#1756,10.);
#188=VECTOR('',#1769,10.);
#189=VECTOR('',#1770,10.);
#190=VECTOR('',#1781,10.);
#191=VECTOR('',#1782,10.);
#192=VECTOR('',#1785,10.);
#193=VECTOR('',#1788,10.);
#194=VECTOR('',#1791,10.);
#195=VECTOR('',#1792,10.);
#196=VECTOR('',#1793,10.);
#197=VECTOR('',#1794,10.);
#198=VECTOR('',#1797,10.);
#199=VECTOR('',#1802,10.);
#200=VECTOR('',#1803,10.);
#201=VECTOR('',#1804,10.);
#202=VECTOR('',#1831,10.);
#203=VECTOR('',#1834,10.);
#204=VECTOR('',#1837,10.);
#205=VECTOR('',#1842,10.);
#206=VECTOR('',#1851,10.);
#207=VECTOR('',#1852,10.);
#208=VECTOR('',#1855,10.);
#209=VECTOR('',#1856,10.);
#210=VECTOR('',#1859,10.);
#211=VECTOR('',#1868,10.);
#212=VECTOR('',#1871,10.);
#213=VECTOR('',#1872,10.);
#214=VECTOR('',#1879,10.);
#215=VECTOR('',#1898,10.);
#216=VECTOR('',#1909,10.);
#217=VECTOR('',#1910,10.);
#218=VECTOR('',#1921,10.);
#219=VECTOR('',#1922,10.);
#220=VECTOR('',#1927,10.);
#221=VECTOR('',#1928,10.);
#222=VECTOR('',#1939,10.);
#223=VECTOR('',#1940,10.);
#224=VECTOR('',#1943,10.);
#225=VECTOR('',#1944,10.);
#226=VECTOR('',#1947,10.);
#227=VECTOR('',#1948,10.);
#228=VECTOR('',#1951,65.);
#229=VECTOR('',#1952,10.);
#230=VECTOR('',#1955,10.);
#231=VECTOR('',#1962,10.);
#232=VECTOR('',#1967,10.);
#233=VECTOR('',#1970,10.);
#234=VECTOR('',#1989,3.75);
#235=VECTOR('',#1998,3.25);
#236=VECTOR('',#2015,3.75);
#237=VECTOR('',#2040,2.75);
#238=VECTOR('',#2043,1.5);
#239=VECTOR('',#2052,2.75);
#240=VECTOR('',#2055,1.5);
#241=VECTOR('',#2058,2.75);
#242=VECTOR('',#2067,2.75);
#243=VECTOR('',#2076,1.5);
#244=VECTOR('',#2079,1.5);
#245=VECTOR('',#2084,10.);
#246=VECTOR('',#2095,10.);
#247=VECTOR('',#2106,10.);
#248=VECTOR('',#2115,10.);
#249=VECTOR('',#2118,10.);
#250=VECTOR('',#2119,10.);
#251=VECTOR('',#2120,10.);
#252=VECTOR('',#2125,44.5);
#253=VECTOR('',#2134,32.);
#254=VECTOR('',#2137,4.9);
#255=VECTOR('',#2144,4.8);
#256=VECTOR('',#2149,4.9);
#257=VECTOR('',#2156,4.8);
#258=VECTOR('',#2161,4.9);
#259=VECTOR('',#2168,4.8);
#260=VECTOR('',#2173,4.9);
#261=VECTOR('',#2180,4.8);
#262=VECTOR('',#2201,3.25);
#263=VECTOR('',#2204,3.25);
#264=VECTOR('',#2207,3.25);
#265=VECTOR('',#2210,3.25);
#266=VECTOR('',#2213,16.25);
#267=VECTOR('',#2220,15.75);
#268=VECTOR('',#2227,31.);
#269=VECTOR('',#2234,31.5);
#270=CYLINDRICAL_SURFACE('',#1530,3.);
#271=CYLINDRICAL_SURFACE('',#1536,3.);
#272=CYLINDRICAL_SURFACE('',#1542,3.);
#273=CYLINDRICAL_SURFACE('',#1543,2.);
#274=CYLINDRICAL_SURFACE('',#1546,2.);
#275=CYLINDRICAL_SURFACE('',#1561,3.);
#276=CYLINDRICAL_SURFACE('',#1562,3.);
#277=CYLINDRICAL_SURFACE('',#1563,3.);
#278=CYLINDRICAL_SURFACE('',#1564,2.);
#279=CYLINDRICAL_SURFACE('',#1569,4.5);
#280=CYLINDRICAL_SURFACE('',#1571,2.);
#281=CYLINDRICAL_SURFACE('',#1575,4.5);
#282=CYLINDRICAL_SURFACE('',#1579,2.);
#283=CYLINDRICAL_SURFACE('',#1584,2.);
#284=CYLINDRICAL_SURFACE('',#1588,2.);
#285=CYLINDRICAL_SURFACE('',#1593,2.);
#286=CYLINDRICAL_SURFACE('',#1598,2.);
#287=CYLINDRICAL_SURFACE('',#1599,2.);
#288=CYLINDRICAL_SURFACE('',#1605,2.);
#289=CYLINDRICAL_SURFACE('',#1606,2.);
#290=CYLINDRICAL_SURFACE('',#1607,2.);
#291=CYLINDRICAL_SURFACE('',#1612,65.);
#292=CYLINDRICAL_SURFACE('',#1626,3.25);
#293=CYLINDRICAL_SURFACE('',#1648,2.75);
#294=CYLINDRICAL_SURFACE('',#1649,1.5);
#295=CYLINDRICAL_SURFACE('',#1653,2.75);
#296=CYLINDRICAL_SURFACE('',#1654,1.5);
#297=CYLINDRICAL_SURFACE('',#1655,2.75);
#298=CYLINDRICAL_SURFACE('',#1659,2.75);
#299=CYLINDRICAL_SURFACE('',#1663,1.5);
#300=CYLINDRICAL_SURFACE('',#1664,1.5);
#301=CYLINDRICAL_SURFACE('',#1665,2.);
#302=CYLINDRICAL_SURFACE('',#1670,2.);
#303=CYLINDRICAL_SURFACE('',#1675,2.);
#304=CYLINDRICAL_SURFACE('',#1680,2.);
#305=CYLINDRICAL_SURFACE('',#1681,60.);
#306=CYLINDRICAL_SURFACE('',#1687,32.);
#307=CYLINDRICAL_SURFACE('',#1691,4.8);
#308=CYLINDRICAL_SURFACE('',#1696,4.8);
#309=CYLINDRICAL_SURFACE('',#1701,4.8);
#310=CYLINDRICAL_SURFACE('',#1706,4.8);
#311=CYLINDRICAL_SURFACE('',#1716,3.25);
#312=CYLINDRICAL_SURFACE('',#1717,3.25);
#313=CYLINDRICAL_SURFACE('',#1718,3.25);
#314=CYLINDRICAL_SURFACE('',#1719,3.25);
#315=CYLINDRICAL_SURFACE('',#1723,15.75);
#316=CYLINDRICAL_SURFACE('',#1729,31.5);
#317=FACE_OUTER_BOUND('',#414,.T.);
#318=FACE_OUTER_BOUND('',#415,.T.);
#319=FACE_OUTER_BOUND('',#416,.T.);
#320=FACE_OUTER_BOUND('',#417,.T.);
#321=FACE_OUTER_BOUND('',#418,.T.);
#322=FACE_OUTER_BOUND('',#419,.T.);
#323=FACE_OUTER_BOUND('',#420,.T.);
#324=FACE_OUTER_BOUND('',#421,.T.);
#325=FACE_OUTER_BOUND('',#422,.T.);
#326=FACE_OUTER_BOUND('',#423,.T.);
#327=FACE_OUTER_BOUND('',#424,.T.);
#328=FACE_OUTER_BOUND('',#425,.T.);
#329=FACE_OUTER_BOUND('',#426,.T.);
#330=FACE_OUTER_BOUND('',#427,.T.);
#331=FACE_OUTER_BOUND('',#428,.T.);
#332=FACE_OUTER_BOUND('',#429,.T.);
#333=FACE_OUTER_BOUND('',#430,.T.);
#334=FACE_OUTER_BOUND('',#431,.T.);
#335=FACE_OUTER_BOUND('',#432,.T.);
#336=FACE_OUTER_BOUND('',#433,.T.);
#337=FACE_OUTER_BOUND('',#434,.T.);
#338=FACE_OUTER_BOUND('',#435,.T.);
#339=FACE_OUTER_BOUND('',#436,.T.);
#340=FACE_OUTER_BOUND('',#437,.T.);
#341=FACE_OUTER_BOUND('',#438,.T.);
#342=FACE_OUTER_BOUND('',#439,.T.);
#343=FACE_OUTER_BOUND('',#442,.T.);
#344=FACE_OUTER_BOUND('',#443,.T.);
#345=FACE_OUTER_BOUND('',#444,.T.);
#346=FACE_OUTER_BOUND('',#445,.T.);
#347=FACE_OUTER_BOUND('',#446,.T.);
#348=FACE_OUTER_BOUND('',#447,.T.);
#349=FACE_OUTER_BOUND('',#448,.T.);
#350=FACE_OUTER_BOUND('',#449,.T.);
#351=FACE_OUTER_BOUND('',#450,.T.);
#352=FACE_OUTER_BOUND('',#451,.T.);
#353=FACE_OUTER_BOUND('',#452,.T.);
#354=FACE_OUTER_BOUND('',#453,.T.);
#355=FACE_OUTER_BOUND('',#454,.T.);
#356=FACE_OUTER_BOUND('',#455,.T.);
#357=FACE_OUTER_BOUND('',#456,.T.);
#358=FACE_OUTER_BOUND('',#459,.T.);
#359=FACE_OUTER_BOUND('',#460,.T.);
#360=FACE_OUTER_BOUND('',#463,.T.);
#361=FACE_OUTER_BOUND('',#465,.T.);
#362=FACE_OUTER_BOUND('',#468,.T.);
#363=FACE_OUTER_BOUND('',#469,.T.);
#364=FACE_OUTER_BOUND('',#470,.T.);
#365=FACE_OUTER_BOUND('',#476,.T.);
#366=FACE_OUTER_BOUND('',#477,.T.);
#367=FACE_OUTER_BOUND('',#484,.T.);
#368=FACE_OUTER_BOUND('',#485,.T.);
#369=FACE_OUTER_BOUND('',#487,.T.);
#370=FACE_OUTER_BOUND('',#488,.T.);
#371=FACE_OUTER_BOUND('',#489,.T.);
#372=FACE_OUTER_BOUND('',#491,.T.);
#373=FACE_OUTER_BOUND('',#492,.T.);
#374=FACE_OUTER_BOUND('',#493,.T.);
#375=FACE_OUTER_BOUND('',#494,.T.);
#376=FACE_OUTER_BOUND('',#496,.T.);
#377=FACE_OUTER_BOUND('',#497,.T.);
#378=FACE_OUTER_BOUND('',#499,.T.);
#379=FACE_OUTER_BOUND('',#500,.T.);
#380=FACE_OUTER_BOUND('',#501,.T.);
#381=FACE_OUTER_BOUND('',#502,.T.);
#382=FACE_OUTER_BOUND('',#503,.T.);
#383=FACE_OUTER_BOUND('',#504,.T.);
#384=FACE_OUTER_BOUND('',#505,.T.);
#385=FACE_OUTER_BOUND('',#506,.T.);
#386=FACE_OUTER_BOUND('',#507,.T.);
#387=FACE_OUTER_BOUND('',#508,.T.);
#388=FACE_OUTER_BOUND('',#509,.T.);
#389=FACE_OUTER_BOUND('',#510,.T.);
#390=FACE_OUTER_BOUND('',#511,.T.);
#391=FACE_OUTER_BOUND('',#512,.T.);
#392=FACE_OUTER_BOUND('',#513,.T.);
#393=FACE_OUTER_BOUND('',#514,.T.);
#394=FACE_OUTER_BOUND('',#515,.T.);
#395=FACE_OUTER_BOUND('',#516,.T.);
#396=FACE_OUTER_BOUND('',#517,.T.);
#397=FACE_OUTER_BOUND('',#518,.T.);
#398=FACE_OUTER_BOUND('',#519,.T.);
#399=FACE_OUTER_BOUND('',#520,.T.);
#400=FACE_OUTER_BOUND('',#522,.T.);
#401=FACE_OUTER_BOUND('',#524,.T.);
#402=FACE_OUTER_BOUND('',#526,.T.);
#403=FACE_OUTER_BOUND('',#528,.T.);
#404=FACE_OUTER_BOUND('',#529,.T.);
#405=FACE_OUTER_BOUND('',#530,.T.);
#406=FACE_OUTER_BOUND('',#531,.T.);
#407=FACE_OUTER_BOUND('',#532,.T.);
#408=FACE_OUTER_BOUND('',#533,.T.);
#409=FACE_OUTER_BOUND('',#534,.T.);
#410=FACE_OUTER_BOUND('',#535,.T.);
#411=FACE_OUTER_BOUND('',#536,.T.);
#412=FACE_OUTER_BOUND('',#537,.T.);
#413=FACE_OUTER_BOUND('',#539,.T.);
#414=EDGE_LOOP('',(#984,#985,#986,#987));
#415=EDGE_LOOP('',(#988,#989,#990,#991));
#416=EDGE_LOOP('',(#992,#993,#994,#995));
#417=EDGE_LOOP('',(#996,#997,#998,#999));
#418=EDGE_LOOP('',(#1000,#1001,#1002,#1003));
#419=EDGE_LOOP('',(#1004,#1005,#1006,#1007));
#420=EDGE_LOOP('',(#1008,#1009,#1010,#1011));
#421=EDGE_LOOP('',(#1012,#1013,#1014,#1015));
#422=EDGE_LOOP('',(#1016,#1017,#1018,#1019,#1020,#1021,#1022,#1023,#1024,
#1025));
#423=EDGE_LOOP('',(#1026,#1027,#1028,#1029));
#424=EDGE_LOOP('',(#1030,#1031,#1032,#1033,#1034,#1035));
#425=EDGE_LOOP('',(#1036,#1037,#1038,#1039));
#426=EDGE_LOOP('',(#1040,#1041,#1042));
#427=EDGE_LOOP('',(#1043,#1044,#1045));
#428=EDGE_LOOP('',(#1046,#1047,#1048,#1049));
#429=EDGE_LOOP('',(#1050,#1051,#1052,#1053));
#430=EDGE_LOOP('',(#1054,#1055,#1056,#1057));
#431=EDGE_LOOP('',(#1058,#1059,#1060,#1061));
#432=EDGE_LOOP('',(#1062,#1063,#1064,#1065));
#433=EDGE_LOOP('',(#1066,#1067,#1068));
#434=EDGE_LOOP('',(#1069,#1070,#1071,#1072));
#435=EDGE_LOOP('',(#1073,#1074,#1075,#1076));
#436=EDGE_LOOP('',(#1077,#1078,#1079,#1080));
#437=EDGE_LOOP('',(#1081,#1082,#1083));
#438=EDGE_LOOP('',(#1084,#1085,#1086,#1087));
#439=EDGE_LOOP('',(#1088,#1089,#1090,#1091));
#440=EDGE_LOOP('',(#1092));
#441=EDGE_LOOP('',(#1093));
#442=EDGE_LOOP('',(#1094,#1095,#1096,#1097));
#443=EDGE_LOOP('',(#1098,#1099,#1100));
#444=EDGE_LOOP('',(#1101,#1102,#1103,#1104));
#445=EDGE_LOOP('',(#1105,#1106,#1107));
#446=EDGE_LOOP('',(#1108,#1109,#1110,#1111));
#447=EDGE_LOOP('',(#1112,#1113,#1114));
#448=EDGE_LOOP('',(#1115,#1116,#1117,#1118));
#449=EDGE_LOOP('',(#1119,#1120,#1121));
#450=EDGE_LOOP('',(#1122,#1123,#1124,#1125));
#451=EDGE_LOOP('',(#1126,#1127,#1128,#1129));
#452=EDGE_LOOP('',(#1130,#1131,#1132,#1133));
#453=EDGE_LOOP('',(#1134,#1135,#1136,#1137));
#454=EDGE_LOOP('',(#1138,#1139,#1140,#1141));
#455=EDGE_LOOP('',(#1142,#1143,#1144,#1145));
#456=EDGE_LOOP('',(#1146,#1147,#1148,#1149,#1150,#1151,#1152));
#457=EDGE_LOOP('',(#1153));
#458=EDGE_LOOP('',(#1154));
#459=EDGE_LOOP('',(#1155,#1156,#1157,#1158));
#460=EDGE_LOOP('',(#1159,#1160,#1161,#1162,#1163,#1164,#1165));
#461=EDGE_LOOP('',(#1166));
#462=EDGE_LOOP('',(#1167));
#463=EDGE_LOOP('',(#1168,#1169,#1170,#1171,#1172,#1173,#1174,#1175));
#464=EDGE_LOOP('',(#1176));
#465=EDGE_LOOP('',(#1177,#1178,#1179,#1180));
#466=EDGE_LOOP('',(#1181));
#467=EDGE_LOOP('',(#1182));
#468=EDGE_LOOP('',(#1183,#1184,#1185,#1186));
#469=EDGE_LOOP('',(#1187,#1188,#1189,#1190,#1191));
#470=EDGE_LOOP('',(#1192));
#471=EDGE_LOOP('',(#1193));
#472=EDGE_LOOP('',(#1194));
#473=EDGE_LOOP('',(#1195));
#474=EDGE_LOOP('',(#1196));
#475=EDGE_LOOP('',(#1197));
#476=EDGE_LOOP('',(#1198,#1199,#1200,#1201,#1202));
#477=EDGE_LOOP('',(#1203));
#478=EDGE_LOOP('',(#1204));
#479=EDGE_LOOP('',(#1205));
#480=EDGE_LOOP('',(#1206));
#481=EDGE_LOOP('',(#1207));
#482=EDGE_LOOP('',(#1208));
#483=EDGE_LOOP('',(#1209));
#484=EDGE_LOOP('',(#1210,#1211,#1212,#1213,#1214,#1215));
#485=EDGE_LOOP('',(#1216));
#486=EDGE_LOOP('',(#1217));
#487=EDGE_LOOP('',(#1218,#1219,#1220,#1221));
#488=EDGE_LOOP('',(#1222,#1223,#1224,#1225));
#489=EDGE_LOOP('',(#1226));
#490=EDGE_LOOP('',(#1227));
#491=EDGE_LOOP('',(#1228,#1229,#1230,#1231));
#492=EDGE_LOOP('',(#1232,#1233,#1234,#1235));
#493=EDGE_LOOP('',(#1236,#1237,#1238,#1239));
#494=EDGE_LOOP('',(#1240));
#495=EDGE_LOOP('',(#1241));
#496=EDGE_LOOP('',(#1242,#1243,#1244,#1245));
#497=EDGE_LOOP('',(#1246));
#498=EDGE_LOOP('',(#1247));
#499=EDGE_LOOP('',(#1248,#1249,#1250,#1251));
#500=EDGE_LOOP('',(#1252,#1253,#1254,#1255));
#501=EDGE_LOOP('',(#1256,#1257,#1258,#1259));
#502=EDGE_LOOP('',(#1260,#1261,#1262,#1263));
#503=EDGE_LOOP('',(#1264,#1265,#1266,#1267));
#504=EDGE_LOOP('',(#1268,#1269,#1270,#1271));
#505=EDGE_LOOP('',(#1272,#1273,#1274,#1275));
#506=EDGE_LOOP('',(#1276,#1277,#1278,#1279));
#507=EDGE_LOOP('',(#1280,#1281,#1282,#1283));
#508=EDGE_LOOP('',(#1284,#1285,#1286,#1287,#1288,#1289));
#509=EDGE_LOOP('',(#1290,#1291,#1292,#1293,#1294,#1295));
#510=EDGE_LOOP('',(#1296,#1297,#1298,#1299,#1300,#1301,#1302));
#511=EDGE_LOOP('',(#1303,#1304,#1305,#1306));
#512=EDGE_LOOP('',(#1307,#1308,#1309,#1310,#1311));
#513=EDGE_LOOP('',(#1312,#1313,#1314,#1315,#1316));
#514=EDGE_LOOP('',(#1317,#1318,#1319,#1320,#1321));
#515=EDGE_LOOP('',(#1322,#1323,#1324,#1325,#1326));
#516=EDGE_LOOP('',(#1327,#1328,#1329,#1330,#1331));
#517=EDGE_LOOP('',(#1332,#1333,#1334,#1335,#1336));
#518=EDGE_LOOP('',(#1337,#1338,#1339,#1340,#1341));
#519=EDGE_LOOP('',(#1342,#1343,#1344,#1345,#1346));
#520=EDGE_LOOP('',(#1347));
#521=EDGE_LOOP('',(#1348));
#522=EDGE_LOOP('',(#1349));
#523=EDGE_LOOP('',(#1350));
#524=EDGE_LOOP('',(#1351));
#525=EDGE_LOOP('',(#1352));
#526=EDGE_LOOP('',(#1353));
#527=EDGE_LOOP('',(#1354));
#528=EDGE_LOOP('',(#1355,#1356,#1357,#1358));
#529=EDGE_LOOP('',(#1359,#1360,#1361,#1362));
#530=EDGE_LOOP('',(#1363,#1364,#1365,#1366));
#531=EDGE_LOOP('',(#1367,#1368,#1369,#1370));
#532=EDGE_LOOP('',(#1371,#1372,#1373,#1374,#1375));
#533=EDGE_LOOP('',(#1376,#1377,#1378,#1379,#1380));
#534=EDGE_LOOP('',(#1381));
#535=EDGE_LOOP('',(#1382,#1383,#1384,#1385,#1386));
#536=EDGE_LOOP('',(#1387,#1388,#1389,#1390,#1391));
#537=EDGE_LOOP('',(#1392));
#538=EDGE_LOOP('',(#1393));
#539=EDGE_LOOP('',(#1394,#1395,#1396,#1397));
#540=CIRCLE('',#1522,1.99999999999999);
#541=CIRCLE('',#1523,1.);
#542=CIRCLE('',#1524,1.99999999999999);
#543=CIRCLE('',#1525,3.);
#544=CIRCLE('',#1526,1.99999999999999);
#545=CIRCLE('',#1527,3.);
#546=CIRCLE('',#1528,2.00000000000001);
#547=CIRCLE('',#1529,1.);
#548=CIRCLE('',#1531,3.00000000000001);
#549=CIRCLE('',#1533,3.00000000000001);
#550=CIRCLE('',#1534,4.5);
#551=CIRCLE('',#1535,7.5);
#552=CIRCLE('',#1537,3.00000000000001);
#553=CIRCLE('',#1539,3.00000000000001);
#554=CIRCLE('',#1540,4.5);
#555=CIRCLE('',#1541,7.5);
#556=CIRCLE('',#1544,1.99999999999999);
#557=CIRCLE('',#1547,1.99999999999999);
#558=CIRCLE('',#1549,1.);
#559=CIRCLE('',#1550,1.99999999999999);
#560=CIRCLE('',#1551,3.);
#561=CIRCLE('',#1552,2.00000000000002);
#562=CIRCLE('',#1555,2.00000000000001);
#563=CIRCLE('',#1558,3.);
#564=CIRCLE('',#1559,2.00000000000001);
#565=CIRCLE('',#1560,1.);
#566=CIRCLE('',#1565,1.99999999999999);
#567=CIRCLE('',#1566,4.50000000000001);
#568=CIRCLE('',#1573,4.50000000000001);
#569=CIRCLE('',#1577,1.5);
#570=CIRCLE('',#1578,1.5);
#571=CIRCLE('',#1580,2.);
#572=CIRCLE('',#1582,1.99999999999999);
#573=CIRCLE('',#1583,2.);
#574=CIRCLE('',#1586,2.);
#575=CIRCLE('',#1587,2.);
#576=CIRCLE('',#1590,2.);
#577=CIRCLE('',#1591,1.99999999999999);
#578=CIRCLE('',#1592,2.);
#579=CIRCLE('',#1595,1.99999999999999);
#580=CIRCLE('',#1596,1.99999999999999);
#581=CIRCLE('',#1597,2.);
#582=CIRCLE('',#1600,2.);
#583=CIRCLE('',#1602,2.);
#584=CIRCLE('',#1603,63.);
#585=CIRCLE('',#1604,65.);
#586=CIRCLE('',#1609,62.);
#587=CIRCLE('',#1610,2.75);
#588=CIRCLE('',#1611,2.75);
#589=CIRCLE('',#1613,65.);
#590=CIRCLE('',#1615,62.);
#591=CIRCLE('',#1616,2.75);
#592=CIRCLE('',#1617,2.75);
#593=CIRCLE('',#1619,32.);
#594=CIRCLE('',#1621,1.5);
#595=CIRCLE('',#1622,1.5);
#596=CIRCLE('',#1624,4.25);
#597=CIRCLE('',#1625,3.25);
#598=CIRCLE('',#1627,3.25);
#599=CIRCLE('',#1628,3.25);
#600=CIRCLE('',#1630,32.);
#601=CIRCLE('',#1631,3.25);
#602=CIRCLE('',#1632,3.25);
#603=CIRCLE('',#1633,3.25);
#604=CIRCLE('',#1634,3.25);
#605=CIRCLE('',#1636,4.25);
#606=CIRCLE('',#1638,30.5);
#607=CIRCLE('',#1639,5.);
#608=CIRCLE('',#1640,5.);
#609=CIRCLE('',#1641,16.75);
#610=CIRCLE('',#1642,5.);
#611=CIRCLE('',#1643,5.);
#612=CIRCLE('',#1646,2.75);
#613=CIRCLE('',#1647,1.5);
#614=CIRCLE('',#1651,2.75);
#615=CIRCLE('',#1652,1.5);
#616=CIRCLE('',#1656,2.75);
#617=CIRCLE('',#1658,1.5);
#618=CIRCLE('',#1660,2.75);
#619=CIRCLE('',#1662,1.5);
#620=CIRCLE('',#1666,2.);
#621=CIRCLE('',#1668,1.99999999999999);
#622=CIRCLE('',#1669,60.);
#623=CIRCLE('',#1671,1.99999999999999);
#624=CIRCLE('',#1673,2.);
#625=CIRCLE('',#1674,63.);
#626=CIRCLE('',#1676,2.);
#627=CIRCLE('',#1678,2.);
#628=CIRCLE('',#1679,60.);
#629=CIRCLE('',#1683,44.);
#630=CIRCLE('',#1684,45.);
#631=CIRCLE('',#1685,45.);
#632=CIRCLE('',#1689,4.8);
#633=CIRCLE('',#1690,4.8);
#634=CIRCLE('',#1692,4.8);
#635=CIRCLE('',#1694,4.8);
#636=CIRCLE('',#1695,4.8);
#637=CIRCLE('',#1697,4.8);
#638=CIRCLE('',#1699,4.8);
#639=CIRCLE('',#1700,4.8);
#640=CIRCLE('',#1702,4.8);
#641=CIRCLE('',#1704,4.8);
#642=CIRCLE('',#1705,4.8);
#643=CIRCLE('',#1707,4.8);
#644=CIRCLE('',#1709,3.25);
#645=CIRCLE('',#1711,3.25);
#646=CIRCLE('',#1713,3.25);
#647=CIRCLE('',#1715,3.25);
#648=CIRCLE('',#1721,15.75);
#649=CIRCLE('',#1722,15.75);
#650=CIRCLE('',#1724,15.75);
#651=CIRCLE('',#1727,31.5);
#652=CIRCLE('',#1728,31.5);
#653=CIRCLE('',#1730,31.5);
#654=VERTEX_POINT('',#2251);
#655=VERTEX_POINT('',#2252);
#656=VERTEX_POINT('',#2254);
#657=VERTEX_POINT('',#2256);
#658=VERTEX_POINT('',#2268);
#659=VERTEX_POINT('',#2269);
#660=VERTEX_POINT('',#2271);
#661=VERTEX_POINT('',#2273);
#662=VERTEX_POINT('',#2277);
#663=VERTEX_POINT('',#2278);
#664=VERTEX_POINT('',#2283);
#665=VERTEX_POINT('',#2284);
#666=VERTEX_POINT('',#2289);
#667=VERTEX_POINT('',#2290);
#668=VERTEX_POINT('',#2295);
#669=VERTEX_POINT('',#2296);
#670=VERTEX_POINT('',#2304);
#671=VERTEX_POINT('',#2306);
#672=VERTEX_POINT('',#2310);
#673=VERTEX_POINT('',#2312);
#674=VERTEX_POINT('',#2314);
#675=VERTEX_POINT('',#2318);
#676=VERTEX_POINT('',#2322);
#677=VERTEX_POINT('',#2324);
#678=VERTEX_POINT('',#2326);
#679=VERTEX_POINT('',#2338);
#680=VERTEX_POINT('',#2371);
#681=VERTEX_POINT('',#2372);
#682=VERTEX_POINT('',#2406);
#683=VERTEX_POINT('',#2407);
#684=VERTEX_POINT('',#2420);
#685=VERTEX_POINT('',#2422);
#686=VERTEX_POINT('',#2432);
#687=VERTEX_POINT('',#2477);
#688=VERTEX_POINT('',#2478);
#689=VERTEX_POINT('',#2480);
#690=VERTEX_POINT('',#2487);
#691=VERTEX_POINT('',#2491);
#692=VERTEX_POINT('',#2542);
#693=VERTEX_POINT('',#2548);
#694=VERTEX_POINT('',#2551);
#695=VERTEX_POINT('',#2553);
#696=VERTEX_POINT('',#2556);
#697=VERTEX_POINT('',#2564);
#698=VERTEX_POINT('',#2570);
#699=VERTEX_POINT('',#2571);
#700=VERTEX_POINT('',#2573);
#701=VERTEX_POINT('',#2580);
#702=VERTEX_POINT('',#2581);
#703=VERTEX_POINT('',#2583);
#704=VERTEX_POINT('',#2590);
#705=VERTEX_POINT('',#2591);
#706=VERTEX_POINT('',#2596);
#707=VERTEX_POINT('',#2597);
#708=VERTEX_POINT('',#2611);
#709=VERTEX_POINT('',#2613);
#710=VERTEX_POINT('',#2615);
#711=VERTEX_POINT('',#2618);
#712=VERTEX_POINT('',#2620);
#713=VERTEX_POINT('',#2623);
#714=VERTEX_POINT('',#2627);
#715=VERTEX_POINT('',#2629);
#716=VERTEX_POINT('',#2632);
#717=VERTEX_POINT('',#2634);
#718=VERTEX_POINT('',#2637);
#719=VERTEX_POINT('',#2640);
#720=VERTEX_POINT('',#2642);
#721=VERTEX_POINT('',#2645);
#722=VERTEX_POINT('',#2647);
#723=VERTEX_POINT('',#2651);
#724=VERTEX_POINT('',#2652);
#725=VERTEX_POINT('',#2657);
#726=VERTEX_POINT('',#2659);
#727=VERTEX_POINT('',#2661);
#728=VERTEX_POINT('',#2663);
#729=VERTEX_POINT('',#2665);
#730=VERTEX_POINT('',#2668);
#731=VERTEX_POINT('',#2672);
#732=VERTEX_POINT('',#2674);
#733=VERTEX_POINT('',#2676);
#734=VERTEX_POINT('',#2678);
#735=VERTEX_POINT('',#2680);
#736=VERTEX_POINT('',#2682);
#737=VERTEX_POINT('',#2686);
#738=VERTEX_POINT('',#2688);
#739=VERTEX_POINT('',#2695);
#740=VERTEX_POINT('',#2697);
#741=VERTEX_POINT('',#2704);
#742=VERTEX_POINT('',#2708);
#743=VERTEX_POINT('',#2711);
#744=VERTEX_POINT('',#2715);
#745=VERTEX_POINT('',#2722);
#746=VERTEX_POINT('',#2726);
#747=VERTEX_POINT('',#2730);
#748=VERTEX_POINT('',#2734);
#749=VERTEX_POINT('',#2738);
#750=VERTEX_POINT('',#2742);
#751=VERTEX_POINT('',#2749);
#752=VERTEX_POINT('',#2751);
#753=VERTEX_POINT('',#2768);
#754=VERTEX_POINT('',#2770);
#755=VERTEX_POINT('',#2778);
#756=VERTEX_POINT('',#2780);
#757=VERTEX_POINT('',#2784);
#758=VERTEX_POINT('',#2788);
#759=VERTEX_POINT('',#2790);
#760=VERTEX_POINT('',#2794);
#761=VERTEX_POINT('',#2798);
#762=VERTEX_POINT('',#2800);
#763=VERTEX_POINT('',#2804);
#764=VERTEX_POINT('',#2808);
#765=VERTEX_POINT('',#2810);
#766=VERTEX_POINT('',#2814);
#767=VERTEX_POINT('',#2818);
#768=VERTEX_POINT('',#2821);
#769=VERTEX_POINT('',#2824);
#770=VERTEX_POINT('',#2827);
#771=VERTEX_POINT('',#2838);
#772=VERTEX_POINT('',#2840);
#773=VERTEX_POINT('',#2844);
#774=VERTEX_POINT('',#2849);
#775=VERTEX_POINT('',#2851);
#776=VERTEX_POINT('',#2855);
#777=EDGE_CURVE('',#654,#655,#540,.T.);
#778=EDGE_CURVE('',#655,#656,#541,.T.);
#779=EDGE_CURVE('',#656,#657,#542,.T.);
#780=EDGE_CURVE('',#657,#654,#543,.T.);
#781=EDGE_CURVE('',#658,#659,#544,.T.);
#782=EDGE_CURVE('',#659,#660,#545,.T.);
#783=EDGE_CURVE('',#660,#661,#546,.T.);
#784=EDGE_CURVE('',#661,#658,#547,.T.);
#785=EDGE_CURVE('',#662,#663,#548,.T.);
#786=EDGE_CURVE('',#663,#660,#102,.T.);
#787=EDGE_CURVE('',#659,#662,#103,.T.);
#788=EDGE_CURVE('',#664,#665,#549,.T.);
#789=EDGE_CURVE('',#665,#663,#550,.T.);
#790=EDGE_CURVE('',#662,#664,#551,.T.);
#791=EDGE_CURVE('',#666,#667,#552,.T.);
#792=EDGE_CURVE('',#667,#665,#104,.T.);
#793=EDGE_CURVE('',#664,#666,#105,.T.);
#794=EDGE_CURVE('',#668,#669,#553,.T.);
#795=EDGE_CURVE('',#669,#667,#554,.T.);
#796=EDGE_CURVE('',#666,#668,#555,.T.);
#797=EDGE_CURVE('',#657,#669,#106,.T.);
#798=EDGE_CURVE('',#668,#654,#107,.T.);
#799=EDGE_CURVE('',#654,#670,#108,.T.);
#800=EDGE_CURVE('',#671,#670,#556,.T.);
#801=EDGE_CURVE('',#671,#655,#109,.T.);
#802=EDGE_CURVE('',#672,#659,#110,.T.);
#803=EDGE_CURVE('',#673,#672,#111,.T.);
#804=EDGE_CURVE('',#674,#673,#112,.T.);
#805=EDGE_CURVE('',#670,#674,#113,.T.);
#806=EDGE_CURVE('',#658,#675,#114,.T.);
#807=EDGE_CURVE('',#672,#675,#557,.T.);
#808=EDGE_CURVE('',#676,#661,#115,.T.);
#809=EDGE_CURVE('',#677,#676,#116,.T.);
#810=EDGE_CURVE('',#678,#677,#117,.T.);
#811=EDGE_CURVE('',#675,#678,#558,.T.);
#812=EDGE_CURVE('',#678,#679,#559,.T.);
#813=EDGE_CURVE('',#679,#672,#560,.T.);
#814=EDGE_CURVE('',#680,#681,#561,.T.);
#815=EDGE_CURVE('',#681,#673,#61,.T.);
#816=EDGE_CURVE('',#673,#680,#62,.T.);
#817=EDGE_CURVE('',#682,#683,#562,.T.);
#818=EDGE_CURVE('',#683,#674,#63,.T.);
#819=EDGE_CURVE('',#674,#682,#64,.T.);
#820=EDGE_CURVE('',#670,#684,#563,.T.);
#821=EDGE_CURVE('',#684,#685,#564,.T.);
#822=EDGE_CURVE('',#685,#671,#565,.T.);
#823=EDGE_CURVE('',#683,#684,#118,.T.);
#824=EDGE_CURVE('',#681,#682,#119,.T.);
#825=EDGE_CURVE('',#679,#680,#120,.T.);
#826=EDGE_CURVE('',#677,#686,#566,.F.);
#827=EDGE_CURVE('',#686,#679,#121,.T.);
#828=EDGE_CURVE('',#687,#688,#567,.T.);
#829=EDGE_CURVE('',#688,#689,#65,.T.);
#830=EDGE_CURVE('',#689,#687,#66,.T.);
#831=EDGE_CURVE('',#669,#688,#122,.T.);
#832=EDGE_CURVE('',#687,#667,#123,.T.);
#833=EDGE_CURVE('',#690,#687,#124,.T.);
#834=EDGE_CURVE('',#665,#690,#125,.T.);
#835=EDGE_CURVE('',#689,#691,#126,.T.);
#836=EDGE_CURVE('',#690,#691,#67,.T.);
#837=EDGE_CURVE('',#692,#690,#568,.T.);
#838=EDGE_CURVE('',#691,#692,#68,.T.);
#839=EDGE_CURVE('',#692,#663,#127,.T.);
#840=EDGE_CURVE('',#693,#692,#128,.T.);
#841=EDGE_CURVE('',#660,#693,#129,.T.);
#842=EDGE_CURVE('',#694,#694,#569,.T.);
#843=EDGE_CURVE('',#695,#695,#570,.T.);
#844=EDGE_CURVE('',#691,#696,#130,.T.);
#845=EDGE_CURVE('',#696,#693,#571,.F.);
#846=EDGE_CURVE('',#676,#696,#572,.F.);
#847=EDGE_CURVE('',#693,#676,#573,.F.);
#848=EDGE_CURVE('',#697,#677,#574,.F.);
#849=EDGE_CURVE('',#686,#697,#575,.F.);
#850=EDGE_CURVE('',#696,#697,#131,.T.);
#851=EDGE_CURVE('',#698,#699,#576,.F.);
#852=EDGE_CURVE('',#700,#698,#577,.F.);
#853=EDGE_CURVE('',#699,#700,#578,.F.);
#854=EDGE_CURVE('',#656,#700,#132,.T.);
#855=EDGE_CURVE('',#698,#657,#133,.T.);
#856=EDGE_CURVE('',#701,#702,#579,.F.);
#857=EDGE_CURVE('',#703,#701,#580,.F.);
#858=EDGE_CURVE('',#702,#703,#581,.F.);
#859=EDGE_CURVE('',#684,#703,#134,.T.);
#860=EDGE_CURVE('',#701,#685,#135,.T.);
#861=EDGE_CURVE('',#704,#705,#582,.T.);
#862=EDGE_CURVE('',#705,#702,#136,.T.);
#863=EDGE_CURVE('',#703,#704,#137,.T.);
#864=EDGE_CURVE('',#706,#707,#583,.T.);
#865=EDGE_CURVE('',#707,#705,#584,.T.);
#866=EDGE_CURVE('',#704,#706,#585,.T.);
#867=EDGE_CURVE('',#697,#707,#138,.T.);
#868=EDGE_CURVE('',#706,#686,#139,.T.);
#869=EDGE_CURVE('',#700,#701,#140,.T.);
#870=EDGE_CURVE('',#702,#699,#141,.T.);
#871=EDGE_CURVE('',#688,#698,#142,.T.);
#872=EDGE_CURVE('',#699,#689,#143,.T.);
#873=EDGE_CURVE('',#708,#706,#144,.T.);
#874=EDGE_CURVE('',#709,#708,#145,.T.);
#875=EDGE_CURVE('',#710,#709,#586,.T.);
#876=EDGE_CURVE('',#680,#710,#146,.T.);
#877=EDGE_CURVE('',#711,#711,#587,.T.);
#878=EDGE_CURVE('',#712,#712,#588,.T.);
#879=EDGE_CURVE('',#713,#704,#147,.T.);
#880=EDGE_CURVE('',#708,#713,#589,.T.);
#881=EDGE_CURVE('',#714,#683,#148,.T.);
#882=EDGE_CURVE('',#715,#714,#590,.T.);
#883=EDGE_CURVE('',#713,#715,#149,.T.);
#884=EDGE_CURVE('',#716,#716,#591,.T.);
#885=EDGE_CURVE('',#717,#717,#592,.T.);
#886=EDGE_CURVE('',#718,#718,#593,.T.);
#887=EDGE_CURVE('',#719,#719,#594,.T.);
#888=EDGE_CURVE('',#720,#720,#595,.T.);
#889=EDGE_CURVE('',#721,#721,#596,.T.);
#890=EDGE_CURVE('',#721,#722,#150,.T.);
#891=EDGE_CURVE('',#722,#722,#597,.T.);
#892=EDGE_CURVE('',#723,#724,#598,.T.);
#893=EDGE_CURVE('',#724,#723,#599,.T.);
#894=EDGE_CURVE('',#724,#722,#151,.T.);
#895=EDGE_CURVE('',#725,#725,#600,.T.);
#896=EDGE_CURVE('',#726,#726,#601,.T.);
#897=EDGE_CURVE('',#727,#727,#602,.T.);
#898=EDGE_CURVE('',#728,#728,#603,.T.);
#899=EDGE_CURVE('',#729,#729,#604,.T.);
#900=EDGE_CURVE('',#730,#730,#605,.T.);
#901=EDGE_CURVE('',#730,#723,#152,.T.);
#902=EDGE_CURVE('',#731,#731,#606,.T.);
#903=EDGE_CURVE('',#732,#732,#607,.T.);
#904=EDGE_CURVE('',#733,#733,#608,.T.);
#905=EDGE_CURVE('',#734,#734,#609,.T.);
#906=EDGE_CURVE('',#735,#735,#610,.T.);
#907=EDGE_CURVE('',#736,#736,#611,.T.);
#908=EDGE_CURVE('',#737,#737,#612,.T.);
#909=EDGE_CURVE('',#738,#738,#613,.T.);
#910=EDGE_CURVE('',#712,#737,#153,.T.);
#911=EDGE_CURVE('',#738,#694,#154,.T.);
#912=EDGE_CURVE('',#739,#739,#614,.T.);
#913=EDGE_CURVE('',#740,#740,#615,.T.);
#914=EDGE_CURVE('',#711,#739,#155,.T.);
#915=EDGE_CURVE('',#740,#695,#156,.T.);
#916=EDGE_CURVE('',#717,#741,#157,.T.);
#917=EDGE_CURVE('',#741,#741,#616,.T.);
#918=EDGE_CURVE('',#742,#742,#617,.T.);
#919=EDGE_CURVE('',#716,#743,#158,.T.);
#920=EDGE_CURVE('',#743,#743,#618,.T.);
#921=EDGE_CURVE('',#744,#744,#619,.T.);
#922=EDGE_CURVE('',#742,#719,#159,.T.);
#923=EDGE_CURVE('',#744,#720,#160,.T.);
#924=EDGE_CURVE('',#710,#745,#620,.T.);
#925=EDGE_CURVE('',#745,#681,#161,.T.);
#926=EDGE_CURVE('',#709,#746,#621,.T.);
#927=EDGE_CURVE('',#746,#745,#622,.T.);
#928=EDGE_CURVE('',#708,#747,#623,.T.);
#929=EDGE_CURVE('',#747,#746,#162,.T.);
#930=EDGE_CURVE('',#713,#748,#624,.T.);
#931=EDGE_CURVE('',#748,#747,#625,.T.);
#932=EDGE_CURVE('',#715,#749,#626,.T.);
#933=EDGE_CURVE('',#749,#748,#163,.T.);
#934=EDGE_CURVE('',#714,#750,#627,.T.);
#935=EDGE_CURVE('',#750,#749,#628,.T.);
#936=EDGE_CURVE('',#682,#750,#164,.T.);
#937=EDGE_CURVE('',#750,#745,#165,.T.);
#938=EDGE_CURVE('',#746,#751,#166,.T.);
#939=EDGE_CURVE('',#751,#752,#18,.T.);
#940=EDGE_CURVE('',#752,#749,#167,.T.);
#941=EDGE_CURVE('',#753,#753,#629,.T.);
#942=EDGE_CURVE('',#753,#754,#168,.T.);
#943=EDGE_CURVE('',#754,#752,#630,.T.);
#944=EDGE_CURVE('',#751,#754,#631,.T.);
#945=EDGE_CURVE('',#718,#725,#169,.T.);
#946=EDGE_CURVE('',#732,#755,#170,.T.);
#947=EDGE_CURVE('',#755,#756,#632,.T.);
#948=EDGE_CURVE('',#756,#755,#633,.T.);
#949=EDGE_CURVE('',#756,#757,#171,.T.);
#950=EDGE_CURVE('',#757,#757,#634,.T.);
#951=EDGE_CURVE('',#736,#758,#172,.T.);
#952=EDGE_CURVE('',#758,#759,#635,.T.);
#953=EDGE_CURVE('',#759,#758,#636,.T.);
#954=EDGE_CURVE('',#759,#760,#173,.T.);
#955=EDGE_CURVE('',#760,#760,#637,.T.);
#956=EDGE_CURVE('',#733,#761,#174,.T.);
#957=EDGE_CURVE('',#761,#762,#638,.T.);
#958=EDGE_CURVE('',#762,#761,#639,.T.);
#959=EDGE_CURVE('',#762,#763,#175,.T.);
#960=EDGE_CURVE('',#763,#763,#640,.T.);
#961=EDGE_CURVE('',#735,#764,#176,.T.);
#962=EDGE_CURVE('',#764,#765,#641,.T.);
#963=EDGE_CURVE('',#765,#764,#642,.T.);
#964=EDGE_CURVE('',#765,#766,#177,.T.);
#965=EDGE_CURVE('',#766,#766,#643,.T.);
#966=EDGE_CURVE('',#767,#767,#644,.T.);
#967=EDGE_CURVE('',#768,#768,#645,.T.);
#968=EDGE_CURVE('',#769,#769,#646,.T.);
#969=EDGE_CURVE('',#770,#770,#647,.T.);
#970=EDGE_CURVE('',#769,#726,#178,.T.);
#971=EDGE_CURVE('',#767,#727,#179,.T.);
#972=EDGE_CURVE('',#768,#728,#180,.T.);
#973=EDGE_CURVE('',#770,#729,#181,.T.);
#974=EDGE_CURVE('',#734,#771,#182,.T.);
#975=EDGE_CURVE('',#771,#772,#648,.T.);
#976=EDGE_CURVE('',#772,#771,#649,.T.);
#977=EDGE_CURVE('',#772,#773,#183,.T.);
#978=EDGE_CURVE('',#773,#773,#650,.T.);
#979=EDGE_CURVE('',#731,#774,#184,.T.);
#980=EDGE_CURVE('',#774,#775,#651,.T.);
#981=EDGE_CURVE('',#775,#774,#652,.T.);
#982=EDGE_CURVE('',#775,#776,#185,.T.);
#983=EDGE_CURVE('',#776,#776,#653,.T.);
#984=ORIENTED_EDGE('',*,*,#777,.T.);
#985=ORIENTED_EDGE('',*,*,#778,.T.);
#986=ORIENTED_EDGE('',*,*,#779,.T.);
#987=ORIENTED_EDGE('',*,*,#780,.T.);
#988=ORIENTED_EDGE('',*,*,#781,.T.);
#989=ORIENTED_EDGE('',*,*,#782,.T.);
#990=ORIENTED_EDGE('',*,*,#783,.T.);
#991=ORIENTED_EDGE('',*,*,#784,.T.);
#992=ORIENTED_EDGE('',*,*,#785,.T.);
#993=ORIENTED_EDGE('',*,*,#786,.T.);
#994=ORIENTED_EDGE('',*,*,#782,.F.);
#995=ORIENTED_EDGE('',*,*,#787,.T.);
#996=ORIENTED_EDGE('',*,*,#788,.T.);
#997=ORIENTED_EDGE('',*,*,#789,.T.);
#998=ORIENTED_EDGE('',*,*,#785,.F.);
#999=ORIENTED_EDGE('',*,*,#790,.T.);
#1000=ORIENTED_EDGE('',*,*,#791,.T.);
#1001=ORIENTED_EDGE('',*,*,#792,.T.);
#1002=ORIENTED_EDGE('',*,*,#788,.F.);
#1003=ORIENTED_EDGE('',*,*,#793,.T.);
#1004=ORIENTED_EDGE('',*,*,#794,.T.);
#1005=ORIENTED_EDGE('',*,*,#795,.T.);
#1006=ORIENTED_EDGE('',*,*,#791,.F.);
#1007=ORIENTED_EDGE('',*,*,#796,.T.);
#1008=ORIENTED_EDGE('',*,*,#780,.F.);
#1009=ORIENTED_EDGE('',*,*,#797,.T.);
#1010=ORIENTED_EDGE('',*,*,#794,.F.);
#1011=ORIENTED_EDGE('',*,*,#798,.T.);
#1012=ORIENTED_EDGE('',*,*,#777,.F.);
#1013=ORIENTED_EDGE('',*,*,#799,.T.);
#1014=ORIENTED_EDGE('',*,*,#800,.F.);
#1015=ORIENTED_EDGE('',*,*,#801,.T.);
#1016=ORIENTED_EDGE('',*,*,#798,.F.);
#1017=ORIENTED_EDGE('',*,*,#796,.F.);
#1018=ORIENTED_EDGE('',*,*,#793,.F.);
#1019=ORIENTED_EDGE('',*,*,#790,.F.);
#1020=ORIENTED_EDGE('',*,*,#787,.F.);
#1021=ORIENTED_EDGE('',*,*,#802,.F.);
#1022=ORIENTED_EDGE('',*,*,#803,.F.);
#1023=ORIENTED_EDGE('',*,*,#804,.F.);
#1024=ORIENTED_EDGE('',*,*,#805,.F.);
#1025=ORIENTED_EDGE('',*,*,#799,.F.);
#1026=ORIENTED_EDGE('',*,*,#781,.F.);
#1027=ORIENTED_EDGE('',*,*,#806,.T.);
#1028=ORIENTED_EDGE('',*,*,#807,.F.);
#1029=ORIENTED_EDGE('',*,*,#802,.T.);
#1030=ORIENTED_EDGE('',*,*,#784,.F.);
#1031=ORIENTED_EDGE('',*,*,#808,.F.);
#1032=ORIENTED_EDGE('',*,*,#809,.F.);
#1033=ORIENTED_EDGE('',*,*,#810,.F.);
#1034=ORIENTED_EDGE('',*,*,#811,.F.);
#1035=ORIENTED_EDGE('',*,*,#806,.F.);
#1036=ORIENTED_EDGE('',*,*,#807,.T.);
#1037=ORIENTED_EDGE('',*,*,#811,.T.);
#1038=ORIENTED_EDGE('',*,*,#812,.T.);
#1039=ORIENTED_EDGE('',*,*,#813,.T.);
#1040=ORIENTED_EDGE('',*,*,#814,.T.);
#1041=ORIENTED_EDGE('',*,*,#815,.T.);
#1042=ORIENTED_EDGE('',*,*,#816,.T.);
#1043=ORIENTED_EDGE('',*,*,#817,.T.);
#1044=ORIENTED_EDGE('',*,*,#818,.T.);
#1045=ORIENTED_EDGE('',*,*,#819,.T.);
#1046=ORIENTED_EDGE('',*,*,#800,.T.);
#1047=ORIENTED_EDGE('',*,*,#820,.T.);
#1048=ORIENTED_EDGE('',*,*,#821,.T.);
#1049=ORIENTED_EDGE('',*,*,#822,.T.);
#1050=ORIENTED_EDGE('',*,*,#818,.F.);
#1051=ORIENTED_EDGE('',*,*,#823,.T.);
#1052=ORIENTED_EDGE('',*,*,#820,.F.);
#1053=ORIENTED_EDGE('',*,*,#805,.T.);
#1054=ORIENTED_EDGE('',*,*,#815,.F.);
#1055=ORIENTED_EDGE('',*,*,#824,.T.);
#1056=ORIENTED_EDGE('',*,*,#819,.F.);
#1057=ORIENTED_EDGE('',*,*,#804,.T.);
#1058=ORIENTED_EDGE('',*,*,#816,.F.);
#1059=ORIENTED_EDGE('',*,*,#803,.T.);
#1060=ORIENTED_EDGE('',*,*,#813,.F.);
#1061=ORIENTED_EDGE('',*,*,#825,.T.);
#1062=ORIENTED_EDGE('',*,*,#812,.F.);
#1063=ORIENTED_EDGE('',*,*,#810,.T.);
#1064=ORIENTED_EDGE('',*,*,#826,.T.);
#1065=ORIENTED_EDGE('',*,*,#827,.T.);
#1066=ORIENTED_EDGE('',*,*,#828,.T.);
#1067=ORIENTED_EDGE('',*,*,#829,.T.);
#1068=ORIENTED_EDGE('',*,*,#830,.T.);
#1069=ORIENTED_EDGE('',*,*,#795,.F.);
#1070=ORIENTED_EDGE('',*,*,#831,.T.);
#1071=ORIENTED_EDGE('',*,*,#828,.F.);
#1072=ORIENTED_EDGE('',*,*,#832,.T.);
#1073=ORIENTED_EDGE('',*,*,#792,.F.);
#1074=ORIENTED_EDGE('',*,*,#832,.F.);
#1075=ORIENTED_EDGE('',*,*,#833,.F.);
#1076=ORIENTED_EDGE('',*,*,#834,.F.);
#1077=ORIENTED_EDGE('',*,*,#830,.F.);
#1078=ORIENTED_EDGE('',*,*,#835,.T.);
#1079=ORIENTED_EDGE('',*,*,#836,.F.);
#1080=ORIENTED_EDGE('',*,*,#833,.T.);
#1081=ORIENTED_EDGE('',*,*,#837,.T.);
#1082=ORIENTED_EDGE('',*,*,#836,.T.);
#1083=ORIENTED_EDGE('',*,*,#838,.T.);
#1084=ORIENTED_EDGE('',*,*,#789,.F.);
#1085=ORIENTED_EDGE('',*,*,#834,.T.);
#1086=ORIENTED_EDGE('',*,*,#837,.F.);
#1087=ORIENTED_EDGE('',*,*,#839,.T.);
#1088=ORIENTED_EDGE('',*,*,#786,.F.);
#1089=ORIENTED_EDGE('',*,*,#839,.F.);
#1090=ORIENTED_EDGE('',*,*,#840,.F.);
#1091=ORIENTED_EDGE('',*,*,#841,.F.);
#1092=ORIENTED_EDGE('',*,*,#842,.T.);
#1093=ORIENTED_EDGE('',*,*,#843,.T.);
#1094=ORIENTED_EDGE('',*,*,#838,.F.);
#1095=ORIENTED_EDGE('',*,*,#844,.T.);
#1096=ORIENTED_EDGE('',*,*,#845,.T.);
#1097=ORIENTED_EDGE('',*,*,#840,.T.);
#1098=ORIENTED_EDGE('',*,*,#846,.F.);
#1099=ORIENTED_EDGE('',*,*,#847,.F.);
#1100=ORIENTED_EDGE('',*,*,#845,.F.);
#1101=ORIENTED_EDGE('',*,*,#783,.F.);
#1102=ORIENTED_EDGE('',*,*,#841,.T.);
#1103=ORIENTED_EDGE('',*,*,#847,.T.);
#1104=ORIENTED_EDGE('',*,*,#808,.T.);
#1105=ORIENTED_EDGE('',*,*,#826,.F.);
#1106=ORIENTED_EDGE('',*,*,#848,.F.);
#1107=ORIENTED_EDGE('',*,*,#849,.F.);
#1108=ORIENTED_EDGE('',*,*,#848,.T.);
#1109=ORIENTED_EDGE('',*,*,#809,.T.);
#1110=ORIENTED_EDGE('',*,*,#846,.T.);
#1111=ORIENTED_EDGE('',*,*,#850,.T.);
#1112=ORIENTED_EDGE('',*,*,#851,.F.);
#1113=ORIENTED_EDGE('',*,*,#852,.F.);
#1114=ORIENTED_EDGE('',*,*,#853,.F.);
#1115=ORIENTED_EDGE('',*,*,#779,.F.);
#1116=ORIENTED_EDGE('',*,*,#854,.T.);
#1117=ORIENTED_EDGE('',*,*,#852,.T.);
#1118=ORIENTED_EDGE('',*,*,#855,.T.);
#1119=ORIENTED_EDGE('',*,*,#856,.F.);
#1120=ORIENTED_EDGE('',*,*,#857,.F.);
#1121=ORIENTED_EDGE('',*,*,#858,.F.);
#1122=ORIENTED_EDGE('',*,*,#821,.F.);
#1123=ORIENTED_EDGE('',*,*,#859,.T.);
#1124=ORIENTED_EDGE('',*,*,#857,.T.);
#1125=ORIENTED_EDGE('',*,*,#860,.T.);
#1126=ORIENTED_EDGE('',*,*,#861,.T.);
#1127=ORIENTED_EDGE('',*,*,#862,.T.);
#1128=ORIENTED_EDGE('',*,*,#858,.T.);
#1129=ORIENTED_EDGE('',*,*,#863,.T.);
#1130=ORIENTED_EDGE('',*,*,#864,.T.);
#1131=ORIENTED_EDGE('',*,*,#865,.T.);
#1132=ORIENTED_EDGE('',*,*,#861,.F.);
#1133=ORIENTED_EDGE('',*,*,#866,.T.);
#1134=ORIENTED_EDGE('',*,*,#849,.T.);
#1135=ORIENTED_EDGE('',*,*,#867,.T.);
#1136=ORIENTED_EDGE('',*,*,#864,.F.);
#1137=ORIENTED_EDGE('',*,*,#868,.T.);
#1138=ORIENTED_EDGE('',*,*,#853,.T.);
#1139=ORIENTED_EDGE('',*,*,#869,.T.);
#1140=ORIENTED_EDGE('',*,*,#856,.T.);
#1141=ORIENTED_EDGE('',*,*,#870,.T.);
#1142=ORIENTED_EDGE('',*,*,#829,.F.);
#1143=ORIENTED_EDGE('',*,*,#871,.T.);
#1144=ORIENTED_EDGE('',*,*,#851,.T.);
#1145=ORIENTED_EDGE('',*,*,#872,.T.);
#1146=ORIENTED_EDGE('',*,*,#825,.F.);
#1147=ORIENTED_EDGE('',*,*,#827,.F.);
#1148=ORIENTED_EDGE('',*,*,#868,.F.);
#1149=ORIENTED_EDGE('',*,*,#873,.F.);
#1150=ORIENTED_EDGE('',*,*,#874,.F.);
#1151=ORIENTED_EDGE('',*,*,#875,.F.);
#1152=ORIENTED_EDGE('',*,*,#876,.F.);
#1153=ORIENTED_EDGE('',*,*,#877,.T.);
#1154=ORIENTED_EDGE('',*,*,#878,.T.);
#1155=ORIENTED_EDGE('',*,*,#866,.F.);
#1156=ORIENTED_EDGE('',*,*,#879,.F.);
#1157=ORIENTED_EDGE('',*,*,#880,.F.);
#1158=ORIENTED_EDGE('',*,*,#873,.T.);
#1159=ORIENTED_EDGE('',*,*,#823,.F.);
#1160=ORIENTED_EDGE('',*,*,#881,.F.);
#1161=ORIENTED_EDGE('',*,*,#882,.F.);
#1162=ORIENTED_EDGE('',*,*,#883,.F.);
#1163=ORIENTED_EDGE('',*,*,#879,.T.);
#1164=ORIENTED_EDGE('',*,*,#863,.F.);
#1165=ORIENTED_EDGE('',*,*,#859,.F.);
#1166=ORIENTED_EDGE('',*,*,#884,.T.);
#1167=ORIENTED_EDGE('',*,*,#885,.T.);
#1168=ORIENTED_EDGE('',*,*,#862,.F.);
#1169=ORIENTED_EDGE('',*,*,#865,.F.);
#1170=ORIENTED_EDGE('',*,*,#867,.F.);
#1171=ORIENTED_EDGE('',*,*,#850,.F.);
#1172=ORIENTED_EDGE('',*,*,#844,.F.);
#1173=ORIENTED_EDGE('',*,*,#835,.F.);
#1174=ORIENTED_EDGE('',*,*,#872,.F.);
#1175=ORIENTED_EDGE('',*,*,#870,.F.);
#1176=ORIENTED_EDGE('',*,*,#886,.T.);
#1177=ORIENTED_EDGE('',*,*,#797,.F.);
#1178=ORIENTED_EDGE('',*,*,#855,.F.);
#1179=ORIENTED_EDGE('',*,*,#871,.F.);
#1180=ORIENTED_EDGE('',*,*,#831,.F.);
#1181=ORIENTED_EDGE('',*,*,#887,.T.);
#1182=ORIENTED_EDGE('',*,*,#888,.T.);
#1183=ORIENTED_EDGE('',*,*,#889,.T.);
#1184=ORIENTED_EDGE('',*,*,#890,.T.);
#1185=ORIENTED_EDGE('',*,*,#891,.T.);
#1186=ORIENTED_EDGE('',*,*,#890,.F.);
#1187=ORIENTED_EDGE('',*,*,#892,.F.);
#1188=ORIENTED_EDGE('',*,*,#893,.F.);
#1189=ORIENTED_EDGE('',*,*,#894,.T.);
#1190=ORIENTED_EDGE('',*,*,#891,.F.);
#1191=ORIENTED_EDGE('',*,*,#894,.F.);
#1192=ORIENTED_EDGE('',*,*,#895,.F.);
#1193=ORIENTED_EDGE('',*,*,#896,.T.);
#1194=ORIENTED_EDGE('',*,*,#897,.T.);
#1195=ORIENTED_EDGE('',*,*,#898,.T.);
#1196=ORIENTED_EDGE('',*,*,#899,.T.);
#1197=ORIENTED_EDGE('',*,*,#889,.F.);
#1198=ORIENTED_EDGE('',*,*,#900,.T.);
#1199=ORIENTED_EDGE('',*,*,#901,.T.);
#1200=ORIENTED_EDGE('',*,*,#892,.T.);
#1201=ORIENTED_EDGE('',*,*,#893,.T.);
#1202=ORIENTED_EDGE('',*,*,#901,.F.);
#1203=ORIENTED_EDGE('',*,*,#902,.F.);
#1204=ORIENTED_EDGE('',*,*,#903,.F.);
#1205=ORIENTED_EDGE('',*,*,#904,.F.);
#1206=ORIENTED_EDGE('',*,*,#905,.F.);
#1207=ORIENTED_EDGE('',*,*,#906,.F.);
#1208=ORIENTED_EDGE('',*,*,#907,.F.);
#1209=ORIENTED_EDGE('',*,*,#900,.F.);
#1210=ORIENTED_EDGE('',*,*,#778,.F.);
#1211=ORIENTED_EDGE('',*,*,#801,.F.);
#1212=ORIENTED_EDGE('',*,*,#822,.F.);
#1213=ORIENTED_EDGE('',*,*,#860,.F.);
#1214=ORIENTED_EDGE('',*,*,#869,.F.);
#1215=ORIENTED_EDGE('',*,*,#854,.F.);
#1216=ORIENTED_EDGE('',*,*,#908,.T.);
#1217=ORIENTED_EDGE('',*,*,#909,.F.);
#1218=ORIENTED_EDGE('',*,*,#878,.F.);
#1219=ORIENTED_EDGE('',*,*,#910,.T.);
#1220=ORIENTED_EDGE('',*,*,#908,.F.);
#1221=ORIENTED_EDGE('',*,*,#910,.F.);
#1222=ORIENTED_EDGE('',*,*,#909,.T.);
#1223=ORIENTED_EDGE('',*,*,#911,.T.);
#1224=ORIENTED_EDGE('',*,*,#842,.F.);
#1225=ORIENTED_EDGE('',*,*,#911,.F.);
#1226=ORIENTED_EDGE('',*,*,#912,.T.);
#1227=ORIENTED_EDGE('',*,*,#913,.F.);
#1228=ORIENTED_EDGE('',*,*,#877,.F.);
#1229=ORIENTED_EDGE('',*,*,#914,.T.);
#1230=ORIENTED_EDGE('',*,*,#912,.F.);
#1231=ORIENTED_EDGE('',*,*,#914,.F.);
#1232=ORIENTED_EDGE('',*,*,#913,.T.);
#1233=ORIENTED_EDGE('',*,*,#915,.T.);
#1234=ORIENTED_EDGE('',*,*,#843,.F.);
#1235=ORIENTED_EDGE('',*,*,#915,.F.);
#1236=ORIENTED_EDGE('',*,*,#885,.F.);
#1237=ORIENTED_EDGE('',*,*,#916,.T.);
#1238=ORIENTED_EDGE('',*,*,#917,.T.);
#1239=ORIENTED_EDGE('',*,*,#916,.F.);
#1240=ORIENTED_EDGE('',*,*,#917,.F.);
#1241=ORIENTED_EDGE('',*,*,#918,.F.);
#1242=ORIENTED_EDGE('',*,*,#884,.F.);
#1243=ORIENTED_EDGE('',*,*,#919,.T.);
#1244=ORIENTED_EDGE('',*,*,#920,.T.);
#1245=ORIENTED_EDGE('',*,*,#919,.F.);
#1246=ORIENTED_EDGE('',*,*,#920,.F.);
#1247=ORIENTED_EDGE('',*,*,#921,.F.);
#1248=ORIENTED_EDGE('',*,*,#918,.T.);
#1249=ORIENTED_EDGE('',*,*,#922,.T.);
#1250=ORIENTED_EDGE('',*,*,#887,.F.);
#1251=ORIENTED_EDGE('',*,*,#922,.F.);
#1252=ORIENTED_EDGE('',*,*,#921,.T.);
#1253=ORIENTED_EDGE('',*,*,#923,.T.);
#1254=ORIENTED_EDGE('',*,*,#888,.F.);
#1255=ORIENTED_EDGE('',*,*,#923,.F.);
#1256=ORIENTED_EDGE('',*,*,#814,.F.);
#1257=ORIENTED_EDGE('',*,*,#876,.T.);
#1258=ORIENTED_EDGE('',*,*,#924,.T.);
#1259=ORIENTED_EDGE('',*,*,#925,.T.);
#1260=ORIENTED_EDGE('',*,*,#926,.T.);
#1261=ORIENTED_EDGE('',*,*,#927,.T.);
#1262=ORIENTED_EDGE('',*,*,#924,.F.);
#1263=ORIENTED_EDGE('',*,*,#875,.T.);
#1264=ORIENTED_EDGE('',*,*,#928,.T.);
#1265=ORIENTED_EDGE('',*,*,#929,.T.);
#1266=ORIENTED_EDGE('',*,*,#926,.F.);
#1267=ORIENTED_EDGE('',*,*,#874,.T.);
#1268=ORIENTED_EDGE('',*,*,#930,.T.);
#1269=ORIENTED_EDGE('',*,*,#931,.T.);
#1270=ORIENTED_EDGE('',*,*,#928,.F.);
#1271=ORIENTED_EDGE('',*,*,#880,.T.);
#1272=ORIENTED_EDGE('',*,*,#932,.T.);
#1273=ORIENTED_EDGE('',*,*,#933,.T.);
#1274=ORIENTED_EDGE('',*,*,#930,.F.);
#1275=ORIENTED_EDGE('',*,*,#883,.T.);
#1276=ORIENTED_EDGE('',*,*,#934,.T.);
#1277=ORIENTED_EDGE('',*,*,#935,.T.);
#1278=ORIENTED_EDGE('',*,*,#932,.F.);
#1279=ORIENTED_EDGE('',*,*,#882,.T.);
#1280=ORIENTED_EDGE('',*,*,#817,.F.);
#1281=ORIENTED_EDGE('',*,*,#936,.T.);
#1282=ORIENTED_EDGE('',*,*,#934,.F.);
#1283=ORIENTED_EDGE('',*,*,#881,.T.);
#1284=ORIENTED_EDGE('',*,*,#935,.F.);
#1285=ORIENTED_EDGE('',*,*,#937,.T.);
#1286=ORIENTED_EDGE('',*,*,#927,.F.);
#1287=ORIENTED_EDGE('',*,*,#938,.T.);
#1288=ORIENTED_EDGE('',*,*,#939,.T.);
#1289=ORIENTED_EDGE('',*,*,#940,.T.);
#1290=ORIENTED_EDGE('',*,*,#941,.T.);
#1291=ORIENTED_EDGE('',*,*,#942,.T.);
#1292=ORIENTED_EDGE('',*,*,#943,.T.);
#1293=ORIENTED_EDGE('',*,*,#939,.F.);
#1294=ORIENTED_EDGE('',*,*,#944,.T.);
#1295=ORIENTED_EDGE('',*,*,#942,.F.);
#1296=ORIENTED_EDGE('',*,*,#933,.F.);
#1297=ORIENTED_EDGE('',*,*,#940,.F.);
#1298=ORIENTED_EDGE('',*,*,#943,.F.);
#1299=ORIENTED_EDGE('',*,*,#944,.F.);
#1300=ORIENTED_EDGE('',*,*,#938,.F.);
#1301=ORIENTED_EDGE('',*,*,#929,.F.);
#1302=ORIENTED_EDGE('',*,*,#931,.F.);
#1303=ORIENTED_EDGE('',*,*,#886,.F.);
#1304=ORIENTED_EDGE('',*,*,#945,.T.);
#1305=ORIENTED_EDGE('',*,*,#895,.T.);
#1306=ORIENTED_EDGE('',*,*,#945,.F.);
#1307=ORIENTED_EDGE('',*,*,#903,.T.);
#1308=ORIENTED_EDGE('',*,*,#946,.T.);
#1309=ORIENTED_EDGE('',*,*,#947,.T.);
#1310=ORIENTED_EDGE('',*,*,#948,.T.);
#1311=ORIENTED_EDGE('',*,*,#946,.F.);
#1312=ORIENTED_EDGE('',*,*,#947,.F.);
#1313=ORIENTED_EDGE('',*,*,#948,.F.);
#1314=ORIENTED_EDGE('',*,*,#949,.T.);
#1315=ORIENTED_EDGE('',*,*,#950,.T.);
#1316=ORIENTED_EDGE('',*,*,#949,.F.);
#1317=ORIENTED_EDGE('',*,*,#907,.T.);
#1318=ORIENTED_EDGE('',*,*,#951,.T.);
#1319=ORIENTED_EDGE('',*,*,#952,.T.);
#1320=ORIENTED_EDGE('',*,*,#953,.T.);
#1321=ORIENTED_EDGE('',*,*,#951,.F.);
#1322=ORIENTED_EDGE('',*,*,#952,.F.);
#1323=ORIENTED_EDGE('',*,*,#953,.F.);
#1324=ORIENTED_EDGE('',*,*,#954,.T.);
#1325=ORIENTED_EDGE('',*,*,#955,.T.);
#1326=ORIENTED_EDGE('',*,*,#954,.F.);
#1327=ORIENTED_EDGE('',*,*,#904,.T.);
#1328=ORIENTED_EDGE('',*,*,#956,.T.);
#1329=ORIENTED_EDGE('',*,*,#957,.T.);
#1330=ORIENTED_EDGE('',*,*,#958,.T.);
#1331=ORIENTED_EDGE('',*,*,#956,.F.);
#1332=ORIENTED_EDGE('',*,*,#957,.F.);
#1333=ORIENTED_EDGE('',*,*,#958,.F.);
#1334=ORIENTED_EDGE('',*,*,#959,.T.);
#1335=ORIENTED_EDGE('',*,*,#960,.T.);
#1336=ORIENTED_EDGE('',*,*,#959,.F.);
#1337=ORIENTED_EDGE('',*,*,#906,.T.);
#1338=ORIENTED_EDGE('',*,*,#961,.T.);
#1339=ORIENTED_EDGE('',*,*,#962,.T.);
#1340=ORIENTED_EDGE('',*,*,#963,.T.);
#1341=ORIENTED_EDGE('',*,*,#961,.F.);
#1342=ORIENTED_EDGE('',*,*,#962,.F.);
#1343=ORIENTED_EDGE('',*,*,#963,.F.);
#1344=ORIENTED_EDGE('',*,*,#964,.T.);
#1345=ORIENTED_EDGE('',*,*,#965,.T.);
#1346=ORIENTED_EDGE('',*,*,#964,.F.);
#1347=ORIENTED_EDGE('',*,*,#950,.F.);
#1348=ORIENTED_EDGE('',*,*,#966,.F.);
#1349=ORIENTED_EDGE('',*,*,#960,.F.);
#1350=ORIENTED_EDGE('',*,*,#967,.F.);
#1351=ORIENTED_EDGE('',*,*,#955,.F.);
#1352=ORIENTED_EDGE('',*,*,#968,.F.);
#1353=ORIENTED_EDGE('',*,*,#965,.F.);
#1354=ORIENTED_EDGE('',*,*,#969,.F.);
#1355=ORIENTED_EDGE('',*,*,#968,.T.);
#1356=ORIENTED_EDGE('',*,*,#970,.T.);
#1357=ORIENTED_EDGE('',*,*,#896,.F.);
#1358=ORIENTED_EDGE('',*,*,#970,.F.);
#1359=ORIENTED_EDGE('',*,*,#966,.T.);
#1360=ORIENTED_EDGE('',*,*,#971,.T.);
#1361=ORIENTED_EDGE('',*,*,#897,.F.);
#1362=ORIENTED_EDGE('',*,*,#971,.F.);
#1363=ORIENTED_EDGE('',*,*,#967,.T.);
#1364=ORIENTED_EDGE('',*,*,#972,.T.);
#1365=ORIENTED_EDGE('',*,*,#898,.F.);
#1366=ORIENTED_EDGE('',*,*,#972,.F.);
#1367=ORIENTED_EDGE('',*,*,#969,.T.);
#1368=ORIENTED_EDGE('',*,*,#973,.T.);
#1369=ORIENTED_EDGE('',*,*,#899,.F.);
#1370=ORIENTED_EDGE('',*,*,#973,.F.);
#1371=ORIENTED_EDGE('',*,*,#905,.T.);
#1372=ORIENTED_EDGE('',*,*,#974,.T.);
#1373=ORIENTED_EDGE('',*,*,#975,.T.);
#1374=ORIENTED_EDGE('',*,*,#976,.T.);
#1375=ORIENTED_EDGE('',*,*,#974,.F.);
#1376=ORIENTED_EDGE('',*,*,#975,.F.);
#1377=ORIENTED_EDGE('',*,*,#976,.F.);
#1378=ORIENTED_EDGE('',*,*,#977,.T.);
#1379=ORIENTED_EDGE('',*,*,#978,.T.);
#1380=ORIENTED_EDGE('',*,*,#977,.F.);
#1381=ORIENTED_EDGE('',*,*,#978,.F.);
#1382=ORIENTED_EDGE('',*,*,#902,.T.);
#1383=ORIENTED_EDGE('',*,*,#979,.T.);
#1384=ORIENTED_EDGE('',*,*,#980,.T.);
#1385=ORIENTED_EDGE('',*,*,#981,.T.);
#1386=ORIENTED_EDGE('',*,*,#979,.F.);
#1387=ORIENTED_EDGE('',*,*,#980,.F.);
#1388=ORIENTED_EDGE('',*,*,#981,.F.);
#1389=ORIENTED_EDGE('',*,*,#982,.T.);
#1390=ORIENTED_EDGE('',*,*,#983,.F.);
#1391=ORIENTED_EDGE('',*,*,#982,.F.);
#1392=ORIENTED_EDGE('',*,*,#941,.F.);
#1393=ORIENTED_EDGE('',*,*,#983,.T.);
#1394=ORIENTED_EDGE('',*,*,#824,.F.);
#1395=ORIENTED_EDGE('',*,*,#925,.F.);
#1396=ORIENTED_EDGE('',*,*,#937,.F.);
#1397=ORIENTED_EDGE('',*,*,#936,.F.);
#1398=(
BOUNDED_SURFACE()
B_SPLINE_SURFACE(2,2,((#2242,#2243,#2244),(#2245,#2246,#2247),(#2248,#2249,
#2250)),.UNSPECIFIED.,.F.,.F.,.F.)
B_SPLINE_SURFACE_WITH_KNOTS((3,3),(3,3),(0.,1.5707963267949),(1.5707963267949,
3.14159265358979),.UNSPECIFIED.)
GEOMETRIC_REPRESENTATION_ITEM()
RATIONAL_B_SPLINE_SURFACE(((1.,0.707106781186548,1.),(0.707106781186554,
0.500000000000005,0.707106781186554),(1.,0.707106781186548,1.)))
REPRESENTATION_ITEM('')
SURFACE()
);
#1399=(
BOUNDED_SURFACE()
B_SPLINE_SURFACE(2,2,((#2259,#2260,#2261),(#2262,#2263,#2264),(#2265,#2266,
#2267)),.UNSPECIFIED.,.F.,.F.,.F.)
B_SPLINE_SURFACE_WITH_KNOTS((3,3),(3,3),(-1.5707963267949,0.),(-1.5707963267949,
0.),.UNSPECIFIED.)
GEOMETRIC_REPRESENTATION_ITEM()
RATIONAL_B_SPLINE_SURFACE(((1.,0.707106781186548,1.),(0.707106781186554,
0.500000000000005,0.707106781186554),(1.,0.707106781186548,1.)))
REPRESENTATION_ITEM('')
SURFACE()
);
#1400=(
BOUNDED_SURFACE()
B_SPLINE_SURFACE(2,2,((#2329,#2330,#2331),(#2332,#2333,#2334),(#2335,#2336,
#2337)),.UNSPECIFIED.,.F.,.F.,.F.)
B_SPLINE_SURFACE_WITH_KNOTS((3,3),(3,3),(0.,1.5707963267949),(1.5707963267949,
3.14159265358979),.UNSPECIFIED.)
GEOMETRIC_REPRESENTATION_ITEM()
RATIONAL_B_SPLINE_SURFACE(((1.,0.707106781186548,1.),(0.707106781186551,
0.500000000000003,0.707106781186551),(1.,0.707106781186548,1.)))
REPRESENTATION_ITEM('')
SURFACE()
);
#1401=(
BOUNDED_SURFACE()
B_SPLINE_SURFACE(2,2,((#2411,#2412,#2413),(#2414,#2415,#2416),(#2417,#2418,
#2419)),.UNSPECIFIED.,.F.,.F.,.F.)
B_SPLINE_SURFACE_WITH_KNOTS((3,3),(3,3),(-1.5707963267949,0.),(-1.5707963267949,
0.),.UNSPECIFIED.)
GEOMETRIC_REPRESENTATION_ITEM()
RATIONAL_B_SPLINE_SURFACE(((1.,0.707106781186548,1.),(0.707106781186554,
0.500000000000005,0.707106781186554),(1.,0.707106781186548,1.)))
REPRESENTATION_ITEM('')
SURFACE()
);
#1402=ADVANCED_FACE('',(#317),#1398,.F.);
#1403=ADVANCED_FACE('',(#318),#1399,.F.);
#1404=ADVANCED_FACE('',(#319),#270,.T.);
#1405=ADVANCED_FACE('',(#320),#96,.T.);
#1406=ADVANCED_FACE('',(#321),#271,.T.);
#1407=ADVANCED_FACE('',(#322),#97,.T.);
#1408=ADVANCED_FACE('',(#323),#272,.T.);
#1409=ADVANCED_FACE('',(#324),#273,.T.);
#1410=ADVANCED_FACE('',(#325),#73,.T.);
#1411=ADVANCED_FACE('',(#326),#274,.T.);
#1412=ADVANCED_FACE('',(#327),#74,.T.);
#1413=ADVANCED_FACE('',(#328),#1400,.F.);
#1414=ADVANCED_FACE('',(#329),#69,.F.);
#1415=ADVANCED_FACE('',(#330),#70,.F.);
#1416=ADVANCED_FACE('',(#331),#1401,.F.);
#1417=ADVANCED_FACE('',(#332),#275,.T.);
#1418=ADVANCED_FACE('',(#333),#276,.T.);
#1419=ADVANCED_FACE('',(#334),#277,.T.);
#1420=ADVANCED_FACE('',(#335),#278,.T.);
#1421=ADVANCED_FACE('',(#336),#71,.T.);
#1422=ADVANCED_FACE('',(#337),#279,.F.);
#1423=ADVANCED_FACE('',(#338),#75,.T.);
#1424=ADVANCED_FACE('',(#339),#280,.T.);
#1425=ADVANCED_FACE('',(#340),#72,.T.);
#1426=ADVANCED_FACE('',(#341),#281,.F.);
#1427=ADVANCED_FACE('',(#342,#32,#33),#76,.T.);
#1428=ADVANCED_FACE('',(#343),#282,.T.);
#1429=ADVANCED_FACE('',(#344),#28,.T.);
#1430=ADVANCED_FACE('',(#345),#283,.T.);
#1431=ADVANCED_FACE('',(#346),#29,.T.);
#1432=ADVANCED_FACE('',(#347),#284,.T.);
#1433=ADVANCED_FACE('',(#348),#30,.T.);
#1434=ADVANCED_FACE('',(#349),#285,.T.);
#1435=ADVANCED_FACE('',(#350),#31,.T.);
#1436=ADVANCED_FACE('',(#351),#286,.T.);
#1437=ADVANCED_FACE('',(#352),#287,.T.);
#1438=ADVANCED_FACE('',(#353),#98,.T.);
#1439=ADVANCED_FACE('',(#354),#288,.T.);
#1440=ADVANCED_FACE('',(#355),#289,.T.);
#1441=ADVANCED_FACE('',(#356),#290,.T.);
#1442=ADVANCED_FACE('',(#357,#34,#35),#77,.T.);
#1443=ADVANCED_FACE('',(#358),#291,.T.);
#1444=ADVANCED_FACE('',(#359,#36,#37),#78,.T.);
#1445=ADVANCED_FACE('',(#360,#38),#79,.T.);
#1446=ADVANCED_FACE('',(#361,#39,#40),#80,.T.);
#1447=ADVANCED_FACE('',(#362),#19,.F.);
#1448=ADVANCED_FACE('',(#363),#292,.F.);
#1449=ADVANCED_FACE('',(#364,#41,#42,#43,#44,#45),#81,.T.);
#1450=ADVANCED_FACE('',(#365),#20,.F.);
#1451=ADVANCED_FACE('',(#366,#46,#47,#48,#49,#50,#51),#82,.T.);
#1452=ADVANCED_FACE('',(#367),#83,.T.);
#1453=ADVANCED_FACE('',(#368,#52),#84,.F.);
#1454=ADVANCED_FACE('',(#369),#293,.F.);
#1455=ADVANCED_FACE('',(#370),#294,.F.);
#1456=ADVANCED_FACE('',(#371,#53),#85,.F.);
#1457=ADVANCED_FACE('',(#372),#295,.F.);
#1458=ADVANCED_FACE('',(#373),#296,.F.);
#1459=ADVANCED_FACE('',(#374),#297,.F.);
#1460=ADVANCED_FACE('',(#375,#54),#86,.T.);
#1461=ADVANCED_FACE('',(#376),#298,.F.);
#1462=ADVANCED_FACE('',(#377,#55),#87,.T.);
#1463=ADVANCED_FACE('',(#378),#299,.F.);
#1464=ADVANCED_FACE('',(#379),#300,.F.);
#1465=ADVANCED_FACE('',(#380),#301,.T.);
#1466=ADVANCED_FACE('',(#381),#99,.T.);
#1467=ADVANCED_FACE('',(#382),#302,.T.);
#1468=ADVANCED_FACE('',(#383),#100,.T.);
#1469=ADVANCED_FACE('',(#384),#303,.T.);
#1470=ADVANCED_FACE('',(#385),#101,.T.);
#1471=ADVANCED_FACE('',(#386),#304,.T.);
#1472=ADVANCED_FACE('',(#387),#305,.F.);
#1473=ADVANCED_FACE('',(#388),#21,.T.);
#1474=ADVANCED_FACE('',(#389),#88,.F.);
#1475=ADVANCED_FACE('',(#390),#306,.F.);
#1476=ADVANCED_FACE('',(#391),#22,.F.);
#1477=ADVANCED_FACE('',(#392),#307,.F.);
#1478=ADVANCED_FACE('',(#393),#23,.F.);
#1479=ADVANCED_FACE('',(#394),#308,.F.);
#1480=ADVANCED_FACE('',(#395),#24,.F.);
#1481=ADVANCED_FACE('',(#396),#309,.F.);
#1482=ADVANCED_FACE('',(#397),#25,.F.);
#1483=ADVANCED_FACE('',(#398),#310,.F.);
#1484=ADVANCED_FACE('',(#399,#56),#89,.T.);
#1485=ADVANCED_FACE('',(#400,#57),#90,.T.);
#1486=ADVANCED_FACE('',(#401,#58),#91,.T.);
#1487=ADVANCED_FACE('',(#402,#59),#92,.T.);
#1488=ADVANCED_FACE('',(#403),#311,.F.);
#1489=ADVANCED_FACE('',(#404),#312,.F.);
#1490=ADVANCED_FACE('',(#405),#313,.F.);
#1491=ADVANCED_FACE('',(#406),#314,.F.);
#1492=ADVANCED_FACE('',(#407),#26,.F.);
#1493=ADVANCED_FACE('',(#408),#315,.F.);
#1494=ADVANCED_FACE('',(#409),#93,.T.);
#1495=ADVANCED_FACE('',(#410),#27,.T.);
#1496=ADVANCED_FACE('',(#411),#316,.T.);
#1497=ADVANCED_FACE('',(#412,#60),#94,.T.);
#1498=ADVANCED_FACE('',(#413),#95,.T.);
#1499=CLOSED_SHELL('',(#1402,#1403,#1404,#1405,#1406,#1407,#1408,#1409,
#1410,#1411,#1412,#1413,#1414,#1415,#1416,#1417,#1418,#1419,#1420,#1421,
#1422,#1423,#1424,#1425,#1426,#1427,#1428,#1429,#1430,#1431,#1432,#1433,
#1434,#1435,#1436,#1437,#1438,#1439,#1440,#1441,#1442,#1443,#1444,#1445,
#1446,#1447,#1448,#1449,#1450,#1451,#1452,#1453,#1454,#1455,#1456,#1457,
#1458,#1459,#1460,#1461,#1462,#1463,#1464,#1465,#1466,#1467,#1468,#1469,
#1470,#1471,#1472,#1473,#1474,#1475,#1476,#1477,#1478,#1479,#1480,#1481,
#1482,#1483,#1484,#1485,#1486,#1487,#1488,#1489,#1490,#1491,#1492,#1493,
#1494,#1495,#1496,#1497,#1498));
#1500=DERIVED_UNIT_ELEMENT(#1503,1.);
#1501=DERIVED_UNIT_ELEMENT(#2866,-3.);
#1502=DIMENSIONAL_EXPONENTS(0.,1.,0.,0.,0.,0.,0.);
#1503=(
CONVERSION_BASED_UNIT('gram',#1505)
MASS_UNIT()
NAMED_UNIT(#1502)
);
#1504=(
MASS_UNIT()
NAMED_UNIT(*)
SI_UNIT(.KILO.,.GRAM.)
);
#1505=MASS_MEASURE_WITH_UNIT(MASS_MEASURE(0.001),#1504);
#1506=DERIVED_UNIT((#1500,#1501));
#1507=MEASURE_REPRESENTATION_ITEM('density measure',
POSITIVE_RATIO_MEASURE(1.),#1506);
#1508=PROPERTY_DEFINITION_REPRESENTATION(#1513,#1510);
#1509=PROPERTY_DEFINITION_REPRESENTATION(#1514,#1511);
#1510=REPRESENTATION('material name',(#1512),#2863);
#1511=REPRESENTATION('density',(#1507),#2863);
#1512=DESCRIPTIVE_REPRESENTATION_ITEM('Generic','Generic');
#1513=PROPERTY_DEFINITION('material property','material name',#2873);
#1514=PROPERTY_DEFINITION('material property','density of part',#2873);
#1515=DATE_TIME_ROLE('creation_date');
#1516=APPLIED_DATE_AND_TIME_ASSIGNMENT(#1517,#1515,(#2873));
#1517=DATE_AND_TIME(#1518,#1519);
#1518=CALENDAR_DATE(2024,20,4);
#1519=LOCAL_TIME(0,0,0.,#1520);
#1520=COORDINATED_UNIVERSAL_TIME_OFFSET(0,0,.BEHIND.);
#1521=AXIS2_PLACEMENT_3D('',#2241,#1733,#1734);
#1522=AXIS2_PLACEMENT_3D('',#2253,#1735,#1736);
#1523=AXIS2_PLACEMENT_3D('',#2255,#1737,#1738);
#1524=AXIS2_PLACEMENT_3D('',#2257,#1739,#1740);
#1525=AXIS2_PLACEMENT_3D('',#2258,#1741,#1742);
#1526=AXIS2_PLACEMENT_3D('',#2270,#1743,#1744);
#1527=AXIS2_PLACEMENT_3D('',#2272,#1745,#1746);
#1528=AXIS2_PLACEMENT_3D('',#2274,#1747,#1748);
#1529=AXIS2_PLACEMENT_3D('',#2275,#1749,#1750);
#1530=AXIS2_PLACEMENT_3D('',#2276,#1751,#1752);
#1531=AXIS2_PLACEMENT_3D('',#2279,#1753,#1754);
#1532=AXIS2_PLACEMENT_3D('',#2282,#1757,#1758);
#1533=AXIS2_PLACEMENT_3D('',#2285,#1759,#1760);
#1534=AXIS2_PLACEMENT_3D('',#2286,#1761,#1762);
#1535=AXIS2_PLACEMENT_3D('',#2287,#1763,#1764);
#1536=AXIS2_PLACEMENT_3D('',#2288,#1765,#1766);
#1537=AXIS2_PLACEMENT_3D('',#2291,#1767,#1768);
#1538=AXIS2_PLACEMENT_3D('',#2294,#1771,#1772);
#1539=AXIS2_PLACEMENT_3D('',#2297,#1773,#1774);
#1540=AXIS2_PLACEMENT_3D('',#2298,#1775,#1776);
#1541=AXIS2_PLACEMENT_3D('',#2299,#1777,#1778);
#1542=AXIS2_PLACEMENT_3D('',#2300,#1779,#1780);
#1543=AXIS2_PLACEMENT_3D('',#2303,#1783,#1784);
#1544=AXIS2_PLACEMENT_3D('',#2307,#1786,#1787);
#1545=AXIS2_PLACEMENT_3D('',#2309,#1789,#1790);
#1546=AXIS2_PLACEMENT_3D('',#2317,#1795,#1796);
#1547=AXIS2_PLACEMENT_3D('',#2320,#1798,#1799);
#1548=AXIS2_PLACEMENT_3D('',#2321,#1800,#1801);
#1549=AXIS2_PLACEMENT_3D('',#2328,#1805,#1806);
#1550=AXIS2_PLACEMENT_3D('',#2339,#1807,#1808);
#1551=AXIS2_PLACEMENT_3D('',#2340,#1809,#1810);
#1552=AXIS2_PLACEMENT_3D('',#2373,#1811,#1812);
#1553=AXIS2_PLACEMENT_3D('',#2374,#1813,#1814);
#1554=AXIS2_PLACEMENT_3D('',#2375,#1815,#1816);
#1555=AXIS2_PLACEMENT_3D('',#2408,#1817,#1818);
#1556=AXIS2_PLACEMENT_3D('',#2409,#1819,#1820);
#1557=AXIS2_PLACEMENT_3D('',#2410,#1821,#1822);
#1558=AXIS2_PLACEMENT_3D('',#2421,#1823,#1824);
#1559=AXIS2_PLACEMENT_3D('',#2423,#1825,#1826);
#1560=AXIS2_PLACEMENT_3D('',#2424,#1827,#1828);
#1561=AXIS2_PLACEMENT_3D('',#2425,#1829,#1830);
#1562=AXIS2_PLACEMENT_3D('',#2427,#1832,#1833);
#1563=AXIS2_PLACEMENT_3D('',#2429,#1835,#1836);
#1564=AXIS2_PLACEMENT_3D('',#2431,#1838,#1839);
#1565=AXIS2_PLACEMENT_3D('',#2433,#1840,#1841);
#1566=AXIS2_PLACEMENT_3D('',#2479,#1843,#1844);
#1567=AXIS2_PLACEMENT_3D('',#2481,#1845,#1846);
#1568=AXIS2_PLACEMENT_3D('',#2482,#1847,#1848);
#1569=AXIS2_PLACEMENT_3D('',#2483,#1849,#1850);
#1570=AXIS2_PLACEMENT_3D('',#2486,#1853,#1854);
#1571=AXIS2_PLACEMENT_3D('',#2490,#1857,#1858);
#1572=AXIS2_PLACEMENT_3D('',#2493,#1860,#1861);
#1573=AXIS2_PLACEMENT_3D('',#2543,#1862,#1863);
#1574=AXIS2_PLACEMENT_3D('',#2544,#1864,#1865);
#1575=AXIS2_PLACEMENT_3D('',#2545,#1866,#1867);
#1576=AXIS2_PLACEMENT_3D('',#2547,#1869,#1870);
#1577=AXIS2_PLACEMENT_3D('',#2552,#1873,#1874);
#1578=AXIS2_PLACEMENT_3D('',#2554,#1875,#1876);
#1579=AXIS2_PLACEMENT_3D('',#2555,#1877,#1878);
#1580=AXIS2_PLACEMENT_3D('',#2558,#1880,#1881);
#1581=AXIS2_PLACEMENT_3D('',#2559,#1882,#1883);
#1582=AXIS2_PLACEMENT_3D('',#2560,#1884,#1885);
#1583=AXIS2_PLACEMENT_3D('',#2561,#1886,#1887);
#1584=AXIS2_PLACEMENT_3D('',#2562,#1888,#1889);
#1585=AXIS2_PLACEMENT_3D('',#2563,#1890,#1891);
#1586=AXIS2_PLACEMENT_3D('',#2565,#1892,#1893);
#1587=AXIS2_PLACEMENT_3D('',#2566,#1894,#1895);
#1588=AXIS2_PLACEMENT_3D('',#2567,#1896,#1897);
#1589=AXIS2_PLACEMENT_3D('',#2569,#1899,#1900);
#1590=AXIS2_PLACEMENT_3D('',#2572,#1901,#1902);
#1591=AXIS2_PLACEMENT_3D('',#2574,#1903,#1904);
#1592=AXIS2_PLACEMENT_3D('',#2575,#1905,#1906);
#1593=AXIS2_PLACEMENT_3D('',#2576,#1907,#1908);
#1594=AXIS2_PLACEMENT_3D('',#2579,#1911,#1912);
#1595=AXIS2_PLACEMENT_3D('',#2582,#1913,#1914);
#1596=AXIS2_PLACEMENT_3D('',#2584,#1915,#1916);
#1597=AXIS2_PLACEMENT_3D('',#2585,#1917,#1918);
#1598=AXIS2_PLACEMENT_3D('',#2586,#1919,#1920);
#1599=AXIS2_PLACEMENT_3D('',#2589,#1923,#1924);
#1600=AXIS2_PLACEMENT_3D('',#2592,#1925,#1926);
#1601=AXIS2_PLACEMENT_3D('',#2595,#1929,#1930);
#1602=AXIS2_PLACEMENT_3D('',#2598,#1931,#1932);
#1603=AXIS2_PLACEMENT_3D('',#2599,#1933,#1934);
#1604=AXIS2_PLACEMENT_3D('',#2600,#1935,#1936);
#1605=AXIS2_PLACEMENT_3D('',#2601,#1937,#1938);
#1606=AXIS2_PLACEMENT_3D('',#2604,#1941,#1942);
#1607=AXIS2_PLACEMENT_3D('',#2607,#1945,#1946);
#1608=AXIS2_PLACEMENT_3D('',#2610,#1949,#1950);
#1609=AXIS2_PLACEMENT_3D('',#2616,#1953,#1954);
#1610=AXIS2_PLACEMENT_3D('',#2619,#1956,#1957);
#1611=AXIS2_PLACEMENT_3D('',#2621,#1958,#1959);
#1612=AXIS2_PLACEMENT_3D('',#2622,#1960,#1961);
#1613=AXIS2_PLACEMENT_3D('',#2625,#1963,#1964);
#1614=AXIS2_PLACEMENT_3D('',#2626,#1965,#1966);
#1615=AXIS2_PLACEMENT_3D('',#2630,#1968,#1969);
#1616=AXIS2_PLACEMENT_3D('',#2633,#1971,#1972);
#1617=AXIS2_PLACEMENT_3D('',#2635,#1973,#1974);
#1618=AXIS2_PLACEMENT_3D('',#2636,#1975,#1976);
#1619=AXIS2_PLACEMENT_3D('',#2638,#1977,#1978);
#1620=AXIS2_PLACEMENT_3D('',#2639,#1979,#1980);
#1621=AXIS2_PLACEMENT_3D('',#2641,#1981,#1982);
#1622=AXIS2_PLACEMENT_3D('',#2643,#1983,#1984);
#1623=AXIS2_PLACEMENT_3D('',#2644,#1985,#1986);
#1624=AXIS2_PLACEMENT_3D('',#2646,#1987,#1988);
#1625=AXIS2_PLACEMENT_3D('',#2649,#1990,#1991);
#1626=AXIS2_PLACEMENT_3D('',#2650,#1992,#1993);
#1627=AXIS2_PLACEMENT_3D('',#2653,#1994,#1995);
#1628=AXIS2_PLACEMENT_3D('',#2654,#1996,#1997);
#1629=AXIS2_PLACEMENT_3D('',#2656,#1999,#2000);
#1630=AXIS2_PLACEMENT_3D('',#2658,#2001,#2002);
#1631=AXIS2_PLACEMENT_3D('',#2660,#2003,#2004);
#1632=AXIS2_PLACEMENT_3D('',#2662,#2005,#2006);
#1633=AXIS2_PLACEMENT_3D('',#2664,#2007,#2008);
#1634=AXIS2_PLACEMENT_3D('',#2666,#2009,#2010);
#1635=AXIS2_PLACEMENT_3D('',#2667,#2011,#2012);
#1636=AXIS2_PLACEMENT_3D('',#2669,#2013,#2014);
#1637=AXIS2_PLACEMENT_3D('',#2671,#2016,#2017);
#1638=AXIS2_PLACEMENT_3D('',#2673,#2018,#2019);
#1639=AXIS2_PLACEMENT_3D('',#2675,#2020,#2021);
#1640=AXIS2_PLACEMENT_3D('',#2677,#2022,#2023);
#1641=AXIS2_PLACEMENT_3D('',#2679,#2024,#2025);
#1642=AXIS2_PLACEMENT_3D('',#2681,#2026,#2027);
#1643=AXIS2_PLACEMENT_3D('',#2683,#2028,#2029);
#1644=AXIS2_PLACEMENT_3D('',#2684,#2030,#2031);
#1645=AXIS2_PLACEMENT_3D('',#2685,#2032,#2033);
#1646=AXIS2_PLACEMENT_3D('',#2687,#2034,#2035);
#1647=AXIS2_PLACEMENT_3D('',#2689,#2036,#2037);
#1648=AXIS2_PLACEMENT_3D('',#2690,#2038,#2039);
#1649=AXIS2_PLACEMENT_3D('',#2692,#2041,#2042);
#1650=AXIS2_PLACEMENT_3D('',#2694,#2044,#2045);
#1651=AXIS2_PLACEMENT_3D('',#2696,#2046,#2047);
#1652=AXIS2_PLACEMENT_3D('',#2698,#2048,#2049);
#1653=AXIS2_PLACEMENT_3D('',#2699,#2050,#2051);
#1654=AXIS2_PLACEMENT_3D('',#2701,#2053,#2054);
#1655=AXIS2_PLACEMENT_3D('',#2703,#2056,#2057);
#1656=AXIS2_PLACEMENT_3D('',#2706,#2059,#2060);
#1657=AXIS2_PLACEMENT_3D('',#2707,#2061,#2062);
#1658=AXIS2_PLACEMENT_3D('',#2709,#2063,#2064);
#1659=AXIS2_PLACEMENT_3D('',#2710,#2065,#2066);
#1660=AXIS2_PLACEMENT_3D('',#2713,#2068,#2069);
#1661=AXIS2_PLACEMENT_3D('',#2714,#2070,#2071);
#1662=AXIS2_PLACEMENT_3D('',#2716,#2072,#2073);
#1663=AXIS2_PLACEMENT_3D('',#2717,#2074,#2075);
#1664=AXIS2_PLACEMENT_3D('',#2719,#2077,#2078);
#1665=AXIS2_PLACEMENT_3D('',#2721,#2080,#2081);
#1666=AXIS2_PLACEMENT_3D('',#2723,#2082,#2083);
#1667=AXIS2_PLACEMENT_3D('',#2725,#2085,#2086);
#1668=AXIS2_PLACEMENT_3D('',#2727,#2087,#2088);
#1669=AXIS2_PLACEMENT_3D('',#2728,#2089,#2090);
#1670=AXIS2_PLACEMENT_3D('',#2729,#2091,#2092);
#1671=AXIS2_PLACEMENT_3D('',#2731,#2093,#2094);
#1672=AXIS2_PLACEMENT_3D('',#2733,#2096,#2097);
#1673=AXIS2_PLACEMENT_3D('',#2735,#2098,#2099);
#1674=AXIS2_PLACEMENT_3D('',#2736,#2100,#2101);
#1675=AXIS2_PLACEMENT_3D('',#2737,#2102,#2103);
#1676=AXIS2_PLACEMENT_3D('',#2739,#2104,#2105);
#1677=AXIS2_PLACEMENT_3D('',#2741,#2107,#2108);
#1678=AXIS2_PLACEMENT_3D('',#2743,#2109,#2110);
#1679=AXIS2_PLACEMENT_3D('',#2744,#2111,#2112);
#1680=AXIS2_PLACEMENT_3D('',#2745,#2113,#2114);
#1681=AXIS2_PLACEMENT_3D('',#2747,#2116,#2117);
#1682=AXIS2_PLACEMENT_3D('',#2767,#2121,#2122);
#1683=AXIS2_PLACEMENT_3D('',#2769,#2123,#2124);
#1684=AXIS2_PLACEMENT_3D('',#2772,#2126,#2127);
#1685=AXIS2_PLACEMENT_3D('',#2773,#2128,#2129);
#1686=AXIS2_PLACEMENT_3D('',#2774,#2130,#2131);
#1687=AXIS2_PLACEMENT_3D('',#2775,#2132,#2133);
#1688=AXIS2_PLACEMENT_3D('',#2777,#2135,#2136);
#1689=AXIS2_PLACEMENT_3D('',#2781,#2138,#2139);
#1690=AXIS2_PLACEMENT_3D('',#2782,#2140,#2141);
#1691=AXIS2_PLACEMENT_3D('',#2783,#2142,#2143);
#1692=AXIS2_PLACEMENT_3D('',#2786,#2145,#2146);
#1693=AXIS2_PLACEMENT_3D('',#2787,#2147,#2148);
#1694=AXIS2_PLACEMENT_3D('',#2791,#2150,#2151);
#1695=AXIS2_PLACEMENT_3D('',#2792,#2152,#2153);
#1696=AXIS2_PLACEMENT_3D('',#2793,#2154,#2155);
#1697=AXIS2_PLACEMENT_3D('',#2796,#2157,#2158);
#1698=AXIS2_PLACEMENT_3D('',#2797,#2159,#2160);
#1699=AXIS2_PLACEMENT_3D('',#2801,#2162,#2163);
#1700=AXIS2_PLACEMENT_3D('',#2802,#2164,#2165);
#1701=AXIS2_PLACEMENT_3D('',#2803,#2166,#2167);
#1702=AXIS2_PLACEMENT_3D('',#2806,#2169,#2170);
#1703=AXIS2_PLACEMENT_3D('',#2807,#2171,#2172);
#1704=AXIS2_PLACEMENT_3D('',#2811,#2174,#2175);
#1705=AXIS2_PLACEMENT_3D('',#2812,#2176,#2177);
#1706=AXIS2_PLACEMENT_3D('',#2813,#2178,#2179);
#1707=AXIS2_PLACEMENT_3D('',#2816,#2181,#2182);
#1708=AXIS2_PLACEMENT_3D('',#2817,#2183,#2184);
#1709=AXIS2_PLACEMENT_3D('',#2819,#2185,#2186);
#1710=AXIS2_PLACEMENT_3D('',#2820,#2187,#2188);
#1711=AXIS2_PLACEMENT_3D('',#2822,#2189,#2190);
#1712=AXIS2_PLACEMENT_3D('',#2823,#2191,#2192);
#1713=AXIS2_PLACEMENT_3D('',#2825,#2193,#2194);
#1714=AXIS2_PLACEMENT_3D('',#2826,#2195,#2196);
#1715=AXIS2_PLACEMENT_3D('',#2828,#2197,#2198);
#1716=AXIS2_PLACEMENT_3D('',#2829,#2199,#2200);
#1717=AXIS2_PLACEMENT_3D('',#2831,#2202,#2203);
#1718=AXIS2_PLACEMENT_3D('',#2833,#2205,#2206);
#1719=AXIS2_PLACEMENT_3D('',#2835,#2208,#2209);
#1720=AXIS2_PLACEMENT_3D('',#2837,#2211,#2212);
#1721=AXIS2_PLACEMENT_3D('',#2841,#2214,#2215);
#1722=AXIS2_PLACEMENT_3D('',#2842,#2216,#2217);
#1723=AXIS2_PLACEMENT_3D('',#2843,#2218,#2219);
#1724=AXIS2_PLACEMENT_3D('',#2846,#2221,#2222);
#1725=AXIS2_PLACEMENT_3D('',#2847,#2223,#2224);
#1726=AXIS2_PLACEMENT_3D('',#2848,#2225,#2226);
#1727=AXIS2_PLACEMENT_3D('',#2852,#2228,#2229);
#1728=AXIS2_PLACEMENT_3D('',#2853,#2230,#2231);
#1729=AXIS2_PLACEMENT_3D('',#2854,#2232,#2233);
#1730=AXIS2_PLACEMENT_3D('',#2857,#2235,#2236);
#1731=AXIS2_PLACEMENT_3D('',#2858,#2237,#2238);
#1732=AXIS2_PLACEMENT_3D('',#2859,#2239,#2240);
#1733=DIRECTION('axis',(0.,0.,1.));
#1734=DIRECTION('refdir',(1.,0.,0.));
#1735=DIRECTION('center_axis',(1.,0.,0.));
#1736=DIRECTION('ref_axis',(0.,0.,1.));
#1737=DIRECTION('center_axis',(0.,1.,0.));
#1738=DIRECTION('ref_axis',(0.707106781186541,0.,0.707106781186554));
#1739=DIRECTION('center_axis',(0.,0.,1.));
#1740=DIRECTION('ref_axis',(0.,-1.,0.));
#1741=DIRECTION('center_axis',(0.,-1.,0.));
#1742=DIRECTION('ref_axis',(0.707106781186541,0.,0.707106781186554));
#1743=DIRECTION('center_axis',(-1.,0.,0.));
#1744=DIRECTION('ref_axis',(0.,-1.,8.88178419700128E-15));
#1745=DIRECTION('center_axis',(0.,-1.,0.));
#1746=DIRECTION('ref_axis',(-0.707106781186541,0.,0.707106781186554));
#1747=DIRECTION('center_axis',(0.,0.,1.));
#1748=DIRECTION('ref_axis',(-1.,0.,0.));
#1749=DIRECTION('center_axis',(0.,1.,0.));
#1750=DIRECTION('ref_axis',(-0.707106781186541,0.,0.707106781186554));
#1751=DIRECTION('center_axis',(-1.26882631385732E-16,-1.,0.));
#1752=DIRECTION('ref_axis',(-0.707106781186545,0.,0.70710678118655));
#1753=DIRECTION('center_axis',(0.,-1.,0.));
#1754=DIRECTION('ref_axis',(0.,0.,1.));
#1755=DIRECTION('',(-1.26882631385732E-16,-1.,0.));
#1756=DIRECTION('',(1.26882631385732E-16,1.,0.));
#1757=DIRECTION('center_axis',(0.,0.,1.));
#1758=DIRECTION('ref_axis',(1.,0.,0.));
#1759=DIRECTION('center_axis',(1.,0.,0.));
#1760=DIRECTION('ref_axis',(0.,0.,1.));
#1761=DIRECTION('center_axis',(0.,0.,-1.));
#1762=DIRECTION('ref_axis',(0.707106781186549,0.707106781186545,0.));
#1763=DIRECTION('center_axis',(0.,0.,1.));
#1764=DIRECTION('ref_axis',(0.707106781186549,0.707106781186545,0.));
#1765=DIRECTION('center_axis',(-1.,0.,0.));
#1766=DIRECTION('ref_axis',(0.,-0.707106781186548,0.707106781186548));
#1767=DIRECTION('center_axis',(1.,0.,0.));
#1768=DIRECTION('ref_axis',(0.,0.,1.));
#1769=DIRECTION('',(1.,0.,0.));
#1770=DIRECTION('',(-1.,0.,0.));
#1771=DIRECTION('center_axis',(0.,0.,1.));
#1772=DIRECTION('ref_axis',(1.,0.,0.));
#1773=DIRECTION('center_axis',(0.,1.,0.));
#1774=DIRECTION('ref_axis',(0.,0.,1.));
#1775=DIRECTION('center_axis',(0.,0.,-1.));
#1776=DIRECTION('ref_axis',(-0.707106781186549,0.707106781186546,0.));
#1777=DIRECTION('center_axis',(0.,0.,1.));
#1778=DIRECTION('ref_axis',(-0.707106781186549,0.707106781186547,0.));
#1779=DIRECTION('center_axis',(0.,1.,0.));
#1780=DIRECTION('ref_axis',(0.707106781186548,0.,0.707106781186548));
#1781=DIRECTION('',(0.,1.,0.));
#1782=DIRECTION('',(0.,-1.,0.));
#1783=DIRECTION('center_axis',(1.,0.,0.));
#1784=DIRECTION('ref_axis',(0.,-0.707106781186548,0.707106781186548));
#1785=DIRECTION('',(-1.,0.,0.));
#1786=DIRECTION('center_axis',(-1.,0.,0.));
#1787=DIRECTION('ref_axis',(0.,-1.,0.));
#1788=DIRECTION('',(1.,0.,0.));
#1789=DIRECTION('center_axis',(0.,0.,1.));
#1790=DIRECTION('ref_axis',(-1.,0.,0.));
#1791=DIRECTION('',(-1.,0.,0.));
#1792=DIRECTION('',(0.,-1.,0.));
#1793=DIRECTION('',(1.,0.,0.));
#1794=DIRECTION('',(0.,1.,0.));
#1795=DIRECTION('center_axis',(1.,0.,0.));
#1796=DIRECTION('ref_axis',(0.,-0.707106781186548,0.707106781186548));
#1797=DIRECTION('',(1.,0.,0.));
#1798=DIRECTION('center_axis',(1.,0.,0.));
#1799=DIRECTION('ref_axis',(0.,0.,1.));
#1800=DIRECTION('center_axis',(0.,-1.,0.));
#1801=DIRECTION('ref_axis',(1.,0.,0.));
#1802=DIRECTION('',(0.,0.,1.));
#1803=DIRECTION('',(-1.,0.,0.));
#1804=DIRECTION('',(7.65671051465625E-17,0.,-1.));
#1805=DIRECTION('center_axis',(0.,1.,0.));
#1806=DIRECTION('ref_axis',(0.707106781186535,0.,0.70710678118656));
#1807=DIRECTION('center_axis',(0.,0.,1.));
#1808=DIRECTION('ref_axis',(-4.44089209850064E-15,-1.,0.));
#1809=DIRECTION('center_axis',(0.,-1.,0.));
#1810=DIRECTION('ref_axis',(0.707106781186535,0.,0.70710678118656));
#1811=DIRECTION('center_axis',(0.,0.,1.));
#1812=DIRECTION('ref_axis',(1.,0.,0.));
#1813=DIRECTION('center_axis',(0.948683298050516,-0.316227766016831,0.));
#1814=DIRECTION('ref_axis',(0.316227766016831,0.948683298050516,0.));
#1815=DIRECTION('center_axis',(-0.316227766016837,0.948683298050514,0.));
#1816=DIRECTION('ref_axis',(0.948683298050514,0.316227766016837,0.));
#1817=DIRECTION('center_axis',(0.,0.,1.));
#1818=DIRECTION('ref_axis',(0.,1.,0.));
#1819=DIRECTION('center_axis',(0.316227766016837,0.948683298050514,0.));
#1820=DIRECTION('ref_axis',(-0.948683298050514,0.316227766016837,0.));
#1821=DIRECTION('center_axis',(-0.948683298050514,-0.316227766016836,0.));
#1822=DIRECTION('ref_axis',(-0.316227766016836,0.948683298050514,0.));
#1823=DIRECTION('center_axis',(0.,-1.,0.));
#1824=DIRECTION('ref_axis',(-0.707106781186548,0.,0.707106781186548));
#1825=DIRECTION('center_axis',(0.,0.,1.));
#1826=DIRECTION('ref_axis',(-1.,0.,0.));
#1827=DIRECTION('center_axis',(0.,1.,0.));
#1828=DIRECTION('ref_axis',(-0.707106781186548,0.,0.707106781186548));
#1829=DIRECTION('center_axis',(0.,-1.,0.));
#1830=DIRECTION('ref_axis',(-0.707106781186548,0.,0.707106781186548));
#1831=DIRECTION('',(0.,-1.,0.));
#1832=DIRECTION('center_axis',(1.,0.,0.));
#1833=DIRECTION('ref_axis',(0.,0.707106781186548,0.707106781186548));
#1834=DIRECTION('',(-1.,0.,0.));
#1835=DIRECTION('center_axis',(0.,-1.,0.));
#1836=DIRECTION('ref_axis',(0.707106781186545,0.,0.70710678118655));
#1837=DIRECTION('',(0.,1.,0.));
#1838=DIRECTION('center_axis',(-7.65671051465625E-17,0.,1.));
#1839=DIRECTION('ref_axis',(0.707106781186548,-0.707106781186548,0.));
#1840=DIRECTION('center_axis',(0.,0.,-1.));
#1841=DIRECTION('ref_axis',(0.,-1.,0.));
#1842=DIRECTION('',(-7.65671051465625E-17,0.,1.));
#1843=DIRECTION('center_axis',(2.46716227694479E-16,-4.86951176062352E-31,
1.));
#1844=DIRECTION('ref_axis',(1.97372982155583E-15,1.,0.));
#1845=DIRECTION('center_axis',(0.95577900872195,0.294085848837523,0.));
#1846=DIRECTION('ref_axis',(0.294085848837523,-0.95577900872195,0.));
#1847=DIRECTION('center_axis',(-0.294085848837522,-0.95577900872195,0.));
#1848=DIRECTION('ref_axis',(0.95577900872195,-0.294085848837522,0.));
#1849=DIRECTION('center_axis',(0.,0.,1.));
#1850=DIRECTION('ref_axis',(-0.707106781186548,0.707106781186548,0.));
#1851=DIRECTION('',(0.,0.,-1.));
#1852=DIRECTION('',(0.,0.,1.));
#1853=DIRECTION('center_axis',(0.,-1.,0.));
#1854=DIRECTION('ref_axis',(0.,0.,-1.));
#1855=DIRECTION('',(-1.,0.,0.));
#1856=DIRECTION('',(0.,0.,-1.));
#1857=DIRECTION('center_axis',(-1.,0.,0.));
#1858=DIRECTION('ref_axis',(0.,-0.707106781186546,-0.707106781186549));
#1859=DIRECTION('',(1.,0.,0.));
#1860=DIRECTION('center_axis',(0.294085848837522,-0.95577900872195,0.));
#1861=DIRECTION('ref_axis',(-0.95577900872195,-0.294085848837522,0.));
#1862=DIRECTION('center_axis',(0.,0.,1.));
#1863=DIRECTION('ref_axis',(1.,3.94745964311166E-15,0.));
#1864=DIRECTION('center_axis',(-0.95577900872195,0.294085848837523,0.));
#1865=DIRECTION('ref_axis',(-0.294085848837523,-0.95577900872195,0.));
#1866=DIRECTION('center_axis',(0.,0.,1.));
#1867=DIRECTION('ref_axis',(0.707106781186549,0.707106781186546,0.));
#1868=DIRECTION('',(0.,0.,1.));
#1869=DIRECTION('center_axis',(-1.,1.26882631385732E-16,0.));
#1870=DIRECTION('ref_axis',(-1.26882631385732E-16,-1.,0.));
#1871=DIRECTION('',(1.26882631385732E-16,1.,0.));
#1872=DIRECTION('',(0.,0.,-1.));
#1873=DIRECTION('center_axis',(1.,-1.26882631385732E-16,0.));
#1874=DIRECTION('ref_axis',(0.,0.,1.));
#1875=DIRECTION('center_axis',(1.,-1.26882631385732E-16,0.));
#1876=DIRECTION('ref_axis',(0.,0.,1.));
#1877=DIRECTION('center_axis',(1.26882631385732E-16,1.,0.));
#1878=DIRECTION('ref_axis',(-0.707106781186546,0.,-0.707106781186549));
#1879=DIRECTION('',(-1.26882631385732E-16,-1.,0.));
#1880=DIRECTION('center_axis',(0.,-1.,0.));
#1881=DIRECTION('ref_axis',(0.,0.,-1.));
#1882=DIRECTION('center_axis',(0.408248290463864,0.40824829046386,-0.816496580927727));
#1883=DIRECTION('ref_axis',(-0.577350269189627,-0.577350269189623,-0.577350269189628));
#1884=DIRECTION('center_axis',(-1.,0.,0.));
#1885=DIRECTION('ref_axis',(0.,-1.,0.));
#1886=DIRECTION('center_axis',(0.,0.,-1.));
#1887=DIRECTION('ref_axis',(-1.,0.,0.));
#1888=DIRECTION('center_axis',(0.,0.,-1.));
#1889=DIRECTION('ref_axis',(-0.707106781186551,-0.707106781186544,0.));
#1890=DIRECTION('center_axis',(-0.408248290463861,-0.816496580927729,0.40824829046386));
#1891=DIRECTION('ref_axis',(0.577350269189627,-0.577350269189623,-0.577350269189627));
#1892=DIRECTION('center_axis',(1.,0.,0.));
#1893=DIRECTION('ref_axis',(0.,0.,-1.));
#1894=DIRECTION('center_axis',(0.,-1.,0.));
#1895=DIRECTION('ref_axis',(1.,0.,0.));
#1896=DIRECTION('center_axis',(1.,0.,0.));
#1897=DIRECTION('ref_axis',(0.,-0.707106781186546,-0.707106781186549));
#1898=DIRECTION('',(1.,0.,0.));
#1899=DIRECTION('center_axis',(-0.408248290463865,0.408248290463861,-0.816496580927726));
#1900=DIRECTION('ref_axis',(0.577350269189628,-0.577350269189624,-0.577350269189626));
#1901=DIRECTION('center_axis',(0.,-1.,0.));
#1902=DIRECTION('ref_axis',(1.,0.,0.));
#1903=DIRECTION('center_axis',(0.,0.,-1.));
#1904=DIRECTION('ref_axis',(0.,-1.,0.));
#1905=DIRECTION('center_axis',(1.,0.,0.));
#1906=DIRECTION('ref_axis',(0.,0.,-1.));
#1907=DIRECTION('center_axis',(0.,0.,1.));
#1908=DIRECTION('ref_axis',(0.707106781186548,-0.707106781186548,0.));
#1909=DIRECTION('',(0.,0.,-1.));
#1910=DIRECTION('',(0.,0.,1.));
#1911=DIRECTION('center_axis',(0.408248290463863,-0.816496580927726,0.408248290463864));
#1912=DIRECTION('ref_axis',(-0.577350269189627,-0.577350269189624,-0.577350269189627));
#1913=DIRECTION('center_axis',(-1.,0.,0.));
#1914=DIRECTION('ref_axis',(0.,-1.,0.));
#1915=DIRECTION('center_axis',(0.,0.,-1.));
#1916=DIRECTION('ref_axis',(-1.,0.,0.));
#1917=DIRECTION('center_axis',(0.,-1.,0.));
#1918=DIRECTION('ref_axis',(0.,0.,-1.));
#1919=DIRECTION('center_axis',(-7.65671051465625E-17,0.,-1.));
#1920=DIRECTION('ref_axis',(-0.707106781186548,-0.707106781186548,0.));
#1921=DIRECTION('',(-7.65671051465625E-17,0.,-1.));
#1922=DIRECTION('',(7.65671051465625E-17,0.,1.));
#1923=DIRECTION('center_axis',(0.,1.,0.));
#1924=DIRECTION('ref_axis',(-0.707106781186546,0.,-0.707106781186549));
#1925=DIRECTION('center_axis',(0.,-1.,0.));
#1926=DIRECTION('ref_axis',(-1.,0.,5.55111512312578E-16));
#1927=DIRECTION('',(0.,-1.,0.));
#1928=DIRECTION('',(0.,1.,0.));
#1929=DIRECTION('center_axis',(0.,0.,-1.));
#1930=DIRECTION('ref_axis',(-1.,0.,0.));
#1931=DIRECTION('center_axis',(-1.22464679914735E-16,1.,0.));
#1932=DIRECTION('ref_axis',(1.,1.22464679914735E-16,0.));
#1933=DIRECTION('center_axis',(0.,0.,1.));
#1934=DIRECTION('ref_axis',(-6.12323399573677E-17,1.,0.));
#1935=DIRECTION('center_axis',(0.,0.,-1.));
#1936=DIRECTION('ref_axis',(-6.12323399573677E-17,1.,0.));
#1937=DIRECTION('center_axis',(0.,-1.,0.));
#1938=DIRECTION('ref_axis',(0.707106781186546,0.,-0.707106781186549));
#1939=DIRECTION('',(0.,1.,0.));
#1940=DIRECTION('',(0.,-1.,0.));
#1941=DIRECTION('center_axis',(1.,0.,0.));
#1942=DIRECTION('ref_axis',(0.,-0.707106781186546,-0.707106781186549));
#1943=DIRECTION('',(-1.,0.,0.));
#1944=DIRECTION('',(1.,0.,0.));
#1945=DIRECTION('center_axis',(0.,1.,0.));
#1946=DIRECTION('ref_axis',(0.707106781186546,0.,-0.707106781186549));
#1947=DIRECTION('',(0.,-1.,0.));
#1948=DIRECTION('',(0.,1.,0.));
#1949=DIRECTION('center_axis',(1.,0.,7.65671051465625E-17));
#1950=DIRECTION('ref_axis',(-7.65671051465625E-17,0.,1.));
#1951=DIRECTION('',(0.,0.,-1.));
#1952=DIRECTION('',(0.,1.,0.));
#1953=DIRECTION('center_axis',(1.,0.,7.65671051465625E-17));
#1954=DIRECTION('ref_axis',(5.41411192649578E-17,-0.707106781186548,-0.707106781186548));
#1955=DIRECTION('',(7.65671051465625E-17,0.,-1.));
#1956=DIRECTION('center_axis',(-1.,0.,-7.65671051465625E-17));
#1957=DIRECTION('ref_axis',(0.,0.,1.));
#1958=DIRECTION('center_axis',(-1.,0.,-7.65671051465625E-17));
#1959=DIRECTION('ref_axis',(0.,0.,1.));
#1960=DIRECTION('center_axis',(0.,0.,-1.));
#1961=DIRECTION('ref_axis',(-1.,0.,0.));
#1962=DIRECTION('',(0.,0.,-1.));
#1963=DIRECTION('center_axis',(0.,0.,1.));
#1964=DIRECTION('ref_axis',(-6.12323399573677E-17,1.,0.));
#1965=DIRECTION('center_axis',(-1.,0.,7.65671051465625E-17));
#1966=DIRECTION('ref_axis',(-7.65671051465625E-17,0.,-1.));
#1967=DIRECTION('',(7.65671051465625E-17,0.,1.));
#1968=DIRECTION('center_axis',(-1.,0.,7.65671051465625E-17));
#1969=DIRECTION('ref_axis',(-5.41411192649578E-17,-0.707106781186548,-0.707106781186548));
#1970=DIRECTION('',(0.,-1.,0.));
#1971=DIRECTION('center_axis',(1.,0.,-7.65671051465625E-17));
#1972=DIRECTION('ref_axis',(0.,0.,1.));
#1973=DIRECTION('center_axis',(1.,0.,-7.65671051465625E-17));
#1974=DIRECTION('ref_axis',(0.,0.,1.));
#1975=DIRECTION('center_axis',(0.,0.,-1.));
#1976=DIRECTION('ref_axis',(-1.,0.,0.));
#1977=DIRECTION('center_axis',(0.,0.,1.));
#1978=DIRECTION('ref_axis',(1.,0.,0.));
#1979=DIRECTION('center_axis',(1.,0.,0.));
#1980=DIRECTION('ref_axis',(0.,1.,0.));
#1981=DIRECTION('center_axis',(-1.,0.,0.));
#1982=DIRECTION('ref_axis',(0.,0.,1.));
#1983=DIRECTION('center_axis',(-1.,0.,0.));
#1984=DIRECTION('ref_axis',(0.,0.,1.));
#1985=DIRECTION('center_axis',(0.,0.,-1.));
#1986=DIRECTION('ref_axis',(1.,0.,0.));
#1987=DIRECTION('center_axis',(0.,0.,-1.));
#1988=DIRECTION('ref_axis',(1.,0.,0.));
#1989=DIRECTION('',(0.707106781186547,-8.65956056235493E-17,0.707106781186548));
#1990=DIRECTION('center_axis',(0.,0.,1.));
#1991=DIRECTION('ref_axis',(1.,0.,0.));
#1992=DIRECTION('center_axis',(0.,0.,-1.));
#1993=DIRECTION('ref_axis',(1.,0.,0.));
#1994=DIRECTION('center_axis',(0.,0.,-1.));
#1995=DIRECTION('ref_axis',(-1.,0.,0.));
#1996=DIRECTION('center_axis',(0.,0.,-1.));
#1997=DIRECTION('ref_axis',(-1.,0.,0.));
#1998=DIRECTION('',(0.,0.,-1.));
#1999=DIRECTION('center_axis',(0.,0.,-1.));
#2000=DIRECTION('ref_axis',(-1.,0.,0.));
#2001=DIRECTION('center_axis',(0.,0.,1.));
#2002=DIRECTION('ref_axis',(1.,0.,0.));
#2003=DIRECTION('center_axis',(0.,0.,1.));
#2004=DIRECTION('ref_axis',(1.,0.,0.));
#2005=DIRECTION('center_axis',(0.,0.,1.));
#2006=DIRECTION('ref_axis',(1.,0.,0.));
#2007=DIRECTION('center_axis',(0.,0.,1.));
#2008=DIRECTION('ref_axis',(1.,0.,0.));
#2009=DIRECTION('center_axis',(0.,0.,1.));
#2010=DIRECTION('ref_axis',(1.,0.,0.));
#2011=DIRECTION('center_axis',(0.,0.,1.));
#2012=DIRECTION('ref_axis',(-1.,0.,0.));
#2013=DIRECTION('center_axis',(0.,0.,1.));
#2014=DIRECTION('ref_axis',(-1.,0.,0.));
#2015=DIRECTION('',(-0.707106781186547,-8.65956056235493E-17,-0.707106781186548));
#2016=DIRECTION('center_axis',(0.,0.,1.));
#2017=DIRECTION('ref_axis',(1.,0.,0.));
#2018=DIRECTION('center_axis',(0.,0.,-1.));
#2019=DIRECTION('ref_axis',(-1.,0.,0.));
#2020=DIRECTION('center_axis',(0.,0.,1.));
#2021=DIRECTION('ref_axis',(-1.,0.,0.));
#2022=DIRECTION('center_axis',(0.,0.,1.));
#2023=DIRECTION('ref_axis',(-1.,0.,0.));
#2024=DIRECTION('center_axis',(0.,0.,1.));
#2025=DIRECTION('ref_axis',(-1.,0.,0.));
#2026=DIRECTION('center_axis',(0.,0.,1.));
#2027=DIRECTION('ref_axis',(-1.,0.,0.));
#2028=DIRECTION('center_axis',(0.,0.,1.));
#2029=DIRECTION('ref_axis',(-1.,0.,0.));
#2030=DIRECTION('center_axis',(0.,-1.,0.));
#2031=DIRECTION('ref_axis',(1.,0.,0.));
#2032=DIRECTION('center_axis',(-1.,0.,-7.65671051465625E-17));
#2033=DIRECTION('ref_axis',(-7.65671051465625E-17,0.,1.));
#2034=DIRECTION('center_axis',(1.,0.,7.65671051465625E-17));
#2035=DIRECTION('ref_axis',(-7.65671051465625E-17,0.,1.));
#2036=DIRECTION('center_axis',(1.,0.,7.65671051465625E-17));
#2037=DIRECTION('ref_axis',(0.,0.,1.));
#2038=DIRECTION('center_axis',(1.,0.,0.));
#2039=DIRECTION('ref_axis',(0.,0.,1.));
#2040=DIRECTION('',(-1.,0.,0.));
#2041=DIRECTION('center_axis',(1.,0.,0.));
#2042=DIRECTION('ref_axis',(0.,0.,1.));
#2043=DIRECTION('',(-1.,0.,0.));
#2044=DIRECTION('center_axis',(-1.,0.,-7.65671051465625E-17));
#2045=DIRECTION('ref_axis',(-7.65671051465625E-17,0.,1.));
#2046=DIRECTION('center_axis',(1.,0.,7.65671051465625E-17));
#2047=DIRECTION('ref_axis',(-7.65671051465625E-17,0.,1.));
#2048=DIRECTION('center_axis',(1.,0.,7.65671051465625E-17));
#2049=DIRECTION('ref_axis',(0.,0.,1.));
#2050=DIRECTION('center_axis',(1.,0.,0.));
#2051=DIRECTION('ref_axis',(0.,0.,1.));
#2052=DIRECTION('',(-1.,0.,0.));
#2053=DIRECTION('center_axis',(1.,0.,0.));
#2054=DIRECTION('ref_axis',(0.,0.,1.));
#2055=DIRECTION('',(-1.,0.,0.));
#2056=DIRECTION('center_axis',(1.,0.,0.));
#2057=DIRECTION('ref_axis',(0.,0.,1.));
#2058=DIRECTION('',(1.,0.,0.));
#2059=DIRECTION('center_axis',(1.,0.,-7.65671051465625E-17));
#2060=DIRECTION('ref_axis',(7.65671051465625E-17,0.,1.));
#2061=DIRECTION('center_axis',(-1.,0.,7.65671051465625E-17));
#2062=DIRECTION('ref_axis',(7.65671051465625E-17,0.,1.));
#2063=DIRECTION('center_axis',(-1.,0.,7.65671051465625E-17));
#2064=DIRECTION('ref_axis',(0.,0.,1.));
#2065=DIRECTION('center_axis',(1.,0.,0.));
#2066=DIRECTION('ref_axis',(0.,0.,1.));
#2067=DIRECTION('',(1.,0.,0.));
#2068=DIRECTION('center_axis',(1.,0.,-7.65671051465625E-17));
#2069=DIRECTION('ref_axis',(7.65671051465625E-17,0.,1.));
#2070=DIRECTION('center_axis',(-1.,0.,7.65671051465625E-17));
#2071=DIRECTION('ref_axis',(7.65671051465625E-17,0.,1.));
#2072=DIRECTION('center_axis',(-1.,0.,7.65671051465625E-17));
#2073=DIRECTION('ref_axis',(0.,0.,1.));
#2074=DIRECTION('center_axis',(1.,0.,0.));
#2075=DIRECTION('ref_axis',(0.,0.,1.));
#2076=DIRECTION('',(1.,0.,0.));
#2077=DIRECTION('center_axis',(1.,0.,0.));
#2078=DIRECTION('ref_axis',(0.,0.,1.));
#2079=DIRECTION('',(1.,0.,0.));
#2080=DIRECTION('center_axis',(7.65671051465625E-17,0.,-1.));
#2081=DIRECTION('ref_axis',(0.707106781186548,0.707106781186548,0.));
#2082=DIRECTION('center_axis',(0.,0.,1.));
#2083=DIRECTION('ref_axis',(1.,0.,0.));
#2084=DIRECTION('',(-7.65671051465625E-17,0.,1.));
#2085=DIRECTION('center_axis',(1.,0.,7.65671051465625E-17));
#2086=DIRECTION('ref_axis',(1.11022302462516E-16,0.,-1.));
#2087=DIRECTION('center_axis',(0.,-1.,0.));
#2088=DIRECTION('ref_axis',(1.,0.,0.));
#2089=DIRECTION('center_axis',(-1.,0.,-7.65671051465625E-17));
#2090=DIRECTION('ref_axis',(5.55111512312578E-17,-0.707106781186547,-0.707106781186547));
#2091=DIRECTION('center_axis',(0.,1.,0.));
#2092=DIRECTION('ref_axis',(0.707106781186546,0.,0.707106781186549));
#2093=DIRECTION('center_axis',(0.,-1.,0.));
#2094=DIRECTION('ref_axis',(1.,0.,0.));
#2095=DIRECTION('',(0.,-1.,0.));
#2096=DIRECTION('center_axis',(0.,0.,1.));
#2097=DIRECTION('ref_axis',(1.,0.,0.));
#2098=DIRECTION('center_axis',(0.,1.,0.));
#2099=DIRECTION('ref_axis',(-1.,0.,0.));
#2100=DIRECTION('center_axis',(0.,0.,-1.));
#2101=DIRECTION('ref_axis',(-6.12323399573677E-17,1.,0.));
#2102=DIRECTION('center_axis',(0.,-1.,0.));
#2103=DIRECTION('ref_axis',(-0.707106781186548,0.,0.707106781186548));
#2104=DIRECTION('center_axis',(0.,1.,0.));
#2105=DIRECTION('ref_axis',(-1.,0.,0.));
#2106=DIRECTION('',(0.,1.,0.));
#2107=DIRECTION('center_axis',(-1.,0.,7.65671051465625E-17));
#2108=DIRECTION('ref_axis',(1.11022302462516E-16,0.,1.));
#2109=DIRECTION('center_axis',(0.,0.,-1.));
#2110=DIRECTION('ref_axis',(-1.,0.,0.));
#2111=DIRECTION('center_axis',(1.,0.,-7.65671051465625E-17));
#2112=DIRECTION('ref_axis',(-5.55111512312578E-17,-0.707106781186547,-0.707106781186547));
#2113=DIRECTION('center_axis',(7.65671051465625E-17,0.,1.));
#2114=DIRECTION('ref_axis',(-0.707106781186548,0.707106781186548,0.));
#2115=DIRECTION('',(-7.65671051465625E-17,0.,-1.));
#2116=DIRECTION('center_axis',(-1.,0.,0.));
#2117=DIRECTION('ref_axis',(0.,-0.707106781186547,-0.707106781186547));
#2118=DIRECTION('',(1.,0.,0.));
#2119=DIRECTION('',(-1.,0.,0.));
#2120=DIRECTION('',(-1.,0.,0.));
#2121=DIRECTION('center_axis',(0.,0.,-1.));
#2122=DIRECTION('ref_axis',(-1.,0.,0.));
#2123=DIRECTION('center_axis',(0.,0.,-1.));
#2124=DIRECTION('ref_axis',(-1.,0.,0.));
#2125=DIRECTION('',(0.707106781186546,8.65956056235491E-17,-0.707106781186549));
#2126=DIRECTION('center_axis',(0.,0.,1.));
#2127=DIRECTION('ref_axis',(-1.,0.,0.));
#2128=DIRECTION('center_axis',(0.,0.,1.));
#2129=DIRECTION('ref_axis',(-1.,0.,0.));
#2130=DIRECTION('center_axis',(0.,0.,-1.));
#2131=DIRECTION('ref_axis',(-1.,0.,0.));
#2132=DIRECTION('center_axis',(0.,0.,-1.));
#2133=DIRECTION('ref_axis',(1.,0.,0.));
#2134=DIRECTION('',(0.,0.,1.));
#2135=DIRECTION('center_axis',(0.,0.,1.));
#2136=DIRECTION('ref_axis',(-1.,0.,0.));
#2137=DIRECTION('',(-0.707106781186554,-8.65956056235502E-17,-0.707106781186541));
#2138=DIRECTION('center_axis',(0.,0.,-1.));
#2139=DIRECTION('ref_axis',(-1.,0.,0.));
#2140=DIRECTION('center_axis',(0.,0.,-1.));
#2141=DIRECTION('ref_axis',(-1.,0.,0.));
#2142=DIRECTION('center_axis',(0.,0.,-1.));
#2143=DIRECTION('ref_axis',(1.,0.,0.));
#2144=DIRECTION('',(0.,0.,-1.));
#2145=DIRECTION('center_axis',(0.,0.,-1.));
#2146=DIRECTION('ref_axis',(1.,0.,0.));
#2147=DIRECTION('center_axis',(0.,0.,1.));
#2148=DIRECTION('ref_axis',(-1.,0.,0.));
#2149=DIRECTION('',(-0.707106781186548,-8.65956056235493E-17,-0.707106781186548));
#2150=DIRECTION('center_axis',(0.,0.,-1.));
#2151=DIRECTION('ref_axis',(-1.,0.,0.));
#2152=DIRECTION('center_axis',(0.,0.,-1.));
#2153=DIRECTION('ref_axis',(-1.,0.,0.));
#2154=DIRECTION('center_axis',(0.,0.,-1.));
#2155=DIRECTION('ref_axis',(1.,0.,0.));
#2156=DIRECTION('',(0.,0.,-1.));
#2157=DIRECTION('center_axis',(0.,0.,-1.));
#2158=DIRECTION('ref_axis',(1.,0.,0.));
#2159=DIRECTION('center_axis',(0.,0.,1.));
#2160=DIRECTION('ref_axis',(-1.,0.,0.));
#2161=DIRECTION('',(-0.707106781186548,-8.65956056235493E-17,-0.707106781186548));
#2162=DIRECTION('center_axis',(0.,0.,-1.));
#2163=DIRECTION('ref_axis',(-1.,0.,0.));
#2164=DIRECTION('center_axis',(0.,0.,-1.));
#2165=DIRECTION('ref_axis',(-1.,0.,0.));
#2166=DIRECTION('center_axis',(0.,0.,-1.));
#2167=DIRECTION('ref_axis',(1.,0.,0.));
#2168=DIRECTION('',(0.,0.,-1.));
#2169=DIRECTION('center_axis',(0.,0.,-1.));
#2170=DIRECTION('ref_axis',(1.,0.,0.));
#2171=DIRECTION('center_axis',(0.,0.,1.));
#2172=DIRECTION('ref_axis',(-1.,0.,0.));
#2173=DIRECTION('',(-0.707106781186548,-8.65956056235493E-17,-0.707106781186548));
#2174=DIRECTION('center_axis',(0.,0.,-1.));
#2175=DIRECTION('ref_axis',(-1.,0.,0.));
#2176=DIRECTION('center_axis',(0.,0.,-1.));
#2177=DIRECTION('ref_axis',(-1.,0.,0.));
#2178=DIRECTION('center_axis',(0.,0.,-1.));
#2179=DIRECTION('ref_axis',(1.,0.,0.));
#2180=DIRECTION('',(0.,0.,-1.));
#2181=DIRECTION('center_axis',(0.,0.,-1.));
#2182=DIRECTION('ref_axis',(1.,0.,0.));
#2183=DIRECTION('center_axis',(0.,0.,1.));
#2184=DIRECTION('ref_axis',(1.,0.,0.));
#2185=DIRECTION('center_axis',(0.,0.,1.));
#2186=DIRECTION('ref_axis',(1.,0.,0.));
#2187=DIRECTION('center_axis',(0.,0.,1.));
#2188=DIRECTION('ref_axis',(1.,0.,0.));
#2189=DIRECTION('center_axis',(0.,0.,1.));
#2190=DIRECTION('ref_axis',(1.,0.,0.));
#2191=DIRECTION('center_axis',(0.,0.,1.));
#2192=DIRECTION('ref_axis',(1.,0.,0.));
#2193=DIRECTION('center_axis',(0.,0.,1.));
#2194=DIRECTION('ref_axis',(1.,0.,0.));
#2195=DIRECTION('center_axis',(0.,0.,1.));
#2196=DIRECTION('ref_axis',(1.,0.,0.));
#2197=DIRECTION('center_axis',(0.,0.,1.));
#2198=DIRECTION('ref_axis',(1.,0.,0.));
#2199=DIRECTION('center_axis',(0.,0.,-1.));
#2200=DIRECTION('ref_axis',(1.,0.,0.));
#2201=DIRECTION('',(0.,0.,-1.));
#2202=DIRECTION('center_axis',(0.,0.,-1.));
#2203=DIRECTION('ref_axis',(1.,0.,0.));
#2204=DIRECTION('',(0.,0.,-1.));
#2205=DIRECTION('center_axis',(0.,0.,-1.));
#2206=DIRECTION('ref_axis',(1.,0.,0.));
#2207=DIRECTION('',(0.,0.,-1.));
#2208=DIRECTION('center_axis',(0.,0.,-1.));
#2209=DIRECTION('ref_axis',(1.,0.,0.));
#2210=DIRECTION('',(0.,0.,-1.));
#2211=DIRECTION('center_axis',(0.,0.,1.));
#2212=DIRECTION('ref_axis',(-1.,0.,0.));
#2213=DIRECTION('',(-0.707106781186548,-8.65956056235493E-17,-0.707106781186548));
#2214=DIRECTION('center_axis',(0.,0.,-1.));
#2215=DIRECTION('ref_axis',(-1.,0.,0.));
#2216=DIRECTION('center_axis',(0.,0.,-1.));
#2217=DIRECTION('ref_axis',(-1.,0.,0.));
#2218=DIRECTION('center_axis',(0.,0.,-1.));
#2219=DIRECTION('ref_axis',(1.,0.,0.));
#2220=DIRECTION('',(0.,0.,-1.));
#2221=DIRECTION('center_axis',(0.,0.,-1.));
#2222=DIRECTION('ref_axis',(1.,0.,0.));
#2223=DIRECTION('center_axis',(0.,0.,1.));
#2224=DIRECTION('ref_axis',(1.,0.,0.));
#2225=DIRECTION('center_axis',(0.,0.,-1.));
#2226=DIRECTION('ref_axis',(-1.,0.,0.));
#2227=DIRECTION('',(0.707106781186547,8.65956056235493E-17,-0.707106781186547));
#2228=DIRECTION('center_axis',(0.,0.,1.));
#2229=DIRECTION('ref_axis',(-1.,0.,0.));
#2230=DIRECTION('center_axis',(0.,0.,1.));
#2231=DIRECTION('ref_axis',(-1.,0.,0.));
#2232=DIRECTION('center_axis',(0.,0.,1.));
#2233=DIRECTION('ref_axis',(1.,0.,0.));
#2234=DIRECTION('',(0.,0.,-1.));
#2235=DIRECTION('center_axis',(0.,0.,-1.));
#2236=DIRECTION('ref_axis',(1.,0.,0.));
#2237=DIRECTION('center_axis',(0.,0.,1.));
#2238=DIRECTION('ref_axis',(1.,0.,0.));
#2239=DIRECTION('center_axis',(0.,1.,0.));
#2240=DIRECTION('ref_axis',(0.,0.,1.));
#2241=CARTESIAN_POINT('',(0.,0.,0.));
#2242=CARTESIAN_POINT('Ctrl Pts',(-55.,-143.,88.5));
#2243=CARTESIAN_POINT('Ctrl Pts',(-55.,-143.,91.5));
#2244=CARTESIAN_POINT('Ctrl Pts',(-58.,-143.,91.5));
#2245=CARTESIAN_POINT('Ctrl Pts',(-55.,-145.,88.5));
#2246=CARTESIAN_POINT('Ctrl Pts',(-55.,-145.,91.5));
#2247=CARTESIAN_POINT('Ctrl Pts',(-58.,-145.,91.5));
#2248=CARTESIAN_POINT('Ctrl Pts',(-57.,-145.,88.5));
#2249=CARTESIAN_POINT('Ctrl Pts',(-57.,-145.,89.5));
#2250=CARTESIAN_POINT('Ctrl Pts',(-58.,-145.,89.5));
#2251=CARTESIAN_POINT('',(-58.,-143.,91.5));
#2252=CARTESIAN_POINT('',(-58.,-145.,89.5));
#2253=CARTESIAN_POINT('Origin',(-58.,-143.,89.5));
#2254=CARTESIAN_POINT('',(-57.,-145.,88.5));
#2255=CARTESIAN_POINT('Origin',(-58.,-145.,88.5));
#2256=CARTESIAN_POINT('',(-55.,-143.,88.5));
#2257=CARTESIAN_POINT('Origin',(-57.,-143.,88.5));
#2258=CARTESIAN_POINT('Origin',(-58.,-143.,88.5));
#2259=CARTESIAN_POINT('Ctrl Pts',(57.,-145.,88.5));
#2260=CARTESIAN_POINT('Ctrl Pts',(57.,-145.,89.5));
#2261=CARTESIAN_POINT('Ctrl Pts',(58.,-145.,89.5));
#2262=CARTESIAN_POINT('Ctrl Pts',(55.,-145.,88.5));
#2263=CARTESIAN_POINT('Ctrl Pts',(55.,-145.,91.5));
#2264=CARTESIAN_POINT('Ctrl Pts',(58.,-145.,91.5));
#2265=CARTESIAN_POINT('Ctrl Pts',(55.,-143.,88.5));
#2266=CARTESIAN_POINT('Ctrl Pts',(55.,-143.,91.5));
#2267=CARTESIAN_POINT('Ctrl Pts',(58.,-143.,91.5));
#2268=CARTESIAN_POINT('',(58.,-145.,89.5));
#2269=CARTESIAN_POINT('',(58.,-143.,91.5));
#2270=CARTESIAN_POINT('Origin',(58.,-143.,89.5));
#2271=CARTESIAN_POINT('',(55.,-143.,88.5));
#2272=CARTESIAN_POINT('Origin',(58.,-143.,88.5));
#2273=CARTESIAN_POINT('',(57.,-145.,88.5));
#2274=CARTESIAN_POINT('Origin',(57.,-143.,88.5));
#2275=CARTESIAN_POINT('Origin',(58.,-145.,88.5));
#2276=CARTESIAN_POINT('Origin',(58.,-105.,88.5));
#2277=CARTESIAN_POINT('',(58.,-114.5,91.5));
#2278=CARTESIAN_POINT('',(55.,-114.5,88.5));
#2279=CARTESIAN_POINT('Origin',(58.,-114.5,88.5));
#2280=CARTESIAN_POINT('',(55.,-105.,88.5));
#2281=CARTESIAN_POINT('',(58.,-105.,91.5));
#2282=CARTESIAN_POINT('Origin',(50.5,-114.5,88.5));
#2283=CARTESIAN_POINT('',(50.5,-107.,91.5));
#2284=CARTESIAN_POINT('',(50.5,-110.,88.5));
#2285=CARTESIAN_POINT('Origin',(50.5,-107.,88.5));
#2286=CARTESIAN_POINT('Origin',(50.5,-114.5,88.5));
#2287=CARTESIAN_POINT('Origin',(50.5,-114.5,91.5));
#2288=CARTESIAN_POINT('Origin',(32.5,-107.,88.5));
#2289=CARTESIAN_POINT('',(-50.5,-107.,91.5));
#2290=CARTESIAN_POINT('',(-50.5,-110.,88.5));
#2291=CARTESIAN_POINT('Origin',(-50.5,-107.,88.5));
#2292=CARTESIAN_POINT('',(32.5,-110.,88.5));
#2293=CARTESIAN_POINT('',(32.5,-107.,91.5));
#2294=CARTESIAN_POINT('Origin',(-50.5,-114.5,88.5));
#2295=CARTESIAN_POINT('',(-58.,-114.5,91.5));
#2296=CARTESIAN_POINT('',(-55.,-114.5,88.5));
#2297=CARTESIAN_POINT('Origin',(-58.,-114.5,88.5));
#2298=CARTESIAN_POINT('Origin',(-50.5,-114.5,88.5));
#2299=CARTESIAN_POINT('Origin',(-50.5,-114.5,91.5));
#2300=CARTESIAN_POINT('Origin',(-58.,-122.5,88.5));
#2301=CARTESIAN_POINT('',(-55.,-122.5,88.5));
#2302=CARTESIAN_POINT('',(-58.,-122.5,91.5));
#2303=CARTESIAN_POINT('Origin',(60.,-143.,89.5));
#2304=CARTESIAN_POINT('',(-62.,-143.,91.5));
#2305=CARTESIAN_POINT('',(4.44089209850063E-15,-143.,91.5));
#2306=CARTESIAN_POINT('',(-62.,-145.,89.5));
#2307=CARTESIAN_POINT('Origin',(-62.,-143.,89.5));
#2308=CARTESIAN_POINT('',(4.44089209850063E-15,-145.,89.5));
#2309=CARTESIAN_POINT('Origin',(65.,-100.,91.5));
#2310=CARTESIAN_POINT('',(62.,-143.,91.5));
#2311=CARTESIAN_POINT('',(60.,-143.,91.5));
#2312=CARTESIAN_POINT('',(62.,-103.,91.5));
#2313=CARTESIAN_POINT('',(62.,-100.,91.5));
#2314=CARTESIAN_POINT('',(-62.,-103.,91.5));
#2315=CARTESIAN_POINT('',(32.5,-103.,91.5));
#2316=CARTESIAN_POINT('',(-62.,-100.,91.5));
#2317=CARTESIAN_POINT('Origin',(60.,-143.,89.5));
#2318=CARTESIAN_POINT('',(62.,-145.,89.5));
#2319=CARTESIAN_POINT('',(60.,-145.,89.5));
#2320=CARTESIAN_POINT('Origin',(62.,-143.,89.5));
#2321=CARTESIAN_POINT('Origin',(55.,-145.,-24.5));
#2322=CARTESIAN_POINT('',(57.,-145.,-7.5));
#2323=CARTESIAN_POINT('',(57.,-145.,-24.5));
#2324=CARTESIAN_POINT('',(63.,-145.,-7.5));
#2325=CARTESIAN_POINT('',(27.5,-145.,-7.5));
#2326=CARTESIAN_POINT('',(63.,-145.,88.5));
#2327=CARTESIAN_POINT('',(63.,-145.,-24.5));
#2328=CARTESIAN_POINT('Origin',(62.,-145.,88.5));
#2329=CARTESIAN_POINT('Ctrl Pts',(65.,-143.,88.5));
#2330=CARTESIAN_POINT('Ctrl Pts',(65.,-143.,91.5));
#2331=CARTESIAN_POINT('Ctrl Pts',(62.,-143.,91.5));
#2332=CARTESIAN_POINT('Ctrl Pts',(65.,-145.,88.5));
#2333=CARTESIAN_POINT('Ctrl Pts',(65.,-145.,91.5));
#2334=CARTESIAN_POINT('Ctrl Pts',(62.,-145.,91.5));
#2335=CARTESIAN_POINT('Ctrl Pts',(63.,-145.,88.5));
#2336=CARTESIAN_POINT('Ctrl Pts',(63.,-145.,89.5));
#2337=CARTESIAN_POINT('Ctrl Pts',(62.,-145.,89.5));
#2338=CARTESIAN_POINT('',(65.,-143.,88.5));
#2339=CARTESIAN_POINT('Origin',(63.,-143.,88.5));
#2340=CARTESIAN_POINT('Origin',(62.,-143.,88.5));
#2341=CARTESIAN_POINT('Ctrl Pts',(62.,-103.,91.5));
#2342=CARTESIAN_POINT('Ctrl Pts',(62.6731984257692,-102.775600524744,91.5));
#2343=CARTESIAN_POINT('Ctrl Pts',(63.7910064553582,-102.402997848214,91.1063881069876));
#2344=CARTESIAN_POINT('Ctrl Pts',(64.7946485400317,-102.068450486656,89.8446919212488));
#2345=CARTESIAN_POINT('Ctrl Pts',(65.,-102.,88.9487989505128));
#2346=CARTESIAN_POINT('Ctrl Pts',(65.,-102.,88.5));
#2347=CARTESIAN_POINT('Ctrl Pts',(62.,-103.,91.5));
#2348=CARTESIAN_POINT('Ctrl Pts',(62.5877129113859,-102.69011501036,91.5));
#2349=CARTESIAN_POINT('Ctrl Pts',(63.564573811256,-102.177491626381,91.2262546842477));
#2350=CARTESIAN_POINT('Ctrl Pts',(64.6929804084855,-101.57626000401,90.0923597323544));
#2351=CARTESIAN_POINT('Ctrl Pts',(65.,-101.401601399316,89.0396917370004));
#2352=CARTESIAN_POINT('Ctrl Pts',(65.,-101.401601399316,88.5));
#2353=CARTESIAN_POINT('Ctrl Pts',(62.,-103.,91.5));
#2354=CARTESIAN_POINT('Ctrl Pts',(62.4381132612149,-102.540515360189,91.5));
#2355=CARTESIAN_POINT('Ctrl Pts',(63.1658072172741,-101.77650807178,91.3138720484374));
#2356=CARTESIAN_POINT('Ctrl Pts',(64.1647263751287,-100.717359451162,90.2996951717067));
#2357=CARTESIAN_POINT('Ctrl Pts',(64.4978062915127,-100.365663173876,89.1177890382287));
#2358=CARTESIAN_POINT('Ctrl Pts',(64.4978062915127,-100.365663173876,88.5));
#2359=CARTESIAN_POINT('Ctrl Pts',(62.,-103.,91.5));
#2360=CARTESIAN_POINT('Ctrl Pts',(62.288513611044,-102.390915710018,91.5));
#2361=CARTESIAN_POINT('Ctrl Pts',(62.7681128604717,-101.376694105091,91.1966291720821));
#2362=CARTESIAN_POINT('Ctrl Pts',(63.3013169646184,-100.280944992522,90.0285157551544));
#2363=CARTESIAN_POINT('Ctrl Pts',(63.4487989505128,-100.,89.0160018828789));
#2364=CARTESIAN_POINT('Ctrl Pts',(63.4487989505128,-100.,88.5));
#2365=CARTESIAN_POINT('Ctrl Pts',(62.,-103.,91.5));
#2366=CARTESIAN_POINT('Ctrl Pts',(62.2243994752564,-102.326801574231,91.5));
#2367=CARTESIAN_POINT('Ctrl Pts',(62.5970021517861,-101.208993544642,91.1063881069876));
#2368=CARTESIAN_POINT('Ctrl Pts',(62.9315495133439,-100.205351459968,89.8446919212488));
#2369=CARTESIAN_POINT('Ctrl Pts',(63.,-100.,88.9487989505128));
#2370=CARTESIAN_POINT('Ctrl Pts',(63.,-100.,88.5));
#2371=CARTESIAN_POINT('',(65.,-102.,88.5));
#2372=CARTESIAN_POINT('',(63.,-100.,88.5));
#2373=CARTESIAN_POINT('Origin',(63.,-102.,88.5));
#2374=CARTESIAN_POINT('Origin',(62.,-103.,88.5));
#2375=CARTESIAN_POINT('Origin',(62.,-103.,88.5));
#2376=CARTESIAN_POINT('Ctrl Pts',(-62.,-103.,91.5));
#2377=CARTESIAN_POINT('Ctrl Pts',(-62.2243994752564,-102.326801574231,91.5));
#2378=CARTESIAN_POINT('Ctrl Pts',(-62.5970021517861,-101.208993544642,91.1063881069876));
#2379=CARTESIAN_POINT('Ctrl Pts',(-62.9315495133439,-100.205351459968,89.8446919212488));
#2380=CARTESIAN_POINT('Ctrl Pts',(-63.,-100.,88.9487989505128));
#2381=CARTESIAN_POINT('Ctrl Pts',(-63.,-100.,88.5));
#2382=CARTESIAN_POINT('Ctrl Pts',(-62.,-103.,91.5));
#2383=CARTESIAN_POINT('Ctrl Pts',(-62.3098849896398,-102.412287088614,91.5));
#2384=CARTESIAN_POINT('Ctrl Pts',(-62.8225083736188,-101.435426188744,91.2262546842477));
#2385=CARTESIAN_POINT('Ctrl Pts',(-63.4237399959899,-100.307019591515,90.0923597323544));
#2386=CARTESIAN_POINT('Ctrl Pts',(-63.5983986006838,-100.,89.0396917370004));
#2387=CARTESIAN_POINT('Ctrl Pts',(-63.5983986006838,-100.,88.5));
#2388=CARTESIAN_POINT('Ctrl Pts',(-62.,-103.,91.5));
#2389=CARTESIAN_POINT('Ctrl Pts',(-62.4594846398107,-102.561886738785,91.5));
#2390=CARTESIAN_POINT('Ctrl Pts',(-63.2234919282201,-101.834192782726,91.3138720484374));
#2391=CARTESIAN_POINT('Ctrl Pts',(-64.2826405488377,-100.835273624871,90.2996951717067));
#2392=CARTESIAN_POINT('Ctrl Pts',(-64.6343368261243,-100.502193708487,89.1177890382287));
#2393=CARTESIAN_POINT('Ctrl Pts',(-64.6343368261243,-100.502193708487,88.5));
#2394=CARTESIAN_POINT('Ctrl Pts',(-62.,-103.,91.5));
#2395=CARTESIAN_POINT('Ctrl Pts',(-62.6090842899817,-102.711486388956,91.5));
#2396=CARTESIAN_POINT('Ctrl Pts',(-63.6233058949091,-102.231887139528,91.1966291720821));
#2397=CARTESIAN_POINT('Ctrl Pts',(-64.7190550074785,-101.698683035382,90.0285157551544));
#2398=CARTESIAN_POINT('Ctrl Pts',(-65.,-101.551201049487,89.0160018828789));
#2399=CARTESIAN_POINT('Ctrl Pts',(-65.,-101.551201049487,88.5));
#2400=CARTESIAN_POINT('Ctrl Pts',(-62.,-103.,91.5));
#2401=CARTESIAN_POINT('Ctrl Pts',(-62.6731984257693,-102.775600524744,91.5));
#2402=CARTESIAN_POINT('Ctrl Pts',(-63.7910064553582,-102.402997848214,91.1063881069876));
#2403=CARTESIAN_POINT('Ctrl Pts',(-64.7946485400316,-102.068450486656,89.8446919212488));
#2404=CARTESIAN_POINT('Ctrl Pts',(-65.,-102.,88.9487989505128));
#2405=CARTESIAN_POINT('Ctrl Pts',(-65.,-102.,88.5));
#2406=CARTESIAN_POINT('',(-63.,-100.,88.5));
#2407=CARTESIAN_POINT('',(-65.,-102.,88.5));
#2408=CARTESIAN_POINT('Origin',(-63.,-102.,88.5));
#2409=CARTESIAN_POINT('Origin',(-62.,-103.,88.5));
#2410=CARTESIAN_POINT('Origin',(-62.,-103.,88.5));
#2411=CARTESIAN_POINT('Ctrl Pts',(-63.,-145.,88.5));
#2412=CARTESIAN_POINT('Ctrl Pts',(-63.,-145.,89.5));
#2413=CARTESIAN_POINT('Ctrl Pts',(-62.,-145.,89.5));
#2414=CARTESIAN_POINT('Ctrl Pts',(-65.,-145.,88.5));
#2415=CARTESIAN_POINT('Ctrl Pts',(-65.,-145.,91.5));
#2416=CARTESIAN_POINT('Ctrl Pts',(-62.,-145.,91.5));
#2417=CARTESIAN_POINT('Ctrl Pts',(-65.,-143.,88.5));
#2418=CARTESIAN_POINT('Ctrl Pts',(-65.,-143.,91.5));
#2419=CARTESIAN_POINT('Ctrl Pts',(-62.,-143.,91.5));
#2420=CARTESIAN_POINT('',(-65.,-143.,88.5));
#2421=CARTESIAN_POINT('Origin',(-62.,-143.,88.5));
#2422=CARTESIAN_POINT('',(-63.,-145.,88.5));
#2423=CARTESIAN_POINT('Origin',(-63.,-143.,88.5));
#2424=CARTESIAN_POINT('Origin',(-62.,-145.,88.5));
#2425=CARTESIAN_POINT('Origin',(-62.,-100.,88.5));
#2426=CARTESIAN_POINT('',(-65.,-100.,88.5));
#2427=CARTESIAN_POINT('Origin',(32.5,-103.,88.5));
#2428=CARTESIAN_POINT('',(32.5,-100.,88.5));
#2429=CARTESIAN_POINT('Origin',(62.,-100.,88.5));
#2430=CARTESIAN_POINT('',(65.,-100.,88.5));
#2431=CARTESIAN_POINT('Origin',(63.,-143.,-24.5));
#2432=CARTESIAN_POINT('',(65.,-143.,-7.5));
#2433=CARTESIAN_POINT('Origin',(63.,-143.,-7.5));
#2434=CARTESIAN_POINT('',(65.,-143.,-24.5));
#2435=CARTESIAN_POINT('Ctrl Pts',(-57.,-108.,-9.5));
#2436=CARTESIAN_POINT('Ctrl Pts',(-56.7008006996581,-108.972397726111,-9.5));
#2437=CARTESIAN_POINT('Ctrl Pts',(-56.1026299889703,-110.916452535847,-9.36335523158708));
#2438=CARTESIAN_POINT('Ctrl Pts',(-55.38276546231,-113.256012247492,-8.78957156125173));
#2439=CARTESIAN_POINT('Ctrl Pts',(-55.0501169401761,-114.337119944428,-8.09848322924467));
#2440=CARTESIAN_POINT('Ctrl Pts',(-55.,-114.5,-7.64959965017094));
#2441=CARTESIAN_POINT('Ctrl Pts',(-55.,-114.5,-7.5));
#2442=CARTESIAN_POINT('Ctrl Pts',(-57.,-108.,-9.5));
#2443=CARTESIAN_POINT('Ctrl Pts',(-56.6366865638706,-108.908283590324,-9.5));
#2444=CARTESIAN_POINT('Ctrl Pts',(-55.910002070484,-110.724483034967,-9.30189248296883));
#2445=CARTESIAN_POINT('Ctrl Pts',(-55.1824826989497,-112.834050463877,-8.54179667220621));
#2446=CARTESIAN_POINT('Ctrl Pts',(-55.0118532286952,-113.705940258474,-7.89120601027927));
#2447=CARTESIAN_POINT('Ctrl Pts',(-55.,-113.826801574231,-7.59916437563393));
#2448=CARTESIAN_POINT('Ctrl Pts',(-55.,-113.826801574231,-7.5));
#2449=CARTESIAN_POINT('Ctrl Pts',(-57.,-108.,-9.5));
#2450=CARTESIAN_POINT('Ctrl Pts',(-56.5084582922955,-108.780055318748,-9.5));
#2451=CARTESIAN_POINT('Ctrl Pts',(-55.5248670155025,-110.34074803375,-9.21612746214703));
#2452=CARTESIAN_POINT('Ctrl Pts',(-54.6615401389124,-111.990767237735,-8.17536395737381));
#2453=CARTESIAN_POINT('Ctrl Pts',(-54.6561858405862,-112.445936120453,-7.57226062782265));
#2454=CARTESIAN_POINT('Ctrl Pts',(-54.6918412079574,-112.483353189896,-7.52160531168154));
#2455=CARTESIAN_POINT('Ctrl Pts',(-54.6918412079574,-112.483353189896,-7.5));
#2456=CARTESIAN_POINT('Ctrl Pts',(-57.,-108.,-9.5));
#2457=CARTESIAN_POINT('Ctrl Pts',(-56.284058817039,-108.555655843492,-9.5));
#2458=CARTESIAN_POINT('Ctrl Pts',(-54.8517355113789,-109.667573293521,-9.18669075423861));
#2459=CARTESIAN_POINT('Ctrl Pts',(-53.4318032867556,-110.645306535209,-8.04328046105265));
#2460=CARTESIAN_POINT('Ctrl Pts',(-53.182679993139,-110.636620335809,-7.45363024377724));
#2461=CARTESIAN_POINT('Ctrl Pts',(-53.1864138358699,-110.590808421476,-7.49278413452156));
#2462=CARTESIAN_POINT('Ctrl Pts',(-53.1864138358699,-110.590808421476,-7.5));
#2463=CARTESIAN_POINT('Ctrl Pts',(-57.,-108.,-9.5));
#2464=CARTESIAN_POINT('Ctrl Pts',(-56.1237734775702,-108.395370504023,-9.5));
#2465=CARTESIAN_POINT('Ctrl Pts',(-54.3712624792355,-109.187542829591,-9.27138797790838));
#2466=CARTESIAN_POINT('Ctrl Pts',(-52.3765045155572,-109.919414962911,-8.41716251665509));
#2467=CARTESIAN_POINT('Ctrl Pts',(-51.6096005054573,-110.007264453566,-7.78610334862285));
#2468=CARTESIAN_POINT('Ctrl Pts',(-51.5097976386539,-110.,-7.57356389187694));
#2469=CARTESIAN_POINT('Ctrl Pts',(-51.5097976386539,-110.,-7.5));
#2470=CARTESIAN_POINT('Ctrl Pts',(-57.,-108.,-9.5));
#2471=CARTESIAN_POINT('Ctrl Pts',(-56.0276022738889,-108.299199300342,-9.5));
#2472=CARTESIAN_POINT('Ctrl Pts',(-54.0835474641534,-108.89737001103,-9.36335523158707));
#2473=CARTESIAN_POINT('Ctrl Pts',(-51.7439877525077,-109.61723453769,-8.78957156125173));
#2474=CARTESIAN_POINT('Ctrl Pts',(-50.6628800555723,-109.949883059824,-8.09848322924467));
#2475=CARTESIAN_POINT('Ctrl Pts',(-50.5,-110.,-7.64959965017094));
#2476=CARTESIAN_POINT('Ctrl Pts',(-50.5,-110.,-7.5));
#2477=CARTESIAN_POINT('',(-50.5,-110.,-7.5));
#2478=CARTESIAN_POINT('',(-55.,-114.5,-7.5));
#2479=CARTESIAN_POINT('Origin',(-50.5,-114.5,-7.5));
#2480=CARTESIAN_POINT('',(-57.,-108.,-9.5));
#2481=CARTESIAN_POINT('Origin',(-57.,-108.,-7.5));
#2482=CARTESIAN_POINT('Origin',(-57.,-108.,-7.5));
#2483=CARTESIAN_POINT('Origin',(-50.5,-114.5,4.49999999999999));
#2484=CARTESIAN_POINT('',(-55.,-114.5,4.49999999999999));
#2485=CARTESIAN_POINT('',(-50.5,-110.,4.49999999999999));
#2486=CARTESIAN_POINT('Origin',(0.,-110.,33.5));
#2487=CARTESIAN_POINT('',(50.5,-110.,-7.5));
#2488=CARTESIAN_POINT('',(0.,-110.,-7.5));
#2489=CARTESIAN_POINT('',(50.5,-110.,4.49999999999999));
#2490=CARTESIAN_POINT('Origin',(0.,-108.,-7.5));
#2491=CARTESIAN_POINT('',(57.,-108.,-9.5));
#2492=CARTESIAN_POINT('',(0.,-108.,-9.5));
#2493=CARTESIAN_POINT('Origin',(57.,-108.,-7.5));
#2494=CARTESIAN_POINT('Ctrl Pts',(57.,-108.,-9.5));
#2495=CARTESIAN_POINT('Ctrl Pts',(56.0276022738889,-108.299199300342,-9.5));
#2496=CARTESIAN_POINT('Ctrl Pts',(54.5707984947715,-108.747446616993,-9.39710704932979));
#2497=CARTESIAN_POINT('Ctrl Pts',(52.4983359273618,-109.385127406966,-8.99669105703118));
#2498=CARTESIAN_POINT('Ctrl Pts',(51.2550214421649,-109.767685710103,-8.51737950026908));
#2499=CARTESIAN_POINT('Ctrl Pts',(50.6101083548958,-109.966120506186,-7.9486154842328));
#2500=CARTESIAN_POINT('Ctrl Pts',(50.5,-110.,-7.64959965017094));
#2501=CARTESIAN_POINT('Ctrl Pts',(50.5,-110.,-7.5));
#2502=CARTESIAN_POINT('Ctrl Pts',(57.,-108.,-9.5));
#2503=CARTESIAN_POINT('Ctrl Pts',(56.0917164096764,-108.363313436129,-9.5));
#2504=CARTESIAN_POINT('Ctrl Pts',(54.7319670195612,-108.90536532795,-9.34886812846941));
#2505=CARTESIAN_POINT('Ctrl Pts',(52.8406714211954,-109.593533425755,-8.81698757305191));
#2506=CARTESIAN_POINT('Ctrl Pts',(51.7671876623874,-109.900412427124,-8.26400773319173));
#2507=CARTESIAN_POINT('Ctrl Pts',(51.2569901828771,-109.98935159519,-7.79813355249961));
#2508=CARTESIAN_POINT('Ctrl Pts',(51.1731984257692,-110.,-7.59916437563393));
#2509=CARTESIAN_POINT('Ctrl Pts',(51.1731984257692,-110.,-7.5));
#2510=CARTESIAN_POINT('Ctrl Pts',(57.,-108.,-9.5));
#2511=CARTESIAN_POINT('Ctrl Pts',(56.2199446812515,-108.491541707705,-9.5));
#2512=CARTESIAN_POINT('Ctrl Pts',(55.0540748760407,-109.223165167335,-9.2802749148607));
#2513=CARTESIAN_POINT('Ctrl Pts',(53.524941621683,-110.083249642511,-8.55462217473454));
#2514=CARTESIAN_POINT('Ctrl Pts',(52.7901155828265,-110.355997647493,-7.88197167892194));
#2515=CARTESIAN_POINT('Ctrl Pts',(52.5482021192768,-110.325203854957,-7.56665293931706));
#2516=CARTESIAN_POINT('Ctrl Pts',(52.5166468101037,-110.308158792043,-7.52160531168155));
#2517=CARTESIAN_POINT('Ctrl Pts',(52.5166468101037,-110.308158792043,-7.5));
#2518=CARTESIAN_POINT('Ctrl Pts',(57.,-108.,-9.5));
#2519=CARTESIAN_POINT('Ctrl Pts',(56.4443441565079,-108.715941182961,-9.5));
#2520=CARTESIAN_POINT('Ctrl Pts',(55.6172176441042,-109.784211121948,-9.25632629949168));
#2521=CARTESIAN_POINT('Ctrl Pts',(54.6438790828482,-111.132290542137,-8.46103557029694));
#2522=CARTESIAN_POINT('Ctrl Pts',(54.3401566120208,-111.698080900081,-7.74210501036711));
#2523=CARTESIAN_POINT('Ctrl Pts',(54.3868865212915,-111.807991333717,-7.48055952315067));
#2524=CARTESIAN_POINT('Ctrl Pts',(54.409191578524,-111.81358616413,-7.49278413452156));
#2525=CARTESIAN_POINT('Ctrl Pts',(54.409191578524,-111.81358616413,-7.5));
#2526=CARTESIAN_POINT('Ctrl Pts',(57.,-108.,-9.5));
#2527=CARTESIAN_POINT('Ctrl Pts',(56.6046294959768,-108.87622652243,-9.5));
#2528=CARTESIAN_POINT('Ctrl Pts',(56.0144264780939,-110.187706637804,-9.32485547948004));
#2529=CARTESIAN_POINT('Ctrl Pts',(55.3009940580491,-111.988443739941,-8.72685387122021));
#2530=CARTESIAN_POINT('Ctrl Pts',(55.0316972104549,-112.977127837661,-8.13605482001364));
#2531=CARTESIAN_POINT('Ctrl Pts',(54.9993295374562,-113.419529174493,-7.72186538578607));
#2532=CARTESIAN_POINT('Ctrl Pts',(55.,-113.490202361346,-7.57356389187694));
#2533=CARTESIAN_POINT('Ctrl Pts',(55.,-113.490202361346,-7.5));
#2534=CARTESIAN_POINT('Ctrl Pts',(57.,-108.,-9.5));
#2535=CARTESIAN_POINT('Ctrl Pts',(56.7008006996581,-108.972397726111,-9.5));
#2536=CARTESIAN_POINT('Ctrl Pts',(56.2525533830066,-110.429201505228,-9.39710704932979));
#2537=CARTESIAN_POINT('Ctrl Pts',(55.6148725930344,-112.501664072638,-8.99669105703118));
#2538=CARTESIAN_POINT('Ctrl Pts',(55.2323142898969,-113.744978557835,-8.51737950026908));
#2539=CARTESIAN_POINT('Ctrl Pts',(55.0338794938141,-114.389891645104,-7.94861548423281));
#2540=CARTESIAN_POINT('Ctrl Pts',(55.,-114.5,-7.64959965017094));
#2541=CARTESIAN_POINT('Ctrl Pts',(55.,-114.5,-7.5));
#2542=CARTESIAN_POINT('',(55.,-114.5,-7.5));
#2543=CARTESIAN_POINT('Origin',(50.5,-114.5,-7.5));
#2544=CARTESIAN_POINT('Origin',(57.,-108.,-7.5));
#2545=CARTESIAN_POINT('Origin',(50.5,-114.5,4.49999999999999));
#2546=CARTESIAN_POINT('',(55.,-114.5,4.49999999999999));
#2547=CARTESIAN_POINT('Origin',(55.,-110.,-24.5));
#2548=CARTESIAN_POINT('',(55.,-143.,-7.5));
#2549=CARTESIAN_POINT('',(55.,-63.75,-7.5));
#2550=CARTESIAN_POINT('',(55.,-143.,-24.5));
#2551=CARTESIAN_POINT('',(55.,-135.,70.));
#2552=CARTESIAN_POINT('Origin',(55.,-135.,71.5));
#2553=CARTESIAN_POINT('',(55.,-135.,20.));
#2554=CARTESIAN_POINT('Origin',(55.,-135.,21.5));
#2555=CARTESIAN_POINT('Origin',(57.,-63.75,-7.5));
#2556=CARTESIAN_POINT('',(57.,-143.,-9.5));
#2557=CARTESIAN_POINT('',(57.,-63.75,-9.5));
#2558=CARTESIAN_POINT('Origin',(57.,-143.,-7.5));
#2559=CARTESIAN_POINT('Origin',(57.,-143.,-7.5));
#2560=CARTESIAN_POINT('Origin',(57.,-143.,-7.5));
#2561=CARTESIAN_POINT('Origin',(57.,-143.,-7.5));
#2562=CARTESIAN_POINT('Origin',(57.,-143.,-24.5));
#2563=CARTESIAN_POINT('Origin',(63.,-143.,-7.5));
#2564=CARTESIAN_POINT('',(63.,-143.,-9.5));
#2565=CARTESIAN_POINT('Origin',(63.,-143.,-7.5));
#2566=CARTESIAN_POINT('Origin',(63.,-143.,-7.5));
#2567=CARTESIAN_POINT('Origin',(27.5,-143.,-7.5));
#2568=CARTESIAN_POINT('',(27.5,-143.,-9.5));
#2569=CARTESIAN_POINT('Origin',(-57.,-143.,-7.5));
#2570=CARTESIAN_POINT('',(-55.,-143.,-7.5));
#2571=CARTESIAN_POINT('',(-57.,-143.,-9.5));
#2572=CARTESIAN_POINT('Origin',(-57.,-143.,-7.5));
#2573=CARTESIAN_POINT('',(-57.,-145.,-7.5));
#2574=CARTESIAN_POINT('Origin',(-57.,-143.,-7.5));
#2575=CARTESIAN_POINT('Origin',(-57.,-143.,-7.5));
#2576=CARTESIAN_POINT('Origin',(-57.,-143.,-24.5));
#2577=CARTESIAN_POINT('',(-57.,-145.,-24.5));
#2578=CARTESIAN_POINT('',(-55.,-143.,-24.5));
#2579=CARTESIAN_POINT('Origin',(-63.,-143.,-7.5));
#2580=CARTESIAN_POINT('',(-63.,-145.,-7.5));
#2581=CARTESIAN_POINT('',(-63.,-143.,-9.5));
#2582=CARTESIAN_POINT('Origin',(-63.,-143.,-7.5));
#2583=CARTESIAN_POINT('',(-65.,-143.,-7.5));
#2584=CARTESIAN_POINT('Origin',(-63.,-143.,-7.5));
#2585=CARTESIAN_POINT('Origin',(-63.,-143.,-7.5));
#2586=CARTESIAN_POINT('Origin',(-63.,-143.,33.5));
#2587=CARTESIAN_POINT('',(-65.,-143.,33.5));
#2588=CARTESIAN_POINT('',(-63.,-145.,33.5));
#2589=CARTESIAN_POINT('Origin',(-63.,-58.75,-7.5));
#2590=CARTESIAN_POINT('',(-65.,0.,-7.5));
#2591=CARTESIAN_POINT('',(-63.,0.,-9.5));
#2592=CARTESIAN_POINT('Origin',(-63.,0.,-7.5));
#2593=CARTESIAN_POINT('',(-63.,-58.75,-9.5));
#2594=CARTESIAN_POINT('',(-65.,-58.75,-7.5));
#2595=CARTESIAN_POINT('Origin',(0.,0.,-7.5));
#2596=CARTESIAN_POINT('',(65.,7.9602041944578E-15,-7.5));
#2597=CARTESIAN_POINT('',(63.,7.71527483462833E-15,-9.5));
#2598=CARTESIAN_POINT('Origin',(63.,7.71527483462833E-15,-7.5));
#2599=CARTESIAN_POINT('Origin',(0.,0.,-9.5));
#2600=CARTESIAN_POINT('Origin',(0.,0.,-7.5));
#2601=CARTESIAN_POINT('Origin',(63.,-58.75,-7.5));
#2602=CARTESIAN_POINT('',(63.,-58.75,-9.5));
#2603=CARTESIAN_POINT('',(65.,-58.75,-7.5));
#2604=CARTESIAN_POINT('Origin',(27.5,-143.,-7.5));
#2605=CARTESIAN_POINT('',(27.5,-145.,-7.5));
#2606=CARTESIAN_POINT('',(27.5,-143.,-9.5));
#2607=CARTESIAN_POINT('Origin',(-57.,-81.25,-7.5));
#2608=CARTESIAN_POINT('',(-55.,-81.25,-7.5));
#2609=CARTESIAN_POINT('',(-57.,-81.25,-9.5));
#2610=CARTESIAN_POINT('Origin',(65.,-100.,-24.5));
#2611=CARTESIAN_POINT('',(65.,0.,12.));
#2612=CARTESIAN_POINT('',(65.,7.9602041944578E-15,4.2));
#2613=CARTESIAN_POINT('',(65.,-40.,12.));
#2614=CARTESIAN_POINT('',(65.,-58.75,12.));
#2615=CARTESIAN_POINT('',(65.,-102.,74.));
#2616=CARTESIAN_POINT('Origin',(65.,-40.,74.));
#2617=CARTESIAN_POINT('',(65.,-102.,4.49999999999999));
#2618=CARTESIAN_POINT('',(65.,-135.,18.75));
#2619=CARTESIAN_POINT('Origin',(65.,-135.,21.5));
#2620=CARTESIAN_POINT('',(65.,-135.,68.75));
#2621=CARTESIAN_POINT('Origin',(65.,-135.,71.5));
#2622=CARTESIAN_POINT('Origin',(0.,0.,4.2));
#2623=CARTESIAN_POINT('',(-65.,0.,12.));
#2624=CARTESIAN_POINT('',(-65.,0.,4.2));
#2625=CARTESIAN_POINT('Origin',(0.,0.,12.));
#2626=CARTESIAN_POINT('Origin',(-65.,-100.,91.5));
#2627=CARTESIAN_POINT('',(-65.,-102.,74.));
#2628=CARTESIAN_POINT('',(-65.,-102.,62.5));
#2629=CARTESIAN_POINT('',(-65.,-40.,12.));
#2630=CARTESIAN_POINT('Origin',(-65.,-40.,74.));
#2631=CARTESIAN_POINT('',(-65.,-58.75,12.));
#2632=CARTESIAN_POINT('',(-65.,-135.,68.75));
#2633=CARTESIAN_POINT('Origin',(-65.,-135.,71.5));
#2634=CARTESIAN_POINT('',(-65.,-135.,18.75));
#2635=CARTESIAN_POINT('Origin',(-65.,-135.,21.5));
#2636=CARTESIAN_POINT('Origin',(0.,-17.5,-9.5));
#2637=CARTESIAN_POINT('',(-32.,3.91886975727153E-15,-9.5));
#2638=CARTESIAN_POINT('Origin',(0.,0.,-9.5));
#2639=CARTESIAN_POINT('Origin',(-55.,-145.,-24.5));
#2640=CARTESIAN_POINT('',(-55.,-135.,20.));
#2641=CARTESIAN_POINT('Origin',(-55.,-135.,21.5));
#2642=CARTESIAN_POINT('',(-55.,-135.,70.));
#2643=CARTESIAN_POINT('Origin',(-55.,-135.,71.5));
#2644=CARTESIAN_POINT('Origin',(0.,25.,-8.));
#2645=CARTESIAN_POINT('',(-4.25,25.,-8.5));
#2646=CARTESIAN_POINT('Origin',(0.,25.,-8.5));
#2647=CARTESIAN_POINT('',(-3.25,25.,-7.5));
#2648=CARTESIAN_POINT('',(-3.75,25.,-8.));
#2649=CARTESIAN_POINT('Origin',(0.,25.,-7.5));
#2650=CARTESIAN_POINT('Origin',(0.,25.,21.5));
#2651=CARTESIAN_POINT('',(3.25,25.,20.5));
#2652=CARTESIAN_POINT('',(-3.25,25.,20.5));
#2653=CARTESIAN_POINT('Origin',(0.,25.,20.5));
#2654=CARTESIAN_POINT('Origin',(0.,25.,20.5));
#2655=CARTESIAN_POINT('',(-3.25,25.,21.5));
#2656=CARTESIAN_POINT('Origin',(0.,-17.5,-8.5));
#2657=CARTESIAN_POINT('',(-32.,-3.91886975727153E-15,-8.5));
#2658=CARTESIAN_POINT('Origin',(0.,0.,-8.5));
#2659=CARTESIAN_POINT('',(14.4276695296637,-17.6776695296637,-8.5));
#2660=CARTESIAN_POINT('Origin',(17.6776695296637,-17.6776695296637,-8.5));
#2661=CARTESIAN_POINT('',(-20.9276695296637,-17.6776695296637,-8.5));
#2662=CARTESIAN_POINT('Origin',(-17.6776695296637,-17.6776695296637,-8.5));
#2663=CARTESIAN_POINT('',(14.4276695296637,17.6776695296637,-8.5));
#2664=CARTESIAN_POINT('Origin',(17.6776695296637,17.6776695296637,-8.5));
#2665=CARTESIAN_POINT('',(-20.9276695296637,17.6776695296637,-8.5));
#2666=CARTESIAN_POINT('Origin',(-17.6776695296637,17.6776695296637,-8.5));
#2667=CARTESIAN_POINT('Origin',(0.,25.,21.));
#2668=CARTESIAN_POINT('',(4.25,25.,21.5));
#2669=CARTESIAN_POINT('Origin',(0.,25.,21.5));
#2670=CARTESIAN_POINT('',(3.75,25.,21.));
#2671=CARTESIAN_POINT('Origin',(0.,0.,21.5));
#2672=CARTESIAN_POINT('',(30.5,-3.73517273739943E-15,21.5));
#2673=CARTESIAN_POINT('Origin',(0.,0.,21.5));
#2674=CARTESIAN_POINT('',(-12.6776695296637,-17.6776695296637,21.5));
#2675=CARTESIAN_POINT('Origin',(-17.6776695296637,-17.6776695296637,21.5));
#2676=CARTESIAN_POINT('',(22.6776695296637,17.6776695296637,21.5));
#2677=CARTESIAN_POINT('Origin',(17.6776695296637,17.6776695296637,21.5));
#2678=CARTESIAN_POINT('',(16.75,2.05128338857182E-15,21.5));
#2679=CARTESIAN_POINT('Origin',(0.,0.,21.5));
#2680=CARTESIAN_POINT('',(-12.6776695296637,17.6776695296637,21.5));
#2681=CARTESIAN_POINT('Origin',(-17.6776695296637,17.6776695296637,21.5));
#2682=CARTESIAN_POINT('',(22.6776695296637,-17.6776695296637,21.5));
#2683=CARTESIAN_POINT('Origin',(17.6776695296637,-17.6776695296637,21.5));
#2684=CARTESIAN_POINT('Origin',(55.,-145.,-24.5));
#2685=CARTESIAN_POINT('Origin',(60.,-135.,71.5));
#2686=CARTESIAN_POINT('',(60.,-135.,68.75));
#2687=CARTESIAN_POINT('Origin',(60.,-135.,71.5));
#2688=CARTESIAN_POINT('',(60.,-135.,70.));
#2689=CARTESIAN_POINT('Origin',(60.,-135.,71.5));
#2690=CARTESIAN_POINT('Origin',(65.,-135.,71.5));
#2691=CARTESIAN_POINT('',(65.,-135.,68.75));
#2692=CARTESIAN_POINT('Origin',(65.,-135.,71.5));
#2693=CARTESIAN_POINT('',(65.,-135.,70.));
#2694=CARTESIAN_POINT('Origin',(60.,-135.,21.5));
#2695=CARTESIAN_POINT('',(60.,-135.,18.75));
#2696=CARTESIAN_POINT('Origin',(60.,-135.,21.5));
#2697=CARTESIAN_POINT('',(60.,-135.,20.));
#2698=CARTESIAN_POINT('Origin',(60.,-135.,21.5));
#2699=CARTESIAN_POINT('Origin',(65.,-135.,21.5));
#2700=CARTESIAN_POINT('',(65.,-135.,18.75));
#2701=CARTESIAN_POINT('Origin',(65.,-135.,21.5));
#2702=CARTESIAN_POINT('',(65.,-135.,20.));
#2703=CARTESIAN_POINT('Origin',(-65.,-135.,21.5));
#2704=CARTESIAN_POINT('',(-60.,-135.,18.75));
#2705=CARTESIAN_POINT('',(-65.,-135.,18.75));
#2706=CARTESIAN_POINT('Origin',(-60.,-135.,21.5));
#2707=CARTESIAN_POINT('Origin',(-60.,-135.,21.5));
#2708=CARTESIAN_POINT('',(-60.,-135.,20.));
#2709=CARTESIAN_POINT('Origin',(-60.,-135.,21.5));
#2710=CARTESIAN_POINT('Origin',(-65.,-135.,71.5));
#2711=CARTESIAN_POINT('',(-60.,-135.,68.75));
#2712=CARTESIAN_POINT('',(-65.,-135.,68.75));
#2713=CARTESIAN_POINT('Origin',(-60.,-135.,71.5));
#2714=CARTESIAN_POINT('Origin',(-60.,-135.,71.5));
#2715=CARTESIAN_POINT('',(-60.,-135.,70.));
#2716=CARTESIAN_POINT('Origin',(-60.,-135.,71.5));
#2717=CARTESIAN_POINT('Origin',(-65.,-135.,21.5));
#2718=CARTESIAN_POINT('',(-65.,-135.,20.));
#2719=CARTESIAN_POINT('Origin',(-65.,-135.,71.5));
#2720=CARTESIAN_POINT('',(-65.,-135.,70.));
#2721=CARTESIAN_POINT('Origin',(63.,-102.,4.49999999999999));
#2722=CARTESIAN_POINT('',(63.,-100.,74.));
#2723=CARTESIAN_POINT('Origin',(63.,-102.,74.));
#2724=CARTESIAN_POINT('',(63.,-100.,4.49999999999999));
#2725=CARTESIAN_POINT('Origin',(63.,-40.,74.));
#2726=CARTESIAN_POINT('',(63.,-40.,14.));
#2727=CARTESIAN_POINT('Origin',(63.,-40.,12.));
#2728=CARTESIAN_POINT('Origin',(63.,-40.,74.));
#2729=CARTESIAN_POINT('Origin',(63.,-58.75,12.));
#2730=CARTESIAN_POINT('',(63.,0.,14.));
#2731=CARTESIAN_POINT('Origin',(63.,0.,12.));
#2732=CARTESIAN_POINT('',(63.,-58.75,14.));
#2733=CARTESIAN_POINT('Origin',(0.,0.,12.));
#2734=CARTESIAN_POINT('',(-63.,0.,14.));
#2735=CARTESIAN_POINT('Origin',(-63.,0.,12.));
#2736=CARTESIAN_POINT('Origin',(0.,0.,14.));
#2737=CARTESIAN_POINT('Origin',(-63.,-58.75,12.));
#2738=CARTESIAN_POINT('',(-63.,-40.,14.));
#2739=CARTESIAN_POINT('Origin',(-63.,-40.,12.));
#2740=CARTESIAN_POINT('',(-63.,-58.75,14.));
#2741=CARTESIAN_POINT('Origin',(-63.,-40.,74.));
#2742=CARTESIAN_POINT('',(-63.,-100.,74.));
#2743=CARTESIAN_POINT('Origin',(-63.,-102.,74.));
#2744=CARTESIAN_POINT('Origin',(-63.,-40.,74.));
#2745=CARTESIAN_POINT('Origin',(-63.,-102.,62.5));
#2746=CARTESIAN_POINT('',(-63.,-100.,62.5));
#2747=CARTESIAN_POINT('Origin',(0.,-40.,74.));
#2748=CARTESIAN_POINT('',(0.,-100.,74.));
#2749=CARTESIAN_POINT('',(20.6155281280883,-40.,14.));
#2750=CARTESIAN_POINT('',(0.,-40.,14.));
#2751=CARTESIAN_POINT('',(-20.6155281280883,-40.,14.));
#2752=CARTESIAN_POINT('Ctrl Pts',(20.6155281280883,-40.,14.));
#2753=CARTESIAN_POINT('Ctrl Pts',(19.2361861795364,-40.7108965684656,14.));
#2754=CARTESIAN_POINT('Ctrl Pts',(17.8049003475944,-41.3438740188973,14.0124998467573));
#2755=CARTESIAN_POINT('Ctrl Pts',(13.704648605299,-42.8903617240149,14.0614171672284));
#2756=CARTESIAN_POINT('Ctrl Pts',(10.9552806491334,-43.6250350308457,14.1076804057038));
#2757=CARTESIAN_POINT('Ctrl Pts',(5.43700838550031,-44.5836691591676,14.1734105802191));
#2758=CARTESIAN_POINT('Ctrl Pts',(2.66801551918227,-44.8071199583002,14.1928800416998));
#2759=CARTESIAN_POINT('Ctrl Pts',(-2.66801551918227,-44.8071199583002,14.1928800416998));
#2760=CARTESIAN_POINT('Ctrl Pts',(-5.43700838550031,-44.5836691591676,14.1734105802191));
#2761=CARTESIAN_POINT('Ctrl Pts',(-10.9552806491334,-43.6250350308457,14.1076804057038));
#2762=CARTESIAN_POINT('Ctrl Pts',(-13.704648605299,-42.8903617240149,14.0614171672284));
#2763=CARTESIAN_POINT('Ctrl Pts',(-17.8049003475944,-41.3438740188973,14.0124998467573));
#2764=CARTESIAN_POINT('Ctrl Pts',(-19.2361861795364,-40.7108965684656,14.));
#2765=CARTESIAN_POINT('Ctrl Pts',(-20.6155281280883,-40.,14.));
#2766=CARTESIAN_POINT('',(0.,-40.,14.));
#2767=CARTESIAN_POINT('Origin',(0.,0.,14.5));
#2768=CARTESIAN_POINT('',(44.,-5.38844591624836E-15,15.));
#2769=CARTESIAN_POINT('Origin',(0.,0.,15.));
#2770=CARTESIAN_POINT('',(45.,5.51091059616309E-15,14.));
#2771=CARTESIAN_POINT('',(44.5,5.44967825620572E-15,14.5));
#2772=CARTESIAN_POINT('Origin',(0.,0.,14.));
#2773=CARTESIAN_POINT('Origin',(0.,0.,14.));
#2774=CARTESIAN_POINT('Origin',(0.,-17.5,14.));
#2775=CARTESIAN_POINT('Origin',(0.,0.,-2.9));
#2776=CARTESIAN_POINT('',(-32.,3.91886975727153E-15,-2.9));
#2777=CARTESIAN_POINT('Origin',(-17.6776695296637,-17.6776695296637,21.4));
#2778=CARTESIAN_POINT('',(-12.8776695296637,-17.6776695296637,21.3));
#2779=CARTESIAN_POINT('',(-12.7776695296637,-17.6776695296637,21.4));
#2780=CARTESIAN_POINT('',(-22.4776695296637,-17.6776695296637,21.3));
#2781=CARTESIAN_POINT('Origin',(-17.6776695296637,-17.6776695296637,21.3));
#2782=CARTESIAN_POINT('Origin',(-17.6776695296637,-17.6776695296637,21.3));
#2783=CARTESIAN_POINT('Origin',(-17.6776695296637,-17.6776695296637,21.5));
#2784=CARTESIAN_POINT('',(-22.4776695296637,-17.6776695296637,21.1));
#2785=CARTESIAN_POINT('',(-22.4776695296637,-17.6776695296637,21.5));
#2786=CARTESIAN_POINT('Origin',(-17.6776695296637,-17.6776695296637,21.1));
#2787=CARTESIAN_POINT('Origin',(17.6776695296637,-17.6776695296637,21.4));
#2788=CARTESIAN_POINT('',(22.4776695296637,-17.6776695296637,21.3));
#2789=CARTESIAN_POINT('',(22.5776695296637,-17.6776695296637,21.4));
#2790=CARTESIAN_POINT('',(12.8776695296637,-17.6776695296637,21.3));
#2791=CARTESIAN_POINT('Origin',(17.6776695296637,-17.6776695296637,21.3));
#2792=CARTESIAN_POINT('Origin',(17.6776695296637,-17.6776695296637,21.3));
#2793=CARTESIAN_POINT('Origin',(17.6776695296637,-17.6776695296637,21.5));
#2794=CARTESIAN_POINT('',(12.8776695296637,-17.6776695296637,21.1));
#2795=CARTESIAN_POINT('',(12.8776695296637,-17.6776695296637,21.5));
#2796=CARTESIAN_POINT('Origin',(17.6776695296637,-17.6776695296637,21.1));
#2797=CARTESIAN_POINT('Origin',(17.6776695296637,17.6776695296637,21.4));
#2798=CARTESIAN_POINT('',(22.4776695296637,17.6776695296637,21.3));
#2799=CARTESIAN_POINT('',(22.5776695296637,17.6776695296637,21.4));
#2800=CARTESIAN_POINT('',(12.8776695296637,17.6776695296637,21.3));
#2801=CARTESIAN_POINT('Origin',(17.6776695296637,17.6776695296637,21.3));
#2802=CARTESIAN_POINT('Origin',(17.6776695296637,17.6776695296637,21.3));
#2803=CARTESIAN_POINT('Origin',(17.6776695296637,17.6776695296637,21.5));
#2804=CARTESIAN_POINT('',(12.8776695296637,17.6776695296637,21.1));
#2805=CARTESIAN_POINT('',(12.8776695296637,17.6776695296637,21.5));
#2806=CARTESIAN_POINT('Origin',(17.6776695296637,17.6776695296637,21.1));
#2807=CARTESIAN_POINT('Origin',(-17.6776695296637,17.6776695296637,21.4));
#2808=CARTESIAN_POINT('',(-12.8776695296637,17.6776695296637,21.3));
#2809=CARTESIAN_POINT('',(-12.7776695296637,17.6776695296637,21.4));
#2810=CARTESIAN_POINT('',(-22.4776695296637,17.6776695296637,21.3));
#2811=CARTESIAN_POINT('Origin',(-17.6776695296637,17.6776695296637,21.3));
#2812=CARTESIAN_POINT('Origin',(-17.6776695296637,17.6776695296637,21.3));
#2813=CARTESIAN_POINT('Origin',(-17.6776695296637,17.6776695296637,21.5));
#2814=CARTESIAN_POINT('',(-22.4776695296637,17.6776695296637,21.1));
#2815=CARTESIAN_POINT('',(-22.4776695296637,17.6776695296637,21.5));
#2816=CARTESIAN_POINT('Origin',(-17.6776695296637,17.6776695296637,21.1));
#2817=CARTESIAN_POINT('Origin',(-17.6776695296637,-17.6776695296637,21.1));
#2818=CARTESIAN_POINT('',(-20.9276695296637,-17.6776695296637,21.1));
#2819=CARTESIAN_POINT('Origin',(-17.6776695296637,-17.6776695296637,21.1));
#2820=CARTESIAN_POINT('Origin',(17.6776695296637,17.6776695296637,21.1));
#2821=CARTESIAN_POINT('',(14.4276695296637,17.6776695296637,21.1));
#2822=CARTESIAN_POINT('Origin',(17.6776695296637,17.6776695296637,21.1));
#2823=CARTESIAN_POINT('Origin',(17.6776695296637,-17.6776695296637,21.1));
#2824=CARTESIAN_POINT('',(14.4276695296637,-17.6776695296637,21.1));
#2825=CARTESIAN_POINT('Origin',(17.6776695296637,-17.6776695296637,21.1));
#2826=CARTESIAN_POINT('Origin',(-17.6776695296637,17.6776695296637,21.1));
#2827=CARTESIAN_POINT('',(-20.9276695296637,17.6776695296637,21.1));
#2828=CARTESIAN_POINT('Origin',(-17.6776695296637,17.6776695296637,21.1));
#2829=CARTESIAN_POINT('Origin',(17.6776695296637,-17.6776695296637,21.5));
#2830=CARTESIAN_POINT('',(14.4276695296637,-17.6776695296637,21.5));
#2831=CARTESIAN_POINT('Origin',(-17.6776695296637,-17.6776695296637,21.5));
#2832=CARTESIAN_POINT('',(-20.9276695296637,-17.6776695296637,21.5));
#2833=CARTESIAN_POINT('Origin',(17.6776695296637,17.6776695296637,21.5));
#2834=CARTESIAN_POINT('',(14.4276695296637,17.6776695296637,21.5));
#2835=CARTESIAN_POINT('Origin',(-17.6776695296637,17.6776695296637,21.5));
#2836=CARTESIAN_POINT('',(-20.9276695296637,17.6776695296637,21.5));
#2837=CARTESIAN_POINT('Origin',(0.,0.,21.));
#2838=CARTESIAN_POINT('',(15.75,-1.92881870865708E-15,20.5));
#2839=CARTESIAN_POINT('',(16.25,1.99005104861445E-15,21.));
#2840=CARTESIAN_POINT('',(-15.75,1.92881870865708E-15,20.5));
#2841=CARTESIAN_POINT('Origin',(0.,0.,20.5));
#2842=CARTESIAN_POINT('Origin',(0.,0.,20.5));
#2843=CARTESIAN_POINT('Origin',(0.,0.,21.5));
#2844=CARTESIAN_POINT('',(-15.75,1.92881870865708E-15,15.));
#2845=CARTESIAN_POINT('',(-15.75,1.92881870865708E-15,21.5));
#2846=CARTESIAN_POINT('Origin',(0.,0.,15.));
#2847=CARTESIAN_POINT('Origin',(0.,0.,15.));
#2848=CARTESIAN_POINT('Origin',(0.,0.,21.));
#2849=CARTESIAN_POINT('',(31.5,3.85763741731416E-15,20.5));
#2850=CARTESIAN_POINT('',(31.,3.7964050773568E-15,21.));
#2851=CARTESIAN_POINT('',(-31.5,-3.85763741731416E-15,20.5));
#2852=CARTESIAN_POINT('Origin',(0.,0.,20.5));
#2853=CARTESIAN_POINT('Origin',(0.,0.,20.5));
#2854=CARTESIAN_POINT('Origin',(0.,0.,15.));
#2855=CARTESIAN_POINT('',(-31.5,-3.85763741731416E-15,15.));
#2856=CARTESIAN_POINT('',(-31.5,-3.85763741731416E-15,15.));
#2857=CARTESIAN_POINT('Origin',(0.,0.,15.));
#2858=CARTESIAN_POINT('Origin',(0.,0.,15.));
#2859=CARTESIAN_POINT('Origin',(0.,-100.,33.5));
#2860=CARTESIAN_POINT('',(-65.,0.,4.44089209850063E-15));
#2861=UNCERTAINTY_MEASURE_WITH_UNIT(LENGTH_MEASURE(0.01),#2865,
'DISTANCE_ACCURACY_VALUE',
'Maximum model space distance between geometric entities at asserted c
onnectivities');
#2862=UNCERTAINTY_MEASURE_WITH_UNIT(LENGTH_MEASURE(0.01),#2865,
'DISTANCE_ACCURACY_VALUE',
'Maximum model space distance between geometric entities at asserted c
onnectivities');
#2863=(
GEOMETRIC_REPRESENTATION_CONTEXT(3)
GLOBAL_UNCERTAINTY_ASSIGNED_CONTEXT((#2861))
GLOBAL_UNIT_ASSIGNED_CONTEXT((#2865,#2867,#2868))
REPRESENTATION_CONTEXT('','3D')
);
#2864=(
GEOMETRIC_REPRESENTATION_CONTEXT(3)
GLOBAL_UNCERTAINTY_ASSIGNED_CONTEXT((#2862))
GLOBAL_UNIT_ASSIGNED_CONTEXT((#2865,#2867,#2868))
REPRESENTATION_CONTEXT('','3D')
);
#2865=(
LENGTH_UNIT()
NAMED_UNIT(*)
SI_UNIT(.MILLI.,.METRE.)
);
#2866=(
LENGTH_UNIT()
NAMED_UNIT(*)
SI_UNIT(.CENTI.,.METRE.)
);
#2867=(
NAMED_UNIT(*)
PLANE_ANGLE_UNIT()
SI_UNIT($,.RADIAN.)
);
#2868=(
NAMED_UNIT(*)
SI_UNIT($,.STERADIAN.)
SOLID_ANGLE_UNIT()
);
#2869=SHAPE_DEFINITION_REPRESENTATION(#2870,#2871);
#2870=PRODUCT_DEFINITION_SHAPE('',$,#2873);
#2871=SHAPE_REPRESENTATION('',(#1521),#2863);
#2872=PRODUCT_DEFINITION_CONTEXT('part definition',#2877,'design');
#2873=PRODUCT_DEFINITION('EF_Camera_Stand_V1.2','EF_Camera_Stand_V1.2',
#2874,#2872);
#2874=PRODUCT_DEFINITION_FORMATION('',$,#2879);
#2875=PRODUCT_RELATED_PRODUCT_CATEGORY('EF_Camera_Stand_V1.2',
'EF_Camera_Stand_V1.2',(#2879));
#2876=APPLICATION_PROTOCOL_DEFINITION('international standard',
'automotive_design',2009,#2877);
#2877=APPLICATION_CONTEXT(
'Core Data for Automotive Mechanical Design Process');
#2878=PRODUCT_CONTEXT('part definition',#2877,'mechanical');
#2879=PRODUCT('EF_Camera_Stand_V1.2','EF_Camera_Stand_V1.2',$,(#2878));
#2880=PRESENTATION_STYLE_ASSIGNMENT((#2882));
#2881=PRESENTATION_STYLE_ASSIGNMENT((#2883));
#2882=SURFACE_STYLE_USAGE(.BOTH.,#2886);
#2883=SURFACE_STYLE_USAGE(.BOTH.,#2887);
#2884=SURFACE_STYLE_RENDERING_WITH_PROPERTIES($,#2894,(#2885));
#2885=SURFACE_STYLE_TRANSPARENT(0.);
#2886=SURFACE_SIDE_STYLE('',(#2888,#2884));
#2887=SURFACE_SIDE_STYLE('',(#2889));
#2888=SURFACE_STYLE_FILL_AREA(#2890);
#2889=SURFACE_STYLE_FILL_AREA(#2891);
#2890=FILL_AREA_STYLE('',(#2892));
#2891=FILL_AREA_STYLE('',(#2893));
#2892=FILL_AREA_STYLE_COLOUR('',#2894);
#2893=FILL_AREA_STYLE_COLOUR('',#2895);
#2894=COLOUR_RGB('',0.749019607843137,0.749019607843137,0.749019607843137);
#2895=COLOUR_RGB('',1.,0.,1.);
ENDSEC;
END-ISO-10303-21;
