ISO-10303-21;
HEADER;
/* Generated by software containing ST-Developer
 * from STEP Tools, Inc. (www.steptools.com) 
 */

FILE_DESCRIPTION(
/* description */ ('STEP AP203'),
/* implementation_level */ '2;1');

FILE_NAME(
/* name */ 'Orbbec_Femto Mega_S.stp',
/* time_stamp */ '2024-04-24T13:04:38+02:00',
/* author */ ('Seven'),
/* organization */ (''),
/* preprocessor_version */ 'ST-DEVELOPER v20',
/* originating_system */ 'Autodesk Inventor 2024',
/* authorisation */ '');

FILE_SCHEMA (('AUTOMOTIVE_DESIGN { 1 0 10303 214 3 1 1 }'));
ENDSEC;

DATA;
#10=MECHANICAL_DESIGN_GEOMETRIC_PRESENTATION_REPRESENTATION('',(#13),#3026);
#11=SHAPE_REPRESENTATION_RELATIONSHIP('SRR','None',#3033,#12);
#12=ADVANCED_BREP_SHAPE_REPRESENTATION('',(#14),#3025);
#13=STYLED_ITEM('',(#3042),#14);
#14=MANIFOLD_SOLID_BREP('Solid1',#1362);
#15=ELLIPSE('',#1436,5.00019039192869,5.);
#16=ELLIPSE('',#1437,5.00019039192921,5.00000000000064);
#17=ELLIPSE('',#1439,5.00019039192912,5.00000000000049);
#18=ELLIPSE('',#1440,5.00019039192869,5.);
#19=FACE_BOUND('',#182,.T.);
#20=FACE_BOUND('',#184,.T.);
#21=FACE_BOUND('',#185,.T.);
#22=FACE_BOUND('',#188,.T.);
#23=FACE_BOUND('',#189,.T.);
#24=FACE_BOUND('',#190,.T.);
#25=FACE_BOUND('',#191,.T.);
#26=FACE_BOUND('',#192,.T.);
#27=FACE_BOUND('',#195,.T.);
#28=FACE_BOUND('',#196,.T.);
#29=FACE_BOUND('',#198,.T.);
#30=FACE_BOUND('',#199,.T.);
#31=PLANE('',#1410);
#32=PLANE('',#1411);
#33=PLANE('',#1412);
#34=PLANE('',#1435);
#35=PLANE('',#1438);
#36=PLANE('',#1443);
#37=PLANE('',#1446);
#38=PLANE('',#1449);
#39=PLANE('',#1452);
#40=PLANE('',#1453);
#41=PLANE('',#1456);
#42=PLANE('',#1459);
#43=PLANE('',#1462);
#44=PLANE('',#1465);
#45=PLANE('',#1468);
#46=PLANE('',#1471);
#47=PLANE('',#1472);
#48=PLANE('',#1473);
#49=PLANE('',#1476);
#50=PLANE('',#1479);
#51=PLANE('',#1482);
#52=PLANE('',#1485);
#53=PLANE('',#1488);
#54=PLANE('',#1491);
#55=PLANE('',#1494);
#56=PLANE('',#1497);
#57=PLANE('',#1498);
#58=PLANE('',#1501);
#59=PLANE('',#1504);
#60=PLANE('',#1507);
#61=PLANE('',#1510);
#62=PLANE('',#1511);
#63=PLANE('',#1512);
#64=PLANE('',#1513);
#65=PLANE('',#1516);
#66=PLANE('',#1517);
#67=B_SPLINE_CURVE_WITH_KNOTS('',3,(#2019,#2020,#2021,#2022,#2023,#2024,
#2025,#2026,#2027,#2028,#2029,#2030,#2031,#2032,#2033,#2034,#2035,#2036,
#2037,#2038,#2039,#2040,#2041,#2042,#2043,#2044,#2045,#2046,#2047,#2048,
#2049,#2050,#2051,#2052,#2053,#2054,#2055,#2056,#2057,#2058,#2059,#2060,
#2061,#2062,#2063,#2064,#2065,#2066,#2067,#2068,#2069,#2070,#2071,#2072,
#2073,#2074,#2075,#2076,#2077,#2078,#2079,#2080,#2081,#2082,#2083,#2084,
#2085,#2086,#2087,#2088),.UNSPECIFIED.,.F.,.F.,(4,3,3,3,3,3,3,3,3,3,3,3,
3,3,3,3,3,3,3,3,3,3,3,4),(9.99999998787017E-7,0.156624317712714,0.223054529152062,
0.241399483489753,0.333349168304703,0.406613665771059,0.483174403990959,
0.528016916673238,0.583718646687112,0.615959889563556,0.654830116567474,
0.679932405521512,0.711347014311763,0.727226221346888,0.750161036716939,
0.762720946080048,0.774229314831805,0.798911965296912,0.82188293123142,
1.03681841365612,1.14428615486847,1.19802002547465,1.23030205312027,1.25175389608082),
 .UNSPECIFIED.);
#68=B_SPLINE_CURVE_WITH_KNOTS('',3,(#2092,#2093,#2094,#2095,#2096,#2097,
#2098,#2099,#2100,#2101,#2102,#2103,#2104,#2105,#2106,#2107,#2108,#2109,
#2110,#2111,#2112,#2113,#2114,#2115,#2116,#2117,#2118,#2119,#2120,#2121,
#2122,#2123,#2124,#2125,#2126,#2127,#2128,#2129,#2130,#2131,#2132,#2133,
#2134,#2135,#2136,#2137,#2138,#2139,#2140,#2141,#2142,#2143,#2144,#2145,
#2146,#2147,#2148,#2149,#2150,#2151,#2152,#2153,#2154,#2155,#2156,#2157,
#2158,#2159,#2160,#2161),.UNSPECIFIED.,.F.,.F.,(4,3,3,3,3,3,3,3,3,3,3,3,
3,3,3,3,3,3,3,3,3,3,3,4),(9.99999999913806E-7,0.155589838909667,0.222156224347753,
0.239484572026038,0.327049043403424,0.401310634033889,0.4759652881457,0.519339558795464,
0.573219618247427,0.606007641145534,0.645746377657466,0.669854710377844,
0.702084426232473,0.717487044375301,0.73911607389058,0.75315458045759,0.764741756321934,
0.789008998054928,0.816357592408949,1.02158296277491,1.12419564795789,1.17550199054938,
1.20642386786045,1.22680833314087),.UNSPECIFIED.);
#69=B_SPLINE_CURVE_WITH_KNOTS('',3,(#2225,#2226,#2227,#2228,#2229,#2230,
#2231,#2232,#2233,#2234),.UNSPECIFIED.,.F.,.F.,(4,2,2,2,4),(-0.767260352550999,
-0.594835222887845,-0.361313599499457,-0.1955658496417,-9.99987372352074E-7),
 .UNSPECIFIED.);
#70=B_SPLINE_CURVE_WITH_KNOTS('',3,(#2238,#2239,#2240,#2241,#2242,#2243,
#2244,#2245,#2246,#2247),.UNSPECIFIED.,.F.,.F.,(4,2,2,2,4),(1.00000002384361E-6,
0.570776797466268,1.1804566132749,1.68803990439412,2.18396911484285),
 .UNSPECIFIED.);
#71=B_SPLINE_CURVE_WITH_KNOTS('',3,(#2248,#2249,#2250,#2251,#2252,#2253),
 .UNSPECIFIED.,.F.,.F.,(4,2,4),(0.,4.10724810776475,8.21432208934),
 .UNSPECIFIED.);
#72=B_SPLINE_CURVE_WITH_KNOTS('',3,(#2317,#2318,#2319,#2320,#2321,#2322,
#2323,#2324,#2325,#2326),.UNSPECIFIED.,.F.,.F.,(4,2,2,2,4),(-3.24866888316667,
-2.42062929243145,-1.71881356609379,-0.729917355736318,0.),
 .UNSPECIFIED.);
#73=B_SPLINE_CURVE_WITH_KNOTS('',3,(#2328,#2329,#2330,#2331,#2332,#2333),
 .UNSPECIFIED.,.F.,.F.,(4,2,4),(9.99999999231555E-7,4.10716179584444,8.21451773195233),
 .UNSPECIFIED.);
#74=B_SPLINE_CURVE_WITH_KNOTS('',3,(#2334,#2335,#2336,#2337,#2338,#2339,
#2340,#2341,#2342,#2343,#2344,#2345,#2346,#2347,#2348,#2349,#2350,#2351,
#2352,#2353,#2354,#2355,#2356,#2357,#2358,#2359,#2360,#2361,#2362,#2363,
#2364,#2365,#2366,#2367,#2368,#2369,#2370,#2371,#2372,#2373,#2374,#2375,
#2376),.UNSPECIFIED.,.F.,.F.,(4,3,3,3,3,3,3,3,3,3,3,3,3,3,4),(-9.98401984979235,
-9.75400586341867,-8.88793029998909,-8.70449080386366,-8.44027935501066,
-8.13275469375521,-7.99188050275402,-7.83727206025236,-7.50693488007485,
-7.32005819226001,-6.95458033390334,-5.70672657880082,-3.90651827752679,
-0.306101674978729,-9.99999999409947E-7),.UNSPECIFIED.);
#75=B_SPLINE_CURVE_WITH_KNOTS('',3,(#2378,#2379,#2380,#2381,#2382,#2383,
#2384,#2385,#2386,#2387,#2388,#2389,#2390,#2391,#2392,#2393,#2394,#2395,
#2396,#2397,#2398,#2399,#2400,#2401,#2402,#2403,#2404,#2405,#2406,#2407,
#2408,#2409,#2410,#2411,#2412,#2413,#2414,#2415,#2416,#2417,#2418,#2419,
#2420,#2421,#2422,#2423,#2424,#2425,#2426,#2427,#2428,#2429,#2430,#2431,
#2432,#2433,#2434,#2435,#2436,#2437,#2438,#2439,#2440,#2441,#2442,#2443,
#2444,#2445,#2446,#2447,#2448,#2449,#2450),.UNSPECIFIED.,.F.,.F.,(4,3,3,
3,3,3,3,3,3,3,3,3,3,3,3,3,3,3,3,3,3,3,3,3,4),(9.99999996587067E-7,0.103069679496439,
0.171324121742404,0.239484571509868,0.286078178168163,0.401310633155118,
0.434364580917979,0.519339557628178,0.544320037006527,0.606007639748907,
0.624014307360841,0.66985470879557,0.682641392240073,0.717487042639535,
0.728162388628236,0.753154578593417,0.759913286914859,0.77036329390478,
0.78900899603046,0.805223976110192,0.841242129598755,0.89347526316705,0.997941530303639,
1.20687406457682,1.22680832805753),.UNSPECIFIED.);
#76=B_SPLINE_CURVE_WITH_KNOTS('',3,(#2453,#2454,#2455,#2456,#2457,#2458,
#2459,#2460,#2461,#2462),.UNSPECIFIED.,.F.,.F.,(4,2,2,2,4),(-0.767193977419592,
-0.594820425610356,-0.361285748642261,-0.195547568067081,-9.99987372574118E-7),
 .UNSPECIFIED.);
#77=B_SPLINE_CURVE_WITH_KNOTS('',3,(#2467,#2468,#2469,#2470,#2471,#2472,
#2473,#2474,#2475,#2476),.UNSPECIFIED.,.F.,.F.,(4,2,2,2,4),(-2.96612845318395,
-2.41980015388821,-1.7182432778311,-0.729820706638999,0.),.UNSPECIFIED.);
#78=B_SPLINE_CURVE_WITH_KNOTS('',3,(#2479,#2480,#2481,#2482,#2483,#2484,
#2485,#2486,#2487,#2488,#2489,#2490,#2491,#2492,#2493,#2494,#2495,#2496,
#2497,#2498,#2499,#2500,#2501,#2502,#2503,#2504,#2505,#2506,#2507,#2508,
#2509,#2510,#2511,#2512,#2513,#2514,#2515,#2516,#2517,#2518,#2519,#2520,
#2521,#2522,#2523,#2524,#2525,#2526,#2527,#2528,#2529,#2530,#2531,#2532,
#2533,#2534,#2535,#2536,#2537,#2538,#2539,#2540,#2541,#2542,#2543,#2544,
#2545,#2546,#2547,#2548,#2549,#2550,#2551),.UNSPECIFIED.,.F.,.F.,(4,3,3,
3,3,3,3,3,3,3,3,3,3,3,3,3,3,3,3,3,3,3,3,3,4),(9.99999998363419E-7,0.104518992339634,
0.172212661664639,0.241399483489756,0.28629071566098,0.406613665771114,
0.445736878785846,0.528016916673377,0.555828181613675,0.615959889563723,
0.635367015911316,0.679932405521691,0.691014487178558,0.727226221347074,
0.736120709585758,0.76272094608023,0.769862113527191,0.780087677287134,
0.798911965297095,0.818205342254264,0.852925069552903,0.90693817380871,
1.01496438232033,1.23101679934356,1.25175389608095),.UNSPECIFIED.);
#79=B_SPLINE_CURVE_WITH_KNOTS('',3,(#2620,#2621,#2622,#2623,#2624,#2625,
#2626,#2627,#2628,#2629,#2630,#2631,#2632,#2633,#2634,#2635,#2636,#2637,
#2638,#2639,#2640,#2641,#2642,#2643,#2644,#2645,#2646,#2647,#2648,#2649,
#2650,#2651,#2652,#2653,#2654,#2655,#2656),.UNSPECIFIED.,.F.,.F.,(4,3,3,
3,3,3,3,3,3,3,3,3,4),(-10.9419182683304,-10.8528851488432,-10.5178989875606,
-10.182812802369,-10.0247270666725,-9.74744936975071,-9.53975193304306,
-4.87408034489536,-2.2092475717991,-1.52542469575395,-0.84973242807635,
-0.178376481499098,0.),.UNSPECIFIED.);
#80=B_SPLINE_CURVE_WITH_KNOTS('',3,(#2805,#2806,#2807,#2808,#2809,#2810),
 .UNSPECIFIED.,.F.,.F.,(4,2,4),(0.,5.77128758406549,11.541851668817),
 .UNSPECIFIED.);
#81=B_SPLINE_CURVE_WITH_KNOTS('',3,(#2811,#2812,#2813,#2814,#2815,#2816),
 .UNSPECIFIED.,.F.,.F.,(4,2,4),(8.7569894034004E-8,5.77091702210218,11.5426409974433),
 .UNSPECIFIED.);
#82=B_SPLINE_SURFACE_WITH_KNOTS('',3,1,((#1957,#1958),(#1959,#1960),(#1961,
#1962),(#1963,#1964),(#1965,#1966),(#1967,#1968),(#1969,#1970),(#1971,#1972),
(#1973,#1974),(#1975,#1976),(#1977,#1978),(#1979,#1980),(#1981,#1982),(#1983,
#1984),(#1985,#1986),(#1987,#1988),(#1989,#1990),(#1991,#1992),(#1993,#1994),
(#1995,#1996),(#1997,#1998),(#1999,#2000),(#2001,#2002),(#2003,#2004),(#2005,
#2006),(#2007,#2008),(#2009,#2010),(#2011,#2012),(#2013,#2014),(#2015,#2016)),
 .UNSPECIFIED.,.T.,.F.,.F.,(4,1,1,1,2,1,1,1,1,1,1,1,2,1,1,1,2,1,1,1,1,1,
1,1,4),(2,2),(0.,0.068173105060731,0.136346210121462,0.204519315182193,
0.272692420242924,0.301105867712558,0.329519315182193,0.357932762651827,
0.386346210121462,0.414759657591096,0.443173105060731,0.471586552530365,
0.5,0.568173105060731,0.636346210121462,0.704519315182193,0.772692420242924,
0.801105867712558,0.829519315182193,0.857932762651827,0.886346210121462,
0.914759657591096,0.943173105060731,0.971586552530366,1.),(0.,1.),
 .UNSPECIFIED.);
#83=B_SPLINE_SURFACE_WITH_KNOTS('',3,1,((#2163,#2164),(#2165,#2166),(#2167,
#2168),(#2169,#2170),(#2171,#2172),(#2173,#2174),(#2175,#2176),(#2177,#2178),
(#2179,#2180),(#2181,#2182),(#2183,#2184),(#2185,#2186),(#2187,#2188),(#2189,
#2190),(#2191,#2192),(#2193,#2194),(#2195,#2196),(#2197,#2198),(#2199,#2200),
(#2201,#2202),(#2203,#2204),(#2205,#2206),(#2207,#2208),(#2209,#2210),(#2211,
#2212),(#2213,#2214),(#2215,#2216),(#2217,#2218),(#2219,#2220),(#2221,#2222)),
 .UNSPECIFIED.,.T.,.F.,.F.,(4,1,1,1,2,1,1,1,1,1,1,1,2,1,1,1,2,1,1,1,1,1,
1,1,4),(2,2),(0.,0.07183708346639,0.14367416693278,0.21551125039917,0.28734833386556,
0.313929792132365,0.34051125039917,0.367092708665975,0.39367416693278,0.420255625199585,
0.44683708346639,0.473418541733195,0.5,0.57183708346639,0.64367416693278,
0.715511250399169,0.78734833386556,0.813929792132365,0.84051125039917,0.867092708665975,
0.89367416693278,0.920255625199585,0.94683708346639,0.973418541733195,1.),
(0.,1.),.UNSPECIFIED.);
#84=B_SPLINE_SURFACE_WITH_KNOTS('',3,1,((#2254,#2255),(#2256,#2257),(#2258,
#2259),(#2260,#2261),(#2262,#2263),(#2264,#2265),(#2266,#2267),(#2268,#2269),
(#2270,#2271),(#2272,#2273),(#2274,#2275),(#2276,#2277),(#2278,#2279),(#2280,
#2281),(#2282,#2283),(#2284,#2285),(#2286,#2287),(#2288,#2289),(#2290,#2291),
(#2292,#2293),(#2294,#2295),(#2296,#2297),(#2298,#2299),(#2300,#2301),(#2302,
#2303),(#2304,#2305),(#2306,#2307),(#2308,#2309),(#2310,#2311),(#2312,#2313)),
 .UNSPECIFIED.,.T.,.F.,.F.,(4,1,1,1,2,1,1,1,1,1,1,1,2,1,1,1,2,1,1,1,1,1,
1,1,4),(2,2),(0.,0.07183708346639,0.14367416693278,0.21551125039917,0.28734833386556,
0.313929792132365,0.34051125039917,0.367092708665975,0.39367416693278,0.420255625199585,
0.44683708346639,0.473418541733195,0.5,0.57183708346639,0.64367416693278,
0.715511250399169,0.78734833386556,0.813929792132365,0.84051125039917,0.867092708665975,
0.89367416693278,0.920255625199585,0.94683708346639,0.973418541733195,1.),
(0.,1.),.UNSPECIFIED.);
#85=B_SPLINE_SURFACE_WITH_KNOTS('',3,1,((#2552,#2553),(#2554,#2555),(#2556,
#2557),(#2558,#2559),(#2560,#2561),(#2562,#2563),(#2564,#2565),(#2566,#2567),
(#2568,#2569),(#2570,#2571),(#2572,#2573),(#2574,#2575),(#2576,#2577),(#2578,
#2579),(#2580,#2581),(#2582,#2583),(#2584,#2585),(#2586,#2587),(#2588,#2589),
(#2590,#2591),(#2592,#2593),(#2594,#2595),(#2596,#2597),(#2598,#2599),(#2600,
#2601),(#2602,#2603),(#2604,#2605),(#2606,#2607),(#2608,#2609),(#2610,#2611)),
 .UNSPECIFIED.,.T.,.F.,.F.,(4,1,1,1,2,1,1,1,1,1,1,1,2,1,1,1,2,1,1,1,1,1,
1,1,4),(2,2),(0.,0.068173105060731,0.136346210121462,0.204519315182193,
0.272692420242924,0.301105867712558,0.329519315182193,0.357932762651827,
0.386346210121462,0.414759657591096,0.443173105060731,0.471586552530365,
0.5,0.568173105060731,0.636346210121462,0.704519315182193,0.772692420242924,
0.801105867712558,0.829519315182193,0.857932762651827,0.886346210121462,
0.914759657591096,0.943173105060731,0.971586552530366,1.),(0.,1.),
 .UNSPECIFIED.);
#86=B_SPLINE_SURFACE_WITH_KNOTS('',3,1,((#2745,#2746),(#2747,#2748),(#2749,
#2750),(#2751,#2752),(#2753,#2754),(#2755,#2756),(#2757,#2758),(#2759,#2760),
(#2761,#2762),(#2763,#2764),(#2765,#2766),(#2767,#2768),(#2769,#2770),(#2771,
#2772),(#2773,#2774),(#2775,#2776),(#2777,#2778),(#2779,#2780),(#2781,#2782),
(#2783,#2784),(#2785,#2786),(#2787,#2788),(#2789,#2790),(#2791,#2792),(#2793,
#2794),(#2795,#2796),(#2797,#2798),(#2799,#2800),(#2801,#2802),(#2803,#2804)),
 .UNSPECIFIED.,.T.,.F.,.F.,(4,1,1,1,2,1,1,1,1,1,1,1,2,1,1,1,2,1,1,1,1,1,
1,1,4),(2,2),(0.,0.07183708346639,0.14367416693278,0.21551125039917,0.28734833386556,
0.313929792132365,0.34051125039917,0.367092708665975,0.39367416693278,0.420255625199585,
0.44683708346639,0.473418541733195,0.5,0.57183708346639,0.64367416693278,
0.715511250399169,0.78734833386556,0.813929792132365,0.84051125039917,0.867092708665975,
0.89367416693278,0.920255625199585,0.94683708346639,0.973418541733195,1.),
(0.,1.),.UNSPECIFIED.);
#87=CONICAL_SURFACE('',#1397,1.02499999999998,1.02974425867665);
#88=CONICAL_SURFACE('',#1401,1.02499999999999,1.02974425867665);
#89=CONICAL_SURFACE('',#1405,1.02499999999999,1.02974425867665);
#90=CONICAL_SURFACE('',#1409,1.02499999999998,1.02974425867665);
#91=FACE_OUTER_BOUND('',#167,.T.);
#92=FACE_OUTER_BOUND('',#168,.T.);
#93=FACE_OUTER_BOUND('',#169,.T.);
#94=FACE_OUTER_BOUND('',#170,.T.);
#95=FACE_OUTER_BOUND('',#171,.T.);
#96=FACE_OUTER_BOUND('',#172,.T.);
#97=FACE_OUTER_BOUND('',#173,.T.);
#98=FACE_OUTER_BOUND('',#174,.T.);
#99=FACE_OUTER_BOUND('',#175,.T.);
#100=FACE_OUTER_BOUND('',#176,.T.);
#101=FACE_OUTER_BOUND('',#177,.T.);
#102=FACE_OUTER_BOUND('',#178,.T.);
#103=FACE_OUTER_BOUND('',#179,.T.);
#104=FACE_OUTER_BOUND('',#180,.T.);
#105=FACE_OUTER_BOUND('',#181,.T.);
#106=FACE_OUTER_BOUND('',#183,.T.);
#107=FACE_OUTER_BOUND('',#186,.T.);
#108=FACE_OUTER_BOUND('',#187,.T.);
#109=FACE_OUTER_BOUND('',#193,.T.);
#110=FACE_OUTER_BOUND('',#194,.T.);
#111=FACE_OUTER_BOUND('',#197,.T.);
#112=FACE_OUTER_BOUND('',#200,.T.);
#113=FACE_OUTER_BOUND('',#201,.T.);
#114=FACE_OUTER_BOUND('',#202,.T.);
#115=FACE_OUTER_BOUND('',#203,.T.);
#116=FACE_OUTER_BOUND('',#204,.T.);
#117=FACE_OUTER_BOUND('',#205,.T.);
#118=FACE_OUTER_BOUND('',#206,.T.);
#119=FACE_OUTER_BOUND('',#207,.T.);
#120=FACE_OUTER_BOUND('',#208,.T.);
#121=FACE_OUTER_BOUND('',#209,.T.);
#122=FACE_OUTER_BOUND('',#210,.T.);
#123=FACE_OUTER_BOUND('',#211,.T.);
#124=FACE_OUTER_BOUND('',#212,.T.);
#125=FACE_OUTER_BOUND('',#213,.T.);
#126=FACE_OUTER_BOUND('',#214,.T.);
#127=FACE_OUTER_BOUND('',#215,.T.);
#128=FACE_OUTER_BOUND('',#216,.T.);
#129=FACE_OUTER_BOUND('',#217,.T.);
#130=FACE_OUTER_BOUND('',#218,.T.);
#131=FACE_OUTER_BOUND('',#219,.T.);
#132=FACE_OUTER_BOUND('',#220,.T.);
#133=FACE_OUTER_BOUND('',#221,.T.);
#134=FACE_OUTER_BOUND('',#222,.T.);
#135=FACE_OUTER_BOUND('',#223,.T.);
#136=FACE_OUTER_BOUND('',#224,.T.);
#137=FACE_OUTER_BOUND('',#225,.T.);
#138=FACE_OUTER_BOUND('',#226,.T.);
#139=FACE_OUTER_BOUND('',#227,.T.);
#140=FACE_OUTER_BOUND('',#228,.T.);
#141=FACE_OUTER_BOUND('',#229,.T.);
#142=FACE_OUTER_BOUND('',#230,.T.);
#143=FACE_OUTER_BOUND('',#231,.T.);
#144=FACE_OUTER_BOUND('',#232,.T.);
#145=FACE_OUTER_BOUND('',#233,.T.);
#146=FACE_OUTER_BOUND('',#234,.T.);
#147=FACE_OUTER_BOUND('',#235,.T.);
#148=FACE_OUTER_BOUND('',#236,.T.);
#149=FACE_OUTER_BOUND('',#237,.T.);
#150=FACE_OUTER_BOUND('',#238,.T.);
#151=FACE_OUTER_BOUND('',#239,.T.);
#152=FACE_OUTER_BOUND('',#240,.T.);
#153=FACE_OUTER_BOUND('',#241,.T.);
#154=FACE_OUTER_BOUND('',#242,.T.);
#155=FACE_OUTER_BOUND('',#243,.T.);
#156=FACE_OUTER_BOUND('',#244,.T.);
#157=FACE_OUTER_BOUND('',#245,.T.);
#158=FACE_OUTER_BOUND('',#246,.T.);
#159=FACE_OUTER_BOUND('',#247,.T.);
#160=FACE_OUTER_BOUND('',#248,.T.);
#161=FACE_OUTER_BOUND('',#249,.T.);
#162=FACE_OUTER_BOUND('',#250,.T.);
#163=FACE_OUTER_BOUND('',#251,.T.);
#164=FACE_OUTER_BOUND('',#252,.T.);
#165=FACE_OUTER_BOUND('',#253,.T.);
#166=FACE_OUTER_BOUND('',#254,.T.);
#167=EDGE_LOOP('',(#869,#870,#871,#872));
#168=EDGE_LOOP('',(#873,#874,#875,#876));
#169=EDGE_LOOP('',(#877,#878,#879,#880));
#170=EDGE_LOOP('',(#881,#882,#883,#884));
#171=EDGE_LOOP('',(#885,#886,#887));
#172=EDGE_LOOP('',(#888,#889,#890,#891));
#173=EDGE_LOOP('',(#892,#893,#894));
#174=EDGE_LOOP('',(#895,#896,#897,#898));
#175=EDGE_LOOP('',(#899,#900,#901));
#176=EDGE_LOOP('',(#902,#903,#904,#905));
#177=EDGE_LOOP('',(#906,#907,#908));
#178=EDGE_LOOP('',(#909,#910,#911,#912));
#179=EDGE_LOOP('',(#913,#914,#915,#916));
#180=EDGE_LOOP('',(#917,#918,#919,#920,#921));
#181=EDGE_LOOP('',(#922,#923));
#182=EDGE_LOOP('',(#924,#925,#926,#927,#928,#929,#930,#931));
#183=EDGE_LOOP('',(#932,#933));
#184=EDGE_LOOP('',(#934));
#185=EDGE_LOOP('',(#935));
#186=EDGE_LOOP('',(#936,#937,#938,#939));
#187=EDGE_LOOP('',(#940,#941,#942,#943));
#188=EDGE_LOOP('',(#944,#945,#946,#947,#948,#949,#950,#951));
#189=EDGE_LOOP('',(#952,#953,#954,#955,#956,#957,#958,#959,#960,#961,#962,
#963,#964,#965,#966,#967));
#190=EDGE_LOOP('',(#968));
#191=EDGE_LOOP('',(#969,#970,#971,#972,#973,#974,#975,#976,#977,#978,#979,
#980));
#192=EDGE_LOOP('',(#981,#982,#983,#984,#985,#986,#987,#988));
#193=EDGE_LOOP('',(#989,#990,#991,#992,#993,#994));
#194=EDGE_LOOP('',(#995,#996,#997,#998,#999,#1000,#1001,#1002));
#195=EDGE_LOOP('',(#1003));
#196=EDGE_LOOP('',(#1004));
#197=EDGE_LOOP('',(#1005,#1006,#1007,#1008,#1009,#1010,#1011,#1012));
#198=EDGE_LOOP('',(#1013));
#199=EDGE_LOOP('',(#1014));
#200=EDGE_LOOP('',(#1015,#1016,#1017,#1018));
#201=EDGE_LOOP('',(#1019,#1020,#1021,#1022));
#202=EDGE_LOOP('',(#1023,#1024,#1025,#1026));
#203=EDGE_LOOP('',(#1027,#1028,#1029,#1030));
#204=EDGE_LOOP('',(#1031,#1032,#1033,#1034));
#205=EDGE_LOOP('',(#1035,#1036,#1037,#1038));
#206=EDGE_LOOP('',(#1039,#1040,#1041,#1042));
#207=EDGE_LOOP('',(#1043,#1044,#1045,#1046));
#208=EDGE_LOOP('',(#1047,#1048,#1049,#1050,#1051,#1052,#1053,#1054));
#209=EDGE_LOOP('',(#1055,#1056,#1057,#1058));
#210=EDGE_LOOP('',(#1059,#1060,#1061,#1062));
#211=EDGE_LOOP('',(#1063,#1064,#1065,#1066));
#212=EDGE_LOOP('',(#1067,#1068,#1069,#1070));
#213=EDGE_LOOP('',(#1071,#1072,#1073,#1074));
#214=EDGE_LOOP('',(#1075,#1076,#1077,#1078));
#215=EDGE_LOOP('',(#1079,#1080,#1081,#1082));
#216=EDGE_LOOP('',(#1083,#1084,#1085,#1086));
#217=EDGE_LOOP('',(#1087,#1088,#1089,#1090));
#218=EDGE_LOOP('',(#1091,#1092,#1093,#1094));
#219=EDGE_LOOP('',(#1095,#1096,#1097,#1098));
#220=EDGE_LOOP('',(#1099,#1100,#1101,#1102));
#221=EDGE_LOOP('',(#1103,#1104,#1105,#1106,#1107,#1108,#1109,#1110,#1111,
#1112,#1113,#1114));
#222=EDGE_LOOP('',(#1115));
#223=EDGE_LOOP('',(#1116,#1117,#1118,#1119));
#224=EDGE_LOOP('',(#1120,#1121,#1122,#1123));
#225=EDGE_LOOP('',(#1124,#1125,#1126,#1127));
#226=EDGE_LOOP('',(#1128,#1129,#1130,#1131));
#227=EDGE_LOOP('',(#1132,#1133,#1134,#1135));
#228=EDGE_LOOP('',(#1136,#1137,#1138,#1139));
#229=EDGE_LOOP('',(#1140,#1141,#1142,#1143));
#230=EDGE_LOOP('',(#1144,#1145,#1146,#1147));
#231=EDGE_LOOP('',(#1148,#1149,#1150,#1151));
#232=EDGE_LOOP('',(#1152,#1153,#1154,#1155));
#233=EDGE_LOOP('',(#1156,#1157,#1158,#1159));
#234=EDGE_LOOP('',(#1160,#1161,#1162,#1163));
#235=EDGE_LOOP('',(#1164,#1165,#1166,#1167));
#236=EDGE_LOOP('',(#1168,#1169,#1170,#1171));
#237=EDGE_LOOP('',(#1172,#1173,#1174,#1175));
#238=EDGE_LOOP('',(#1176,#1177,#1178,#1179));
#239=EDGE_LOOP('',(#1180,#1181,#1182,#1183,#1184,#1185,#1186,#1187,#1188,
#1189,#1190,#1191,#1192,#1193,#1194,#1195));
#240=EDGE_LOOP('',(#1196,#1197,#1198,#1199));
#241=EDGE_LOOP('',(#1200,#1201,#1202,#1203));
#242=EDGE_LOOP('',(#1204,#1205,#1206,#1207));
#243=EDGE_LOOP('',(#1208,#1209,#1210,#1211));
#244=EDGE_LOOP('',(#1212,#1213,#1214,#1215));
#245=EDGE_LOOP('',(#1216,#1217,#1218,#1219));
#246=EDGE_LOOP('',(#1220,#1221,#1222,#1223));
#247=EDGE_LOOP('',(#1224,#1225,#1226,#1227));
#248=EDGE_LOOP('',(#1228,#1229,#1230,#1231,#1232,#1233,#1234,#1235));
#249=EDGE_LOOP('',(#1236,#1237,#1238,#1239));
#250=EDGE_LOOP('',(#1240,#1241,#1242,#1243,#1244));
#251=EDGE_LOOP('',(#1245,#1246,#1247,#1248));
#252=EDGE_LOOP('',(#1249,#1250,#1251,#1252));
#253=EDGE_LOOP('',(#1253));
#254=EDGE_LOOP('',(#1254));
#255=LINE('',#1907,#371);
#256=LINE('',#1913,#372);
#257=LINE('',#1919,#373);
#258=LINE('',#1925,#374);
#259=LINE('',#1929,#375);
#260=LINE('',#1934,#376);
#261=LINE('',#1938,#377);
#262=LINE('',#1943,#378);
#263=LINE('',#1947,#379);
#264=LINE('',#1952,#380);
#265=LINE('',#1956,#381);
#266=LINE('',#2090,#382);
#267=LINE('',#2162,#383);
#268=LINE('',#2236,#384);
#269=LINE('',#2315,#385);
#270=LINE('',#2463,#386);
#271=LINE('',#2465,#387);
#272=LINE('',#2477,#388);
#273=LINE('',#2615,#389);
#274=LINE('',#2617,#390);
#275=LINE('',#2619,#391);
#276=LINE('',#2661,#392);
#277=LINE('',#2665,#393);
#278=LINE('',#2669,#394);
#279=LINE('',#2672,#395);
#280=LINE('',#2677,#396);
#281=LINE('',#2681,#397);
#282=LINE('',#2685,#398);
#283=LINE('',#2689,#399);
#284=LINE('',#2693,#400);
#285=LINE('',#2697,#401);
#286=LINE('',#2701,#402);
#287=LINE('',#2704,#403);
#288=LINE('',#2709,#404);
#289=LINE('',#2713,#405);
#290=LINE('',#2717,#406);
#291=LINE('',#2721,#407);
#292=LINE('',#2725,#408);
#293=LINE('',#2728,#409);
#294=LINE('',#2733,#410);
#295=LINE('',#2737,#411);
#296=LINE('',#2741,#412);
#297=LINE('',#2744,#413);
#298=LINE('',#2819,#414);
#299=LINE('',#2823,#415);
#300=LINE('',#2829,#416);
#301=LINE('',#2832,#417);
#302=LINE('',#2835,#418);
#303=LINE('',#2838,#419);
#304=LINE('',#2841,#420);
#305=LINE('',#2842,#421);
#306=LINE('',#2846,#422);
#307=LINE('',#2849,#423);
#308=LINE('',#2850,#424);
#309=LINE('',#2854,#425);
#310=LINE('',#2857,#426);
#311=LINE('',#2858,#427);
#312=LINE('',#2862,#428);
#313=LINE('',#2864,#429);
#314=LINE('',#2868,#430);
#315=LINE('',#2871,#431);
#316=LINE('',#2874,#432);
#317=LINE('',#2875,#433);
#318=LINE('',#2879,#434);
#319=LINE('',#2882,#435);
#320=LINE('',#2883,#436);
#321=LINE('',#2887,#437);
#322=LINE('',#2890,#438);
#323=LINE('',#2891,#439);
#324=LINE('',#2895,#440);
#325=LINE('',#2898,#441);
#326=LINE('',#2899,#442);
#327=LINE('',#2903,#443);
#328=LINE('',#2906,#444);
#329=LINE('',#2907,#445);
#330=LINE('',#2911,#446);
#331=LINE('',#2913,#447);
#332=LINE('',#2918,#448);
#333=LINE('',#2921,#449);
#334=LINE('',#2924,#450);
#335=LINE('',#2925,#451);
#336=LINE('',#2929,#452);
#337=LINE('',#2932,#453);
#338=LINE('',#2933,#454);
#339=LINE('',#2937,#455);
#340=LINE('',#2940,#456);
#341=LINE('',#2941,#457);
#342=LINE('',#2945,#458);
#343=LINE('',#2948,#459);
#344=LINE('',#2949,#460);
#345=LINE('',#2953,#461);
#346=LINE('',#2956,#462);
#347=LINE('',#2957,#463);
#348=LINE('',#2961,#464);
#349=LINE('',#2964,#465);
#350=LINE('',#2965,#466);
#351=LINE('',#2969,#467);
#352=LINE('',#2972,#468);
#353=LINE('',#2973,#469);
#354=LINE('',#2977,#470);
#355=LINE('',#2979,#471);
#356=LINE('',#2983,#472);
#357=LINE('',#2986,#473);
#358=LINE('',#2989,#474);
#359=LINE('',#2990,#475);
#360=LINE('',#2994,#476);
#361=LINE('',#2997,#477);
#362=LINE('',#2998,#478);
#363=LINE('',#3002,#479);
#364=LINE('',#3005,#480);
#365=LINE('',#3006,#481);
#366=LINE('',#3010,#482);
#367=LINE('',#3012,#483);
#368=LINE('',#3015,#484);
#369=LINE('',#3016,#485);
#370=LINE('',#3018,#486);
#371=VECTOR('',#1524,12.42);
#372=VECTOR('',#1531,7.75000000000001);
#373=VECTOR('',#1538,3.1);
#374=VECTOR('',#1545,1.02499999999999);
#375=VECTOR('',#1550,1.02499999999998);
#376=VECTOR('',#1555,1.02499999999999);
#377=VECTOR('',#1560,1.02499999999999);
#378=VECTOR('',#1565,1.02499999999999);
#379=VECTOR('',#1570,1.02499999999999);
#380=VECTOR('',#1575,1.02499999999998);
#381=VECTOR('',#1580,1.02499999999998);
#382=VECTOR('',#1581,10.);
#383=VECTOR('',#1582,10.);
#384=VECTOR('',#1583,10.);
#385=VECTOR('',#1584,1000.);
#386=VECTOR('',#1587,1000.);
#387=VECTOR('',#1588,1000.);
#388=VECTOR('',#1589,1000.);
#389=VECTOR('',#1594,1000.);
#390=VECTOR('',#1595,1000.);
#391=VECTOR('',#1596,1000.);
#392=VECTOR('',#1599,1000.);
#393=VECTOR('',#1602,1000.);
#394=VECTOR('',#1605,1000.);
#395=VECTOR('',#1608,1000.);
#396=VECTOR('',#1611,1000.);
#397=VECTOR('',#1614,1000.);
#398=VECTOR('',#1617,1000.);
#399=VECTOR('',#1620,1000.);
#400=VECTOR('',#1623,1000.);
#401=VECTOR('',#1626,1000.);
#402=VECTOR('',#1629,1000.);
#403=VECTOR('',#1632,1000.);
#404=VECTOR('',#1635,1000.);
#405=VECTOR('',#1638,1000.);
#406=VECTOR('',#1641,1000.);
#407=VECTOR('',#1644,1000.);
#408=VECTOR('',#1647,1000.);
#409=VECTOR('',#1650,1000.);
#410=VECTOR('',#1653,1000.);
#411=VECTOR('',#1656,1000.);
#412=VECTOR('',#1659,1000.);
#413=VECTOR('',#1662,1000.);
#414=VECTOR('',#1665,1000.);
#415=VECTOR('',#1668,1000.);
#416=VECTOR('',#1675,1000.);
#417=VECTOR('',#1678,1000.);
#418=VECTOR('',#1681,1000.);
#419=VECTOR('',#1684,1000.);
#420=VECTOR('',#1687,1000.);
#421=VECTOR('',#1688,1000.);
#422=VECTOR('',#1693,1000.);
#423=VECTOR('',#1696,1000.);
#424=VECTOR('',#1697,1000.);
#425=VECTOR('',#1702,1000.);
#426=VECTOR('',#1705,1000.);
#427=VECTOR('',#1706,1000.);
#428=VECTOR('',#1711,1000.);
#429=VECTOR('',#1714,1000.);
#430=VECTOR('',#1719,1000.);
#431=VECTOR('',#1722,1000.);
#432=VECTOR('',#1725,1000.);
#433=VECTOR('',#1726,1000.);
#434=VECTOR('',#1731,1000.);
#435=VECTOR('',#1734,1000.);
#436=VECTOR('',#1735,1000.);
#437=VECTOR('',#1740,1000.);
#438=VECTOR('',#1743,1000.);
#439=VECTOR('',#1744,1000.);
#440=VECTOR('',#1749,1000.);
#441=VECTOR('',#1752,1000.);
#442=VECTOR('',#1753,1000.);
#443=VECTOR('',#1758,1000.);
#444=VECTOR('',#1761,1000.);
#445=VECTOR('',#1762,1000.);
#446=VECTOR('',#1767,1000.);
#447=VECTOR('',#1770,1000.);
#448=VECTOR('',#1777,1000.);
#449=VECTOR('',#1780,1000.);
#450=VECTOR('',#1783,1000.);
#451=VECTOR('',#1784,1000.);
#452=VECTOR('',#1789,1000.);
#453=VECTOR('',#1792,1000.);
#454=VECTOR('',#1793,1000.);
#455=VECTOR('',#1798,1000.);
#456=VECTOR('',#1801,1000.);
#457=VECTOR('',#1802,1000.);
#458=VECTOR('',#1807,1000.);
#459=VECTOR('',#1810,1000.);
#460=VECTOR('',#1811,1000.);
#461=VECTOR('',#1816,1000.);
#462=VECTOR('',#1819,1000.);
#463=VECTOR('',#1820,1000.);
#464=VECTOR('',#1825,1000.);
#465=VECTOR('',#1828,1000.);
#466=VECTOR('',#1829,1000.);
#467=VECTOR('',#1834,1000.);
#468=VECTOR('',#1837,1000.);
#469=VECTOR('',#1838,1000.);
#470=VECTOR('',#1843,1000.);
#471=VECTOR('',#1846,1000.);
#472=VECTOR('',#1851,1000.);
#473=VECTOR('',#1854,1000.);
#474=VECTOR('',#1857,1000.);
#475=VECTOR('',#1858,1000.);
#476=VECTOR('',#1863,1000.);
#477=VECTOR('',#1866,1000.);
#478=VECTOR('',#1867,1000.);
#479=VECTOR('',#1872,1000.);
#480=VECTOR('',#1875,1000.);
#481=VECTOR('',#1876,1000.);
#482=VECTOR('',#1881,1000.);
#483=VECTOR('',#1884,1000.);
#484=VECTOR('',#1889,1000.);
#485=VECTOR('',#1890,1000.);
#486=VECTOR('',#1893,1000.);
#487=CIRCLE('',#1386,12.42);
#488=CIRCLE('',#1387,12.42);
#489=CIRCLE('',#1389,7.75000000000001);
#490=CIRCLE('',#1390,7.75000000000001);
#491=CIRCLE('',#1392,3.10000000000001);
#492=CIRCLE('',#1393,3.10000000000001);
#493=CIRCLE('',#1395,1.02499999999998);
#494=CIRCLE('',#1396,1.02499999999999);
#495=CIRCLE('',#1399,1.02499999999999);
#496=CIRCLE('',#1400,1.02499999999999);
#497=CIRCLE('',#1403,1.02499999999999);
#498=CIRCLE('',#1404,1.02499999999999);
#499=CIRCLE('',#1407,1.02499999999998);
#500=CIRCLE('',#1408,1.02499999999999);
#501=CIRCLE('',#1413,0.5);
#502=CIRCLE('',#1414,0.5);
#503=CIRCLE('',#1415,0.5);
#504=CIRCLE('',#1416,0.5);
#505=CIRCLE('',#1417,0.5);
#506=CIRCLE('',#1418,0.5);
#507=CIRCLE('',#1419,0.5);
#508=CIRCLE('',#1420,0.5);
#509=CIRCLE('',#1421,0.500000000000002);
#510=CIRCLE('',#1422,0.5);
#511=CIRCLE('',#1423,0.499999999999997);
#512=CIRCLE('',#1424,0.5);
#513=CIRCLE('',#1425,0.5);
#514=CIRCLE('',#1426,0.500000000000007);
#515=CIRCLE('',#1427,0.5);
#516=CIRCLE('',#1428,0.5);
#517=CIRCLE('',#1429,0.5);
#518=CIRCLE('',#1430,0.5);
#519=CIRCLE('',#1431,1.55);
#520=CIRCLE('',#1432,1.55);
#521=CIRCLE('',#1433,1.55);
#522=CIRCLE('',#1434,1.55);
#523=CIRCLE('',#1442,1.55);
#524=CIRCLE('',#1445,1.55);
#525=CIRCLE('',#1448,1.55);
#526=CIRCLE('',#1451,1.55);
#527=CIRCLE('',#1455,0.5);
#528=CIRCLE('',#1458,0.500000000000007);
#529=CIRCLE('',#1461,0.5);
#530=CIRCLE('',#1464,0.5);
#531=CIRCLE('',#1467,0.5);
#532=CIRCLE('',#1470,0.5);
#533=CIRCLE('',#1475,0.5);
#534=CIRCLE('',#1478,0.5);
#535=CIRCLE('',#1481,0.5);
#536=CIRCLE('',#1484,0.5);
#537=CIRCLE('',#1487,0.500000000000002);
#538=CIRCLE('',#1490,0.5);
#539=CIRCLE('',#1493,0.499999999999997);
#540=CIRCLE('',#1496,0.5);
#541=CIRCLE('',#1500,0.5);
#542=CIRCLE('',#1503,0.5);
#543=CIRCLE('',#1506,0.5);
#544=CIRCLE('',#1509,0.5);
#545=VERTEX_POINT('',#1904);
#546=VERTEX_POINT('',#1906);
#547=VERTEX_POINT('',#1910);
#548=VERTEX_POINT('',#1912);
#549=VERTEX_POINT('',#1916);
#550=VERTEX_POINT('',#1918);
#551=VERTEX_POINT('',#1922);
#552=VERTEX_POINT('',#1924);
#553=VERTEX_POINT('',#1928);
#554=VERTEX_POINT('',#1931);
#555=VERTEX_POINT('',#1933);
#556=VERTEX_POINT('',#1937);
#557=VERTEX_POINT('',#1940);
#558=VERTEX_POINT('',#1942);
#559=VERTEX_POINT('',#1946);
#560=VERTEX_POINT('',#1949);
#561=VERTEX_POINT('',#1951);
#562=VERTEX_POINT('',#1955);
#563=VERTEX_POINT('',#2017);
#564=VERTEX_POINT('',#2018);
#565=VERTEX_POINT('',#2089);
#566=VERTEX_POINT('',#2091);
#567=VERTEX_POINT('',#2223);
#568=VERTEX_POINT('',#2224);
#569=VERTEX_POINT('',#2235);
#570=VERTEX_POINT('',#2237);
#571=VERTEX_POINT('',#2314);
#572=VERTEX_POINT('',#2316);
#573=VERTEX_POINT('',#2327);
#574=VERTEX_POINT('',#2451);
#575=VERTEX_POINT('',#2452);
#576=VERTEX_POINT('',#2464);
#577=VERTEX_POINT('',#2466);
#578=VERTEX_POINT('',#2613);
#579=VERTEX_POINT('',#2614);
#580=VERTEX_POINT('',#2616);
#581=VERTEX_POINT('',#2618);
#582=VERTEX_POINT('',#2657);
#583=VERTEX_POINT('',#2658);
#584=VERTEX_POINT('',#2660);
#585=VERTEX_POINT('',#2662);
#586=VERTEX_POINT('',#2664);
#587=VERTEX_POINT('',#2666);
#588=VERTEX_POINT('',#2668);
#589=VERTEX_POINT('',#2670);
#590=VERTEX_POINT('',#2673);
#591=VERTEX_POINT('',#2674);
#592=VERTEX_POINT('',#2676);
#593=VERTEX_POINT('',#2678);
#594=VERTEX_POINT('',#2680);
#595=VERTEX_POINT('',#2682);
#596=VERTEX_POINT('',#2684);
#597=VERTEX_POINT('',#2686);
#598=VERTEX_POINT('',#2688);
#599=VERTEX_POINT('',#2690);
#600=VERTEX_POINT('',#2692);
#601=VERTEX_POINT('',#2694);
#602=VERTEX_POINT('',#2696);
#603=VERTEX_POINT('',#2698);
#604=VERTEX_POINT('',#2700);
#605=VERTEX_POINT('',#2702);
#606=VERTEX_POINT('',#2705);
#607=VERTEX_POINT('',#2706);
#608=VERTEX_POINT('',#2708);
#609=VERTEX_POINT('',#2710);
#610=VERTEX_POINT('',#2712);
#611=VERTEX_POINT('',#2714);
#612=VERTEX_POINT('',#2716);
#613=VERTEX_POINT('',#2718);
#614=VERTEX_POINT('',#2720);
#615=VERTEX_POINT('',#2722);
#616=VERTEX_POINT('',#2724);
#617=VERTEX_POINT('',#2726);
#618=VERTEX_POINT('',#2729);
#619=VERTEX_POINT('',#2730);
#620=VERTEX_POINT('',#2732);
#621=VERTEX_POINT('',#2734);
#622=VERTEX_POINT('',#2736);
#623=VERTEX_POINT('',#2738);
#624=VERTEX_POINT('',#2740);
#625=VERTEX_POINT('',#2742);
#626=VERTEX_POINT('',#2818);
#627=VERTEX_POINT('',#2820);
#628=VERTEX_POINT('',#2822);
#629=VERTEX_POINT('',#2826);
#630=VERTEX_POINT('',#2828);
#631=VERTEX_POINT('',#2830);
#632=VERTEX_POINT('',#2834);
#633=VERTEX_POINT('',#2836);
#634=VERTEX_POINT('',#2840);
#635=VERTEX_POINT('',#2844);
#636=VERTEX_POINT('',#2848);
#637=VERTEX_POINT('',#2852);
#638=VERTEX_POINT('',#2856);
#639=VERTEX_POINT('',#2860);
#640=VERTEX_POINT('',#2867);
#641=VERTEX_POINT('',#2869);
#642=VERTEX_POINT('',#2873);
#643=VERTEX_POINT('',#2877);
#644=VERTEX_POINT('',#2881);
#645=VERTEX_POINT('',#2885);
#646=VERTEX_POINT('',#2889);
#647=VERTEX_POINT('',#2893);
#648=VERTEX_POINT('',#2897);
#649=VERTEX_POINT('',#2901);
#650=VERTEX_POINT('',#2905);
#651=VERTEX_POINT('',#2909);
#652=VERTEX_POINT('',#2917);
#653=VERTEX_POINT('',#2919);
#654=VERTEX_POINT('',#2923);
#655=VERTEX_POINT('',#2927);
#656=VERTEX_POINT('',#2931);
#657=VERTEX_POINT('',#2935);
#658=VERTEX_POINT('',#2939);
#659=VERTEX_POINT('',#2943);
#660=VERTEX_POINT('',#2947);
#661=VERTEX_POINT('',#2951);
#662=VERTEX_POINT('',#2955);
#663=VERTEX_POINT('',#2959);
#664=VERTEX_POINT('',#2963);
#665=VERTEX_POINT('',#2967);
#666=VERTEX_POINT('',#2971);
#667=VERTEX_POINT('',#2975);
#668=VERTEX_POINT('',#2982);
#669=VERTEX_POINT('',#2984);
#670=VERTEX_POINT('',#2988);
#671=VERTEX_POINT('',#2992);
#672=VERTEX_POINT('',#2996);
#673=VERTEX_POINT('',#3000);
#674=VERTEX_POINT('',#3004);
#675=VERTEX_POINT('',#3008);
#676=EDGE_CURVE('',#545,#545,#487,.T.);
#677=EDGE_CURVE('',#545,#546,#255,.T.);
#678=EDGE_CURVE('',#546,#546,#488,.T.);
#679=EDGE_CURVE('',#547,#547,#489,.T.);
#680=EDGE_CURVE('',#547,#548,#256,.T.);
#681=EDGE_CURVE('',#548,#548,#490,.T.);
#682=EDGE_CURVE('',#549,#549,#491,.T.);
#683=EDGE_CURVE('',#549,#550,#257,.T.);
#684=EDGE_CURVE('',#550,#550,#492,.T.);
#685=EDGE_CURVE('',#551,#551,#493,.T.);
#686=EDGE_CURVE('',#551,#552,#258,.T.);
#687=EDGE_CURVE('',#552,#552,#494,.T.);
#688=EDGE_CURVE('',#553,#551,#259,.T.);
#689=EDGE_CURVE('',#554,#554,#495,.T.);
#690=EDGE_CURVE('',#554,#555,#260,.T.);
#691=EDGE_CURVE('',#555,#555,#496,.T.);
#692=EDGE_CURVE('',#556,#554,#261,.T.);
#693=EDGE_CURVE('',#557,#557,#497,.T.);
#694=EDGE_CURVE('',#557,#558,#262,.T.);
#695=EDGE_CURVE('',#558,#558,#498,.T.);
#696=EDGE_CURVE('',#559,#557,#263,.T.);
#697=EDGE_CURVE('',#560,#560,#499,.T.);
#698=EDGE_CURVE('',#560,#561,#264,.T.);
#699=EDGE_CURVE('',#561,#561,#500,.T.);
#700=EDGE_CURVE('',#562,#560,#265,.T.);
#701=EDGE_CURVE('',#563,#564,#67,.F.);
#702=EDGE_CURVE('',#564,#565,#266,.T.);
#703=EDGE_CURVE('',#566,#565,#68,.F.);
#704=EDGE_CURVE('',#563,#566,#267,.T.);
#705=EDGE_CURVE('',#567,#568,#69,.T.);
#706=EDGE_CURVE('',#568,#569,#268,.T.);
#707=EDGE_CURVE('',#570,#569,#70,.T.);
#708=EDGE_CURVE('',#567,#570,#71,.T.);
#709=EDGE_CURVE('',#568,#571,#269,.T.);
#710=EDGE_CURVE('',#571,#572,#72,.T.);
#711=EDGE_CURVE('',#573,#572,#73,.T.);
#712=EDGE_CURVE('',#569,#573,#74,.F.);
#713=EDGE_CURVE('',#565,#566,#75,.F.);
#714=EDGE_CURVE('',#574,#575,#76,.T.);
#715=EDGE_CURVE('',#574,#572,#270,.T.);
#716=EDGE_CURVE('',#576,#567,#271,.T.);
#717=EDGE_CURVE('',#577,#576,#77,.T.);
#718=EDGE_CURVE('',#575,#577,#272,.T.);
#719=EDGE_CURVE('',#564,#563,#78,.F.);
#720=EDGE_CURVE('',#578,#579,#273,.T.);
#721=EDGE_CURVE('',#579,#580,#274,.T.);
#722=EDGE_CURVE('',#581,#580,#275,.T.);
#723=EDGE_CURVE('',#581,#578,#79,.T.);
#724=EDGE_CURVE('',#582,#583,#501,.T.);
#725=EDGE_CURVE('',#584,#582,#276,.T.);
#726=EDGE_CURVE('',#585,#584,#502,.T.);
#727=EDGE_CURVE('',#586,#585,#277,.T.);
#728=EDGE_CURVE('',#587,#586,#503,.T.);
#729=EDGE_CURVE('',#588,#587,#278,.T.);
#730=EDGE_CURVE('',#589,#588,#504,.T.);
#731=EDGE_CURVE('',#583,#589,#279,.T.);
#732=EDGE_CURVE('',#590,#591,#505,.T.);
#733=EDGE_CURVE('',#592,#590,#280,.T.);
#734=EDGE_CURVE('',#593,#592,#506,.T.);
#735=EDGE_CURVE('',#594,#593,#281,.T.);
#736=EDGE_CURVE('',#595,#594,#507,.T.);
#737=EDGE_CURVE('',#596,#595,#282,.T.);
#738=EDGE_CURVE('',#597,#596,#508,.T.);
#739=EDGE_CURVE('',#598,#597,#283,.T.);
#740=EDGE_CURVE('',#599,#598,#509,.T.);
#741=EDGE_CURVE('',#600,#599,#284,.T.);
#742=EDGE_CURVE('',#601,#600,#510,.T.);
#743=EDGE_CURVE('',#602,#601,#285,.T.);
#744=EDGE_CURVE('',#603,#602,#511,.T.);
#745=EDGE_CURVE('',#604,#603,#286,.T.);
#746=EDGE_CURVE('',#605,#604,#512,.T.);
#747=EDGE_CURVE('',#591,#605,#287,.T.);
#748=EDGE_CURVE('',#606,#607,#513,.T.);
#749=EDGE_CURVE('',#608,#606,#288,.T.);
#750=EDGE_CURVE('',#609,#608,#514,.T.);
#751=EDGE_CURVE('',#610,#609,#289,.T.);
#752=EDGE_CURVE('',#611,#610,#515,.T.);
#753=EDGE_CURVE('',#612,#611,#290,.T.);
#754=EDGE_CURVE('',#613,#612,#516,.T.);
#755=EDGE_CURVE('',#614,#613,#291,.T.);
#756=EDGE_CURVE('',#615,#614,#517,.T.);
#757=EDGE_CURVE('',#616,#615,#292,.T.);
#758=EDGE_CURVE('',#617,#616,#518,.T.);
#759=EDGE_CURVE('',#607,#617,#293,.T.);
#760=EDGE_CURVE('',#618,#619,#519,.T.);
#761=EDGE_CURVE('',#620,#618,#294,.T.);
#762=EDGE_CURVE('',#621,#620,#520,.T.);
#763=EDGE_CURVE('',#622,#621,#295,.T.);
#764=EDGE_CURVE('',#623,#622,#521,.T.);
#765=EDGE_CURVE('',#624,#623,#296,.T.);
#766=EDGE_CURVE('',#625,#624,#522,.T.);
#767=EDGE_CURVE('',#619,#625,#297,.T.);
#768=EDGE_CURVE('',#574,#581,#80,.T.);
#769=EDGE_CURVE('',#578,#576,#81,.T.);
#770=EDGE_CURVE('',#570,#626,#298,.T.);
#771=EDGE_CURVE('',#626,#627,#15,.T.);
#772=EDGE_CURVE('',#627,#628,#299,.T.);
#773=EDGE_CURVE('',#628,#579,#16,.T.);
#774=EDGE_CURVE('',#580,#629,#17,.T.);
#775=EDGE_CURVE('',#629,#630,#300,.T.);
#776=EDGE_CURVE('',#630,#631,#18,.T.);
#777=EDGE_CURVE('',#631,#573,#301,.T.);
#778=EDGE_CURVE('',#632,#619,#302,.T.);
#779=EDGE_CURVE('',#633,#632,#523,.T.);
#780=EDGE_CURVE('',#633,#618,#303,.T.);
#781=EDGE_CURVE('',#634,#633,#304,.T.);
#782=EDGE_CURVE('',#634,#620,#305,.T.);
#783=EDGE_CURVE('',#635,#634,#524,.T.);
#784=EDGE_CURVE('',#635,#621,#306,.T.);
#785=EDGE_CURVE('',#636,#635,#307,.T.);
#786=EDGE_CURVE('',#636,#622,#308,.T.);
#787=EDGE_CURVE('',#637,#636,#525,.T.);
#788=EDGE_CURVE('',#637,#623,#309,.T.);
#789=EDGE_CURVE('',#638,#637,#310,.T.);
#790=EDGE_CURVE('',#638,#624,#311,.T.);
#791=EDGE_CURVE('',#639,#638,#526,.T.);
#792=EDGE_CURVE('',#639,#625,#312,.T.);
#793=EDGE_CURVE('',#632,#639,#313,.T.);
#794=EDGE_CURVE('',#640,#607,#314,.T.);
#795=EDGE_CURVE('',#641,#640,#527,.T.);
#796=EDGE_CURVE('',#641,#606,#315,.T.);
#797=EDGE_CURVE('',#642,#641,#316,.T.);
#798=EDGE_CURVE('',#642,#608,#317,.T.);
#799=EDGE_CURVE('',#643,#642,#528,.T.);
#800=EDGE_CURVE('',#643,#609,#318,.T.);
#801=EDGE_CURVE('',#644,#643,#319,.T.);
#802=EDGE_CURVE('',#644,#610,#320,.T.);
#803=EDGE_CURVE('',#645,#644,#529,.T.);
#804=EDGE_CURVE('',#645,#611,#321,.T.);
#805=EDGE_CURVE('',#646,#645,#322,.T.);
#806=EDGE_CURVE('',#646,#612,#323,.T.);
#807=EDGE_CURVE('',#647,#646,#530,.T.);
#808=EDGE_CURVE('',#647,#613,#324,.T.);
#809=EDGE_CURVE('',#648,#647,#325,.T.);
#810=EDGE_CURVE('',#648,#614,#326,.T.);
#811=EDGE_CURVE('',#649,#648,#531,.T.);
#812=EDGE_CURVE('',#649,#615,#327,.T.);
#813=EDGE_CURVE('',#650,#649,#328,.T.);
#814=EDGE_CURVE('',#650,#616,#329,.T.);
#815=EDGE_CURVE('',#651,#650,#532,.T.);
#816=EDGE_CURVE('',#651,#617,#330,.T.);
#817=EDGE_CURVE('',#640,#651,#331,.T.);
#818=EDGE_CURVE('',#652,#591,#332,.T.);
#819=EDGE_CURVE('',#653,#652,#533,.T.);
#820=EDGE_CURVE('',#653,#590,#333,.T.);
#821=EDGE_CURVE('',#654,#653,#334,.T.);
#822=EDGE_CURVE('',#654,#592,#335,.T.);
#823=EDGE_CURVE('',#655,#654,#534,.T.);
#824=EDGE_CURVE('',#655,#593,#336,.T.);
#825=EDGE_CURVE('',#656,#655,#337,.T.);
#826=EDGE_CURVE('',#656,#594,#338,.T.);
#827=EDGE_CURVE('',#657,#656,#535,.T.);
#828=EDGE_CURVE('',#657,#595,#339,.T.);
#829=EDGE_CURVE('',#658,#657,#340,.T.);
#830=EDGE_CURVE('',#658,#596,#341,.T.);
#831=EDGE_CURVE('',#659,#658,#536,.T.);
#832=EDGE_CURVE('',#659,#597,#342,.T.);
#833=EDGE_CURVE('',#660,#659,#343,.T.);
#834=EDGE_CURVE('',#660,#598,#344,.T.);
#835=EDGE_CURVE('',#661,#660,#537,.T.);
#836=EDGE_CURVE('',#661,#599,#345,.T.);
#837=EDGE_CURVE('',#662,#661,#346,.T.);
#838=EDGE_CURVE('',#662,#600,#347,.T.);
#839=EDGE_CURVE('',#663,#662,#538,.T.);
#840=EDGE_CURVE('',#663,#601,#348,.T.);
#841=EDGE_CURVE('',#664,#663,#349,.T.);
#842=EDGE_CURVE('',#664,#602,#350,.T.);
#843=EDGE_CURVE('',#665,#664,#539,.T.);
#844=EDGE_CURVE('',#665,#603,#351,.T.);
#845=EDGE_CURVE('',#666,#665,#352,.T.);
#846=EDGE_CURVE('',#666,#604,#353,.T.);
#847=EDGE_CURVE('',#667,#666,#540,.T.);
#848=EDGE_CURVE('',#667,#605,#354,.T.);
#849=EDGE_CURVE('',#652,#667,#355,.T.);
#850=EDGE_CURVE('',#668,#583,#356,.T.);
#851=EDGE_CURVE('',#669,#668,#541,.T.);
#852=EDGE_CURVE('',#669,#582,#357,.T.);
#853=EDGE_CURVE('',#670,#669,#358,.T.);
#854=EDGE_CURVE('',#670,#584,#359,.T.);
#855=EDGE_CURVE('',#671,#670,#542,.T.);
#856=EDGE_CURVE('',#671,#585,#360,.T.);
#857=EDGE_CURVE('',#672,#671,#361,.T.);
#858=EDGE_CURVE('',#672,#586,#362,.T.);
#859=EDGE_CURVE('',#673,#672,#543,.T.);
#860=EDGE_CURVE('',#673,#587,#363,.T.);
#861=EDGE_CURVE('',#674,#673,#364,.T.);
#862=EDGE_CURVE('',#674,#588,#365,.T.);
#863=EDGE_CURVE('',#675,#674,#544,.T.);
#864=EDGE_CURVE('',#675,#589,#366,.T.);
#865=EDGE_CURVE('',#668,#675,#367,.T.);
#866=EDGE_CURVE('',#627,#630,#368,.T.);
#867=EDGE_CURVE('',#629,#628,#369,.T.);
#868=EDGE_CURVE('',#631,#626,#370,.T.);
#869=ORIENTED_EDGE('',*,*,#676,.T.);
#870=ORIENTED_EDGE('',*,*,#677,.T.);
#871=ORIENTED_EDGE('',*,*,#678,.F.);
#872=ORIENTED_EDGE('',*,*,#677,.F.);
#873=ORIENTED_EDGE('',*,*,#679,.T.);
#874=ORIENTED_EDGE('',*,*,#680,.T.);
#875=ORIENTED_EDGE('',*,*,#681,.F.);
#876=ORIENTED_EDGE('',*,*,#680,.F.);
#877=ORIENTED_EDGE('',*,*,#682,.F.);
#878=ORIENTED_EDGE('',*,*,#683,.T.);
#879=ORIENTED_EDGE('',*,*,#684,.T.);
#880=ORIENTED_EDGE('',*,*,#683,.F.);
#881=ORIENTED_EDGE('',*,*,#685,.F.);
#882=ORIENTED_EDGE('',*,*,#686,.T.);
#883=ORIENTED_EDGE('',*,*,#687,.T.);
#884=ORIENTED_EDGE('',*,*,#686,.F.);
#885=ORIENTED_EDGE('',*,*,#688,.T.);
#886=ORIENTED_EDGE('',*,*,#685,.T.);
#887=ORIENTED_EDGE('',*,*,#688,.F.);
#888=ORIENTED_EDGE('',*,*,#689,.F.);
#889=ORIENTED_EDGE('',*,*,#690,.T.);
#890=ORIENTED_EDGE('',*,*,#691,.T.);
#891=ORIENTED_EDGE('',*,*,#690,.F.);
#892=ORIENTED_EDGE('',*,*,#692,.T.);
#893=ORIENTED_EDGE('',*,*,#689,.T.);
#894=ORIENTED_EDGE('',*,*,#692,.F.);
#895=ORIENTED_EDGE('',*,*,#693,.F.);
#896=ORIENTED_EDGE('',*,*,#694,.T.);
#897=ORIENTED_EDGE('',*,*,#695,.T.);
#898=ORIENTED_EDGE('',*,*,#694,.F.);
#899=ORIENTED_EDGE('',*,*,#696,.T.);
#900=ORIENTED_EDGE('',*,*,#693,.T.);
#901=ORIENTED_EDGE('',*,*,#696,.F.);
#902=ORIENTED_EDGE('',*,*,#697,.F.);
#903=ORIENTED_EDGE('',*,*,#698,.T.);
#904=ORIENTED_EDGE('',*,*,#699,.T.);
#905=ORIENTED_EDGE('',*,*,#698,.F.);
#906=ORIENTED_EDGE('',*,*,#700,.T.);
#907=ORIENTED_EDGE('',*,*,#697,.T.);
#908=ORIENTED_EDGE('',*,*,#700,.F.);
#909=ORIENTED_EDGE('',*,*,#701,.T.);
#910=ORIENTED_EDGE('',*,*,#702,.T.);
#911=ORIENTED_EDGE('',*,*,#703,.F.);
#912=ORIENTED_EDGE('',*,*,#704,.F.);
#913=ORIENTED_EDGE('',*,*,#705,.T.);
#914=ORIENTED_EDGE('',*,*,#706,.T.);
#915=ORIENTED_EDGE('',*,*,#707,.F.);
#916=ORIENTED_EDGE('',*,*,#708,.F.);
#917=ORIENTED_EDGE('',*,*,#706,.F.);
#918=ORIENTED_EDGE('',*,*,#709,.T.);
#919=ORIENTED_EDGE('',*,*,#710,.T.);
#920=ORIENTED_EDGE('',*,*,#711,.F.);
#921=ORIENTED_EDGE('',*,*,#712,.F.);
#922=ORIENTED_EDGE('',*,*,#713,.T.);
#923=ORIENTED_EDGE('',*,*,#703,.T.);
#924=ORIENTED_EDGE('',*,*,#714,.F.);
#925=ORIENTED_EDGE('',*,*,#715,.T.);
#926=ORIENTED_EDGE('',*,*,#710,.F.);
#927=ORIENTED_EDGE('',*,*,#709,.F.);
#928=ORIENTED_EDGE('',*,*,#705,.F.);
#929=ORIENTED_EDGE('',*,*,#716,.F.);
#930=ORIENTED_EDGE('',*,*,#717,.F.);
#931=ORIENTED_EDGE('',*,*,#718,.F.);
#932=ORIENTED_EDGE('',*,*,#701,.F.);
#933=ORIENTED_EDGE('',*,*,#719,.F.);
#934=ORIENTED_EDGE('',*,*,#678,.T.);
#935=ORIENTED_EDGE('',*,*,#681,.T.);
#936=ORIENTED_EDGE('',*,*,#702,.F.);
#937=ORIENTED_EDGE('',*,*,#719,.T.);
#938=ORIENTED_EDGE('',*,*,#704,.T.);
#939=ORIENTED_EDGE('',*,*,#713,.F.);
#940=ORIENTED_EDGE('',*,*,#720,.T.);
#941=ORIENTED_EDGE('',*,*,#721,.T.);
#942=ORIENTED_EDGE('',*,*,#722,.F.);
#943=ORIENTED_EDGE('',*,*,#723,.T.);
#944=ORIENTED_EDGE('',*,*,#724,.F.);
#945=ORIENTED_EDGE('',*,*,#725,.F.);
#946=ORIENTED_EDGE('',*,*,#726,.F.);
#947=ORIENTED_EDGE('',*,*,#727,.F.);
#948=ORIENTED_EDGE('',*,*,#728,.F.);
#949=ORIENTED_EDGE('',*,*,#729,.F.);
#950=ORIENTED_EDGE('',*,*,#730,.F.);
#951=ORIENTED_EDGE('',*,*,#731,.F.);
#952=ORIENTED_EDGE('',*,*,#732,.F.);
#953=ORIENTED_EDGE('',*,*,#733,.F.);
#954=ORIENTED_EDGE('',*,*,#734,.F.);
#955=ORIENTED_EDGE('',*,*,#735,.F.);
#956=ORIENTED_EDGE('',*,*,#736,.F.);
#957=ORIENTED_EDGE('',*,*,#737,.F.);
#958=ORIENTED_EDGE('',*,*,#738,.F.);
#959=ORIENTED_EDGE('',*,*,#739,.F.);
#960=ORIENTED_EDGE('',*,*,#740,.F.);
#961=ORIENTED_EDGE('',*,*,#741,.F.);
#962=ORIENTED_EDGE('',*,*,#742,.F.);
#963=ORIENTED_EDGE('',*,*,#743,.F.);
#964=ORIENTED_EDGE('',*,*,#744,.F.);
#965=ORIENTED_EDGE('',*,*,#745,.F.);
#966=ORIENTED_EDGE('',*,*,#746,.F.);
#967=ORIENTED_EDGE('',*,*,#747,.F.);
#968=ORIENTED_EDGE('',*,*,#684,.F.);
#969=ORIENTED_EDGE('',*,*,#748,.F.);
#970=ORIENTED_EDGE('',*,*,#749,.F.);
#971=ORIENTED_EDGE('',*,*,#750,.F.);
#972=ORIENTED_EDGE('',*,*,#751,.F.);
#973=ORIENTED_EDGE('',*,*,#752,.F.);
#974=ORIENTED_EDGE('',*,*,#753,.F.);
#975=ORIENTED_EDGE('',*,*,#754,.F.);
#976=ORIENTED_EDGE('',*,*,#755,.F.);
#977=ORIENTED_EDGE('',*,*,#756,.F.);
#978=ORIENTED_EDGE('',*,*,#757,.F.);
#979=ORIENTED_EDGE('',*,*,#758,.F.);
#980=ORIENTED_EDGE('',*,*,#759,.F.);
#981=ORIENTED_EDGE('',*,*,#760,.F.);
#982=ORIENTED_EDGE('',*,*,#761,.F.);
#983=ORIENTED_EDGE('',*,*,#762,.F.);
#984=ORIENTED_EDGE('',*,*,#763,.F.);
#985=ORIENTED_EDGE('',*,*,#764,.F.);
#986=ORIENTED_EDGE('',*,*,#765,.F.);
#987=ORIENTED_EDGE('',*,*,#766,.F.);
#988=ORIENTED_EDGE('',*,*,#767,.F.);
#989=ORIENTED_EDGE('',*,*,#768,.F.);
#990=ORIENTED_EDGE('',*,*,#714,.T.);
#991=ORIENTED_EDGE('',*,*,#718,.T.);
#992=ORIENTED_EDGE('',*,*,#717,.T.);
#993=ORIENTED_EDGE('',*,*,#769,.F.);
#994=ORIENTED_EDGE('',*,*,#723,.F.);
#995=ORIENTED_EDGE('',*,*,#770,.T.);
#996=ORIENTED_EDGE('',*,*,#771,.T.);
#997=ORIENTED_EDGE('',*,*,#772,.T.);
#998=ORIENTED_EDGE('',*,*,#773,.T.);
#999=ORIENTED_EDGE('',*,*,#720,.F.);
#1000=ORIENTED_EDGE('',*,*,#769,.T.);
#1001=ORIENTED_EDGE('',*,*,#716,.T.);
#1002=ORIENTED_EDGE('',*,*,#708,.T.);
#1003=ORIENTED_EDGE('',*,*,#687,.F.);
#1004=ORIENTED_EDGE('',*,*,#691,.F.);
#1005=ORIENTED_EDGE('',*,*,#722,.T.);
#1006=ORIENTED_EDGE('',*,*,#774,.T.);
#1007=ORIENTED_EDGE('',*,*,#775,.T.);
#1008=ORIENTED_EDGE('',*,*,#776,.T.);
#1009=ORIENTED_EDGE('',*,*,#777,.T.);
#1010=ORIENTED_EDGE('',*,*,#711,.T.);
#1011=ORIENTED_EDGE('',*,*,#715,.F.);
#1012=ORIENTED_EDGE('',*,*,#768,.T.);
#1013=ORIENTED_EDGE('',*,*,#695,.F.);
#1014=ORIENTED_EDGE('',*,*,#699,.F.);
#1015=ORIENTED_EDGE('',*,*,#760,.T.);
#1016=ORIENTED_EDGE('',*,*,#778,.F.);
#1017=ORIENTED_EDGE('',*,*,#779,.F.);
#1018=ORIENTED_EDGE('',*,*,#780,.T.);
#1019=ORIENTED_EDGE('',*,*,#761,.T.);
#1020=ORIENTED_EDGE('',*,*,#780,.F.);
#1021=ORIENTED_EDGE('',*,*,#781,.F.);
#1022=ORIENTED_EDGE('',*,*,#782,.T.);
#1023=ORIENTED_EDGE('',*,*,#762,.T.);
#1024=ORIENTED_EDGE('',*,*,#782,.F.);
#1025=ORIENTED_EDGE('',*,*,#783,.F.);
#1026=ORIENTED_EDGE('',*,*,#784,.T.);
#1027=ORIENTED_EDGE('',*,*,#763,.T.);
#1028=ORIENTED_EDGE('',*,*,#784,.F.);
#1029=ORIENTED_EDGE('',*,*,#785,.F.);
#1030=ORIENTED_EDGE('',*,*,#786,.T.);
#1031=ORIENTED_EDGE('',*,*,#764,.T.);
#1032=ORIENTED_EDGE('',*,*,#786,.F.);
#1033=ORIENTED_EDGE('',*,*,#787,.F.);
#1034=ORIENTED_EDGE('',*,*,#788,.T.);
#1035=ORIENTED_EDGE('',*,*,#765,.T.);
#1036=ORIENTED_EDGE('',*,*,#788,.F.);
#1037=ORIENTED_EDGE('',*,*,#789,.F.);
#1038=ORIENTED_EDGE('',*,*,#790,.T.);
#1039=ORIENTED_EDGE('',*,*,#766,.T.);
#1040=ORIENTED_EDGE('',*,*,#790,.F.);
#1041=ORIENTED_EDGE('',*,*,#791,.F.);
#1042=ORIENTED_EDGE('',*,*,#792,.T.);
#1043=ORIENTED_EDGE('',*,*,#767,.T.);
#1044=ORIENTED_EDGE('',*,*,#792,.F.);
#1045=ORIENTED_EDGE('',*,*,#793,.F.);
#1046=ORIENTED_EDGE('',*,*,#778,.T.);
#1047=ORIENTED_EDGE('',*,*,#793,.T.);
#1048=ORIENTED_EDGE('',*,*,#791,.T.);
#1049=ORIENTED_EDGE('',*,*,#789,.T.);
#1050=ORIENTED_EDGE('',*,*,#787,.T.);
#1051=ORIENTED_EDGE('',*,*,#785,.T.);
#1052=ORIENTED_EDGE('',*,*,#783,.T.);
#1053=ORIENTED_EDGE('',*,*,#781,.T.);
#1054=ORIENTED_EDGE('',*,*,#779,.T.);
#1055=ORIENTED_EDGE('',*,*,#748,.T.);
#1056=ORIENTED_EDGE('',*,*,#794,.F.);
#1057=ORIENTED_EDGE('',*,*,#795,.F.);
#1058=ORIENTED_EDGE('',*,*,#796,.T.);
#1059=ORIENTED_EDGE('',*,*,#749,.T.);
#1060=ORIENTED_EDGE('',*,*,#796,.F.);
#1061=ORIENTED_EDGE('',*,*,#797,.F.);
#1062=ORIENTED_EDGE('',*,*,#798,.T.);
#1063=ORIENTED_EDGE('',*,*,#750,.T.);
#1064=ORIENTED_EDGE('',*,*,#798,.F.);
#1065=ORIENTED_EDGE('',*,*,#799,.F.);
#1066=ORIENTED_EDGE('',*,*,#800,.T.);
#1067=ORIENTED_EDGE('',*,*,#751,.T.);
#1068=ORIENTED_EDGE('',*,*,#800,.F.);
#1069=ORIENTED_EDGE('',*,*,#801,.F.);
#1070=ORIENTED_EDGE('',*,*,#802,.T.);
#1071=ORIENTED_EDGE('',*,*,#752,.T.);
#1072=ORIENTED_EDGE('',*,*,#802,.F.);
#1073=ORIENTED_EDGE('',*,*,#803,.F.);
#1074=ORIENTED_EDGE('',*,*,#804,.T.);
#1075=ORIENTED_EDGE('',*,*,#753,.T.);
#1076=ORIENTED_EDGE('',*,*,#804,.F.);
#1077=ORIENTED_EDGE('',*,*,#805,.F.);
#1078=ORIENTED_EDGE('',*,*,#806,.T.);
#1079=ORIENTED_EDGE('',*,*,#754,.T.);
#1080=ORIENTED_EDGE('',*,*,#806,.F.);
#1081=ORIENTED_EDGE('',*,*,#807,.F.);
#1082=ORIENTED_EDGE('',*,*,#808,.T.);
#1083=ORIENTED_EDGE('',*,*,#755,.T.);
#1084=ORIENTED_EDGE('',*,*,#808,.F.);
#1085=ORIENTED_EDGE('',*,*,#809,.F.);
#1086=ORIENTED_EDGE('',*,*,#810,.T.);
#1087=ORIENTED_EDGE('',*,*,#756,.T.);
#1088=ORIENTED_EDGE('',*,*,#810,.F.);
#1089=ORIENTED_EDGE('',*,*,#811,.F.);
#1090=ORIENTED_EDGE('',*,*,#812,.T.);
#1091=ORIENTED_EDGE('',*,*,#757,.T.);
#1092=ORIENTED_EDGE('',*,*,#812,.F.);
#1093=ORIENTED_EDGE('',*,*,#813,.F.);
#1094=ORIENTED_EDGE('',*,*,#814,.T.);
#1095=ORIENTED_EDGE('',*,*,#758,.T.);
#1096=ORIENTED_EDGE('',*,*,#814,.F.);
#1097=ORIENTED_EDGE('',*,*,#815,.F.);
#1098=ORIENTED_EDGE('',*,*,#816,.T.);
#1099=ORIENTED_EDGE('',*,*,#759,.T.);
#1100=ORIENTED_EDGE('',*,*,#816,.F.);
#1101=ORIENTED_EDGE('',*,*,#817,.F.);
#1102=ORIENTED_EDGE('',*,*,#794,.T.);
#1103=ORIENTED_EDGE('',*,*,#817,.T.);
#1104=ORIENTED_EDGE('',*,*,#815,.T.);
#1105=ORIENTED_EDGE('',*,*,#813,.T.);
#1106=ORIENTED_EDGE('',*,*,#811,.T.);
#1107=ORIENTED_EDGE('',*,*,#809,.T.);
#1108=ORIENTED_EDGE('',*,*,#807,.T.);
#1109=ORIENTED_EDGE('',*,*,#805,.T.);
#1110=ORIENTED_EDGE('',*,*,#803,.T.);
#1111=ORIENTED_EDGE('',*,*,#801,.T.);
#1112=ORIENTED_EDGE('',*,*,#799,.T.);
#1113=ORIENTED_EDGE('',*,*,#797,.T.);
#1114=ORIENTED_EDGE('',*,*,#795,.T.);
#1115=ORIENTED_EDGE('',*,*,#682,.T.);
#1116=ORIENTED_EDGE('',*,*,#732,.T.);
#1117=ORIENTED_EDGE('',*,*,#818,.F.);
#1118=ORIENTED_EDGE('',*,*,#819,.F.);
#1119=ORIENTED_EDGE('',*,*,#820,.T.);
#1120=ORIENTED_EDGE('',*,*,#733,.T.);
#1121=ORIENTED_EDGE('',*,*,#820,.F.);
#1122=ORIENTED_EDGE('',*,*,#821,.F.);
#1123=ORIENTED_EDGE('',*,*,#822,.T.);
#1124=ORIENTED_EDGE('',*,*,#734,.T.);
#1125=ORIENTED_EDGE('',*,*,#822,.F.);
#1126=ORIENTED_EDGE('',*,*,#823,.F.);
#1127=ORIENTED_EDGE('',*,*,#824,.T.);
#1128=ORIENTED_EDGE('',*,*,#735,.T.);
#1129=ORIENTED_EDGE('',*,*,#824,.F.);
#1130=ORIENTED_EDGE('',*,*,#825,.F.);
#1131=ORIENTED_EDGE('',*,*,#826,.T.);
#1132=ORIENTED_EDGE('',*,*,#736,.T.);
#1133=ORIENTED_EDGE('',*,*,#826,.F.);
#1134=ORIENTED_EDGE('',*,*,#827,.F.);
#1135=ORIENTED_EDGE('',*,*,#828,.T.);
#1136=ORIENTED_EDGE('',*,*,#737,.T.);
#1137=ORIENTED_EDGE('',*,*,#828,.F.);
#1138=ORIENTED_EDGE('',*,*,#829,.F.);
#1139=ORIENTED_EDGE('',*,*,#830,.T.);
#1140=ORIENTED_EDGE('',*,*,#738,.T.);
#1141=ORIENTED_EDGE('',*,*,#830,.F.);
#1142=ORIENTED_EDGE('',*,*,#831,.F.);
#1143=ORIENTED_EDGE('',*,*,#832,.T.);
#1144=ORIENTED_EDGE('',*,*,#739,.T.);
#1145=ORIENTED_EDGE('',*,*,#832,.F.);
#1146=ORIENTED_EDGE('',*,*,#833,.F.);
#1147=ORIENTED_EDGE('',*,*,#834,.T.);
#1148=ORIENTED_EDGE('',*,*,#740,.T.);
#1149=ORIENTED_EDGE('',*,*,#834,.F.);
#1150=ORIENTED_EDGE('',*,*,#835,.F.);
#1151=ORIENTED_EDGE('',*,*,#836,.T.);
#1152=ORIENTED_EDGE('',*,*,#741,.T.);
#1153=ORIENTED_EDGE('',*,*,#836,.F.);
#1154=ORIENTED_EDGE('',*,*,#837,.F.);
#1155=ORIENTED_EDGE('',*,*,#838,.T.);
#1156=ORIENTED_EDGE('',*,*,#742,.T.);
#1157=ORIENTED_EDGE('',*,*,#838,.F.);
#1158=ORIENTED_EDGE('',*,*,#839,.F.);
#1159=ORIENTED_EDGE('',*,*,#840,.T.);
#1160=ORIENTED_EDGE('',*,*,#743,.T.);
#1161=ORIENTED_EDGE('',*,*,#840,.F.);
#1162=ORIENTED_EDGE('',*,*,#841,.F.);
#1163=ORIENTED_EDGE('',*,*,#842,.T.);
#1164=ORIENTED_EDGE('',*,*,#744,.T.);
#1165=ORIENTED_EDGE('',*,*,#842,.F.);
#1166=ORIENTED_EDGE('',*,*,#843,.F.);
#1167=ORIENTED_EDGE('',*,*,#844,.T.);
#1168=ORIENTED_EDGE('',*,*,#745,.T.);
#1169=ORIENTED_EDGE('',*,*,#844,.F.);
#1170=ORIENTED_EDGE('',*,*,#845,.F.);
#1171=ORIENTED_EDGE('',*,*,#846,.T.);
#1172=ORIENTED_EDGE('',*,*,#746,.T.);
#1173=ORIENTED_EDGE('',*,*,#846,.F.);
#1174=ORIENTED_EDGE('',*,*,#847,.F.);
#1175=ORIENTED_EDGE('',*,*,#848,.T.);
#1176=ORIENTED_EDGE('',*,*,#747,.T.);
#1177=ORIENTED_EDGE('',*,*,#848,.F.);
#1178=ORIENTED_EDGE('',*,*,#849,.F.);
#1179=ORIENTED_EDGE('',*,*,#818,.T.);
#1180=ORIENTED_EDGE('',*,*,#849,.T.);
#1181=ORIENTED_EDGE('',*,*,#847,.T.);
#1182=ORIENTED_EDGE('',*,*,#845,.T.);
#1183=ORIENTED_EDGE('',*,*,#843,.T.);
#1184=ORIENTED_EDGE('',*,*,#841,.T.);
#1185=ORIENTED_EDGE('',*,*,#839,.T.);
#1186=ORIENTED_EDGE('',*,*,#837,.T.);
#1187=ORIENTED_EDGE('',*,*,#835,.T.);
#1188=ORIENTED_EDGE('',*,*,#833,.T.);
#1189=ORIENTED_EDGE('',*,*,#831,.T.);
#1190=ORIENTED_EDGE('',*,*,#829,.T.);
#1191=ORIENTED_EDGE('',*,*,#827,.T.);
#1192=ORIENTED_EDGE('',*,*,#825,.T.);
#1193=ORIENTED_EDGE('',*,*,#823,.T.);
#1194=ORIENTED_EDGE('',*,*,#821,.T.);
#1195=ORIENTED_EDGE('',*,*,#819,.T.);
#1196=ORIENTED_EDGE('',*,*,#724,.T.);
#1197=ORIENTED_EDGE('',*,*,#850,.F.);
#1198=ORIENTED_EDGE('',*,*,#851,.F.);
#1199=ORIENTED_EDGE('',*,*,#852,.T.);
#1200=ORIENTED_EDGE('',*,*,#725,.T.);
#1201=ORIENTED_EDGE('',*,*,#852,.F.);
#1202=ORIENTED_EDGE('',*,*,#853,.F.);
#1203=ORIENTED_EDGE('',*,*,#854,.T.);
#1204=ORIENTED_EDGE('',*,*,#726,.T.);
#1205=ORIENTED_EDGE('',*,*,#854,.F.);
#1206=ORIENTED_EDGE('',*,*,#855,.F.);
#1207=ORIENTED_EDGE('',*,*,#856,.T.);
#1208=ORIENTED_EDGE('',*,*,#727,.T.);
#1209=ORIENTED_EDGE('',*,*,#856,.F.);
#1210=ORIENTED_EDGE('',*,*,#857,.F.);
#1211=ORIENTED_EDGE('',*,*,#858,.T.);
#1212=ORIENTED_EDGE('',*,*,#728,.T.);
#1213=ORIENTED_EDGE('',*,*,#858,.F.);
#1214=ORIENTED_EDGE('',*,*,#859,.F.);
#1215=ORIENTED_EDGE('',*,*,#860,.T.);
#1216=ORIENTED_EDGE('',*,*,#729,.T.);
#1217=ORIENTED_EDGE('',*,*,#860,.F.);
#1218=ORIENTED_EDGE('',*,*,#861,.F.);
#1219=ORIENTED_EDGE('',*,*,#862,.T.);
#1220=ORIENTED_EDGE('',*,*,#730,.T.);
#1221=ORIENTED_EDGE('',*,*,#862,.F.);
#1222=ORIENTED_EDGE('',*,*,#863,.F.);
#1223=ORIENTED_EDGE('',*,*,#864,.T.);
#1224=ORIENTED_EDGE('',*,*,#731,.T.);
#1225=ORIENTED_EDGE('',*,*,#864,.F.);
#1226=ORIENTED_EDGE('',*,*,#865,.F.);
#1227=ORIENTED_EDGE('',*,*,#850,.T.);
#1228=ORIENTED_EDGE('',*,*,#865,.T.);
#1229=ORIENTED_EDGE('',*,*,#863,.T.);
#1230=ORIENTED_EDGE('',*,*,#861,.T.);
#1231=ORIENTED_EDGE('',*,*,#859,.T.);
#1232=ORIENTED_EDGE('',*,*,#857,.T.);
#1233=ORIENTED_EDGE('',*,*,#855,.T.);
#1234=ORIENTED_EDGE('',*,*,#853,.T.);
#1235=ORIENTED_EDGE('',*,*,#851,.T.);
#1236=ORIENTED_EDGE('',*,*,#772,.F.);
#1237=ORIENTED_EDGE('',*,*,#866,.T.);
#1238=ORIENTED_EDGE('',*,*,#775,.F.);
#1239=ORIENTED_EDGE('',*,*,#867,.T.);
#1240=ORIENTED_EDGE('',*,*,#777,.F.);
#1241=ORIENTED_EDGE('',*,*,#868,.T.);
#1242=ORIENTED_EDGE('',*,*,#770,.F.);
#1243=ORIENTED_EDGE('',*,*,#707,.T.);
#1244=ORIENTED_EDGE('',*,*,#712,.T.);
#1245=ORIENTED_EDGE('',*,*,#774,.F.);
#1246=ORIENTED_EDGE('',*,*,#721,.F.);
#1247=ORIENTED_EDGE('',*,*,#773,.F.);
#1248=ORIENTED_EDGE('',*,*,#867,.F.);
#1249=ORIENTED_EDGE('',*,*,#776,.F.);
#1250=ORIENTED_EDGE('',*,*,#866,.F.);
#1251=ORIENTED_EDGE('',*,*,#771,.F.);
#1252=ORIENTED_EDGE('',*,*,#868,.F.);
#1253=ORIENTED_EDGE('',*,*,#679,.F.);
#1254=ORIENTED_EDGE('',*,*,#676,.F.);
#1255=CYLINDRICAL_SURFACE('',#1385,12.42);
#1256=CYLINDRICAL_SURFACE('',#1388,7.75000000000001);
#1257=CYLINDRICAL_SURFACE('',#1391,3.10000000000001);
#1258=CYLINDRICAL_SURFACE('',#1394,1.02499999999999);
#1259=CYLINDRICAL_SURFACE('',#1398,1.02499999999999);
#1260=CYLINDRICAL_SURFACE('',#1402,1.02499999999999);
#1261=CYLINDRICAL_SURFACE('',#1406,1.02499999999998);
#1262=CYLINDRICAL_SURFACE('',#1441,1.55);
#1263=CYLINDRICAL_SURFACE('',#1444,1.55);
#1264=CYLINDRICAL_SURFACE('',#1447,1.55);
#1265=CYLINDRICAL_SURFACE('',#1450,1.55);
#1266=CYLINDRICAL_SURFACE('',#1454,0.5);
#1267=CYLINDRICAL_SURFACE('',#1457,0.500000000000007);
#1268=CYLINDRICAL_SURFACE('',#1460,0.5);
#1269=CYLINDRICAL_SURFACE('',#1463,0.5);
#1270=CYLINDRICAL_SURFACE('',#1466,0.5);
#1271=CYLINDRICAL_SURFACE('',#1469,0.5);
#1272=CYLINDRICAL_SURFACE('',#1474,0.5);
#1273=CYLINDRICAL_SURFACE('',#1477,0.5);
#1274=CYLINDRICAL_SURFACE('',#1480,0.5);
#1275=CYLINDRICAL_SURFACE('',#1483,0.5);
#1276=CYLINDRICAL_SURFACE('',#1486,0.500000000000002);
#1277=CYLINDRICAL_SURFACE('',#1489,0.5);
#1278=CYLINDRICAL_SURFACE('',#1492,0.499999999999997);
#1279=CYLINDRICAL_SURFACE('',#1495,0.5);
#1280=CYLINDRICAL_SURFACE('',#1499,0.5);
#1281=CYLINDRICAL_SURFACE('',#1502,0.5);
#1282=CYLINDRICAL_SURFACE('',#1505,0.5);
#1283=CYLINDRICAL_SURFACE('',#1508,0.5);
#1284=CYLINDRICAL_SURFACE('',#1514,5.);
#1285=CYLINDRICAL_SURFACE('',#1515,5.);
#1286=ADVANCED_FACE('',(#91),#1255,.F.);
#1287=ADVANCED_FACE('',(#92),#1256,.F.);
#1288=ADVANCED_FACE('',(#93),#1257,.F.);
#1289=ADVANCED_FACE('',(#94),#1258,.F.);
#1290=ADVANCED_FACE('',(#95),#87,.F.);
#1291=ADVANCED_FACE('',(#96),#1259,.F.);
#1292=ADVANCED_FACE('',(#97),#88,.F.);
#1293=ADVANCED_FACE('',(#98),#1260,.F.);
#1294=ADVANCED_FACE('',(#99),#89,.F.);
#1295=ADVANCED_FACE('',(#100),#1261,.F.);
#1296=ADVANCED_FACE('',(#101),#90,.F.);
#1297=ADVANCED_FACE('',(#102),#82,.T.);
#1298=ADVANCED_FACE('',(#103),#83,.T.);
#1299=ADVANCED_FACE('',(#104),#84,.T.);
#1300=ADVANCED_FACE('',(#105,#19),#31,.T.);
#1301=ADVANCED_FACE('',(#106,#20,#21),#32,.F.);
#1302=ADVANCED_FACE('',(#107),#85,.T.);
#1303=ADVANCED_FACE('',(#108,#22,#23,#24,#25,#26),#33,.T.);
#1304=ADVANCED_FACE('',(#109),#86,.T.);
#1305=ADVANCED_FACE('',(#110,#27,#28),#34,.F.);
#1306=ADVANCED_FACE('',(#111,#29,#30),#35,.F.);
#1307=ADVANCED_FACE('',(#112),#1262,.F.);
#1308=ADVANCED_FACE('',(#113),#36,.F.);
#1309=ADVANCED_FACE('',(#114),#1263,.F.);
#1310=ADVANCED_FACE('',(#115),#37,.F.);
#1311=ADVANCED_FACE('',(#116),#1264,.F.);
#1312=ADVANCED_FACE('',(#117),#38,.F.);
#1313=ADVANCED_FACE('',(#118),#1265,.F.);
#1314=ADVANCED_FACE('',(#119),#39,.F.);
#1315=ADVANCED_FACE('',(#120),#40,.T.);
#1316=ADVANCED_FACE('',(#121),#1266,.F.);
#1317=ADVANCED_FACE('',(#122),#41,.F.);
#1318=ADVANCED_FACE('',(#123),#1267,.F.);
#1319=ADVANCED_FACE('',(#124),#42,.F.);
#1320=ADVANCED_FACE('',(#125),#1268,.F.);
#1321=ADVANCED_FACE('',(#126),#43,.F.);
#1322=ADVANCED_FACE('',(#127),#1269,.F.);
#1323=ADVANCED_FACE('',(#128),#44,.F.);
#1324=ADVANCED_FACE('',(#129),#1270,.F.);
#1325=ADVANCED_FACE('',(#130),#45,.F.);
#1326=ADVANCED_FACE('',(#131),#1271,.F.);
#1327=ADVANCED_FACE('',(#132),#46,.F.);
#1328=ADVANCED_FACE('',(#133),#47,.T.);
#1329=ADVANCED_FACE('',(#134),#48,.T.);
#1330=ADVANCED_FACE('',(#135),#1272,.F.);
#1331=ADVANCED_FACE('',(#136),#49,.F.);
#1332=ADVANCED_FACE('',(#137),#1273,.F.);
#1333=ADVANCED_FACE('',(#138),#50,.F.);
#1334=ADVANCED_FACE('',(#139),#1274,.T.);
#1335=ADVANCED_FACE('',(#140),#51,.F.);
#1336=ADVANCED_FACE('',(#141),#1275,.F.);
#1337=ADVANCED_FACE('',(#142),#52,.F.);
#1338=ADVANCED_FACE('',(#143),#1276,.F.);
#1339=ADVANCED_FACE('',(#144),#53,.F.);
#1340=ADVANCED_FACE('',(#145),#1277,.T.);
#1341=ADVANCED_FACE('',(#146),#54,.F.);
#1342=ADVANCED_FACE('',(#147),#1278,.F.);
#1343=ADVANCED_FACE('',(#148),#55,.F.);
#1344=ADVANCED_FACE('',(#149),#1279,.F.);
#1345=ADVANCED_FACE('',(#150),#56,.F.);
#1346=ADVANCED_FACE('',(#151),#57,.T.);
#1347=ADVANCED_FACE('',(#152),#1280,.F.);
#1348=ADVANCED_FACE('',(#153),#58,.F.);
#1349=ADVANCED_FACE('',(#154),#1281,.F.);
#1350=ADVANCED_FACE('',(#155),#59,.F.);
#1351=ADVANCED_FACE('',(#156),#1282,.F.);
#1352=ADVANCED_FACE('',(#157),#60,.F.);
#1353=ADVANCED_FACE('',(#158),#1283,.F.);
#1354=ADVANCED_FACE('',(#159),#61,.F.);
#1355=ADVANCED_FACE('',(#160),#62,.T.);
#1356=ADVANCED_FACE('',(#161),#63,.F.);
#1357=ADVANCED_FACE('',(#162),#64,.F.);
#1358=ADVANCED_FACE('',(#163),#1284,.T.);
#1359=ADVANCED_FACE('',(#164),#1285,.F.);
#1360=ADVANCED_FACE('',(#165),#65,.F.);
#1361=ADVANCED_FACE('',(#166),#66,.F.);
#1362=CLOSED_SHELL('',(#1286,#1287,#1288,#1289,#1290,#1291,#1292,#1293,
#1294,#1295,#1296,#1297,#1298,#1299,#1300,#1301,#1302,#1303,#1304,#1305,
#1306,#1307,#1308,#1309,#1310,#1311,#1312,#1313,#1314,#1315,#1316,#1317,
#1318,#1319,#1320,#1321,#1322,#1323,#1324,#1325,#1326,#1327,#1328,#1329,
#1330,#1331,#1332,#1333,#1334,#1335,#1336,#1337,#1338,#1339,#1340,#1341,
#1342,#1343,#1344,#1345,#1346,#1347,#1348,#1349,#1350,#1351,#1352,#1353,
#1354,#1355,#1356,#1357,#1358,#1359,#1360,#1361));
#1363=DERIVED_UNIT_ELEMENT(#1366,1.);
#1364=DERIVED_UNIT_ELEMENT(#3028,-3.);
#1365=DIMENSIONAL_EXPONENTS(0.,1.,0.,0.,0.,0.,0.);
#1366=(
CONVERSION_BASED_UNIT('gram',#1368)
MASS_UNIT()
NAMED_UNIT(#1365)
);
#1367=(
MASS_UNIT()
NAMED_UNIT(*)
SI_UNIT(.KILO.,.GRAM.)
);
#1368=MASS_MEASURE_WITH_UNIT(MASS_MEASURE(0.001),#1367);
#1369=DERIVED_UNIT((#1363,#1364));
#1370=MEASURE_REPRESENTATION_ITEM('density measure',
POSITIVE_RATIO_MEASURE(1.),#1369);
#1371=PROPERTY_DEFINITION_REPRESENTATION(#1376,#1373);
#1372=PROPERTY_DEFINITION_REPRESENTATION(#1377,#1374);
#1373=REPRESENTATION('material name',(#1375),#3025);
#1374=REPRESENTATION('density',(#1370),#3025);
#1375=DESCRIPTIVE_REPRESENTATION_ITEM('Generic','Generic');
#1376=PROPERTY_DEFINITION('material property','material name',#3035);
#1377=PROPERTY_DEFINITION('material property','density of part',#3035);
#1378=DATE_TIME_ROLE('creation_date');
#1379=APPLIED_DATE_AND_TIME_ASSIGNMENT(#1380,#1378,(#3035));
#1380=DATE_AND_TIME(#1381,#1382);
#1381=CALENDAR_DATE(2023,28,7);
#1382=LOCAL_TIME(3,8,5.,#1383);
#1383=COORDINATED_UNIVERSAL_TIME_OFFSET(0,0,.BEHIND.);
#1384=AXIS2_PLACEMENT_3D('',#1902,#1518,#1519);
#1385=AXIS2_PLACEMENT_3D('',#1903,#1520,#1521);
#1386=AXIS2_PLACEMENT_3D('',#1905,#1522,#1523);
#1387=AXIS2_PLACEMENT_3D('',#1908,#1525,#1526);
#1388=AXIS2_PLACEMENT_3D('',#1909,#1527,#1528);
#1389=AXIS2_PLACEMENT_3D('',#1911,#1529,#1530);
#1390=AXIS2_PLACEMENT_3D('',#1914,#1532,#1533);
#1391=AXIS2_PLACEMENT_3D('',#1915,#1534,#1535);
#1392=AXIS2_PLACEMENT_3D('',#1917,#1536,#1537);
#1393=AXIS2_PLACEMENT_3D('',#1920,#1539,#1540);
#1394=AXIS2_PLACEMENT_3D('',#1921,#1541,#1542);
#1395=AXIS2_PLACEMENT_3D('',#1923,#1543,#1544);
#1396=AXIS2_PLACEMENT_3D('',#1926,#1546,#1547);
#1397=AXIS2_PLACEMENT_3D('',#1927,#1548,#1549);
#1398=AXIS2_PLACEMENT_3D('',#1930,#1551,#1552);
#1399=AXIS2_PLACEMENT_3D('',#1932,#1553,#1554);
#1400=AXIS2_PLACEMENT_3D('',#1935,#1556,#1557);
#1401=AXIS2_PLACEMENT_3D('',#1936,#1558,#1559);
#1402=AXIS2_PLACEMENT_3D('',#1939,#1561,#1562);
#1403=AXIS2_PLACEMENT_3D('',#1941,#1563,#1564);
#1404=AXIS2_PLACEMENT_3D('',#1944,#1566,#1567);
#1405=AXIS2_PLACEMENT_3D('',#1945,#1568,#1569);
#1406=AXIS2_PLACEMENT_3D('',#1948,#1571,#1572);
#1407=AXIS2_PLACEMENT_3D('',#1950,#1573,#1574);
#1408=AXIS2_PLACEMENT_3D('',#1953,#1576,#1577);
#1409=AXIS2_PLACEMENT_3D('',#1954,#1578,#1579);
#1410=AXIS2_PLACEMENT_3D('',#2377,#1585,#1586);
#1411=AXIS2_PLACEMENT_3D('',#2478,#1590,#1591);
#1412=AXIS2_PLACEMENT_3D('',#2612,#1592,#1593);
#1413=AXIS2_PLACEMENT_3D('',#2659,#1597,#1598);
#1414=AXIS2_PLACEMENT_3D('',#2663,#1600,#1601);
#1415=AXIS2_PLACEMENT_3D('',#2667,#1603,#1604);
#1416=AXIS2_PLACEMENT_3D('',#2671,#1606,#1607);
#1417=AXIS2_PLACEMENT_3D('',#2675,#1609,#1610);
#1418=AXIS2_PLACEMENT_3D('',#2679,#1612,#1613);
#1419=AXIS2_PLACEMENT_3D('',#2683,#1615,#1616);
#1420=AXIS2_PLACEMENT_3D('',#2687,#1618,#1619);
#1421=AXIS2_PLACEMENT_3D('',#2691,#1621,#1622);
#1422=AXIS2_PLACEMENT_3D('',#2695,#1624,#1625);
#1423=AXIS2_PLACEMENT_3D('',#2699,#1627,#1628);
#1424=AXIS2_PLACEMENT_3D('',#2703,#1630,#1631);
#1425=AXIS2_PLACEMENT_3D('',#2707,#1633,#1634);
#1426=AXIS2_PLACEMENT_3D('',#2711,#1636,#1637);
#1427=AXIS2_PLACEMENT_3D('',#2715,#1639,#1640);
#1428=AXIS2_PLACEMENT_3D('',#2719,#1642,#1643);
#1429=AXIS2_PLACEMENT_3D('',#2723,#1645,#1646);
#1430=AXIS2_PLACEMENT_3D('',#2727,#1648,#1649);
#1431=AXIS2_PLACEMENT_3D('',#2731,#1651,#1652);
#1432=AXIS2_PLACEMENT_3D('',#2735,#1654,#1655);
#1433=AXIS2_PLACEMENT_3D('',#2739,#1657,#1658);
#1434=AXIS2_PLACEMENT_3D('',#2743,#1660,#1661);
#1435=AXIS2_PLACEMENT_3D('',#2817,#1663,#1664);
#1436=AXIS2_PLACEMENT_3D('',#2821,#1666,#1667);
#1437=AXIS2_PLACEMENT_3D('',#2824,#1669,#1670);
#1438=AXIS2_PLACEMENT_3D('',#2825,#1671,#1672);
#1439=AXIS2_PLACEMENT_3D('',#2827,#1673,#1674);
#1440=AXIS2_PLACEMENT_3D('',#2831,#1676,#1677);
#1441=AXIS2_PLACEMENT_3D('',#2833,#1679,#1680);
#1442=AXIS2_PLACEMENT_3D('',#2837,#1682,#1683);
#1443=AXIS2_PLACEMENT_3D('',#2839,#1685,#1686);
#1444=AXIS2_PLACEMENT_3D('',#2843,#1689,#1690);
#1445=AXIS2_PLACEMENT_3D('',#2845,#1691,#1692);
#1446=AXIS2_PLACEMENT_3D('',#2847,#1694,#1695);
#1447=AXIS2_PLACEMENT_3D('',#2851,#1698,#1699);
#1448=AXIS2_PLACEMENT_3D('',#2853,#1700,#1701);
#1449=AXIS2_PLACEMENT_3D('',#2855,#1703,#1704);
#1450=AXIS2_PLACEMENT_3D('',#2859,#1707,#1708);
#1451=AXIS2_PLACEMENT_3D('',#2861,#1709,#1710);
#1452=AXIS2_PLACEMENT_3D('',#2863,#1712,#1713);
#1453=AXIS2_PLACEMENT_3D('',#2865,#1715,#1716);
#1454=AXIS2_PLACEMENT_3D('',#2866,#1717,#1718);
#1455=AXIS2_PLACEMENT_3D('',#2870,#1720,#1721);
#1456=AXIS2_PLACEMENT_3D('',#2872,#1723,#1724);
#1457=AXIS2_PLACEMENT_3D('',#2876,#1727,#1728);
#1458=AXIS2_PLACEMENT_3D('',#2878,#1729,#1730);
#1459=AXIS2_PLACEMENT_3D('',#2880,#1732,#1733);
#1460=AXIS2_PLACEMENT_3D('',#2884,#1736,#1737);
#1461=AXIS2_PLACEMENT_3D('',#2886,#1738,#1739);
#1462=AXIS2_PLACEMENT_3D('',#2888,#1741,#1742);
#1463=AXIS2_PLACEMENT_3D('',#2892,#1745,#1746);
#1464=AXIS2_PLACEMENT_3D('',#2894,#1747,#1748);
#1465=AXIS2_PLACEMENT_3D('',#2896,#1750,#1751);
#1466=AXIS2_PLACEMENT_3D('',#2900,#1754,#1755);
#1467=AXIS2_PLACEMENT_3D('',#2902,#1756,#1757);
#1468=AXIS2_PLACEMENT_3D('',#2904,#1759,#1760);
#1469=AXIS2_PLACEMENT_3D('',#2908,#1763,#1764);
#1470=AXIS2_PLACEMENT_3D('',#2910,#1765,#1766);
#1471=AXIS2_PLACEMENT_3D('',#2912,#1768,#1769);
#1472=AXIS2_PLACEMENT_3D('',#2914,#1771,#1772);
#1473=AXIS2_PLACEMENT_3D('',#2915,#1773,#1774);
#1474=AXIS2_PLACEMENT_3D('',#2916,#1775,#1776);
#1475=AXIS2_PLACEMENT_3D('',#2920,#1778,#1779);
#1476=AXIS2_PLACEMENT_3D('',#2922,#1781,#1782);
#1477=AXIS2_PLACEMENT_3D('',#2926,#1785,#1786);
#1478=AXIS2_PLACEMENT_3D('',#2928,#1787,#1788);
#1479=AXIS2_PLACEMENT_3D('',#2930,#1790,#1791);
#1480=AXIS2_PLACEMENT_3D('',#2934,#1794,#1795);
#1481=AXIS2_PLACEMENT_3D('',#2936,#1796,#1797);
#1482=AXIS2_PLACEMENT_3D('',#2938,#1799,#1800);
#1483=AXIS2_PLACEMENT_3D('',#2942,#1803,#1804);
#1484=AXIS2_PLACEMENT_3D('',#2944,#1805,#1806);
#1485=AXIS2_PLACEMENT_3D('',#2946,#1808,#1809);
#1486=AXIS2_PLACEMENT_3D('',#2950,#1812,#1813);
#1487=AXIS2_PLACEMENT_3D('',#2952,#1814,#1815);
#1488=AXIS2_PLACEMENT_3D('',#2954,#1817,#1818);
#1489=AXIS2_PLACEMENT_3D('',#2958,#1821,#1822);
#1490=AXIS2_PLACEMENT_3D('',#2960,#1823,#1824);
#1491=AXIS2_PLACEMENT_3D('',#2962,#1826,#1827);
#1492=AXIS2_PLACEMENT_3D('',#2966,#1830,#1831);
#1493=AXIS2_PLACEMENT_3D('',#2968,#1832,#1833);
#1494=AXIS2_PLACEMENT_3D('',#2970,#1835,#1836);
#1495=AXIS2_PLACEMENT_3D('',#2974,#1839,#1840);
#1496=AXIS2_PLACEMENT_3D('',#2976,#1841,#1842);
#1497=AXIS2_PLACEMENT_3D('',#2978,#1844,#1845);
#1498=AXIS2_PLACEMENT_3D('',#2980,#1847,#1848);
#1499=AXIS2_PLACEMENT_3D('',#2981,#1849,#1850);
#1500=AXIS2_PLACEMENT_3D('',#2985,#1852,#1853);
#1501=AXIS2_PLACEMENT_3D('',#2987,#1855,#1856);
#1502=AXIS2_PLACEMENT_3D('',#2991,#1859,#1860);
#1503=AXIS2_PLACEMENT_3D('',#2993,#1861,#1862);
#1504=AXIS2_PLACEMENT_3D('',#2995,#1864,#1865);
#1505=AXIS2_PLACEMENT_3D('',#2999,#1868,#1869);
#1506=AXIS2_PLACEMENT_3D('',#3001,#1870,#1871);
#1507=AXIS2_PLACEMENT_3D('',#3003,#1873,#1874);
#1508=AXIS2_PLACEMENT_3D('',#3007,#1877,#1878);
#1509=AXIS2_PLACEMENT_3D('',#3009,#1879,#1880);
#1510=AXIS2_PLACEMENT_3D('',#3011,#1882,#1883);
#1511=AXIS2_PLACEMENT_3D('',#3013,#1885,#1886);
#1512=AXIS2_PLACEMENT_3D('',#3014,#1887,#1888);
#1513=AXIS2_PLACEMENT_3D('',#3017,#1891,#1892);
#1514=AXIS2_PLACEMENT_3D('',#3019,#1894,#1895);
#1515=AXIS2_PLACEMENT_3D('',#3020,#1896,#1897);
#1516=AXIS2_PLACEMENT_3D('',#3021,#1898,#1899);
#1517=AXIS2_PLACEMENT_3D('',#3022,#1900,#1901);
#1518=DIRECTION('axis',(0.,0.,1.));
#1519=DIRECTION('refdir',(1.,0.,0.));
#1520=DIRECTION('center_axis',(0.,0.,-1.));
#1521=DIRECTION('ref_axis',(-1.,0.,0.));
#1522=DIRECTION('center_axis',(0.,0.,1.));
#1523=DIRECTION('ref_axis',(1.,0.,0.));
#1524=DIRECTION('',(0.,0.,-1.));
#1525=DIRECTION('center_axis',(0.,0.,1.));
#1526=DIRECTION('ref_axis',(1.,0.,0.));
#1527=DIRECTION('center_axis',(0.,0.,-1.));
#1528=DIRECTION('ref_axis',(-1.,0.,0.));
#1529=DIRECTION('center_axis',(0.,0.,1.));
#1530=DIRECTION('ref_axis',(1.,0.,0.));
#1531=DIRECTION('',(0.,0.,-1.));
#1532=DIRECTION('center_axis',(0.,0.,1.));
#1533=DIRECTION('ref_axis',(1.,0.,0.));
#1534=DIRECTION('center_axis',(0.,0.,1.));
#1535=DIRECTION('ref_axis',(1.,0.,0.));
#1536=DIRECTION('center_axis',(0.,0.,1.));
#1537=DIRECTION('ref_axis',(1.,0.,0.));
#1538=DIRECTION('',(0.,0.,1.));
#1539=DIRECTION('center_axis',(0.,0.,1.));
#1540=DIRECTION('ref_axis',(1.,0.,0.));
#1541=DIRECTION('center_axis',(0.999961923064172,0.,0.00872653549835067));
#1542=DIRECTION('ref_axis',(0.00872653549835067,0.,-0.999961923064171));
#1543=DIRECTION('center_axis',(0.999961923064172,0.,0.00872653549835067));
#1544=DIRECTION('ref_axis',(0.00872653549835067,0.,-0.999961923064171));
#1545=DIRECTION('',(0.999961923064171,0.,0.00872653549835067));
#1546=DIRECTION('center_axis',(0.999961923064172,0.,0.00872653549835067));
#1547=DIRECTION('ref_axis',(0.00872653549835067,0.,-0.999961923064171));
#1548=DIRECTION('center_axis',(0.999961923064172,0.,0.00872653549835067));
#1549=DIRECTION('ref_axis',(0.00872653549835067,0.,-0.999961923064171));
#1550=DIRECTION('',(0.507538362960728,-1.04972719113862E-16,0.861629160441512));
#1551=DIRECTION('center_axis',(0.999961923064172,0.,0.00872653549835067));
#1552=DIRECTION('ref_axis',(0.00872653549835067,0.,-0.999961923064171));
#1553=DIRECTION('center_axis',(0.999961923064172,0.,0.00872653549835067));
#1554=DIRECTION('ref_axis',(0.00872653549835067,0.,-0.999961923064171));
#1555=DIRECTION('',(0.999961923064171,0.,0.00872653549835067));
#1556=DIRECTION('center_axis',(0.999961923064172,0.,0.00872653549835067));
#1557=DIRECTION('ref_axis',(0.00872653549835067,0.,-0.999961923064171));
#1558=DIRECTION('center_axis',(0.999961923064172,0.,0.00872653549835067));
#1559=DIRECTION('ref_axis',(0.00872653549835067,0.,-0.999961923064171));
#1560=DIRECTION('',(0.507538362960728,-1.04972719113862E-16,0.861629160441512));
#1561=DIRECTION('center_axis',(-0.999961923064171,0.,0.00872653549836683));
#1562=DIRECTION('ref_axis',(0.00872653549836683,0.,0.999961923064171));
#1563=DIRECTION('center_axis',(-0.999961923064171,0.,0.00872653549836683));
#1564=DIRECTION('ref_axis',(0.00872653549836683,0.,0.999961923064171));
#1565=DIRECTION('',(-0.999961923064171,0.,0.00872653549836683));
#1566=DIRECTION('center_axis',(-0.999961923064171,0.,0.00872653549836683));
#1567=DIRECTION('ref_axis',(0.00872653549836683,0.,0.999961923064171));
#1568=DIRECTION('center_axis',(-0.999961923064171,0.,0.00872653549836683));
#1569=DIRECTION('ref_axis',(0.00872653549836683,0.,0.999961923064171));
#1570=DIRECTION('',(-0.522498564715944,-1.04972719113862E-16,-0.852640164354095));
#1571=DIRECTION('center_axis',(-0.999961923064171,0.,0.00872653549836683));
#1572=DIRECTION('ref_axis',(0.00872653549836683,0.,0.999961923064171));
#1573=DIRECTION('center_axis',(-0.999961923064171,0.,0.00872653549836683));
#1574=DIRECTION('ref_axis',(0.00872653549836683,0.,0.999961923064171));
#1575=DIRECTION('',(-0.999961923064171,0.,0.00872653549836683));
#1576=DIRECTION('center_axis',(-0.999961923064171,0.,0.00872653549836683));
#1577=DIRECTION('ref_axis',(0.00872653549836683,0.,0.999961923064171));
#1578=DIRECTION('center_axis',(-0.999961923064171,0.,0.00872653549836683));
#1579=DIRECTION('ref_axis',(0.00872653549836683,0.,0.999961923064171));
#1580=DIRECTION('',(-0.522498564715944,-1.04972719113862E-16,-0.852640164354095));
#1581=DIRECTION('',(-1.05405593491935E-14,0.00872653549837035,0.999961923064171));
#1582=DIRECTION('',(4.4774902794131E-11,-0.00872653549837105,0.999961923064171));
#1583=DIRECTION('',(-1.7645794832512E-10,-0.00957906560799622,0.999954119698538));
#1584=DIRECTION('',(-1.,0.,0.));
#1585=DIRECTION('center_axis',(0.,0.,1.));
#1586=DIRECTION('ref_axis',(1.,0.,0.));
#1587=DIRECTION('',(0.,1.,0.));
#1588=DIRECTION('',(0.,1.,0.));
#1589=DIRECTION('',(1.,0.,0.));
#1590=DIRECTION('center_axis',(0.,0.,1.));
#1591=DIRECTION('ref_axis',(1.,0.,0.));
#1592=DIRECTION('center_axis',(0.,0.,1.));
#1593=DIRECTION('ref_axis',(1.,0.,0.));
#1594=DIRECTION('',(0.,1.,0.));
#1595=DIRECTION('',(-1.,0.,0.));
#1596=DIRECTION('',(0.,1.,0.));
#1597=DIRECTION('center_axis',(0.,0.,1.));
#1598=DIRECTION('ref_axis',(1.,0.,0.));
#1599=DIRECTION('',(0.,-1.,0.));
#1600=DIRECTION('center_axis',(0.,0.,1.));
#1601=DIRECTION('ref_axis',(1.,0.,0.));
#1602=DIRECTION('',(-1.,1.5770213417971E-16,0.));
#1603=DIRECTION('center_axis',(0.,0.,1.));
#1604=DIRECTION('ref_axis',(1.,0.,0.));
#1605=DIRECTION('',(0.,1.,0.));
#1606=DIRECTION('center_axis',(0.,0.,1.));
#1607=DIRECTION('ref_axis',(1.,0.,0.));
#1608=DIRECTION('',(1.,-6.30808536718839E-16,0.));
#1609=DIRECTION('center_axis',(0.,0.,1.));
#1610=DIRECTION('ref_axis',(1.,0.,0.));
#1611=DIRECTION('',(1.20466908053945E-16,-1.,0.));
#1612=DIRECTION('center_axis',(0.,0.,1.));
#1613=DIRECTION('ref_axis',(1.,0.,0.));
#1614=DIRECTION('',(-1.,0.,0.));
#1615=DIRECTION('center_axis',(0.,0.,-1.));
#1616=DIRECTION('ref_axis',(-1.,0.,0.));
#1617=DIRECTION('',(1.08420217248551E-15,-1.,0.));
#1618=DIRECTION('center_axis',(0.,0.,1.));
#1619=DIRECTION('ref_axis',(1.,0.,0.));
#1620=DIRECTION('',(-1.,0.,0.));
#1621=DIRECTION('center_axis',(0.,0.,1.));
#1622=DIRECTION('ref_axis',(1.,0.,0.));
#1623=DIRECTION('',(2.168404344971E-15,1.,0.));
#1624=DIRECTION('center_axis',(0.,0.,-1.));
#1625=DIRECTION('ref_axis',(-1.,0.,0.));
#1626=DIRECTION('',(-1.,0.,0.));
#1627=DIRECTION('center_axis',(0.,0.,1.));
#1628=DIRECTION('ref_axis',(1.,0.,0.));
#1629=DIRECTION('',(-4.8186763221578E-16,1.,0.));
#1630=DIRECTION('center_axis',(0.,0.,1.));
#1631=DIRECTION('ref_axis',(1.,0.,0.));
#1632=DIRECTION('',(1.,1.40577267096986E-16,0.));
#1633=DIRECTION('center_axis',(0.,0.,1.));
#1634=DIRECTION('ref_axis',(1.,0.,0.));
#1635=DIRECTION('',(0.707106781186548,-0.707106781186547,0.));
#1636=DIRECTION('center_axis',(0.,0.,1.));
#1637=DIRECTION('ref_axis',(1.,0.,0.));
#1638=DIRECTION('',(0.,-1.,0.));
#1639=DIRECTION('center_axis',(0.,0.,1.));
#1640=DIRECTION('ref_axis',(1.,0.,0.));
#1641=DIRECTION('',(-1.,2.24976685617798E-16,0.));
#1642=DIRECTION('center_axis',(0.,0.,1.));
#1643=DIRECTION('ref_axis',(1.,0.,0.));
#1644=DIRECTION('',(0.,1.,0.));
#1645=DIRECTION('center_axis',(0.,0.,1.));
#1646=DIRECTION('ref_axis',(1.,0.,0.));
#1647=DIRECTION('',(0.707106781186548,0.707106781186547,0.));
#1648=DIRECTION('center_axis',(0.,0.,1.));
#1649=DIRECTION('ref_axis',(1.,0.,0.));
#1650=DIRECTION('',(1.,-7.15971906028259E-16,0.));
#1651=DIRECTION('center_axis',(0.,0.,1.));
#1652=DIRECTION('ref_axis',(1.,0.,0.));
#1653=DIRECTION('',(0.,-1.,0.));
#1654=DIRECTION('center_axis',(0.,0.,1.));
#1655=DIRECTION('ref_axis',(1.,0.,0.));
#1656=DIRECTION('',(-1.,-2.69366999375282E-16,0.));
#1657=DIRECTION('center_axis',(0.,0.,1.));
#1658=DIRECTION('ref_axis',(1.,0.,0.));
#1659=DIRECTION('',(0.,1.,0.));
#1660=DIRECTION('center_axis',(0.,0.,1.));
#1661=DIRECTION('ref_axis',(1.,0.,0.));
#1662=DIRECTION('',(1.,0.,0.));
#1663=DIRECTION('center_axis',(-0.999961923064172,0.,-0.00872653549835067));
#1664=DIRECTION('ref_axis',(-0.00872653549835067,0.,0.999961923064172));
#1665=DIRECTION('',(-0.00382726681748747,-0.898693109228995,0.438561338301757));
#1666=DIRECTION('center_axis',(-0.999961923064172,0.,-0.00872653549835067));
#1667=DIRECTION('ref_axis',(-0.00872653549835067,0.,0.999961923064171));
#1668=DIRECTION('',(-0.00872644012890449,0.00467517112278952,0.99995099480807));
#1669=DIRECTION('center_axis',(0.999961923064172,-1.59600787911775E-15,
0.00872653549834842));
#1670=DIRECTION('ref_axis',(0.00872653549834842,-1.28735816242456E-9,-0.999961923064171));
#1671=DIRECTION('center_axis',(0.999961923064171,0.,-0.00872653549836683));
#1672=DIRECTION('ref_axis',(-0.00872653549836683,0.,-0.999961923064171));
#1673=DIRECTION('center_axis',(-0.999961923064171,-1.16019760954316E-15,
0.00872653549836615));
#1674=DIRECTION('ref_axis',(0.00872653549836615,1.06371410092288E-9,0.999961923064171));
#1675=DIRECTION('',(-0.00872644012892065,-0.00467517112278952,-0.99995099480807));
#1676=DIRECTION('center_axis',(0.999961923064171,0.,-0.00872653549836683));
#1677=DIRECTION('ref_axis',(0.00872653549836683,0.,0.999961923064171));
#1678=DIRECTION('',(-0.00382726681749456,0.898693109228995,-0.438561338301757));
#1679=DIRECTION('center_axis',(0.,0.,1.));
#1680=DIRECTION('ref_axis',(1.,0.,0.));
#1681=DIRECTION('',(0.,0.,1.));
#1682=DIRECTION('center_axis',(0.,0.,1.));
#1683=DIRECTION('ref_axis',(1.,0.,0.));
#1684=DIRECTION('',(0.,0.,1.));
#1685=DIRECTION('center_axis',(-1.,0.,0.));
#1686=DIRECTION('ref_axis',(0.,0.,1.));
#1687=DIRECTION('',(0.,-1.,0.));
#1688=DIRECTION('',(0.,0.,1.));
#1689=DIRECTION('center_axis',(0.,0.,1.));
#1690=DIRECTION('ref_axis',(1.,0.,0.));
#1691=DIRECTION('center_axis',(0.,0.,1.));
#1692=DIRECTION('ref_axis',(1.,0.,0.));
#1693=DIRECTION('',(0.,0.,1.));
#1694=DIRECTION('center_axis',(-2.69366999375282E-16,1.,0.));
#1695=DIRECTION('ref_axis',(-1.,-2.69366999375282E-16,0.));
#1696=DIRECTION('',(-1.,-2.69366999375282E-16,0.));
#1697=DIRECTION('',(0.,0.,1.));
#1698=DIRECTION('center_axis',(0.,0.,1.));
#1699=DIRECTION('ref_axis',(1.,0.,0.));
#1700=DIRECTION('center_axis',(0.,0.,1.));
#1701=DIRECTION('ref_axis',(1.,0.,0.));
#1702=DIRECTION('',(0.,0.,1.));
#1703=DIRECTION('center_axis',(1.,0.,0.));
#1704=DIRECTION('ref_axis',(0.,0.,-1.));
#1705=DIRECTION('',(0.,1.,0.));
#1706=DIRECTION('',(0.,0.,1.));
#1707=DIRECTION('center_axis',(0.,0.,1.));
#1708=DIRECTION('ref_axis',(1.,0.,0.));
#1709=DIRECTION('center_axis',(0.,0.,1.));
#1710=DIRECTION('ref_axis',(1.,0.,0.));
#1711=DIRECTION('',(0.,0.,1.));
#1712=DIRECTION('center_axis',(0.,-1.,0.));
#1713=DIRECTION('ref_axis',(0.,0.,-1.));
#1714=DIRECTION('',(1.,0.,0.));
#1715=DIRECTION('center_axis',(0.,0.,1.));
#1716=DIRECTION('ref_axis',(1.,0.,0.));
#1717=DIRECTION('center_axis',(0.,0.,1.));
#1718=DIRECTION('ref_axis',(1.,0.,0.));
#1719=DIRECTION('',(0.,0.,1.));
#1720=DIRECTION('center_axis',(0.,0.,1.));
#1721=DIRECTION('ref_axis',(1.,0.,0.));
#1722=DIRECTION('',(0.,0.,1.));
#1723=DIRECTION('center_axis',(-0.707106781186547,-0.707106781186548,0.));
#1724=DIRECTION('ref_axis',(0.707106781186548,-0.707106781186547,0.));
#1725=DIRECTION('',(0.707106781186548,-0.707106781186547,0.));
#1726=DIRECTION('',(0.,0.,1.));
#1727=DIRECTION('center_axis',(0.,0.,1.));
#1728=DIRECTION('ref_axis',(1.,0.,0.));
#1729=DIRECTION('center_axis',(0.,0.,1.));
#1730=DIRECTION('ref_axis',(1.,0.,0.));
#1731=DIRECTION('',(0.,0.,1.));
#1732=DIRECTION('center_axis',(-1.,0.,0.));
#1733=DIRECTION('ref_axis',(0.,0.,1.));
#1734=DIRECTION('',(0.,-1.,0.));
#1735=DIRECTION('',(0.,0.,1.));
#1736=DIRECTION('center_axis',(0.,0.,1.));
#1737=DIRECTION('ref_axis',(1.,0.,0.));
#1738=DIRECTION('center_axis',(0.,0.,1.));
#1739=DIRECTION('ref_axis',(1.,0.,0.));
#1740=DIRECTION('',(0.,0.,1.));
#1741=DIRECTION('center_axis',(2.24976685617798E-16,1.,0.));
#1742=DIRECTION('ref_axis',(-1.,2.24976685617798E-16,0.));
#1743=DIRECTION('',(-1.,2.24976685617798E-16,0.));
#1744=DIRECTION('',(0.,0.,1.));
#1745=DIRECTION('center_axis',(0.,0.,1.));
#1746=DIRECTION('ref_axis',(1.,0.,0.));
#1747=DIRECTION('center_axis',(0.,0.,1.));
#1748=DIRECTION('ref_axis',(1.,0.,0.));
#1749=DIRECTION('',(0.,0.,1.));
#1750=DIRECTION('center_axis',(1.,0.,0.));
#1751=DIRECTION('ref_axis',(0.,0.,-1.));
#1752=DIRECTION('',(0.,1.,0.));
#1753=DIRECTION('',(0.,0.,1.));
#1754=DIRECTION('center_axis',(0.,0.,1.));
#1755=DIRECTION('ref_axis',(1.,0.,0.));
#1756=DIRECTION('center_axis',(0.,0.,1.));
#1757=DIRECTION('ref_axis',(1.,0.,0.));
#1758=DIRECTION('',(0.,0.,1.));
#1759=DIRECTION('center_axis',(0.707106781186547,-0.707106781186548,0.));
#1760=DIRECTION('ref_axis',(0.707106781186548,0.707106781186547,0.));
#1761=DIRECTION('',(0.707106781186548,0.707106781186547,0.));
#1762=DIRECTION('',(0.,0.,1.));
#1763=DIRECTION('center_axis',(0.,0.,1.));
#1764=DIRECTION('ref_axis',(1.,0.,0.));
#1765=DIRECTION('center_axis',(0.,0.,1.));
#1766=DIRECTION('ref_axis',(1.,0.,0.));
#1767=DIRECTION('',(0.,0.,1.));
#1768=DIRECTION('center_axis',(-7.15971906028258E-16,-1.,0.));
#1769=DIRECTION('ref_axis',(1.,-7.15971906028258E-16,0.));
#1770=DIRECTION('',(1.,0.,0.));
#1771=DIRECTION('center_axis',(0.,0.,1.));
#1772=DIRECTION('ref_axis',(1.,0.,0.));
#1773=DIRECTION('center_axis',(0.,0.,1.));
#1774=DIRECTION('ref_axis',(1.,0.,0.));
#1775=DIRECTION('center_axis',(0.,0.,1.));
#1776=DIRECTION('ref_axis',(1.,0.,0.));
#1777=DIRECTION('',(0.,0.,1.));
#1778=DIRECTION('center_axis',(0.,0.,1.));
#1779=DIRECTION('ref_axis',(1.,0.,0.));
#1780=DIRECTION('',(0.,0.,1.));
#1781=DIRECTION('center_axis',(-1.,-1.20466908053945E-16,0.));
#1782=DIRECTION('ref_axis',(1.20466908053945E-16,-1.,0.));
#1783=DIRECTION('',(1.20466908053945E-16,-1.,0.));
#1784=DIRECTION('',(0.,0.,1.));
#1785=DIRECTION('center_axis',(0.,0.,1.));
#1786=DIRECTION('ref_axis',(1.,0.,0.));
#1787=DIRECTION('center_axis',(0.,0.,1.));
#1788=DIRECTION('ref_axis',(1.,0.,0.));
#1789=DIRECTION('',(0.,0.,1.));
#1790=DIRECTION('center_axis',(0.,1.,0.));
#1791=DIRECTION('ref_axis',(0.,0.,1.));
#1792=DIRECTION('',(-1.,0.,0.));
#1793=DIRECTION('',(0.,0.,1.));
#1794=DIRECTION('center_axis',(0.,0.,1.));
#1795=DIRECTION('ref_axis',(1.,0.,0.));
#1796=DIRECTION('center_axis',(0.,0.,-1.));
#1797=DIRECTION('ref_axis',(-1.,0.,0.));
#1798=DIRECTION('',(0.,0.,1.));
#1799=DIRECTION('center_axis',(-1.,-1.08420217248551E-15,0.));
#1800=DIRECTION('ref_axis',(1.08420217248551E-15,-1.,0.));
#1801=DIRECTION('',(1.08420217248551E-15,-1.,0.));
#1802=DIRECTION('',(0.,0.,1.));
#1803=DIRECTION('center_axis',(0.,0.,1.));
#1804=DIRECTION('ref_axis',(1.,0.,0.));
#1805=DIRECTION('center_axis',(0.,0.,1.));
#1806=DIRECTION('ref_axis',(1.,0.,0.));
#1807=DIRECTION('',(0.,0.,1.));
#1808=DIRECTION('center_axis',(0.,1.,0.));
#1809=DIRECTION('ref_axis',(0.,0.,1.));
#1810=DIRECTION('',(-1.,0.,0.));
#1811=DIRECTION('',(0.,0.,1.));
#1812=DIRECTION('center_axis',(0.,0.,1.));
#1813=DIRECTION('ref_axis',(1.,0.,0.));
#1814=DIRECTION('center_axis',(0.,0.,1.));
#1815=DIRECTION('ref_axis',(1.,0.,0.));
#1816=DIRECTION('',(0.,0.,1.));
#1817=DIRECTION('center_axis',(1.,-2.168404344971E-15,0.));
#1818=DIRECTION('ref_axis',(2.168404344971E-15,1.,0.));
#1819=DIRECTION('',(2.168404344971E-15,1.,0.));
#1820=DIRECTION('',(0.,0.,1.));
#1821=DIRECTION('center_axis',(0.,0.,1.));
#1822=DIRECTION('ref_axis',(1.,0.,0.));
#1823=DIRECTION('center_axis',(0.,0.,-1.));
#1824=DIRECTION('ref_axis',(-1.,0.,0.));
#1825=DIRECTION('',(0.,0.,1.));
#1826=DIRECTION('center_axis',(0.,1.,0.));
#1827=DIRECTION('ref_axis',(0.,0.,1.));
#1828=DIRECTION('',(-1.,0.,0.));
#1829=DIRECTION('',(0.,0.,1.));
#1830=DIRECTION('center_axis',(0.,0.,1.));
#1831=DIRECTION('ref_axis',(1.,0.,0.));
#1832=DIRECTION('center_axis',(0.,0.,1.));
#1833=DIRECTION('ref_axis',(1.,0.,0.));
#1834=DIRECTION('',(0.,0.,1.));
#1835=DIRECTION('center_axis',(1.,4.8186763221578E-16,0.));
#1836=DIRECTION('ref_axis',(-4.8186763221578E-16,1.,0.));
#1837=DIRECTION('',(-4.8186763221578E-16,1.,0.));
#1838=DIRECTION('',(0.,0.,1.));
#1839=DIRECTION('center_axis',(0.,0.,1.));
#1840=DIRECTION('ref_axis',(1.,0.,0.));
#1841=DIRECTION('center_axis',(0.,0.,1.));
#1842=DIRECTION('ref_axis',(1.,0.,0.));
#1843=DIRECTION('',(0.,0.,1.));
#1844=DIRECTION('center_axis',(1.40577267096986E-16,-1.,0.));
#1845=DIRECTION('ref_axis',(1.,1.40577267096986E-16,0.));
#1846=DIRECTION('',(1.,1.40577267096986E-16,0.));
#1847=DIRECTION('center_axis',(0.,0.,1.));
#1848=DIRECTION('ref_axis',(1.,0.,0.));
#1849=DIRECTION('center_axis',(0.,0.,1.));
#1850=DIRECTION('ref_axis',(1.,0.,0.));
#1851=DIRECTION('',(0.,0.,1.));
#1852=DIRECTION('center_axis',(0.,0.,1.));
#1853=DIRECTION('ref_axis',(1.,0.,0.));
#1854=DIRECTION('',(0.,0.,1.));
#1855=DIRECTION('center_axis',(-1.,0.,0.));
#1856=DIRECTION('ref_axis',(0.,0.,1.));
#1857=DIRECTION('',(0.,-1.,0.));
#1858=DIRECTION('',(0.,0.,1.));
#1859=DIRECTION('center_axis',(0.,0.,1.));
#1860=DIRECTION('ref_axis',(1.,0.,0.));
#1861=DIRECTION('center_axis',(0.,0.,1.));
#1862=DIRECTION('ref_axis',(1.,0.,0.));
#1863=DIRECTION('',(0.,0.,1.));
#1864=DIRECTION('center_axis',(1.5770213417971E-16,1.,0.));
#1865=DIRECTION('ref_axis',(-1.,1.5770213417971E-16,0.));
#1866=DIRECTION('',(-1.,1.5770213417971E-16,0.));
#1867=DIRECTION('',(0.,0.,1.));
#1868=DIRECTION('center_axis',(0.,0.,1.));
#1869=DIRECTION('ref_axis',(1.,0.,0.));
#1870=DIRECTION('center_axis',(0.,0.,1.));
#1871=DIRECTION('ref_axis',(1.,0.,0.));
#1872=DIRECTION('',(0.,0.,1.));
#1873=DIRECTION('center_axis',(1.,0.,0.));
#1874=DIRECTION('ref_axis',(0.,0.,-1.));
#1875=DIRECTION('',(0.,1.,0.));
#1876=DIRECTION('',(0.,0.,1.));
#1877=DIRECTION('center_axis',(0.,0.,1.));
#1878=DIRECTION('ref_axis',(1.,0.,0.));
#1879=DIRECTION('center_axis',(0.,0.,1.));
#1880=DIRECTION('ref_axis',(1.,0.,0.));
#1881=DIRECTION('',(0.,0.,1.));
#1882=DIRECTION('center_axis',(-6.30808536718839E-16,-1.,0.));
#1883=DIRECTION('ref_axis',(1.,-6.30808536718839E-16,0.));
#1884=DIRECTION('',(1.,0.,0.));
#1885=DIRECTION('center_axis',(0.,0.,1.));
#1886=DIRECTION('ref_axis',(1.,0.,0.));
#1887=DIRECTION('center_axis',(0.,-0.999989070495474,0.00467534914186761));
#1888=DIRECTION('ref_axis',(0.,-0.00467534914186761,-0.999989070495474));
#1889=DIRECTION('',(-1.,0.,0.));
#1890=DIRECTION('',(1.,0.,0.));
#1891=DIRECTION('center_axis',(0.,-0.438564550353992,-0.898699691316739));
#1892=DIRECTION('ref_axis',(0.,0.898699691316739,-0.438564550353992));
#1893=DIRECTION('',(1.,0.,0.));
#1894=DIRECTION('center_axis',(-1.,0.,0.));
#1895=DIRECTION('ref_axis',(0.,0.,1.));
#1896=DIRECTION('center_axis',(-1.,0.,0.));
#1897=DIRECTION('ref_axis',(0.,0.,1.));
#1898=DIRECTION('center_axis',(0.,0.,1.));
#1899=DIRECTION('ref_axis',(1.,0.,0.));
#1900=DIRECTION('center_axis',(0.,0.,1.));
#1901=DIRECTION('ref_axis',(1.,0.,0.));
#1902=CARTESIAN_POINT('',(0.,0.,0.));
#1903=CARTESIAN_POINT('Origin',(7.535,20.08,0.1));
#1904=CARTESIAN_POINT('',(19.955,20.08,0.1));
#1905=CARTESIAN_POINT('Origin',(7.535,20.08,0.1));
#1906=CARTESIAN_POINT('',(19.955,20.08,0.));
#1907=CARTESIAN_POINT('',(19.955,20.08,0.1));
#1908=CARTESIAN_POINT('Origin',(7.535,20.08,0.));
#1909=CARTESIAN_POINT('Origin',(39.535,20.53,0.1));
#1910=CARTESIAN_POINT('',(47.285,20.53,0.1));
#1911=CARTESIAN_POINT('Origin',(39.535,20.53,0.1));
#1912=CARTESIAN_POINT('',(47.285,20.53,0.));
#1913=CARTESIAN_POINT('',(47.285,20.53,0.1));
#1914=CARTESIAN_POINT('Origin',(39.535,20.53,0.));
#1915=CARTESIAN_POINT('Origin',(67.435,10.5814328411953,133.4));
#1916=CARTESIAN_POINT('',(64.335,10.5814328411953,133.4));
#1917=CARTESIAN_POINT('Origin',(67.435,10.5814328411953,133.4));
#1918=CARTESIAN_POINT('',(64.335,10.5814328411953,143.4));
#1919=CARTESIAN_POINT('',(64.335,10.5814328411953,133.4));
#1920=CARTESIAN_POINT('Origin',(67.435,10.5814328411953,143.4));
#1921=CARTESIAN_POINT('Origin',(91.8271896029523,20.0299651171777,101.897182306722));
#1922=CARTESIAN_POINT('',(80.0186942119092,20.0299651171777,102.819170158983));
#1923=CARTESIAN_POINT('Origin',(80.027638910795,20.0299651171777,101.794209187842));
#1924=CARTESIAN_POINT('',(91.8182449040665,20.0299651171777,102.922143277863));
#1925=CARTESIAN_POINT('',(91.8182449040665,20.0299651171777,102.922143277863));
#1926=CARTESIAN_POINT('Origin',(91.8271896029523,20.0299651171777,101.897182306722));
#1927=CARTESIAN_POINT('Origin',(80.027638910795,20.0299651171777,101.794209187842));
#1928=CARTESIAN_POINT('',(79.4117802271963,20.0299651171776,101.788834670532));
#1929=CARTESIAN_POINT('',(80.0186942119092,20.0299651171777,102.819170158983));
#1930=CARTESIAN_POINT('Origin',(92.2635163778698,20.0299651171777,51.8990861535138));
#1931=CARTESIAN_POINT('',(80.4550209868268,20.0299651171777,52.8210740057741));
#1932=CARTESIAN_POINT('Origin',(80.4639656857126,20.0299651171777,51.7961130346333));
#1933=CARTESIAN_POINT('',(92.254571678984,20.0299651171777,52.9240471246546));
#1934=CARTESIAN_POINT('',(92.254571678984,20.0299651171777,52.9240471246546));
#1935=CARTESIAN_POINT('Origin',(92.2635163778698,20.0299651171777,51.8990861535138));
#1936=CARTESIAN_POINT('Origin',(80.4639656857126,20.0299651171777,51.7961130346333));
#1937=CARTESIAN_POINT('',(79.8481070021138,20.0299651171776,51.7907385173238));
#1938=CARTESIAN_POINT('',(80.4550209868268,20.0299651171777,52.8210740057741));
#1939=CARTESIAN_POINT('Origin',(-17.233516377871,20.0299651171777,51.8990861535401));
#1940=CARTESIAN_POINT('',(-7.24284184611513,20.0299651171777,50.7868598274157));
#1941=CARTESIAN_POINT('Origin',(-7.23389714722931,20.0299651171777,51.8118207985565));
#1942=CARTESIAN_POINT('',(-17.2424610767568,20.0299651171777,50.8741251823994));
#1943=CARTESIAN_POINT('',(-17.2424610767568,20.0299651171777,50.8741251823994));
#1944=CARTESIAN_POINT('Origin',(-17.233516377871,20.0299651171777,51.8990861535401));
#1945=CARTESIAN_POINT('Origin',(-7.23389714722931,20.0299651171777,51.8118207985565));
#1946=CARTESIAN_POINT('',(-6.61803846363059,20.0299651171776,51.8064462812469));
#1947=CARTESIAN_POINT('',(-7.24284184611514,20.0299651171777,50.7868598274157));
#1948=CARTESIAN_POINT('Origin',(-16.7971896029527,20.0299651171777,101.897182306749));
#1949=CARTESIAN_POINT('',(-6.80651507119679,20.0299651171777,100.784955980624));
#1950=CARTESIAN_POINT('Origin',(-6.79757037231097,20.0299651171777,101.809916951765));
#1951=CARTESIAN_POINT('',(-16.8061343018385,20.0299651171777,100.872221335608));
#1952=CARTESIAN_POINT('',(-16.8061343018385,20.0299651171777,100.872221335608));
#1953=CARTESIAN_POINT('Origin',(-16.7971896029527,20.0299651171777,101.897182306749));
#1954=CARTESIAN_POINT('Origin',(-6.79757037231097,20.0299651171777,101.809916951765));
#1955=CARTESIAN_POINT('',(-6.18171168871224,20.0299651171776,101.804542434455));
#1956=CARTESIAN_POINT('',(-6.8065150711968,20.0299651171777,100.784955980624));
#1957=CARTESIAN_POINT('Ctrl Pts',(75.0299999852813,40.06,0.));
#1958=CARTESIAN_POINT('Ctrl Pts',(75.0299999853613,39.8165203886379,27.9));
#1959=CARTESIAN_POINT('Ctrl Pts',(68.760069495259,40.06,0.));
#1960=CARTESIAN_POINT('Ctrl Pts',(68.7948338592645,39.8165203886379,27.9));
#1961=CARTESIAN_POINT('Ctrl Pts',(56.2464617956367,40.06,0.));
#1962=CARTESIAN_POINT('Ctrl Pts',(56.2986077698883,39.8165203886379,27.8999999999999));
#1963=CARTESIAN_POINT('Ctrl Pts',(37.515,40.06,0.));
#1964=CARTESIAN_POINT('Ctrl Pts',(37.5149999999991,39.816520388638,27.9));
#1965=CARTESIAN_POINT('Ctrl Pts',(18.7835382043632,40.06,0.));
#1966=CARTESIAN_POINT('Ctrl Pts',(18.7313922301097,39.8165203886379,27.9));
#1967=CARTESIAN_POINT('Ctrl Pts',(6.26993050474102,40.06,0.));
#1968=CARTESIAN_POINT('Ctrl Pts',(6.23516614073354,39.8165203886379,27.9));
#1969=CARTESIAN_POINT('Ctrl Pts',(-2.6132055955848,40.06,0.));
#1970=CARTESIAN_POINT('Ctrl Pts',(-2.59871637110616,39.8165203886379,27.9));
#1971=CARTESIAN_POINT('Ctrl Pts',(-7.84550865302832,39.025062223336,0.));
#1972=CARTESIAN_POINT('Ctrl Pts',(-7.78815138237766,38.7807903527428,27.9));
#1973=CARTESIAN_POINT('Ctrl Pts',(-14.5175461558928,34.5782385203382,0.));
#1974=CARTESIAN_POINT('Ctrl Pts',(-14.3709424010896,34.3699026300856,27.8999999999999));
#1975=CARTESIAN_POINT('Ctrl Pts',(-18.9838840433191,27.9082180462228,0.));
#1976=CARTESIAN_POINT('Ctrl Pts',(-18.7605108657218,27.7866187063509,27.9));
#1977=CARTESIAN_POINT('Ctrl Pts',(-20.5541464276372,20.03,0.));
#1978=CARTESIAN_POINT('Ctrl Pts',(-20.300540924863,20.03,27.8999999999999));
#1979=CARTESIAN_POINT('Ctrl Pts',(-18.9838840433191,12.1517819537771,0.));
#1980=CARTESIAN_POINT('Ctrl Pts',(-18.7605108657218,12.2733812936492,27.9));
#1981=CARTESIAN_POINT('Ctrl Pts',(-14.5175461558928,5.4817614796618,0.));
#1982=CARTESIAN_POINT('Ctrl Pts',(-14.3709424010895,5.69009736991443,27.8999999999999));
#1983=CARTESIAN_POINT('Ctrl Pts',(-7.84550865302839,1.034937776664,0.));
#1984=CARTESIAN_POINT('Ctrl Pts',(-7.78815138237767,1.27920964725714,27.9));
#1985=CARTESIAN_POINT('Ctrl Pts',(-2.61320559558481,4.80038080222032E-16,
0.));
#1986=CARTESIAN_POINT('Ctrl Pts',(-2.59871637110616,0.243479611362096,27.9));
#1987=CARTESIAN_POINT('Ctrl Pts',(6.26993050474102,0.,0.));
#1988=CARTESIAN_POINT('Ctrl Pts',(6.23516614073354,0.24347961136207,27.9));
#1989=CARTESIAN_POINT('Ctrl Pts',(18.7835382043632,0.,0.));
#1990=CARTESIAN_POINT('Ctrl Pts',(18.7313922301096,0.24347961136207,27.9));
#1991=CARTESIAN_POINT('Ctrl Pts',(37.5150000000001,0.,0.));
#1992=CARTESIAN_POINT('Ctrl Pts',(37.5149999999991,0.24347961136207,27.9));
#1993=CARTESIAN_POINT('Ctrl Pts',(56.2464617956367,0.,0.));
#1994=CARTESIAN_POINT('Ctrl Pts',(56.2986077698883,0.24347961136207,27.8999999999999));
#1995=CARTESIAN_POINT('Ctrl Pts',(68.760069495259,0.,0.));
#1996=CARTESIAN_POINT('Ctrl Pts',(68.7948338592645,0.24347961136207,27.9));
#1997=CARTESIAN_POINT('Ctrl Pts',(77.6432055955848,-1.60012693407344E-16,
0.));
#1998=CARTESIAN_POINT('Ctrl Pts',(77.6287163711042,0.243479611362095,27.9));
#1999=CARTESIAN_POINT('Ctrl Pts',(82.8755086530282,1.03493777666401,0.));
#2000=CARTESIAN_POINT('Ctrl Pts',(82.8181513823756,1.27920964725714,27.8999999999999));
#2001=CARTESIAN_POINT('Ctrl Pts',(89.5475461558929,5.48176147966177,0.));
#2002=CARTESIAN_POINT('Ctrl Pts',(89.4009424010878,5.69009736991445,27.9000000000001));
#2003=CARTESIAN_POINT('Ctrl Pts',(94.013884043319,12.1517819537772,0.));
#2004=CARTESIAN_POINT('Ctrl Pts',(93.7905108657198,12.2733812936491,27.9));
#2005=CARTESIAN_POINT('Ctrl Pts',(95.5841464276372,20.0299999999999,0.));
#2006=CARTESIAN_POINT('Ctrl Pts',(95.3305409248609,20.0299999999999,27.8999999999999));
#2007=CARTESIAN_POINT('Ctrl Pts',(94.0138840433192,27.908218046223,0.));
#2008=CARTESIAN_POINT('Ctrl Pts',(93.7905108657201,27.7866187063509,27.9000000000001));
#2009=CARTESIAN_POINT('Ctrl Pts',(89.5475461558927,34.5782385203381,0.));
#2010=CARTESIAN_POINT('Ctrl Pts',(89.4009424010874,34.3699026300855,27.8999999999999));
#2011=CARTESIAN_POINT('Ctrl Pts',(82.8755086530284,39.0250622233361,0.));
#2012=CARTESIAN_POINT('Ctrl Pts',(82.8181513823759,38.7807903527428,27.9));
#2013=CARTESIAN_POINT('Ctrl Pts',(77.6432055955848,40.06,0.));
#2014=CARTESIAN_POINT('Ctrl Pts',(77.6287163711042,39.8165203886379,27.9));
#2015=CARTESIAN_POINT('Ctrl Pts',(75.0299999852813,40.06,0.));
#2016=CARTESIAN_POINT('Ctrl Pts',(75.0299999853613,39.8165203886379,27.9));
#2017=CARTESIAN_POINT('',(75.03,40.06,0.));
#2018=CARTESIAN_POINT('',(0.,0.,0.));
#2019=CARTESIAN_POINT('Ctrl Pts',(-1.31880062426148E-10,8.32667268468867E-16,
4.00345366063743E-41));
#2020=CARTESIAN_POINT('Ctrl Pts',(-0.522091520342336,3.91683922491875E-10,
4.00345366063743E-41));
#2021=CARTESIAN_POINT('Ctrl Pts',(-2.12247951219013,0.000262321712936457,
0.));
#2022=CARTESIAN_POINT('Ctrl Pts',(-4.20805489026384,0.447894410361857,0.));
#2023=CARTESIAN_POINT('Ctrl Pts',(-5.09263079735998,0.637753077195412,0.));
#2024=CARTESIAN_POINT('Ctrl Pts',(-6.0318275890504,0.906234187310891,-2.31350482976015E-32));
#2025=CARTESIAN_POINT('Ctrl Pts',(-6.91938917993383,1.23249552998459,-2.31350482976015E-32));
#2026=CARTESIAN_POINT('Ctrl Pts',(-7.16449267281539,1.32259383471402,-2.31350482976015E-32));
#2027=CARTESIAN_POINT('Ctrl Pts',(-7.40788346253951,1.41754040696016,-2.31350482976015E-32));
#2028=CARTESIAN_POINT('Ctrl Pts',(-7.64943913914491,1.51734061633097,-2.31350482976015E-32));
#2029=CARTESIAN_POINT('Ctrl Pts',(-8.86017904725656,2.01756523543827,1.51074673311058E-32));
#2030=CARTESIAN_POINT('Ctrl Pts',(-10.0093262375945,2.61828548593193,0.));
#2031=CARTESIAN_POINT('Ctrl Pts',(-11.2309121248257,3.44549711935347,0.));
#2032=CARTESIAN_POINT('Ctrl Pts',(-12.204258323022,4.10461025000663,0.));
#2033=CARTESIAN_POINT('Ctrl Pts',(-13.1942101119895,4.89842230213942,0.));
#2034=CARTESIAN_POINT('Ctrl Pts',(-14.1499295533198,5.85229427484804,0.));
#2035=CARTESIAN_POINT('Ctrl Pts',(-15.1486477386585,6.84908187216119,-1.51074673311058E-32));
#2036=CARTESIAN_POINT('Ctrl Pts',(-16.1165926268574,8.01299934863164,-1.53530906558171E-32));
#2037=CARTESIAN_POINT('Ctrl Pts',(-17.0275732392401,9.48292891362791,-1.53530906558171E-32));
#2038=CARTESIAN_POINT('Ctrl Pts',(-17.561145153695,10.3438837149136,-1.53530906558171E-32));
#2039=CARTESIAN_POINT('Ctrl Pts',(-18.0640890435515,11.2996969526984,-1.53530906558171E-32));
#2040=CARTESIAN_POINT('Ctrl Pts',(-18.5012047928011,12.3531482157951,-1.53530906558171E-32));
#2041=CARTESIAN_POINT('Ctrl Pts',(-19.0441739975382,13.661706865386,0.));
#2042=CARTESIAN_POINT('Ctrl Pts',(-19.4956900759829,15.1200962865143,0.));
#2043=CARTESIAN_POINT('Ctrl Pts',(-19.7734054450282,16.8374222098526,0.));
#2044=CARTESIAN_POINT('Ctrl Pts',(-19.9341524929507,17.8314437991026,0.));
#2045=CARTESIAN_POINT('Ctrl Pts',(-20.0307256328645,18.8991756191093,0.));
#2046=CARTESIAN_POINT('Ctrl Pts',(-20.0307256328645,20.03,0.));
#2047=CARTESIAN_POINT('Ctrl Pts',(-20.0307256328645,21.3933283479558,0.));
#2048=CARTESIAN_POINT('Ctrl Pts',(-19.8981945579064,22.8515172439756,0.));
#2049=CARTESIAN_POINT('Ctrl Pts',(-19.5325725472378,24.4635851445339,0.));
#2050=CARTESIAN_POINT('Ctrl Pts',(-19.2964548276568,25.5046542962336,0.));
#2051=CARTESIAN_POINT('Ctrl Pts',(-18.9627409667104,26.59454716877,0.));
#2052=CARTESIAN_POINT('Ctrl Pts',(-18.501204792801,27.7068517842049,0.));
#2053=CARTESIAN_POINT('Ctrl Pts',(-17.9236089260473,29.0988608720398,0.));
#2054=CARTESIAN_POINT('Ctrl Pts',(-17.1469533473547,30.5414291085516,0.));
#2055=CARTESIAN_POINT('Ctrl Pts',(-16.0528918847061,32.0085919241668,0.));
#2056=CARTESIAN_POINT('Ctrl Pts',(-15.4998743828634,32.7502017356701,0.));
#2057=CARTESIAN_POINT('Ctrl Pts',(-14.8689986704909,33.4900266159406,0.));
#2058=CARTESIAN_POINT('Ctrl Pts',(-14.1499295533198,34.207705725152,0.));
#2059=CARTESIAN_POINT('Ctrl Pts',(-13.1113564429532,35.2442712052981,0.));
#2060=CARTESIAN_POINT('Ctrl Pts',(-11.8833458298128,36.2496097359298,0.));
#2061=CARTESIAN_POINT('Ctrl Pts',(-10.3709832328356,37.1655731427177,0.));
#2062=CARTESIAN_POINT('Ctrl Pts',(-9.54276042677828,37.6671868328024,0.));
#2063=CARTESIAN_POINT('Ctrl Pts',(-8.63622620075037,38.1349622567101,0.));
#2064=CARTESIAN_POINT('Ctrl Pts',(-7.64943913914486,38.542659383669,0.));
#2065=CARTESIAN_POINT('Ctrl Pts',(-6.74526785445595,38.9162232956711,0.));
#2066=CARTESIAN_POINT('Ctrl Pts',(-5.74657223561165,39.2391923873251,0.));
#2067=CARTESIAN_POINT('Ctrl Pts',(-4.86607926132103,39.4592924972955,0.));
#2068=CARTESIAN_POINT('Ctrl Pts',(-2.97763609529195,39.9313536728555,0.));
#2069=CARTESIAN_POINT('Ctrl Pts',(-1.42468095300485,40.06,0.));
#2070=CARTESIAN_POINT('Ctrl Pts',(1.4718669061331E-8,40.06,0.));
#2071=CARTESIAN_POINT('Ctrl Pts',(1.32588266347973,40.06,0.));
#2072=CARTESIAN_POINT('Ctrl Pts',(2.56186968499821,40.06,3.95918373002695E-32));
#2073=CARTESIAN_POINT('Ctrl Pts',(3.83010345857279,40.06,3.95918373002695E-32));
#2074=CARTESIAN_POINT('Ctrl Pts',(15.6967545488107,40.06,3.95918373002695E-32));
#2075=CARTESIAN_POINT('Ctrl Pts',(27.5634056390485,40.06,3.02149346622117E-32));
#2076=CARTESIAN_POINT('Ctrl Pts',(39.4300567292864,40.06,3.02149346622117E-32));
#2077=CARTESIAN_POINT('Ctrl Pts',(45.3633822744053,40.06,3.02149346622117E-32));
#2078=CARTESIAN_POINT('Ctrl Pts',(51.2967078195242,40.06,3.95918373002694E-32));
#2079=CARTESIAN_POINT('Ctrl Pts',(57.2300333646432,40.06,3.95918373002694E-32));
#2080=CARTESIAN_POINT('Ctrl Pts',(60.1966961372027,40.06,3.95918373002694E-32));
#2081=CARTESIAN_POINT('Ctrl Pts',(63.1633589097625,40.06,3.95918373002694E-32));
#2082=CARTESIAN_POINT('Ctrl Pts',(66.130021682322,40.06,3.95918373002694E-32));
#2083=CARTESIAN_POINT('Ctrl Pts',(67.9123219067175,40.06,3.95918373002694E-32));
#2084=CARTESIAN_POINT('Ctrl Pts',(69.6946221311128,40.06,3.95918373002694E-32));
#2085=CARTESIAN_POINT('Ctrl Pts',(71.476922355508,40.06,3.95918373002694E-32));
#2086=CARTESIAN_POINT('Ctrl Pts',(72.6612849036719,40.06,3.95918373002694E-32));
#2087=CARTESIAN_POINT('Ctrl Pts',(73.845637451836,40.06,3.95918373002694E-32));
#2088=CARTESIAN_POINT('Ctrl Pts',(75.03,40.06,3.95918373002694E-32));
#2089=CARTESIAN_POINT('',(-2.94092803995325E-13,0.24347961136207,27.9));
#2090=CARTESIAN_POINT('',(0.,0.,0.));
#2091=CARTESIAN_POINT('',(75.0300000012493,39.8165203886379,27.9));
#2092=CARTESIAN_POINT('Ctrl Pts',(-1.33376643063343E-10,0.243479611362089,
27.9));
#2093=CARTESIAN_POINT('Ctrl Pts',(-0.518643291527739,0.243479611753706,
27.9));
#2094=CARTESIAN_POINT('Ctrl Pts',(-2.11113477707777,0.243721225482193,27.9));
#2095=CARTESIAN_POINT('Ctrl Pts',(-4.18484847576529,0.69196292349762,27.9));
#2096=CARTESIAN_POINT('Ctrl Pts',(-5.0720562364403,0.883736509884753,27.9));
#2097=CARTESIAN_POINT('Ctrl Pts',(-6.01141240360766,1.15482187553554,27.9));
#2098=CARTESIAN_POINT('Ctrl Pts',(-6.89929477563637,1.48468955503636,27.9));
#2099=CARTESIAN_POINT('Ctrl Pts',(-7.13042546327518,1.57055964998896,27.9));
#2100=CARTESIAN_POINT('Ctrl Pts',(-7.360005095535,1.66080363299497,27.9));
#2101=CARTESIAN_POINT('Ctrl Pts',(-7.58792446601178,1.7554250920596,27.9));
#2102=CARTESIAN_POINT('Ctrl Pts',(-8.739658004777,2.23357097173479,27.9));
#2103=CARTESIAN_POINT('Ctrl Pts',(-9.83128500844917,2.8012891873918,27.9));
#2104=CARTESIAN_POINT('Ctrl Pts',(-11.0047860804133,3.58673372973036,27.9));
#2105=CARTESIAN_POINT('Ctrl Pts',(-12.0000077135689,4.25285276349573,27.9));
#2106=CARTESIAN_POINT('Ctrl Pts',(-13.0203740337412,5.06517396593462,27.9));
#2107=CARTESIAN_POINT('Ctrl Pts',(-14.0054053087429,6.05216340342733,27.9));
#2108=CARTESIAN_POINT('Ctrl Pts',(-14.9956503129269,7.0443769345741,27.9));
#2109=CARTESIAN_POINT('Ctrl Pts',(-15.9573369799622,8.20836085939609,27.9));
#2110=CARTESIAN_POINT('Ctrl Pts',(-16.8526970764415,9.66310376892657,27.9));
#2111=CARTESIAN_POINT('Ctrl Pts',(-17.3729002923792,10.5083077744169,27.9));
#2112=CARTESIAN_POINT('Ctrl Pts',(-17.8613040457221,11.4428663251164,27.9));
#2113=CARTESIAN_POINT('Ctrl Pts',(-18.28558779814,12.4689370907519,27.9));
#2114=CARTESIAN_POINT('Ctrl Pts',(-18.8126383620415,13.7435349808413,27.9));
#2115=CARTESIAN_POINT('Ctrl Pts',(-19.2492384689648,15.1582753799537,27.9));
#2116=CARTESIAN_POINT('Ctrl Pts',(-19.5218388180038,16.8075494749407,27.9));
#2117=CARTESIAN_POINT('Ctrl Pts',(-19.6877262831855,17.811194187692,27.9));
#2118=CARTESIAN_POINT('Ctrl Pts',(-19.7871975718159,18.8890799967293,27.9));
#2119=CARTESIAN_POINT('Ctrl Pts',(-19.7871975718159,20.03,27.9));
#2120=CARTESIAN_POINT('Ctrl Pts',(-19.7871975718159,21.412782961085,27.9));
#2121=CARTESIAN_POINT('Ctrl Pts',(-19.6488501269933,22.8926937304362,27.9));
#2122=CARTESIAN_POINT('Ctrl Pts',(-19.2692836157292,24.5223317558703,27.9));
#2123=CARTESIAN_POINT('Ctrl Pts',(-19.0390116809304,25.5109856281228,27.9));
#2124=CARTESIAN_POINT('Ctrl Pts',(-18.719629778304,26.5413932380271,27.9));
#2125=CARTESIAN_POINT('Ctrl Pts',(-18.28558779814,27.5910629092482,27.9));
#2126=CARTESIAN_POINT('Ctrl Pts',(-17.7053299324501,28.9943351984215,27.9));
#2127=CARTESIAN_POINT('Ctrl Pts',(-16.9215866325682,30.4473874159376,27.9));
#2128=CARTESIAN_POINT('Ctrl Pts',(-15.814522202207,31.9207897233279,27.9));
#2129=CARTESIAN_POINT('Ctrl Pts',(-15.2854548422193,32.6249303745784,27.9));
#2130=CARTESIAN_POINT('Ctrl Pts',(-14.6853962785551,33.3264938597202,27.9));
#2131=CARTESIAN_POINT('Ctrl Pts',(-14.005405308743,34.0078365965727,27.9));
#2132=CARTESIAN_POINT('Ctrl Pts',(-13.0505322722367,34.9646078434314,27.9));
#2133=CARTESIAN_POINT('Ctrl Pts',(-11.9385514212489,35.8914859391956,27.9));
#2134=CARTESIAN_POINT('Ctrl Pts',(-10.5648721924459,36.7593878010029,27.9));
#2135=CARTESIAN_POINT('Ctrl Pts',(-9.673273942007,37.3227069262505,27.9));
#2136=CARTESIAN_POINT('Ctrl Pts',(-8.6817651812286,37.850463419998,27.9));
#2137=CARTESIAN_POINT('Ctrl Pts',(-7.58792446601177,38.3045749079404,27.9));
#2138=CARTESIAN_POINT('Ctrl Pts',(-6.68508450406163,38.6793918193897,27.9));
#2139=CARTESIAN_POINT('Ctrl Pts',(-5.68065385304998,39.0051501374965,27.9));
#2140=CARTESIAN_POINT('Ctrl Pts',(-4.79685115331907,39.2256045862918,27.9));
#2141=CARTESIAN_POINT('Ctrl Pts',(-2.94588643078971,39.687306511132,27.9));
#2142=CARTESIAN_POINT('Ctrl Pts',(-1.42552397176727,39.8165203886379,27.9));
#2143=CARTESIAN_POINT('Ctrl Pts',(1.46367731823638E-8,39.8165203886379,
27.9));
#2144=CARTESIAN_POINT('Ctrl Pts',(1.60653106068826,39.8165203886379,27.9));
#2145=CARTESIAN_POINT('Ctrl Pts',(3.13900587572983,39.8165203886379,27.9));
#2146=CARTESIAN_POINT('Ctrl Pts',(4.70102751238963,39.8165203886379,27.9));
#2147=CARTESIAN_POINT('Ctrl Pts',(16.4225245938662,39.8165203886379,27.9));
#2148=CARTESIAN_POINT('Ctrl Pts',(28.1440216753429,39.816520388638,27.9));
#2149=CARTESIAN_POINT('Ctrl Pts',(39.8655187568195,39.816520388638,27.9));
#2150=CARTESIAN_POINT('Ctrl Pts',(45.7262672975578,39.816520388638,27.9));
#2151=CARTESIAN_POINT('Ctrl Pts',(51.587015838296,39.8165203886379,27.9));
#2152=CARTESIAN_POINT('Ctrl Pts',(57.4477643790344,39.8165203886379,27.9));
#2153=CARTESIAN_POINT('Ctrl Pts',(60.3781386494036,39.8165203886379,27.9));
#2154=CARTESIAN_POINT('Ctrl Pts',(63.3085129197732,39.8165203886379,27.9));
#2155=CARTESIAN_POINT('Ctrl Pts',(66.2388871901423,39.8165203886379,27.9));
#2156=CARTESIAN_POINT('Ctrl Pts',(68.0049977543926,39.8165203886379,27.9));
#2157=CARTESIAN_POINT('Ctrl Pts',(69.7711083186426,39.8165203886379,27.9));
#2158=CARTESIAN_POINT('Ctrl Pts',(71.5372188828927,39.8165203886379,27.9));
#2159=CARTESIAN_POINT('Ctrl Pts',(72.7014825890115,39.8165203886379,27.9));
#2160=CARTESIAN_POINT('Ctrl Pts',(73.8657362951352,39.8165203886379,27.9));
#2161=CARTESIAN_POINT('Ctrl Pts',(75.0300000012541,39.8165203886379,27.9));
#2162=CARTESIAN_POINT('',(75.03,40.06,0.));
#2163=CARTESIAN_POINT('Ctrl Pts',(75.0299999863408,38.2650000000007,27.9));
#2164=CARTESIAN_POINT('Ctrl Pts',(75.0299999867012,37.1585671588048,143.4));
#2165=CARTESIAN_POINT('Ctrl Pts',(68.6931578605208,38.2650000000007,27.9));
#2166=CARTESIAN_POINT('Ctrl Pts',(68.8596264745216,37.1585671588048,143.4));
#2167=CARTESIAN_POINT('Ctrl Pts',(56.1484773256242,38.2650000000007,27.9));
#2168=CARTESIAN_POINT('Ctrl Pts',(56.3981174902409,37.1585671588048,143.4));
#2169=CARTESIAN_POINT('Ctrl Pts',(37.514999999999,38.2650000000007,27.8999999999999));
#2170=CARTESIAN_POINT('Ctrl Pts',(37.515,37.1585671588047,143.4));
#2171=CARTESIAN_POINT('Ctrl Pts',(18.8815226743738,38.2650000000007,27.9));
#2172=CARTESIAN_POINT('Ctrl Pts',(18.6318825097592,37.1585671588047,143.4));
#2173=CARTESIAN_POINT('Ctrl Pts',(6.33684213947729,38.2650000000007,27.9));
#2174=CARTESIAN_POINT('Ctrl Pts',(6.17037352547836,37.1585671588046,143.4));
#2175=CARTESIAN_POINT('Ctrl Pts',(-2.34478482980907,38.2650000000007,27.9));
#2176=CARTESIAN_POINT('Ctrl Pts',(-2.28318741706702,37.1585671588047,143.4));
#2177=CARTESIAN_POINT('Ctrl Pts',(-7.06604481368757,37.3491476737228,27.8999999999999));
#2178=CARTESIAN_POINT('Ctrl Pts',(-6.81468144213908,36.2358486359887,143.4));
#2179=CARTESIAN_POINT('Ctrl Pts',(-13.1555306458663,33.3382583541777,27.9000000000001));
#2180=CARTESIAN_POINT('Ctrl Pts',(-12.4967539506245,32.3837727828898,143.400000000001));
#2181=CARTESIAN_POINT('Ctrl Pts',(-17.2674092442163,27.2550172961077,27.8999999999998));
#2182=CARTESIAN_POINT('Ctrl Pts',(-16.2541749593047,26.6960234365343,143.399999999999));
#2183=CARTESIAN_POINT('Ctrl Pts',(-18.7199081849226,20.03,27.9000000000001));
#2184=CARTESIAN_POINT('Ctrl Pts',(-17.5665366861207,20.03,143.400000000001));
#2185=CARTESIAN_POINT('Ctrl Pts',(-17.2674092442163,12.8049827038922,27.8999999999999));
#2186=CARTESIAN_POINT('Ctrl Pts',(-16.2541749593047,13.3639765634657,143.399999999999));
#2187=CARTESIAN_POINT('Ctrl Pts',(-13.1555306458662,6.72174164582239,27.9000000000001));
#2188=CARTESIAN_POINT('Ctrl Pts',(-12.4967539506245,7.67622721711024,143.400000000001));
#2189=CARTESIAN_POINT('Ctrl Pts',(-7.06604481368759,2.71085232627716,27.8999999999999));
#2190=CARTESIAN_POINT('Ctrl Pts',(-6.81468144213911,3.82415136401126,143.4));
#2191=CARTESIAN_POINT('Ctrl Pts',(-2.34478482980907,1.79499999999936,27.9));
#2192=CARTESIAN_POINT('Ctrl Pts',(-2.28318741706702,2.90143284119528,143.4));
#2193=CARTESIAN_POINT('Ctrl Pts',(6.3368421394773,1.79499999999933,27.9));
#2194=CARTESIAN_POINT('Ctrl Pts',(6.17037352547835,2.90143284119517,143.4));
#2195=CARTESIAN_POINT('Ctrl Pts',(18.8815226743738,1.79499999999933,27.9));
#2196=CARTESIAN_POINT('Ctrl Pts',(18.6318825097591,2.90143284119517,143.4));
#2197=CARTESIAN_POINT('Ctrl Pts',(37.5149999999991,1.79499999999933,27.9));
#2198=CARTESIAN_POINT('Ctrl Pts',(37.5150000000001,2.90143284119518,143.4));
#2199=CARTESIAN_POINT('Ctrl Pts',(56.1484773256242,1.79499999999933,27.9));
#2200=CARTESIAN_POINT('Ctrl Pts',(56.3981174902408,2.90143284119517,143.4));
#2201=CARTESIAN_POINT('Ctrl Pts',(68.6931578605208,1.79499999999933,27.9));
#2202=CARTESIAN_POINT('Ctrl Pts',(68.8596264745216,2.90143284119517,143.4));
#2203=CARTESIAN_POINT('Ctrl Pts',(77.3747848298071,1.79499999999936,27.9));
#2204=CARTESIAN_POINT('Ctrl Pts',(77.313187417067,2.90143284119517,143.4));
#2205=CARTESIAN_POINT('Ctrl Pts',(82.0960448136852,2.71085232627718,27.8999999999999));
#2206=CARTESIAN_POINT('Ctrl Pts',(81.8446814421391,3.82415136401117,143.4));
#2207=CARTESIAN_POINT('Ctrl Pts',(88.1855306458647,6.72174164582238,27.9000000000001));
#2208=CARTESIAN_POINT('Ctrl Pts',(87.5267539506246,7.67622721711016,143.4));
#2209=CARTESIAN_POINT('Ctrl Pts',(92.2974092442142,12.8049827038922,27.8999999999999));
#2210=CARTESIAN_POINT('Ctrl Pts',(91.2841749593048,13.3639765634657,143.4));
#2211=CARTESIAN_POINT('Ctrl Pts',(93.7499081849208,20.03,27.9000000000001));
#2212=CARTESIAN_POINT('Ctrl Pts',(92.596536686121,20.03,143.400000000001));
#2213=CARTESIAN_POINT('Ctrl Pts',(92.2974092442143,27.2550172961078,27.8999999999999));
#2214=CARTESIAN_POINT('Ctrl Pts',(91.2841749593047,26.6960234365343,143.4));
#2215=CARTESIAN_POINT('Ctrl Pts',(88.1855306458642,33.3382583541776,27.9));
#2216=CARTESIAN_POINT('Ctrl Pts',(87.5267539506247,32.3837727828899,143.4));
#2217=CARTESIAN_POINT('Ctrl Pts',(82.0960448136857,37.3491476737227,27.8999999999999));
#2218=CARTESIAN_POINT('Ctrl Pts',(81.8446814421392,36.2358486359888,143.4));
#2219=CARTESIAN_POINT('Ctrl Pts',(77.3747848298071,38.2650000000007,27.9));
#2220=CARTESIAN_POINT('Ctrl Pts',(77.313187417067,37.1585671588048,143.4));
#2221=CARTESIAN_POINT('Ctrl Pts',(75.0299999863408,38.2650000000007,27.9));
#2222=CARTESIAN_POINT('Ctrl Pts',(75.0299999867012,37.1585671588048,143.4));
#2223=CARTESIAN_POINT('',(92.4729061794903,25.345767178149,27.8999999999992));
#2224=CARTESIAN_POINT('',(75.0299999999984,38.2650000000007,27.9));
#2225=CARTESIAN_POINT('Ctrl Pts',(92.4728591291505,25.3459218694908,27.9));
#2226=CARTESIAN_POINT('Ctrl Pts',(91.7649273188413,27.6733745942438,27.9));
#2227=CARTESIAN_POINT('Ctrl Pts',(90.7463158970777,29.3857521004497,27.9000000000304));
#2228=CARTESIAN_POINT('Ctrl Pts',(88.8027225942049,32.136612829774,27.9000000000304));
#2229=CARTESIAN_POINT('Ctrl Pts',(87.4446774903502,33.5273753834725,27.9000000000304));
#2230=CARTESIAN_POINT('Ctrl Pts',(84.7742284865797,35.5037015426245,27.9000000000304));
#2231=CARTESIAN_POINT('Ctrl Pts',(83.074353504157,36.5829633423804,27.9000000000305));
#2232=CARTESIAN_POINT('Ctrl Pts',(77.9433778589768,38.2650000000007,27.9000000000305));
#2233=CARTESIAN_POINT('Ctrl Pts',(75.6818836817938,38.2649999995063,27.9));
#2234=CARTESIAN_POINT('Ctrl Pts',(75.0299999999983,38.2650000000007,27.9));
#2235=CARTESIAN_POINT('',(75.0299999865781,37.5364786357327,103.95));
#2236=CARTESIAN_POINT('',(75.0299999999984,38.2650000000007,27.9));
#2237=CARTESIAN_POINT('',(91.7558721003461,24.9967835435705,110.06935866097));
#2238=CARTESIAN_POINT('Ctrl Pts',(91.7558721003461,24.9967835435705,110.06935866097));
#2239=CARTESIAN_POINT('Ctrl Pts',(91.273572501127,26.6507874955962,109.262206386954));
#2240=CARTESIAN_POINT('Ctrl Pts',(90.5487320956629,28.2255991786609,108.493699860972));
#2241=CARTESIAN_POINT('Ctrl Pts',(88.5583535275082,31.2507039762566,107.017451745889));
#2242=CARTESIAN_POINT('Ctrl Pts',(87.269277527793,32.6656362320696,106.326966220471));
#2243=CARTESIAN_POINT('Ctrl Pts',(84.4607903976366,34.8514393306238,105.260296494931));
#2244=CARTESIAN_POINT('Ctrl Pts',(82.5792600928209,36.0368239228133,104.681829999735));
#2245=CARTESIAN_POINT('Ctrl Pts',(77.5921037068122,37.5364744156245,103.950002059409));
#2246=CARTESIAN_POINT('Ctrl Pts',(75.6153936141494,37.5364786357328,103.95));
#2247=CARTESIAN_POINT('Ctrl Pts',(75.0299999865782,37.5364786357328,103.95));
#2248=CARTESIAN_POINT('Ctrl Pts',(92.47295322983,25.3456124868071,27.8999999999983));
#2249=CARTESIAN_POINT('Ctrl Pts',(92.3534807967692,25.2876824557736,41.5901848321317));
#2250=CARTESIAN_POINT('Ctrl Pts',(92.233885233514,25.2296054836942,55.2944789870411));
#2251=CARTESIAN_POINT('Ctrl Pts',(91.9949451399831,25.1133787938355,82.674301766585));
#2252=CARTESIAN_POINT('Ctrl Pts',(91.8753419791854,25.0551032809755,96.3794665136305));
#2253=CARTESIAN_POINT('Ctrl Pts',(91.7558721003462,24.9967835435705,110.06935866097));
#2254=CARTESIAN_POINT('Ctrl Pts',(75.0299999863408,38.2650000000007,27.9));
#2255=CARTESIAN_POINT('Ctrl Pts',(75.0299999867012,37.1585671588048,143.4));
#2256=CARTESIAN_POINT('Ctrl Pts',(68.6931578605208,38.2650000000007,27.9));
#2257=CARTESIAN_POINT('Ctrl Pts',(68.8596264745216,37.1585671588048,143.4));
#2258=CARTESIAN_POINT('Ctrl Pts',(56.1484773256242,38.2650000000007,27.9));
#2259=CARTESIAN_POINT('Ctrl Pts',(56.3981174902409,37.1585671588048,143.4));
#2260=CARTESIAN_POINT('Ctrl Pts',(37.514999999999,38.2650000000007,27.8999999999999));
#2261=CARTESIAN_POINT('Ctrl Pts',(37.515,37.1585671588047,143.4));
#2262=CARTESIAN_POINT('Ctrl Pts',(18.8815226743738,38.2650000000007,27.9));
#2263=CARTESIAN_POINT('Ctrl Pts',(18.6318825097592,37.1585671588047,143.4));
#2264=CARTESIAN_POINT('Ctrl Pts',(6.33684213947729,38.2650000000007,27.9));
#2265=CARTESIAN_POINT('Ctrl Pts',(6.17037352547836,37.1585671588046,143.4));
#2266=CARTESIAN_POINT('Ctrl Pts',(-2.34478482980907,38.2650000000007,27.9));
#2267=CARTESIAN_POINT('Ctrl Pts',(-2.28318741706702,37.1585671588047,143.4));
#2268=CARTESIAN_POINT('Ctrl Pts',(-7.06604481368757,37.3491476737228,27.8999999999999));
#2269=CARTESIAN_POINT('Ctrl Pts',(-6.81468144213908,36.2358486359887,143.4));
#2270=CARTESIAN_POINT('Ctrl Pts',(-13.1555306458663,33.3382583541777,27.9000000000001));
#2271=CARTESIAN_POINT('Ctrl Pts',(-12.4967539506245,32.3837727828898,143.400000000001));
#2272=CARTESIAN_POINT('Ctrl Pts',(-17.2674092442163,27.2550172961077,27.8999999999998));
#2273=CARTESIAN_POINT('Ctrl Pts',(-16.2541749593047,26.6960234365343,143.399999999999));
#2274=CARTESIAN_POINT('Ctrl Pts',(-18.7199081849226,20.03,27.9000000000001));
#2275=CARTESIAN_POINT('Ctrl Pts',(-17.5665366861207,20.03,143.400000000001));
#2276=CARTESIAN_POINT('Ctrl Pts',(-17.2674092442163,12.8049827038922,27.8999999999999));
#2277=CARTESIAN_POINT('Ctrl Pts',(-16.2541749593047,13.3639765634657,143.399999999999));
#2278=CARTESIAN_POINT('Ctrl Pts',(-13.1555306458662,6.72174164582239,27.9000000000001));
#2279=CARTESIAN_POINT('Ctrl Pts',(-12.4967539506245,7.67622721711024,143.400000000001));
#2280=CARTESIAN_POINT('Ctrl Pts',(-7.06604481368759,2.71085232627716,27.8999999999999));
#2281=CARTESIAN_POINT('Ctrl Pts',(-6.81468144213911,3.82415136401126,143.4));
#2282=CARTESIAN_POINT('Ctrl Pts',(-2.34478482980907,1.79499999999936,27.9));
#2283=CARTESIAN_POINT('Ctrl Pts',(-2.28318741706702,2.90143284119528,143.4));
#2284=CARTESIAN_POINT('Ctrl Pts',(6.3368421394773,1.79499999999933,27.9));
#2285=CARTESIAN_POINT('Ctrl Pts',(6.17037352547835,2.90143284119517,143.4));
#2286=CARTESIAN_POINT('Ctrl Pts',(18.8815226743738,1.79499999999933,27.9));
#2287=CARTESIAN_POINT('Ctrl Pts',(18.6318825097591,2.90143284119517,143.4));
#2288=CARTESIAN_POINT('Ctrl Pts',(37.5149999999991,1.79499999999933,27.9));
#2289=CARTESIAN_POINT('Ctrl Pts',(37.5150000000001,2.90143284119518,143.4));
#2290=CARTESIAN_POINT('Ctrl Pts',(56.1484773256242,1.79499999999933,27.9));
#2291=CARTESIAN_POINT('Ctrl Pts',(56.3981174902408,2.90143284119517,143.4));
#2292=CARTESIAN_POINT('Ctrl Pts',(68.6931578605208,1.79499999999933,27.9));
#2293=CARTESIAN_POINT('Ctrl Pts',(68.8596264745216,2.90143284119517,143.4));
#2294=CARTESIAN_POINT('Ctrl Pts',(77.3747848298071,1.79499999999936,27.9));
#2295=CARTESIAN_POINT('Ctrl Pts',(77.313187417067,2.90143284119517,143.4));
#2296=CARTESIAN_POINT('Ctrl Pts',(82.0960448136852,2.71085232627718,27.8999999999999));
#2297=CARTESIAN_POINT('Ctrl Pts',(81.8446814421391,3.82415136401117,143.4));
#2298=CARTESIAN_POINT('Ctrl Pts',(88.1855306458647,6.72174164582238,27.9000000000001));
#2299=CARTESIAN_POINT('Ctrl Pts',(87.5267539506246,7.67622721711016,143.4));
#2300=CARTESIAN_POINT('Ctrl Pts',(92.2974092442142,12.8049827038922,27.8999999999999));
#2301=CARTESIAN_POINT('Ctrl Pts',(91.2841749593048,13.3639765634657,143.4));
#2302=CARTESIAN_POINT('Ctrl Pts',(93.7499081849208,20.03,27.9000000000001));
#2303=CARTESIAN_POINT('Ctrl Pts',(92.596536686121,20.03,143.400000000001));
#2304=CARTESIAN_POINT('Ctrl Pts',(92.2974092442143,27.2550172961078,27.8999999999999));
#2305=CARTESIAN_POINT('Ctrl Pts',(91.2841749593047,26.6960234365343,143.4));
#2306=CARTESIAN_POINT('Ctrl Pts',(88.1855306458642,33.3382583541776,27.9));
#2307=CARTESIAN_POINT('Ctrl Pts',(87.5267539506247,32.3837727828899,143.4));
#2308=CARTESIAN_POINT('Ctrl Pts',(82.0960448136857,37.3491476737227,27.8999999999999));
#2309=CARTESIAN_POINT('Ctrl Pts',(81.8446814421392,36.2358486359888,143.4));
#2310=CARTESIAN_POINT('Ctrl Pts',(77.3747848298071,38.2650000000007,27.9));
#2311=CARTESIAN_POINT('Ctrl Pts',(77.313187417067,37.1585671588048,143.4));
#2312=CARTESIAN_POINT('Ctrl Pts',(75.0299999863408,38.2650000000007,27.9));
#2313=CARTESIAN_POINT('Ctrl Pts',(75.0299999867012,37.1585671588048,143.4));
#2314=CARTESIAN_POINT('',(-3.05311331771918E-13,38.2650000000007,27.9));
#2315=CARTESIAN_POINT('',(75.0299999999984,38.2650000000007,27.9));
#2316=CARTESIAN_POINT('',(-17.4426331012567,25.3466648062561,27.9));
#2317=CARTESIAN_POINT('Ctrl Pts',(-3.04358630060355E-13,38.2650000000007,
27.9));
#2318=CARTESIAN_POINT('Ctrl Pts',(-0.651824217274536,38.2649999995063,27.9));
#2319=CARTESIAN_POINT('Ctrl Pts',(-2.91303343165783,38.2650000000007,27.9000000000303));
#2320=CARTESIAN_POINT('Ctrl Pts',(-8.043555339768,36.5833206713281,27.9000000000303));
#2321=CARTESIAN_POINT('Ctrl Pts',(-9.74326430405272,35.5042891095104,27.9000000000302));
#2322=CARTESIAN_POINT('Ctrl Pts',(-12.4136028245827,33.5283481043522,27.9000000000302));
#2323=CARTESIAN_POINT('Ctrl Pts',(-13.771695043049,32.1377723617448,27.9000000000302));
#2324=CARTESIAN_POINT('Ctrl Pts',(-15.715171526626,29.387589173181,27.9000000000302));
#2325=CARTESIAN_POINT('Ctrl Pts',(-16.7340475021142,27.6754082496859,27.9));
#2326=CARTESIAN_POINT('Ctrl Pts',(-17.4423129726815,25.3477171257048,27.9));
#2327=CARTESIAN_POINT('',(-16.7258721003467,24.9967835435704,110.06935866097));
#2328=CARTESIAN_POINT('Ctrl Pts',(-16.7258721003467,24.9967835435704,110.06935866097));
#2329=CARTESIAN_POINT('Ctrl Pts',(-16.8453419791774,25.0551032809712,96.3794665146333));
#2330=CARTESIAN_POINT('Ctrl Pts',(-16.9649451399644,25.113378793826,82.6743017688411));
#2331=CARTESIAN_POINT('Ctrl Pts',(-17.2038858446794,25.2296057809806,55.2944089545771));
#2332=CARTESIAN_POINT('Ctrl Pts',(-17.3234821470063,25.2876831104788,41.5900301104754));
#2333=CARTESIAN_POINT('Ctrl Pts',(-17.4429532298318,25.3456124868075,27.9));
#2334=CARTESIAN_POINT('Ctrl Pts',(-16.7258721003467,24.9967835435704,110.06935866097));
#2335=CARTESIAN_POINT('Ctrl Pts',(-16.5583316131491,25.5713488726682,109.788971355133));
#2336=CARTESIAN_POINT('Ctrl Pts',(-16.3615899909914,26.1363339630937,109.513259196185));
#2337=CARTESIAN_POINT('Ctrl Pts',(-16.1357472824214,26.6902313063422,109.242957846767));
#2338=CARTESIAN_POINT('Ctrl Pts',(-15.2853779020418,28.7758303657695,108.225187592083));
#2339=CARTESIAN_POINT('Ctrl Pts',(-14.0163019539798,30.7212330080325,107.27583304873));
#2340=CARTESIAN_POINT('Ctrl Pts',(-12.3837882427566,32.3703937983784,106.471044232769));
#2341=CARTESIAN_POINT('Ctrl Pts',(-12.0380129949031,32.7196949877722,106.300585601766));
#2342=CARTESIAN_POINT('Ctrl Pts',(-11.675772321705,33.0557313544683,106.13660019097));
#2343=CARTESIAN_POINT('Ctrl Pts',(-11.2975722738647,33.377514278413,105.979570445978));
#2344=CARTESIAN_POINT('Ctrl Pts',(-10.752843441161,33.8409844380423,105.753397471709));
#2345=CARTESIAN_POINT('Ctrl Pts',(-10.2043973077339,34.2572929540128,105.550239332367));
#2346=CARTESIAN_POINT('Ctrl Pts',(-9.53931054274428,34.6925387763102,105.337839806481));
#2347=CARTESIAN_POINT('Ctrl Pts',(-8.76519351262763,35.199136142344,105.090620798628));
#2348=CARTESIAN_POINT('Ctrl Pts',(-7.82739496161153,35.7261756361468,104.833426052873));
#2349=CARTESIAN_POINT('Ctrl Pts',(-6.72011624244962,36.188967374697,104.607584147411));
#2350=CARTESIAN_POINT('Ctrl Pts',(-6.21288214571746,36.4009679716707,104.504128068161));
#2351=CARTESIAN_POINT('Ctrl Pts',(-5.67000636775011,36.5993548939112,104.407315448563));
#2352=CARTESIAN_POINT('Ctrl Pts',(-5.09094386821865,36.7759111078678,104.321156192769));
#2353=CARTESIAN_POINT('Ctrl Pts',(-4.45542681198997,36.9696803218013,104.226597010205));
#2354=CARTESIAN_POINT('Ctrl Pts',(-3.83260081875782,37.1184956158304,104.153975295586));
#2355=CARTESIAN_POINT('Ctrl Pts',(-3.27038172606967,37.2259147855071,104.10155484824));
#2356=CARTESIAN_POINT('Ctrl Pts',(-2.06914156922266,37.4554271267082,103.989553055325));
#2357=CARTESIAN_POINT('Ctrl Pts',(-1.0479683094791,37.5364786357327,103.95));
#2358=CARTESIAN_POINT('Ctrl Pts',(1.34212245483933E-8,37.5364786357327,
103.95));
#2359=CARTESIAN_POINT('Ctrl Pts',(0.592851381266814,37.5364786357327,103.95));
#2360=CARTESIAN_POINT('Ctrl Pts',(1.20649719348214,37.5364786357327,103.95));
#2361=CARTESIAN_POINT('Ctrl Pts',(1.82941955857756,37.5364786357327,103.95));
#2362=CARTESIAN_POINT('Ctrl Pts',(3.04767922798644,37.5364786357326,103.95));
#2363=CARTESIAN_POINT('Ctrl Pts',(4.26593889739533,37.5364786357326,103.95));
#2364=CARTESIAN_POINT('Ctrl Pts',(5.48419856680422,37.5364786357326,103.95));
#2365=CARTESIAN_POINT('Ctrl Pts',(9.64371156711922,37.5364786357326,103.95));
#2366=CARTESIAN_POINT('Ctrl Pts',(13.8032245674342,37.5364786357326,103.95));
#2367=CARTESIAN_POINT('Ctrl Pts',(17.9627375677492,37.5364786357327,103.95));
#2368=CARTESIAN_POINT('Ctrl Pts',(23.9634326025685,37.5364786357327,103.95));
#2369=CARTESIAN_POINT('Ctrl Pts',(29.9641276373879,37.5364786357327,103.95));
#2370=CARTESIAN_POINT('Ctrl Pts',(35.9648226722072,37.5364786357327,103.95));
#2371=CARTESIAN_POINT('Ctrl Pts',(47.9662127418458,37.5364786357327,103.95));
#2372=CARTESIAN_POINT('Ctrl Pts',(59.9676028114842,37.5364786357327,103.95));
#2373=CARTESIAN_POINT('Ctrl Pts',(71.968992881123,37.5364786357328,103.95));
#2374=CARTESIAN_POINT('Ctrl Pts',(72.9893285829414,37.5364786357328,103.95));
#2375=CARTESIAN_POINT('Ctrl Pts',(74.0096642847598,37.5364786357328,103.95));
#2376=CARTESIAN_POINT('Ctrl Pts',(75.0299999865781,37.5364786357328,103.95));
#2377=CARTESIAN_POINT('Origin',(75.0299999999982,20.03,27.9));
#2378=CARTESIAN_POINT('Ctrl Pts',(75.0300000013823,39.8165203886379,27.9));
#2379=CARTESIAN_POINT('Ctrl Pts',(75.3735714230582,39.8165203883565,27.9));
#2380=CARTESIAN_POINT('Ctrl Pts',(76.1881836185813,39.8140575492276,27.9));
#2381=CARTESIAN_POINT('Ctrl Pts',(77.3020285764287,39.6849222353358,27.9));
#2382=CARTESIAN_POINT('Ctrl Pts',(78.0396422406163,39.5994058702577,27.9));
#2383=CARTESIAN_POINT('Ctrl Pts',(78.9149209757968,39.4546540686087,27.9));
#2384=CARTESIAN_POINT('Ctrl Pts',(79.8577641377262,39.2178673865476,27.9));
#2385=CARTESIAN_POINT('Ctrl Pts',(80.7993089201992,38.9814067809496,27.9));
#2386=CARTESIAN_POINT('Ctrl Pts',(81.721411588618,38.6767651099035,27.9));
#2387=CARTESIAN_POINT('Ctrl Pts',(82.6179244660099,38.3045749079404,27.9));
#2388=CARTESIAN_POINT('Ctrl Pts',(83.230769136428,38.0501504736607,27.9));
#2389=CARTESIAN_POINT('Ctrl Pts',(83.8244569660917,37.7680500393442,27.9));
#2390=CARTESIAN_POINT('Ctrl Pts',(84.4202680719015,37.4464328746325,27.9));
#2391=CARTESIAN_POINT('Ctrl Pts',(85.8937916163325,36.651028995996,27.9));
#2392=CARTESIAN_POINT('Ctrl Pts',(87.5069223963303,35.5393580093671,27.9));
#2393=CARTESIAN_POINT('Ctrl Pts',(89.0354053087409,34.0078365965726,27.9));
#2394=CARTESIAN_POINT('Ctrl Pts',(89.4738442394134,33.5685260847733,27.9));
#2395=CARTESIAN_POINT('Ctrl Pts',(89.9030641918255,33.0971595933194,27.9));
#2396=CARTESIAN_POINT('Ctrl Pts',(90.3246561867213,32.5829860136626,27.9));
#2397=CARTESIAN_POINT('Ctrl Pts',(91.4084834561444,31.2611503203953,27.9));
#2398=CARTESIAN_POINT('Ctrl Pts',(92.4843691624668,29.6012486329612,27.9));
#2399=CARTESIAN_POINT('Ctrl Pts',(93.3155877981382,27.5910629092481,27.9));
#2400=CARTESIAN_POINT('Ctrl Pts',(93.5599449111516,27.000119493175,27.9));
#2401=CARTESIAN_POINT('Ctrl Pts',(93.7816211518188,26.3834210103447,27.9));
#2402=CARTESIAN_POINT('Ctrl Pts',(93.9790731832865,25.7253399576492,27.9));
#2403=CARTESIAN_POINT('Ctrl Pts',(94.4666676082523,24.1002533475758,27.9));
#2404=CARTESIAN_POINT('Ctrl Pts',(94.817197571814,22.1765344323432,27.9));
#2405=CARTESIAN_POINT('Ctrl Pts',(94.8171975718139,20.03,27.9));
#2406=CARTESIAN_POINT('Ctrl Pts',(94.8171975718139,19.4034246376505,27.9));
#2407=CARTESIAN_POINT('Ctrl Pts',(94.7876172346411,18.7624485071711,27.9));
#2408=CARTESIAN_POINT('Ctrl Pts',(94.7215119705253,18.0935564197174,27.9));
#2409=CARTESIAN_POINT('Ctrl Pts',(94.5532247610693,16.3907270863725,27.9));
#2410=CARTESIAN_POINT('Ctrl Pts',(94.1408899416961,14.4648146078514,27.9));
#2411=CARTESIAN_POINT('Ctrl Pts',(93.315587798138,12.4689370907519,27.9));
#2412=CARTESIAN_POINT('Ctrl Pts',(93.08537870473,11.9122086763751,27.9));
#2413=CARTESIAN_POINT('Ctrl Pts',(92.8243859366527,11.3529496019604,27.9));
#2414=CARTESIAN_POINT('Ctrl Pts',(92.5238654736899,10.7849684744601,27.9));
#2415=CARTESIAN_POINT('Ctrl Pts',(91.7049016637436,9.23713381598368,27.9));
#2416=CARTESIAN_POINT('Ctrl Pts',(90.5737624549043,7.59357867915225,27.9));
#2417=CARTESIAN_POINT('Ctrl Pts',(89.0354053087411,6.05216340342738,27.9));
#2418=CARTESIAN_POINT('Ctrl Pts',(88.5641127772137,5.5799339804723,27.9));
#2419=CARTESIAN_POINT('Ctrl Pts',(88.0596561288013,5.12151020808273,27.9));
#2420=CARTESIAN_POINT('Ctrl Pts',(87.4997770524486,4.66746267995824,27.9));
#2421=CARTESIAN_POINT('Ctrl Pts',(86.1890369369952,3.60448616490028,27.9));
#2422=CARTESIAN_POINT('Ctrl Pts',(84.5652452099755,2.56386155656635,27.9));
#2423=CARTESIAN_POINT('Ctrl Pts',(82.6179244660098,1.75542509205959,27.9));
#2424=CARTESIAN_POINT('Ctrl Pts',(82.0913050326951,1.53679734204524,27.9));
#2425=CARTESIAN_POINT('Ctrl Pts',(81.5266434025267,1.33102630614897,27.9));
#2426=CARTESIAN_POINT('Ctrl Pts',(80.9724703040443,1.15690659360714,27.9));
#2427=CARTESIAN_POINT('Ctrl Pts',(80.115633098273,0.887690624133676,27.9));
#2428=CARTESIAN_POINT('Ctrl Pts',(79.3272827717366,0.702205006698297,27.9));
#2429=CARTESIAN_POINT('Ctrl Pts',(78.5910127123426,0.567511543977337,27.9));
#2430=CARTESIAN_POINT('Ctrl Pts',(77.277303331597,0.327181160792561,27.9));
#2431=CARTESIAN_POINT('Ctrl Pts',(76.1252994045438,0.24347961136209,27.9));
#2432=CARTESIAN_POINT('Ctrl Pts',(75.0299999853613,0.243479611362087,27.9));
#2433=CARTESIAN_POINT('Ctrl Pts',(74.0774878115813,0.243479611362085,27.9));
#2434=CARTESIAN_POINT('Ctrl Pts',(73.1627923015453,0.243479611362083,27.9));
#2435=CARTESIAN_POINT('Ctrl Pts',(72.2366697531061,0.243479611362081,27.9));
#2436=CARTESIAN_POINT('Ctrl Pts',(70.1794841176705,0.243479611362077,27.9));
#2437=CARTESIAN_POINT('Ctrl Pts',(68.1222984822348,0.243479611362074,27.9));
#2438=CARTESIAN_POINT('Ctrl Pts',(66.0651128467991,0.243479611362072,27.9));
#2439=CARTESIAN_POINT('Ctrl Pts',(63.0818046629243,0.24347961136207,27.9));
#2440=CARTESIAN_POINT('Ctrl Pts',(60.0984964790495,0.24347961136207,27.9));
#2441=CARTESIAN_POINT('Ctrl Pts',(57.1151882951747,0.24347961136207,27.9));
#2442=CARTESIAN_POINT('Ctrl Pts',(51.148571927425,0.24347961136207,27.9));
#2443=CARTESIAN_POINT('Ctrl Pts',(45.1819555596754,0.24347961136207,27.9));
#2444=CARTESIAN_POINT('Ctrl Pts',(39.2153391919258,0.24347961136207,27.9));
#2445=CARTESIAN_POINT('Ctrl Pts',(27.2821064564265,0.24347961136207,27.9));
#2446=CARTESIAN_POINT('Ctrl Pts',(15.3488737209259,0.243479611362057,27.9));
#2447=CARTESIAN_POINT('Ctrl Pts',(3.4156409854279,0.24347961136208,27.9));
#2448=CARTESIAN_POINT('Ctrl Pts',(2.27709065695193,0.243479611362082,27.9));
#2449=CARTESIAN_POINT('Ctrl Pts',(1.1385503284758,0.243479611362085,27.9));
#2450=CARTESIAN_POINT('Ctrl Pts',(-2.94209101525666E-13,0.243479611362088,
27.9));
#2451=CARTESIAN_POINT('',(-17.4426263326685,14.7133129491035,27.8999999999952));
#2452=CARTESIAN_POINT('',(-3.05311331771918E-13,1.79499999999933,27.9));
#2453=CARTESIAN_POINT('Ctrl Pts',(-17.4422994355052,14.7122383850146,27.9));
#2454=CARTESIAN_POINT('Ctrl Pts',(-16.7340257005769,12.3845413705246,27.9));
#2455=CARTESIAN_POINT('Ctrl Pts',(-15.7151431740534,10.6723653153901,27.9000000000302));
#2456=CARTESIAN_POINT('Ctrl Pts',(-13.7716695736366,7.92219889972941,27.9000000000302));
#2457=CARTESIAN_POINT('Ctrl Pts',(-12.4135761863905,6.53162778612596,27.9000000000302));
#2458=CARTESIAN_POINT('Ctrl Pts',(-9.74324040069192,4.55569632453179,27.9000000000302));
#2459=CARTESIAN_POINT('Ctrl Pts',(-8.04353555161209,3.47667047068019,27.9000000000303));
#2460=CARTESIAN_POINT('Ctrl Pts',(-2.91302489408474,1.79499999999936,27.9000000000303));
#2461=CARTESIAN_POINT('Ctrl Pts',(-0.651822743207819,1.79500000049366,27.9));
#2462=CARTESIAN_POINT('Ctrl Pts',(-3.07531777821168E-13,1.79499999999935,
27.9));
#2463=CARTESIAN_POINT('',(-17.4429532298318,-0.114688465548435,27.9));
#2464=CARTESIAN_POINT('',(92.4729063004511,14.7142332195316,27.9));
#2465=CARTESIAN_POINT('',(92.47295322983,-0.114688465548435,27.9));
#2466=CARTESIAN_POINT('',(75.0299999999984,1.79499999999933,27.9));
#2467=CARTESIAN_POINT('Ctrl Pts',(75.0299999999984,1.79499999999935,27.9));
#2468=CARTESIAN_POINT('Ctrl Pts',(76.9582551084076,1.79500000146165,27.9));
#2469=CARTESIAN_POINT('Ctrl Pts',(78.8876180952746,2.10454027867213,27.9000000000305));
#2470=CARTESIAN_POINT('Ctrl Pts',(83.0743562804608,3.47703833357176,27.9000000000305));
#2471=CARTESIAN_POINT('Ctrl Pts',(84.7742297562908,4.55629934126422,27.9000000000304));
#2472=CARTESIAN_POINT('Ctrl Pts',(87.4446779663553,6.53262504740755,27.9000000000304));
#2473=CARTESIAN_POINT('Ctrl Pts',(88.8027230493576,7.92338768387804,27.9000000000304));
#2474=CARTESIAN_POINT('Ctrl Pts',(90.7463164041911,10.674248713684,27.9000000000304));
#2475=CARTESIAN_POINT('Ctrl Pts',(91.7649277086606,12.38662630704,27.9));
#2476=CARTESIAN_POINT('Ctrl Pts',(92.4728593710723,14.7140789258703,27.9));
#2477=CARTESIAN_POINT('',(-3.05311331771918E-13,1.79499999999933,27.9));
#2478=CARTESIAN_POINT('Origin',(0.,20.03,0.));
#2479=CARTESIAN_POINT('Ctrl Pts',(75.0300000001319,40.06,2.00172683031871E-41));
#2480=CARTESIAN_POINT('Ctrl Pts',(75.3784025095269,40.0599999997386,2.00172683031871E-41));
#2481=CARTESIAN_POINT('Ctrl Pts',(76.2067922307943,40.0575274638944,0.));
#2482=CARTESIAN_POINT('Ctrl Pts',(77.3393862747298,39.9256810665203,0.));
#2483=CARTESIAN_POINT('Ctrl Pts',(78.0729388906325,39.8402874780505,0.));
#2484=CARTESIAN_POINT('Ctrl Pts',(78.9381465692635,39.6976368776129,0.));
#2485=CARTESIAN_POINT('Ctrl Pts',(79.874455060517,39.4646852646139,0.));
#2486=CARTESIAN_POINT('Ctrl Pts',(80.8314161678648,39.2265953235139,0.));
#2487=CARTESIAN_POINT('Ctrl Pts',(81.7684273562589,38.9190494894575,0.));
#2488=CARTESIAN_POINT('Ctrl Pts',(82.6794391391449,38.5426593836691,0.));
#2489=CARTESIAN_POINT('Ctrl Pts',(83.2705407445869,38.2984421298601,0.));
#2490=CARTESIAN_POINT('Ctrl Pts',(83.8475965945956,38.0268361635027,0.));
#2491=CARTESIAN_POINT('Ctrl Pts',(84.4186203878026,37.7234594877152,0.));
#2492=CARTESIAN_POINT('Ctrl Pts',(85.9491479331299,36.9103123571992,0.));
#2493=CARTESIAN_POINT('Ctrl Pts',(87.6103428280278,35.7742583359345,0.));
#2494=CARTESIAN_POINT('Ctrl Pts',(89.1799295533198,34.2077057251519,-1.51074673311058E-32));
#2495=CARTESIAN_POINT('Ctrl Pts',(89.6902833614876,33.698338464506,-1.51074673311058E-32));
#2496=CARTESIAN_POINT('Ctrl Pts',(90.1858970372932,33.1495662568465,-1.53530906558171E-32));
#2497=CARTESIAN_POINT('Ctrl Pts',(90.6760321170039,32.5357711421076,-1.53530906558171E-32));
#2498=CARTESIAN_POINT('Ctrl Pts',(91.7068353108372,31.2448985014357,-1.53530906558171E-32));
#2499=CARTESIAN_POINT('Ctrl Pts',(92.7291556153989,29.6397945355257,-1.53530906558171E-32));
#2500=CARTESIAN_POINT('Ctrl Pts',(93.5312047928011,27.706851784205,0.));
#2501=CARTESIAN_POINT('Ctrl Pts',(93.8023033817246,27.0535027538498,0.));
#2502=CARTESIAN_POINT('Ctrl Pts',(94.0460001464839,26.3699737588561,0.));
#2503=CARTESIAN_POINT('Ctrl Pts',(94.2611871237105,25.6296392307413,0.));
#2504=CARTESIAN_POINT('Ctrl Pts',(94.7264504081032,24.0289360723088,0.));
#2505=CARTESIAN_POINT('Ctrl Pts',(95.0607256328645,22.1390502520357,0.));
#2506=CARTESIAN_POINT('Ctrl Pts',(95.0607256328645,20.03,0.));
#2507=CARTESIAN_POINT('Ctrl Pts',(95.0607256328644,19.3493174431586,0.));
#2508=CARTESIAN_POINT('Ctrl Pts',(95.0264870999754,18.6524357342896,1.53530906558171E-32));
#2509=CARTESIAN_POINT('Ctrl Pts',(94.948252878706,17.9180552112425,1.53530906558171E-32));
#2510=CARTESIAN_POINT('Ctrl Pts',(94.7686003897547,16.231666740034,1.53530906558171E-32));
#2511=CARTESIAN_POINT('Ctrl Pts',(94.3505937914379,14.327880027823,1.53530906558171E-32));
#2512=CARTESIAN_POINT('Ctrl Pts',(93.531204792801,12.3531482157951,0.));
#2513=CARTESIAN_POINT('Ctrl Pts',(93.3274472161026,11.8620913803756,0.));
#2514=CARTESIAN_POINT('Ctrl Pts',(93.0993257450105,11.3679142412443,0.));
#2515=CARTESIAN_POINT('Ctrl Pts',(92.8424592796386,10.8690969979652,0.));
#2516=CARTESIAN_POINT('Ctrl Pts',(92.0031241755618,9.23916518807806,0.));
#2517=CARTESIAN_POINT('Ctrl Pts',(90.8197305624128,7.4889254405969,0.));
#2518=CARTESIAN_POINT('Ctrl Pts',(89.1799295533198,5.85229427484808,0.));
#2519=CARTESIAN_POINT('Ctrl Pts',(88.7771542893326,5.450297601972,0.));
#2520=CARTESIAN_POINT('Ctrl Pts',(88.3491645494602,5.05734572964619,0.));
#2521=CARTESIAN_POINT('Ctrl Pts',(87.8859303930886,4.67001360047541,0.));
#2522=CARTESIAN_POINT('Ctrl Pts',(86.5005625359238,3.51164158835223,0.));
#2523=CARTESIAN_POINT('Ctrl Pts',(84.7693243803146,2.38078952202747,0.));
#2524=CARTESIAN_POINT('Ctrl Pts',(82.6794391391448,1.51734061633096,0.));
#2525=CARTESIAN_POINT('Ctrl Pts',(82.1183832081111,1.28553691718886,0.));
#2526=CARTESIAN_POINT('Ctrl Pts',(81.5130854563114,1.06805416150593,-1.67994990371059E-32));
#2527=CARTESIAN_POINT('Ctrl Pts',(80.93090892634,0.888967382832696,-1.67994990371059E-32));
#2528=CARTESIAN_POINT('Ctrl Pts',(80.0972800734976,0.63252986228899,-1.67994990371059E-32));
#2529=CARTESIAN_POINT('Ctrl Pts',(79.326504453587,0.453463763202936,-1.67994990371059E-32));
#2530=CARTESIAN_POINT('Ctrl Pts',(78.6055791082855,0.322687355758146,-1.67994990371059E-32));
#2531=CARTESIAN_POINT('Ctrl Pts',(77.2784242782704,0.0819404574509554,-1.67994990371059E-32));
#2532=CARTESIAN_POINT('Ctrl Pts',(76.1165366559137,2.46550672967724E-16,
0.));
#2533=CARTESIAN_POINT('Ctrl Pts',(75.0299999852813,-1.12940796342016E-16,
0.));
#2534=CARTESIAN_POINT('Ctrl Pts',(73.9163875313492,-9.28811995787618E-17,
0.));
#2535=CARTESIAN_POINT('Ctrl Pts',(72.8742118493771,-7.74529966085647E-17,
-2.09302957835695E-32));
#2536=CARTESIAN_POINT('Ctrl Pts',(71.8090188429902,-6.42596506984865E-17,
-2.09302957835695E-32));
#2537=CARTESIAN_POINT('Ctrl Pts',(69.8921325050374,-4.05173388589669E-17,
-2.09302957835695E-32));
#2538=CARTESIAN_POINT('Ctrl Pts',(67.9752461670846,-2.55641840713525E-17,
-2.09302957835695E-32));
#2539=CARTESIAN_POINT('Ctrl Pts',(66.0583598291318,-1.6097464724409E-17,
-2.09302957835695E-32));
#2540=CARTESIAN_POINT('Ctrl Pts',(63.0762804847921,-1.37019182134708E-18,
-2.09302957835695E-32));
#2541=CARTESIAN_POINT('Ctrl Pts',(60.0942011404524,-1.38852969643084E-19,
-2.09302957835695E-32));
#2542=CARTESIAN_POINT('Ctrl Pts',(57.1121217961127,2.74381598812633E-20,
-2.09302957835695E-32));
#2543=CARTESIAN_POINT('Ctrl Pts',(51.1479631074332,3.60020418929959E-19,
-2.09302957835695E-32));
#2544=CARTESIAN_POINT('Ctrl Pts',(45.1838044187538,1.50716678914804E-20,
-2.09302957835695E-32));
#2545=CARTESIAN_POINT('Ctrl Pts',(39.2196457300744,-2.20716642273144E-20,
-2.09302957835695E-32));
#2546=CARTESIAN_POINT('Ctrl Pts',(27.2913283527155,-9.63583284649038E-20,
-2.09302957835695E-32));
#2547=CARTESIAN_POINT('Ctrl Pts',(15.3630109753553,-2.3642547060378E-16,
-2.44604594516156E-32));
#2548=CARTESIAN_POINT('Ctrl Pts',(3.43469359799764,1.94499224409027E-16,
-2.44604594516156E-32));
#2549=CARTESIAN_POINT('Ctrl Pts',(2.28979239866518,2.35860146032277E-16,
-2.44604594516156E-32));
#2550=CARTESIAN_POINT('Ctrl Pts',(1.14490119933258,2.86454486890228E-16,
-2.44604594516156E-32));
#2551=CARTESIAN_POINT('Ctrl Pts',(-1.11022302462516E-15,3.48324097849996E-16,
-2.44604594516156E-32));
#2552=CARTESIAN_POINT('Ctrl Pts',(75.0299999852813,40.06,0.));
#2553=CARTESIAN_POINT('Ctrl Pts',(75.0299999853613,39.8165203886379,27.9));
#2554=CARTESIAN_POINT('Ctrl Pts',(68.760069495259,40.06,0.));
#2555=CARTESIAN_POINT('Ctrl Pts',(68.7948338592645,39.8165203886379,27.9));
#2556=CARTESIAN_POINT('Ctrl Pts',(56.2464617956367,40.06,0.));
#2557=CARTESIAN_POINT('Ctrl Pts',(56.2986077698883,39.8165203886379,27.8999999999999));
#2558=CARTESIAN_POINT('Ctrl Pts',(37.515,40.06,0.));
#2559=CARTESIAN_POINT('Ctrl Pts',(37.5149999999991,39.816520388638,27.9));
#2560=CARTESIAN_POINT('Ctrl Pts',(18.7835382043632,40.06,0.));
#2561=CARTESIAN_POINT('Ctrl Pts',(18.7313922301097,39.8165203886379,27.9));
#2562=CARTESIAN_POINT('Ctrl Pts',(6.26993050474102,40.06,0.));
#2563=CARTESIAN_POINT('Ctrl Pts',(6.23516614073354,39.8165203886379,27.9));
#2564=CARTESIAN_POINT('Ctrl Pts',(-2.6132055955848,40.06,0.));
#2565=CARTESIAN_POINT('Ctrl Pts',(-2.59871637110616,39.8165203886379,27.9));
#2566=CARTESIAN_POINT('Ctrl Pts',(-7.84550865302832,39.025062223336,0.));
#2567=CARTESIAN_POINT('Ctrl Pts',(-7.78815138237766,38.7807903527428,27.9));
#2568=CARTESIAN_POINT('Ctrl Pts',(-14.5175461558928,34.5782385203382,0.));
#2569=CARTESIAN_POINT('Ctrl Pts',(-14.3709424010896,34.3699026300856,27.8999999999999));
#2570=CARTESIAN_POINT('Ctrl Pts',(-18.9838840433191,27.9082180462228,0.));
#2571=CARTESIAN_POINT('Ctrl Pts',(-18.7605108657218,27.7866187063509,27.9));
#2572=CARTESIAN_POINT('Ctrl Pts',(-20.5541464276372,20.03,0.));
#2573=CARTESIAN_POINT('Ctrl Pts',(-20.300540924863,20.03,27.8999999999999));
#2574=CARTESIAN_POINT('Ctrl Pts',(-18.9838840433191,12.1517819537771,0.));
#2575=CARTESIAN_POINT('Ctrl Pts',(-18.7605108657218,12.2733812936492,27.9));
#2576=CARTESIAN_POINT('Ctrl Pts',(-14.5175461558928,5.4817614796618,0.));
#2577=CARTESIAN_POINT('Ctrl Pts',(-14.3709424010895,5.69009736991443,27.8999999999999));
#2578=CARTESIAN_POINT('Ctrl Pts',(-7.84550865302839,1.034937776664,0.));
#2579=CARTESIAN_POINT('Ctrl Pts',(-7.78815138237767,1.27920964725714,27.9));
#2580=CARTESIAN_POINT('Ctrl Pts',(-2.61320559558481,4.80038080222032E-16,
0.));
#2581=CARTESIAN_POINT('Ctrl Pts',(-2.59871637110616,0.243479611362096,27.9));
#2582=CARTESIAN_POINT('Ctrl Pts',(6.26993050474102,0.,0.));
#2583=CARTESIAN_POINT('Ctrl Pts',(6.23516614073354,0.24347961136207,27.9));
#2584=CARTESIAN_POINT('Ctrl Pts',(18.7835382043632,0.,0.));
#2585=CARTESIAN_POINT('Ctrl Pts',(18.7313922301096,0.24347961136207,27.9));
#2586=CARTESIAN_POINT('Ctrl Pts',(37.5150000000001,0.,0.));
#2587=CARTESIAN_POINT('Ctrl Pts',(37.5149999999991,0.24347961136207,27.9));
#2588=CARTESIAN_POINT('Ctrl Pts',(56.2464617956367,0.,0.));
#2589=CARTESIAN_POINT('Ctrl Pts',(56.2986077698883,0.24347961136207,27.8999999999999));
#2590=CARTESIAN_POINT('Ctrl Pts',(68.760069495259,0.,0.));
#2591=CARTESIAN_POINT('Ctrl Pts',(68.7948338592645,0.24347961136207,27.9));
#2592=CARTESIAN_POINT('Ctrl Pts',(77.6432055955848,-1.60012693407344E-16,
0.));
#2593=CARTESIAN_POINT('Ctrl Pts',(77.6287163711042,0.243479611362095,27.9));
#2594=CARTESIAN_POINT('Ctrl Pts',(82.8755086530282,1.03493777666401,0.));
#2595=CARTESIAN_POINT('Ctrl Pts',(82.8181513823756,1.27920964725714,27.8999999999999));
#2596=CARTESIAN_POINT('Ctrl Pts',(89.5475461558929,5.48176147966177,0.));
#2597=CARTESIAN_POINT('Ctrl Pts',(89.4009424010878,5.69009736991445,27.9000000000001));
#2598=CARTESIAN_POINT('Ctrl Pts',(94.013884043319,12.1517819537772,0.));
#2599=CARTESIAN_POINT('Ctrl Pts',(93.7905108657198,12.2733812936491,27.9));
#2600=CARTESIAN_POINT('Ctrl Pts',(95.5841464276372,20.0299999999999,0.));
#2601=CARTESIAN_POINT('Ctrl Pts',(95.3305409248609,20.0299999999999,27.8999999999999));
#2602=CARTESIAN_POINT('Ctrl Pts',(94.0138840433192,27.908218046223,0.));
#2603=CARTESIAN_POINT('Ctrl Pts',(93.7905108657201,27.7866187063509,27.9000000000001));
#2604=CARTESIAN_POINT('Ctrl Pts',(89.5475461558927,34.5782385203381,0.));
#2605=CARTESIAN_POINT('Ctrl Pts',(89.4009424010874,34.3699026300855,27.8999999999999));
#2606=CARTESIAN_POINT('Ctrl Pts',(82.8755086530284,39.0250622233361,0.));
#2607=CARTESIAN_POINT('Ctrl Pts',(82.8181513823759,38.7807903527428,27.9));
#2608=CARTESIAN_POINT('Ctrl Pts',(77.6432055955848,40.06,0.));
#2609=CARTESIAN_POINT('Ctrl Pts',(77.6287163711042,39.8165203886379,27.9));
#2610=CARTESIAN_POINT('Ctrl Pts',(75.0299999852813,40.06,0.));
#2611=CARTESIAN_POINT('Ctrl Pts',(75.0299999853613,39.8165203886379,27.9));
#2612=CARTESIAN_POINT('Origin',(75.03,20.03,143.4));
#2613=CARTESIAN_POINT('',(91.464938816379,15.2052211823312,143.399999562171));
#2614=CARTESIAN_POINT('',(91.465,17.1415363297211,143.4));
#2615=CARTESIAN_POINT('',(91.465,-0.114688465548435,143.4));
#2616=CARTESIAN_POINT('',(-16.435,17.1415363297211,143.4));
#2617=CARTESIAN_POINT('',(-16.435,17.1415363297211,143.4));
#2618=CARTESIAN_POINT('',(-16.4349376660894,15.2052172577896,143.39999955394));
#2619=CARTESIAN_POINT('',(-16.435,-0.114688465548435,143.4));
#2620=CARTESIAN_POINT('Ctrl Pts',(-16.4348753243934,15.2050045816532,143.4));
#2621=CARTESIAN_POINT('Ctrl Pts',(-16.26761690676,14.6343959114739,143.4));
#2622=CARTESIAN_POINT('Ctrl Pts',(-16.0713373795806,14.0744915740987,143.4));
#2623=CARTESIAN_POINT('Ctrl Pts',(-15.846665078994,13.5270222451622,143.4));
#2624=CARTESIAN_POINT('Ctrl Pts',(-15.0013379473211,11.4671747414846,143.4));
#2625=CARTESIAN_POINT('Ctrl Pts',(-13.7509773273088,9.57391197052791,143.4));
#2626=CARTESIAN_POINT('Ctrl Pts',(-12.175978700657,7.98217279931966,143.4));
#2627=CARTESIAN_POINT('Ctrl Pts',(-10.6005097933268,6.38995834885431,143.4));
#2628=CARTESIAN_POINT('Ctrl Pts',(-8.70491170076687,5.10658477394359,143.4));
#2629=CARTESIAN_POINT('Ctrl Pts',(-6.62882002061865,4.23548437549043,143.4));
#2630=CARTESIAN_POINT('Ctrl Pts',(-5.64936907595473,3.82451981341427,143.4));
#2631=CARTESIAN_POINT('Ctrl Pts',(-4.69907868714658,3.53561883640329,143.4));
#2632=CARTESIAN_POINT('Ctrl Pts',(-3.84129526827832,3.33845442964512,143.4));
#2633=CARTESIAN_POINT('Ctrl Pts',(-2.33676856450242,2.99263390143629,143.4));
#2634=CARTESIAN_POINT('Ctrl Pts',(-1.05503057724999,2.90143284119526,143.4));
#2635=CARTESIAN_POINT('Ctrl Pts',(1.32987784673411E-8,2.90143284119525,
143.4));
#2636=CARTESIAN_POINT('Ctrl Pts',(0.790280485683631,2.90143284119524,143.4));
#2637=CARTESIAN_POINT('Ctrl Pts',(1.43739703054276,2.90143284119523,143.4));
#2638=CARTESIAN_POINT('Ctrl Pts',(2.12593443941815,2.90143284119522,143.4));
#2639=CARTESIAN_POINT('Ctrl Pts',(17.5930941544828,2.90143284119507,143.4));
#2640=CARTESIAN_POINT('Ctrl Pts',(33.0602538695475,2.90143284119518,143.4));
#2641=CARTESIAN_POINT('Ctrl Pts',(48.5274135846122,2.90143284119517,143.4));
#2642=CARTESIAN_POINT('Ctrl Pts',(57.3615960461733,2.90143284119517,143.4));
#2643=CARTESIAN_POINT('Ctrl Pts',(66.1957899129742,2.90143284119517,143.4));
#2644=CARTESIAN_POINT('Ctrl Pts',(75.0299999867012,2.90143284119517,143.4));
#2645=CARTESIAN_POINT('Ctrl Pts',(77.2969470916725,2.90143284119517,143.4));
#2646=CARTESIAN_POINT('Ctrl Pts',(79.5634606107618,3.35629949445529,143.4));
#2647=CARTESIAN_POINT('Ctrl Pts',(81.6588200206187,4.23548437549034,143.4));
#2648=CARTESIAN_POINT('Ctrl Pts',(83.7292657469069,5.10421580695417,143.4));
#2649=CARTESIAN_POINT('Ctrl Pts',(85.6256815098143,6.38507874587133,143.4));
#2650=CARTESIAN_POINT('Ctrl Pts',(87.205978700657,7.98217279931958,143.4));
#2651=CARTESIAN_POINT('Ctrl Pts',(88.7761341799821,9.56901734574446,143.4));
#2652=CARTESIAN_POINT('Ctrl Pts',(90.0309299736882,11.466180613368,143.4));
#2653=CARTESIAN_POINT('Ctrl Pts',(90.8766650789941,13.5270222451622,143.4));
#2654=CARTESIAN_POINT('Ctrl Pts',(91.1013733773772,14.0745792915851,143.4));
#2655=CARTESIAN_POINT('Ctrl Pts',(91.2976276209126,14.6344314557874,143.4));
#2656=CARTESIAN_POINT('Ctrl Pts',(91.4648776251163,15.2050124306664,143.4));
#2657=CARTESIAN_POINT('',(21.495,9.80143284119528,143.4));
#2658=CARTESIAN_POINT('',(21.995,9.30143284119528,143.4));
#2659=CARTESIAN_POINT('Origin',(21.995,9.80143284119528,143.4));
#2660=CARTESIAN_POINT('',(21.495,13.5814328411953,143.4));
#2661=CARTESIAN_POINT('',(21.495,13.5814328411953,143.4));
#2662=CARTESIAN_POINT('',(21.995,14.0814328411953,143.4));
#2663=CARTESIAN_POINT('Origin',(21.995,13.5814328411953,143.4));
#2664=CARTESIAN_POINT('',(32.995,14.0814328411953,143.4));
#2665=CARTESIAN_POINT('',(32.995,14.0814328411953,143.4));
#2666=CARTESIAN_POINT('',(33.495,13.5814328411953,143.4));
#2667=CARTESIAN_POINT('Origin',(32.995,13.5814328411953,143.4));
#2668=CARTESIAN_POINT('',(33.495,9.80143284119528,143.4));
#2669=CARTESIAN_POINT('',(33.495,9.80143284119528,143.4));
#2670=CARTESIAN_POINT('',(32.995,9.30143284119528,143.4));
#2671=CARTESIAN_POINT('Origin',(32.995,9.80143284119528,143.4));
#2672=CARTESIAN_POINT('',(27.495,9.30143284119528,143.4));
#2673=CARTESIAN_POINT('',(3.925,7.08143284119527,143.4));
#2674=CARTESIAN_POINT('',(4.425,6.58143284119527,143.4));
#2675=CARTESIAN_POINT('Origin',(4.425,7.08143284119527,143.4));
#2676=CARTESIAN_POINT('',(3.925,14.2814328411953,143.4));
#2677=CARTESIAN_POINT('',(3.925,14.2814328411953,143.4));
#2678=CARTESIAN_POINT('',(4.425,14.7814328411953,143.4));
#2679=CARTESIAN_POINT('Origin',(4.425,14.2814328411953,143.4));
#2680=CARTESIAN_POINT('',(6.295,14.7814328411953,143.4));
#2681=CARTESIAN_POINT('',(6.295,14.7814328411953,143.4));
#2682=CARTESIAN_POINT('',(6.795,15.2814328411953,143.4));
#2683=CARTESIAN_POINT('Origin',(6.295,15.2814328411953,143.4));
#2684=CARTESIAN_POINT('',(6.795,16.0814328411953,143.4));
#2685=CARTESIAN_POINT('',(6.795,16.0814328411953,143.4));
#2686=CARTESIAN_POINT('',(7.29500000000001,16.5814328411953,143.4));
#2687=CARTESIAN_POINT('Origin',(7.295,16.0814328411953,143.4));
#2688=CARTESIAN_POINT('',(13.895,16.5814328411953,143.4));
#2689=CARTESIAN_POINT('',(13.895,16.5814328411953,143.4));
#2690=CARTESIAN_POINT('',(14.395,16.0814328411953,143.4));
#2691=CARTESIAN_POINT('Origin',(13.895,16.0814328411953,143.4));
#2692=CARTESIAN_POINT('',(14.395,15.2814328411953,143.4));
#2693=CARTESIAN_POINT('',(14.395,15.2814328411953,143.4));
#2694=CARTESIAN_POINT('',(14.895,14.7814328411953,143.4));
#2695=CARTESIAN_POINT('Origin',(14.895,15.2814328411953,143.4));
#2696=CARTESIAN_POINT('',(16.765,14.7814328411953,143.4));
#2697=CARTESIAN_POINT('',(16.765,14.7814328411953,143.4));
#2698=CARTESIAN_POINT('',(17.265,14.2814328411953,143.4));
#2699=CARTESIAN_POINT('Origin',(16.765,14.2814328411953,143.4));
#2700=CARTESIAN_POINT('',(17.265,7.08143284119528,143.4));
#2701=CARTESIAN_POINT('',(17.265,7.08143284119528,143.4));
#2702=CARTESIAN_POINT('',(16.765,6.58143284119527,143.4));
#2703=CARTESIAN_POINT('Origin',(16.765,7.08143284119528,143.4));
#2704=CARTESIAN_POINT('',(10.595,6.58143284119527,143.4));
#2705=CARTESIAN_POINT('',(50.4185533905933,9.227879450602,143.4));
#2706=CARTESIAN_POINT('',(50.7721067811866,9.08143284119528,143.4));
#2707=CARTESIAN_POINT('Origin',(50.7721067811866,9.58143284119528,143.4));
#2708=CARTESIAN_POINT('',(48.9861060633116,10.6603267778837,143.4));
#2709=CARTESIAN_POINT('',(48.9861060633116,10.6603267778837,143.4));
#2710=CARTESIAN_POINT('',(48.8396594539048,11.013880168477,143.4));
#2711=CARTESIAN_POINT('Origin',(49.3396594539048,11.013880168477,143.4));
#2712=CARTESIAN_POINT('',(48.8396594539048,12.1367733872905,143.4));
#2713=CARTESIAN_POINT('',(48.8396594539048,12.1367733872905,143.4));
#2714=CARTESIAN_POINT('',(49.3396594539048,12.6367733872905,143.4));
#2715=CARTESIAN_POINT('Origin',(49.3396594539048,12.1367733872905,143.4));
#2716=CARTESIAN_POINT('',(57.0503405460952,12.6367733872905,143.4));
#2717=CARTESIAN_POINT('',(57.0503405460952,12.6367733872905,143.4));
#2718=CARTESIAN_POINT('',(57.5503405460952,12.1367733872905,143.4));
#2719=CARTESIAN_POINT('Origin',(57.0503405460952,12.1367733872905,143.4));
#2720=CARTESIAN_POINT('',(57.5503405460952,11.013880168477,143.4));
#2721=CARTESIAN_POINT('',(57.5503405460952,11.013880168477,143.4));
#2722=CARTESIAN_POINT('',(57.4038939366885,10.6603267778837,143.4));
#2723=CARTESIAN_POINT('Origin',(57.0503405460952,11.013880168477,143.4));
#2724=CARTESIAN_POINT('',(55.9714466094067,9.22787945060201,143.4));
#2725=CARTESIAN_POINT('',(55.9714466094067,9.22787945060201,143.4));
#2726=CARTESIAN_POINT('',(55.6178932188135,9.08143284119528,143.4));
#2727=CARTESIAN_POINT('Origin',(55.6178932188135,9.58143284119528,143.4));
#2728=CARTESIAN_POINT('',(53.195,9.08143284119528,143.4));
#2729=CARTESIAN_POINT('',(36.195,10.9514328411953,143.4));
#2730=CARTESIAN_POINT('',(37.745,9.40143284119528,143.4));
#2731=CARTESIAN_POINT('Origin',(37.745,10.9514328411953,143.4));
#2732=CARTESIAN_POINT('',(36.195,11.5914328411953,143.4));
#2733=CARTESIAN_POINT('',(36.195,11.5914328411953,143.4));
#2734=CARTESIAN_POINT('',(37.745,13.1414328411953,143.4));
#2735=CARTESIAN_POINT('Origin',(37.745,11.5914328411953,143.4));
#2736=CARTESIAN_POINT('',(44.185,13.1414328411953,143.4));
#2737=CARTESIAN_POINT('',(44.185,13.1414328411953,143.4));
#2738=CARTESIAN_POINT('',(45.735,11.5914328411953,143.4));
#2739=CARTESIAN_POINT('Origin',(44.185,11.5914328411953,143.4));
#2740=CARTESIAN_POINT('',(45.735,10.9514328411953,143.4));
#2741=CARTESIAN_POINT('',(45.735,10.9514328411953,143.4));
#2742=CARTESIAN_POINT('',(44.185,9.40143284119528,143.4));
#2743=CARTESIAN_POINT('Origin',(44.185,10.9514328411953,143.4));
#2744=CARTESIAN_POINT('',(40.965,9.40143284119528,143.4));
#2745=CARTESIAN_POINT('Ctrl Pts',(75.0299999863408,38.2650000000007,27.9));
#2746=CARTESIAN_POINT('Ctrl Pts',(75.0299999867012,37.1585671588048,143.4));
#2747=CARTESIAN_POINT('Ctrl Pts',(68.6931578605208,38.2650000000007,27.9));
#2748=CARTESIAN_POINT('Ctrl Pts',(68.8596264745216,37.1585671588048,143.4));
#2749=CARTESIAN_POINT('Ctrl Pts',(56.1484773256242,38.2650000000007,27.9));
#2750=CARTESIAN_POINT('Ctrl Pts',(56.3981174902409,37.1585671588048,143.4));
#2751=CARTESIAN_POINT('Ctrl Pts',(37.514999999999,38.2650000000007,27.8999999999999));
#2752=CARTESIAN_POINT('Ctrl Pts',(37.515,37.1585671588047,143.4));
#2753=CARTESIAN_POINT('Ctrl Pts',(18.8815226743738,38.2650000000007,27.9));
#2754=CARTESIAN_POINT('Ctrl Pts',(18.6318825097592,37.1585671588047,143.4));
#2755=CARTESIAN_POINT('Ctrl Pts',(6.33684213947729,38.2650000000007,27.9));
#2756=CARTESIAN_POINT('Ctrl Pts',(6.17037352547836,37.1585671588046,143.4));
#2757=CARTESIAN_POINT('Ctrl Pts',(-2.34478482980907,38.2650000000007,27.9));
#2758=CARTESIAN_POINT('Ctrl Pts',(-2.28318741706702,37.1585671588047,143.4));
#2759=CARTESIAN_POINT('Ctrl Pts',(-7.06604481368757,37.3491476737228,27.8999999999999));
#2760=CARTESIAN_POINT('Ctrl Pts',(-6.81468144213908,36.2358486359887,143.4));
#2761=CARTESIAN_POINT('Ctrl Pts',(-13.1555306458663,33.3382583541777,27.9000000000001));
#2762=CARTESIAN_POINT('Ctrl Pts',(-12.4967539506245,32.3837727828898,143.400000000001));
#2763=CARTESIAN_POINT('Ctrl Pts',(-17.2674092442163,27.2550172961077,27.8999999999998));
#2764=CARTESIAN_POINT('Ctrl Pts',(-16.2541749593047,26.6960234365343,143.399999999999));
#2765=CARTESIAN_POINT('Ctrl Pts',(-18.7199081849226,20.03,27.9000000000001));
#2766=CARTESIAN_POINT('Ctrl Pts',(-17.5665366861207,20.03,143.400000000001));
#2767=CARTESIAN_POINT('Ctrl Pts',(-17.2674092442163,12.8049827038922,27.8999999999999));
#2768=CARTESIAN_POINT('Ctrl Pts',(-16.2541749593047,13.3639765634657,143.399999999999));
#2769=CARTESIAN_POINT('Ctrl Pts',(-13.1555306458662,6.72174164582239,27.9000000000001));
#2770=CARTESIAN_POINT('Ctrl Pts',(-12.4967539506245,7.67622721711024,143.400000000001));
#2771=CARTESIAN_POINT('Ctrl Pts',(-7.06604481368759,2.71085232627716,27.8999999999999));
#2772=CARTESIAN_POINT('Ctrl Pts',(-6.81468144213911,3.82415136401126,143.4));
#2773=CARTESIAN_POINT('Ctrl Pts',(-2.34478482980907,1.79499999999936,27.9));
#2774=CARTESIAN_POINT('Ctrl Pts',(-2.28318741706702,2.90143284119528,143.4));
#2775=CARTESIAN_POINT('Ctrl Pts',(6.3368421394773,1.79499999999933,27.9));
#2776=CARTESIAN_POINT('Ctrl Pts',(6.17037352547835,2.90143284119517,143.4));
#2777=CARTESIAN_POINT('Ctrl Pts',(18.8815226743738,1.79499999999933,27.9));
#2778=CARTESIAN_POINT('Ctrl Pts',(18.6318825097591,2.90143284119517,143.4));
#2779=CARTESIAN_POINT('Ctrl Pts',(37.5149999999991,1.79499999999933,27.9));
#2780=CARTESIAN_POINT('Ctrl Pts',(37.5150000000001,2.90143284119518,143.4));
#2781=CARTESIAN_POINT('Ctrl Pts',(56.1484773256242,1.79499999999933,27.9));
#2782=CARTESIAN_POINT('Ctrl Pts',(56.3981174902408,2.90143284119517,143.4));
#2783=CARTESIAN_POINT('Ctrl Pts',(68.6931578605208,1.79499999999933,27.9));
#2784=CARTESIAN_POINT('Ctrl Pts',(68.8596264745216,2.90143284119517,143.4));
#2785=CARTESIAN_POINT('Ctrl Pts',(77.3747848298071,1.79499999999936,27.9));
#2786=CARTESIAN_POINT('Ctrl Pts',(77.313187417067,2.90143284119517,143.4));
#2787=CARTESIAN_POINT('Ctrl Pts',(82.0960448136852,2.71085232627718,27.8999999999999));
#2788=CARTESIAN_POINT('Ctrl Pts',(81.8446814421391,3.82415136401117,143.4));
#2789=CARTESIAN_POINT('Ctrl Pts',(88.1855306458647,6.72174164582238,27.9000000000001));
#2790=CARTESIAN_POINT('Ctrl Pts',(87.5267539506246,7.67622721711016,143.4));
#2791=CARTESIAN_POINT('Ctrl Pts',(92.2974092442142,12.8049827038922,27.8999999999999));
#2792=CARTESIAN_POINT('Ctrl Pts',(91.2841749593048,13.3639765634657,143.4));
#2793=CARTESIAN_POINT('Ctrl Pts',(93.7499081849208,20.03,27.9000000000001));
#2794=CARTESIAN_POINT('Ctrl Pts',(92.596536686121,20.03,143.400000000001));
#2795=CARTESIAN_POINT('Ctrl Pts',(92.2974092442143,27.2550172961078,27.8999999999999));
#2796=CARTESIAN_POINT('Ctrl Pts',(91.2841749593047,26.6960234365343,143.4));
#2797=CARTESIAN_POINT('Ctrl Pts',(88.1855306458642,33.3382583541776,27.9));
#2798=CARTESIAN_POINT('Ctrl Pts',(87.5267539506247,32.3837727828899,143.4));
#2799=CARTESIAN_POINT('Ctrl Pts',(82.0960448136857,37.3491476737227,27.8999999999999));
#2800=CARTESIAN_POINT('Ctrl Pts',(81.8446814421392,36.2358486359888,143.4));
#2801=CARTESIAN_POINT('Ctrl Pts',(77.3747848298071,38.2650000000007,27.9));
#2802=CARTESIAN_POINT('Ctrl Pts',(77.313187417067,37.1585671588048,143.4));
#2803=CARTESIAN_POINT('Ctrl Pts',(75.0299999863408,38.2650000000007,27.9));
#2804=CARTESIAN_POINT('Ctrl Pts',(75.0299999867012,37.1585671588048,143.4));
#2805=CARTESIAN_POINT('Ctrl Pts',(-17.4429532298319,14.7143875131924,27.8999999999905));
#2806=CARTESIAN_POINT('Ctrl Pts',(-17.2750769114642,14.7957877164333,47.1367207104382));
#2807=CARTESIAN_POINT('Ctrl Pts',(-17.1068532668303,14.8775285727476,66.4132410688876));
#2808=CARTESIAN_POINT('Ctrl Pts',(-16.7711209632959,15.0410648817995,104.884352535725));
#2809=CARTESIAN_POINT('Ctrl Pts',(-16.6028655145226,15.1232240411885,124.16451728758));
#2810=CARTESIAN_POINT('Ctrl Pts',(-16.4350000077854,15.2054299339259,143.399999107881));
#2811=CARTESIAN_POINT('Ctrl Pts',(91.4650000076418,15.205429933996,143.399999124342));
#2812=CARTESIAN_POINT('Ctrl Pts',(91.6328655143684,15.1232240412636,124.164517305217));
#2813=CARTESIAN_POINT('Ctrl Pts',(91.8011209632711,15.0410648818113,104.884352538501));
#2814=CARTESIAN_POINT('Ctrl Pts',(92.1368556955023,14.8775273897331,66.4129627704925));
#2815=CARTESIAN_POINT('Ctrl Pts',(92.30508250874,14.7957850024147,47.1360793259832));
#2816=CARTESIAN_POINT('Ctrl Pts',(92.47295322983,14.7143875131929,27.9));
#2817=CARTESIAN_POINT('Origin',(91.465,-0.114688465548435,143.4));
#2818=CARTESIAN_POINT('',(91.755194770814,24.8377375684059,110.14697293775));
#2819=CARTESIAN_POINT('',(91.6135507794171,-8.42215391616074,126.377766710895));
#2820=CARTESIAN_POINT('',(91.7157765980964,22.0306149676985,114.663848140043));
#2821=CARTESIAN_POINT('Origin',(91.7159806038655,27.0305603201759,114.640471394334));
#2822=CARTESIAN_POINT('',(91.5088383447229,22.1414816821984,138.376623254291));
#2823=CARTESIAN_POINT('',(91.4659089565317,22.1644810075849,143.295843898004));
#2824=CARTESIAN_POINT('Origin',(91.5086343389537,17.1415363297204,138.4));
#2825=CARTESIAN_POINT('Origin',(-17.4429532298318,-0.114688465548435,27.9));
#2826=CARTESIAN_POINT('',(-16.478838344723,22.1414816821984,138.376623254291));
#2827=CARTESIAN_POINT('Origin',(-16.4786343389538,17.1415363297206,138.4));
#2828=CARTESIAN_POINT('',(-16.6857765980968,22.0306149676985,114.663848140043));
#2829=CARTESIAN_POINT('',(-17.443840155303,21.6244840827636,27.7983684074951));
#2830=CARTESIAN_POINT('',(-16.7251947708146,24.8377375684059,110.14697293775));
#2831=CARTESIAN_POINT('Origin',(-16.685980603866,27.0305603201759,114.640471394334));
#2832=CARTESIAN_POINT('',(-16.7774312841307,37.1035650651412,104.161261389386));
#2833=CARTESIAN_POINT('Origin',(37.745,10.9514328411953,133.4));
#2834=CARTESIAN_POINT('',(37.745,9.40143284119528,133.4));
#2835=CARTESIAN_POINT('',(37.745,9.40143284119528,133.4));
#2836=CARTESIAN_POINT('',(36.195,10.9514328411953,133.4));
#2837=CARTESIAN_POINT('Origin',(37.745,10.9514328411953,133.4));
#2838=CARTESIAN_POINT('',(36.195,10.9514328411953,133.4));
#2839=CARTESIAN_POINT('Origin',(36.195,11.5914328411953,133.4));
#2840=CARTESIAN_POINT('',(36.195,11.5914328411953,133.4));
#2841=CARTESIAN_POINT('',(36.195,11.5914328411953,133.4));
#2842=CARTESIAN_POINT('',(36.195,11.5914328411953,133.4));
#2843=CARTESIAN_POINT('Origin',(37.745,11.5914328411953,133.4));
#2844=CARTESIAN_POINT('',(37.745,13.1414328411953,133.4));
#2845=CARTESIAN_POINT('Origin',(37.745,11.5914328411953,133.4));
#2846=CARTESIAN_POINT('',(37.745,13.1414328411953,133.4));
#2847=CARTESIAN_POINT('Origin',(44.185,13.1414328411953,133.4));
#2848=CARTESIAN_POINT('',(44.185,13.1414328411953,133.4));
#2849=CARTESIAN_POINT('',(44.185,13.1414328411953,133.4));
#2850=CARTESIAN_POINT('',(44.185,13.1414328411953,133.4));
#2851=CARTESIAN_POINT('Origin',(44.185,11.5914328411953,133.4));
#2852=CARTESIAN_POINT('',(45.735,11.5914328411953,133.4));
#2853=CARTESIAN_POINT('Origin',(44.185,11.5914328411953,133.4));
#2854=CARTESIAN_POINT('',(45.735,11.5914328411953,133.4));
#2855=CARTESIAN_POINT('Origin',(45.735,10.9514328411953,133.4));
#2856=CARTESIAN_POINT('',(45.735,10.9514328411953,133.4));
#2857=CARTESIAN_POINT('',(45.735,10.9514328411953,133.4));
#2858=CARTESIAN_POINT('',(45.735,10.9514328411953,133.4));
#2859=CARTESIAN_POINT('Origin',(44.185,10.9514328411953,133.4));
#2860=CARTESIAN_POINT('',(44.185,9.40143284119528,133.4));
#2861=CARTESIAN_POINT('Origin',(44.185,10.9514328411953,133.4));
#2862=CARTESIAN_POINT('',(44.185,9.40143284119528,133.4));
#2863=CARTESIAN_POINT('Origin',(40.965,9.40143284119528,133.4));
#2864=CARTESIAN_POINT('',(37.745,9.40143284119528,133.4));
#2865=CARTESIAN_POINT('Origin',(44.185,10.9514328411953,133.4));
#2866=CARTESIAN_POINT('Origin',(50.7721067811866,9.58143284119528,133.4));
#2867=CARTESIAN_POINT('',(50.7721067811866,9.08143284119527,133.4));
#2868=CARTESIAN_POINT('',(50.7721067811866,9.08143284119527,133.4));
#2869=CARTESIAN_POINT('',(50.4185533905933,9.227879450602,133.4));
#2870=CARTESIAN_POINT('Origin',(50.7721067811866,9.58143284119528,133.4));
#2871=CARTESIAN_POINT('',(50.4185533905933,9.227879450602,133.4));
#2872=CARTESIAN_POINT('Origin',(48.9861060633116,10.6603267778837,133.4));
#2873=CARTESIAN_POINT('',(48.9861060633116,10.6603267778837,133.4));
#2874=CARTESIAN_POINT('',(48.9861060633116,10.6603267778837,133.4));
#2875=CARTESIAN_POINT('',(48.9861060633116,10.6603267778837,133.4));
#2876=CARTESIAN_POINT('Origin',(49.3396594539048,11.013880168477,133.4));
#2877=CARTESIAN_POINT('',(48.8396594539048,11.013880168477,133.4));
#2878=CARTESIAN_POINT('Origin',(49.3396594539048,11.013880168477,133.4));
#2879=CARTESIAN_POINT('',(48.8396594539048,11.013880168477,133.4));
#2880=CARTESIAN_POINT('Origin',(48.8396594539048,12.1367733872905,133.4));
#2881=CARTESIAN_POINT('',(48.8396594539048,12.1367733872905,133.4));
#2882=CARTESIAN_POINT('',(48.8396594539048,12.1367733872905,133.4));
#2883=CARTESIAN_POINT('',(48.8396594539048,12.1367733872905,133.4));
#2884=CARTESIAN_POINT('Origin',(49.3396594539048,12.1367733872905,133.4));
#2885=CARTESIAN_POINT('',(49.3396594539048,12.6367733872905,133.4));
#2886=CARTESIAN_POINT('Origin',(49.3396594539048,12.1367733872905,133.4));
#2887=CARTESIAN_POINT('',(49.3396594539048,12.6367733872905,133.4));
#2888=CARTESIAN_POINT('Origin',(57.0503405460952,12.6367733872905,133.4));
#2889=CARTESIAN_POINT('',(57.0503405460952,12.6367733872905,133.4));
#2890=CARTESIAN_POINT('',(57.0503405460952,12.6367733872905,133.4));
#2891=CARTESIAN_POINT('',(57.0503405460952,12.6367733872905,133.4));
#2892=CARTESIAN_POINT('Origin',(57.0503405460952,12.1367733872905,133.4));
#2893=CARTESIAN_POINT('',(57.5503405460952,12.1367733872905,133.4));
#2894=CARTESIAN_POINT('Origin',(57.0503405460952,12.1367733872905,133.4));
#2895=CARTESIAN_POINT('',(57.5503405460952,12.1367733872905,133.4));
#2896=CARTESIAN_POINT('Origin',(57.5503405460952,11.013880168477,133.4));
#2897=CARTESIAN_POINT('',(57.5503405460952,11.013880168477,133.4));
#2898=CARTESIAN_POINT('',(57.5503405460952,11.013880168477,133.4));
#2899=CARTESIAN_POINT('',(57.5503405460952,11.013880168477,133.4));
#2900=CARTESIAN_POINT('Origin',(57.0503405460952,11.013880168477,133.4));
#2901=CARTESIAN_POINT('',(57.4038939366885,10.6603267778837,133.4));
#2902=CARTESIAN_POINT('Origin',(57.0503405460952,11.013880168477,133.4));
#2903=CARTESIAN_POINT('',(57.4038939366885,10.6603267778837,133.4));
#2904=CARTESIAN_POINT('Origin',(55.9714466094067,9.22787945060201,133.4));
#2905=CARTESIAN_POINT('',(55.9714466094067,9.22787945060201,133.4));
#2906=CARTESIAN_POINT('',(55.9714466094067,9.22787945060201,133.4));
#2907=CARTESIAN_POINT('',(55.9714466094067,9.22787945060201,133.4));
#2908=CARTESIAN_POINT('Origin',(55.6178932188135,9.58143284119528,133.4));
#2909=CARTESIAN_POINT('',(55.6178932188135,9.08143284119528,133.4));
#2910=CARTESIAN_POINT('Origin',(55.6178932188135,9.58143284119528,133.4));
#2911=CARTESIAN_POINT('',(55.6178932188135,9.08143284119528,133.4));
#2912=CARTESIAN_POINT('Origin',(53.195,9.08143284119528,133.4));
#2913=CARTESIAN_POINT('',(50.7721067811866,9.08143284119528,133.4));
#2914=CARTESIAN_POINT('Origin',(55.6178932188135,9.58143284119528,133.4));
#2915=CARTESIAN_POINT('Origin',(67.435,10.5814328411953,133.4));
#2916=CARTESIAN_POINT('Origin',(4.425,7.08143284119527,133.4));
#2917=CARTESIAN_POINT('',(4.425,6.58143284119527,133.4));
#2918=CARTESIAN_POINT('',(4.425,6.58143284119527,133.4));
#2919=CARTESIAN_POINT('',(3.925,7.08143284119527,133.4));
#2920=CARTESIAN_POINT('Origin',(4.425,7.08143284119527,133.4));
#2921=CARTESIAN_POINT('',(3.925,7.08143284119527,133.4));
#2922=CARTESIAN_POINT('Origin',(3.925,14.2814328411953,133.4));
#2923=CARTESIAN_POINT('',(3.925,14.2814328411953,133.4));
#2924=CARTESIAN_POINT('',(3.925,14.2814328411953,133.4));
#2925=CARTESIAN_POINT('',(3.925,14.2814328411953,133.4));
#2926=CARTESIAN_POINT('Origin',(4.425,14.2814328411953,133.4));
#2927=CARTESIAN_POINT('',(4.425,14.7814328411953,133.4));
#2928=CARTESIAN_POINT('Origin',(4.425,14.2814328411953,133.4));
#2929=CARTESIAN_POINT('',(4.425,14.7814328411953,133.4));
#2930=CARTESIAN_POINT('Origin',(6.295,14.7814328411953,133.4));
#2931=CARTESIAN_POINT('',(6.295,14.7814328411953,133.4));
#2932=CARTESIAN_POINT('',(6.295,14.7814328411953,133.4));
#2933=CARTESIAN_POINT('',(6.295,14.7814328411953,133.4));
#2934=CARTESIAN_POINT('Origin',(6.295,15.2814328411953,133.4));
#2935=CARTESIAN_POINT('',(6.795,15.2814328411953,133.4));
#2936=CARTESIAN_POINT('Origin',(6.295,15.2814328411953,133.4));
#2937=CARTESIAN_POINT('',(6.795,15.2814328411953,133.4));
#2938=CARTESIAN_POINT('Origin',(6.795,16.0814328411953,133.4));
#2939=CARTESIAN_POINT('',(6.795,16.0814328411953,133.4));
#2940=CARTESIAN_POINT('',(6.795,16.0814328411953,133.4));
#2941=CARTESIAN_POINT('',(6.795,16.0814328411953,133.4));
#2942=CARTESIAN_POINT('Origin',(7.295,16.0814328411953,133.4));
#2943=CARTESIAN_POINT('',(7.29500000000001,16.5814328411953,133.4));
#2944=CARTESIAN_POINT('Origin',(7.295,16.0814328411953,133.4));
#2945=CARTESIAN_POINT('',(7.29500000000001,16.5814328411953,133.4));
#2946=CARTESIAN_POINT('Origin',(13.895,16.5814328411953,133.4));
#2947=CARTESIAN_POINT('',(13.895,16.5814328411953,133.4));
#2948=CARTESIAN_POINT('',(13.895,16.5814328411953,133.4));
#2949=CARTESIAN_POINT('',(13.895,16.5814328411953,133.4));
#2950=CARTESIAN_POINT('Origin',(13.895,16.0814328411953,133.4));
#2951=CARTESIAN_POINT('',(14.395,16.0814328411953,133.4));
#2952=CARTESIAN_POINT('Origin',(13.895,16.0814328411953,133.4));
#2953=CARTESIAN_POINT('',(14.395,16.0814328411953,133.4));
#2954=CARTESIAN_POINT('Origin',(14.395,15.2814328411953,133.4));
#2955=CARTESIAN_POINT('',(14.395,15.2814328411953,133.4));
#2956=CARTESIAN_POINT('',(14.395,15.2814328411953,133.4));
#2957=CARTESIAN_POINT('',(14.395,15.2814328411953,133.4));
#2958=CARTESIAN_POINT('Origin',(14.895,15.2814328411953,133.4));
#2959=CARTESIAN_POINT('',(14.895,14.7814328411953,133.4));
#2960=CARTESIAN_POINT('Origin',(14.895,15.2814328411953,133.4));
#2961=CARTESIAN_POINT('',(14.895,14.7814328411953,133.4));
#2962=CARTESIAN_POINT('Origin',(16.765,14.7814328411953,133.4));
#2963=CARTESIAN_POINT('',(16.765,14.7814328411953,133.4));
#2964=CARTESIAN_POINT('',(16.765,14.7814328411953,133.4));
#2965=CARTESIAN_POINT('',(16.765,14.7814328411953,133.4));
#2966=CARTESIAN_POINT('Origin',(16.765,14.2814328411953,133.4));
#2967=CARTESIAN_POINT('',(17.265,14.2814328411953,133.4));
#2968=CARTESIAN_POINT('Origin',(16.765,14.2814328411953,133.4));
#2969=CARTESIAN_POINT('',(17.265,14.2814328411953,133.4));
#2970=CARTESIAN_POINT('Origin',(17.265,7.08143284119528,133.4));
#2971=CARTESIAN_POINT('',(17.265,7.08143284119528,133.4));
#2972=CARTESIAN_POINT('',(17.265,7.08143284119528,133.4));
#2973=CARTESIAN_POINT('',(17.265,7.08143284119528,133.4));
#2974=CARTESIAN_POINT('Origin',(16.765,7.08143284119528,133.4));
#2975=CARTESIAN_POINT('',(16.765,6.58143284119527,133.4));
#2976=CARTESIAN_POINT('Origin',(16.765,7.08143284119528,133.4));
#2977=CARTESIAN_POINT('',(16.765,6.58143284119527,133.4));
#2978=CARTESIAN_POINT('Origin',(10.595,6.58143284119527,133.4));
#2979=CARTESIAN_POINT('',(4.425,6.58143284119527,133.4));
#2980=CARTESIAN_POINT('Origin',(16.765,7.08143284119528,133.4));
#2981=CARTESIAN_POINT('Origin',(21.995,9.80143284119528,133.4));
#2982=CARTESIAN_POINT('',(21.995,9.30143284119528,133.4));
#2983=CARTESIAN_POINT('',(21.995,9.30143284119528,133.4));
#2984=CARTESIAN_POINT('',(21.495,9.80143284119528,133.4));
#2985=CARTESIAN_POINT('Origin',(21.995,9.80143284119528,133.4));
#2986=CARTESIAN_POINT('',(21.495,9.80143284119528,133.4));
#2987=CARTESIAN_POINT('Origin',(21.495,13.5814328411953,133.4));
#2988=CARTESIAN_POINT('',(21.495,13.5814328411953,133.4));
#2989=CARTESIAN_POINT('',(21.495,13.5814328411953,133.4));
#2990=CARTESIAN_POINT('',(21.495,13.5814328411953,133.4));
#2991=CARTESIAN_POINT('Origin',(21.995,13.5814328411953,133.4));
#2992=CARTESIAN_POINT('',(21.995,14.0814328411953,133.4));
#2993=CARTESIAN_POINT('Origin',(21.995,13.5814328411953,133.4));
#2994=CARTESIAN_POINT('',(21.995,14.0814328411953,133.4));
#2995=CARTESIAN_POINT('Origin',(32.995,14.0814328411953,133.4));
#2996=CARTESIAN_POINT('',(32.995,14.0814328411953,133.4));
#2997=CARTESIAN_POINT('',(32.995,14.0814328411953,133.4));
#2998=CARTESIAN_POINT('',(32.995,14.0814328411953,133.4));
#2999=CARTESIAN_POINT('Origin',(32.995,13.5814328411953,133.4));
#3000=CARTESIAN_POINT('',(33.495,13.5814328411953,133.4));
#3001=CARTESIAN_POINT('Origin',(32.995,13.5814328411953,133.4));
#3002=CARTESIAN_POINT('',(33.495,13.5814328411953,133.4));
#3003=CARTESIAN_POINT('Origin',(33.495,9.80143284119528,133.4));
#3004=CARTESIAN_POINT('',(33.495,9.80143284119528,133.4));
#3005=CARTESIAN_POINT('',(33.495,9.80143284119528,133.4));
#3006=CARTESIAN_POINT('',(33.495,9.80143284119528,133.4));
#3007=CARTESIAN_POINT('Origin',(32.995,9.80143284119528,133.4));
#3008=CARTESIAN_POINT('',(32.995,9.30143284119528,133.4));
#3009=CARTESIAN_POINT('Origin',(32.995,9.80143284119528,133.4));
#3010=CARTESIAN_POINT('',(32.995,9.30143284119528,133.4));
#3011=CARTESIAN_POINT('Origin',(27.495,9.30143284119528,133.4));
#3012=CARTESIAN_POINT('',(21.995,9.30143284119528,133.4));
#3013=CARTESIAN_POINT('Origin',(32.995,9.80143284119528,133.4));
#3014=CARTESIAN_POINT('Origin',(-20.1447454897278,22.0159349666927,111.524009784613));
#3015=CARTESIAN_POINT('',(-16.713177552309,22.0306149676985,114.663848140043));
#3016=CARTESIAN_POINT('',(91.465,22.1414816821984,138.376623254291));
#3017=CARTESIAN_POINT('Origin',(-20.1447454897278,37.5364786357328,103.95));
#3018=CARTESIAN_POINT('',(91.7431775523084,24.8377375684059,110.14697293775));
#3019=CARTESIAN_POINT('Origin',(-20.1447454897278,17.1415363297211,138.4));
#3020=CARTESIAN_POINT('Origin',(-20.1447454897278,27.0305603201759,114.640471394334));
#3021=CARTESIAN_POINT('Origin',(39.535,20.53,0.1));
#3022=CARTESIAN_POINT('Origin',(7.535,20.08,0.1));
#3023=UNCERTAINTY_MEASURE_WITH_UNIT(LENGTH_MEASURE(0.01),#3027,
'DISTANCE_ACCURACY_VALUE',
'Maximum model space distance between geometric entities at asserted c
onnectivities');
#3024=UNCERTAINTY_MEASURE_WITH_UNIT(LENGTH_MEASURE(0.01),#3027,
'DISTANCE_ACCURACY_VALUE',
'Maximum model space distance between geometric entities at asserted c
onnectivities');
#3025=(
GEOMETRIC_REPRESENTATION_CONTEXT(3)
GLOBAL_UNCERTAINTY_ASSIGNED_CONTEXT((#3023))
GLOBAL_UNIT_ASSIGNED_CONTEXT((#3027,#3029,#3030))
REPRESENTATION_CONTEXT('','3D')
);
#3026=(
GEOMETRIC_REPRESENTATION_CONTEXT(3)
GLOBAL_UNCERTAINTY_ASSIGNED_CONTEXT((#3024))
GLOBAL_UNIT_ASSIGNED_CONTEXT((#3027,#3029,#3030))
REPRESENTATION_CONTEXT('','3D')
);
#3027=(
LENGTH_UNIT()
NAMED_UNIT(*)
SI_UNIT(.MILLI.,.METRE.)
);
#3028=(
LENGTH_UNIT()
NAMED_UNIT(*)
SI_UNIT(.CENTI.,.METRE.)
);
#3029=(
NAMED_UNIT(*)
PLANE_ANGLE_UNIT()
SI_UNIT($,.RADIAN.)
);
#3030=(
NAMED_UNIT(*)
SI_UNIT($,.STERADIAN.)
SOLID_ANGLE_UNIT()
);
#3031=SHAPE_DEFINITION_REPRESENTATION(#3032,#3033);
#3032=PRODUCT_DEFINITION_SHAPE('',$,#3035);
#3033=SHAPE_REPRESENTATION('',(#1384),#3025);
#3034=PRODUCT_DEFINITION_CONTEXT('part definition',#3039,'design');
#3035=PRODUCT_DEFINITION('VMS3D_Femto Mega_S','Orbbec_Femto Mega_S',#3036,
#3034);
#3036=PRODUCT_DEFINITION_FORMATION('ANY',$,#3041);
#3037=PRODUCT_RELATED_PRODUCT_CATEGORY('Orbbec_Femto Mega_S',
'Orbbec_Femto Mega_S',(#3041));
#3038=APPLICATION_PROTOCOL_DEFINITION('international standard',
'automotive_design',2009,#3039);
#3039=APPLICATION_CONTEXT(
'Core Data for Automotive Mechanical Design Process');
#3040=PRODUCT_CONTEXT('part definition',#3039,'mechanical');
#3041=PRODUCT('VMS3D_Femto Mega_S','Orbbec_Femto Mega_S','STEP AP203',(#3040));
#3042=PRESENTATION_STYLE_ASSIGNMENT((#3043));
#3043=SURFACE_STYLE_USAGE(.BOTH.,#3046);
#3044=SURFACE_STYLE_RENDERING_WITH_PROPERTIES($,#3050,(#3045));
#3045=SURFACE_STYLE_TRANSPARENT(0.);
#3046=SURFACE_SIDE_STYLE('',(#3047,#3044));
#3047=SURFACE_STYLE_FILL_AREA(#3048);
#3048=FILL_AREA_STYLE('',(#3049));
#3049=FILL_AREA_STYLE_COLOUR('',#3050);
#3050=COLOUR_RGB('',0.749019607843137,0.749019607843137,0.749019607843137);
ENDSEC;
END-ISO-10303-21;
