attempt,hours,obj,x,y,yaw,reward,eps
0,0.0135,chips,0.2160,0.5629,0.061,0,0.500
1,0.0135,can,-0.0684,0.1746,1.571,0,0.500
2,0.0135,chips,-0.0684,0.6449,2.718,0,0.500
3,0.0135,tetrapak,-0.0684,0.1746,1.571,0,0.500
4,0.0177,can,0.3473,0.8473,1.571,0,0.499
5,0.0177,chips,0.0027,0.3988,2.650,0,0.499
6,0.0177,can,0.0137,0.6066,2.866,0,0.499
7,0.0177,tetrapak,0.3473,0.8473,1.571,0,0.499
8,0.0212,tetrapak,-0.3473,0.8473,1.571,0,0.499
9,0.0212,chips,-0.0738,0.3715,2.331,0,0.499
10,0.0212,tetrapak,-0.3473,0.8473,1.571,0,0.499
11,0.0212,can,0.0137,0.2402,1.952,0,0.499
12,0.0242,can,-0.0137,0.2566,1.178,0,0.498
13,0.0242,chips,-0.0137,0.2457,1.178,0,0.498
14,0.0242,can,-0.0191,0.2457,1.178,0,0.498
15,0.0242,chips,0.0574,0.2129,1.292,0,0.498
16,0.0281,chips,-0.0027,0.2730,2.356,0,0.498
17,0.0281,tetrapak,0.1887,0.3824,3.095,0,0.498
18,0.0281,tetrapak,-0.0027,0.2730,2.356,0,0.498
19,0.0281,chips,-0.0027,0.2730,2.356,0,0.498
20,0.0314,chips,0.0137,0.2785,0.393,0,0.497
21,0.0314,tetrapak,0.1121,0.3113,0.393,0,0.497
22,0.0314,chips,-0.0082,0.2785,0.393,0,0.497
23,0.0314,chips,0.0137,0.2785,0.393,0,0.497
24,0.0345,chips,-0.1723,0.5465,1.020,0,0.497
25,0.0345,tetrapak,-0.0410,0.1527,0.393,0,0.497
26,0.0345,tetrapak,-0.0410,0.1527,0.393,0,0.497
27,0.0345,tetrapak,0.1559,0.2895,2.780,0,0.497
28,0.0378,tetrapak,-0.0574,0.1910,1.393,0,0.496
29,0.0378,can,0.3418,0.1527,0.393,0,0.496
30,0.0378,tetrapak,0.3418,0.1527,0.393,0,0.496
31,0.0378,can,0.0574,0.1746,2.904,0,0.496
32,0.0416,chips,-0.1012,0.1801,2.973,0,0.496
33,0.0416,chips,0.3473,0.8473,2.749,0,0.496
34,0.0416,can,0.0902,0.4754,0.461,0,0.496
35,0.0416,chips,0.0246,0.4699,3.058,0,0.496
36,0.0449,chips,-0.0355,0.2402,0.019,0,0.495
37,0.0449,can,0.1285,0.5848,0.252,0,0.495
38,0.0449,chips,-0.1066,0.3934,2.462,0,0.495
39,0.0449,chips,0.3473,0.8473,2.749,0,0.495
40,0.0489,chips,-0.0355,0.1801,2.094,0,0.495
41,0.0489,can,-0.3473,0.8473,2.356,0,0.495
42,0.0489,chips,-0.3473,0.8473,2.356,0,0.495
43,0.0489,chips,-0.1723,0.5410,3.076,0,0.495
44,0.0528,chips,0.3473,0.1746,2.356,0,0.494
45,0.0528,can,0.0574,0.6559,2.320,1,0.494
46,0.0528,chips,0.3473,0.1746,2.356,0,0.494
47,0.0528,can,0.3473,0.1746,2.356,0,0.494
48,0.0564,chips,0.2160,0.6887,2.356,0,0.494
49,0.0564,tetrapak,0.1012,0.6559,2.356,0,0.494
50,0.0564,can,0.0027,0.2348,2.801,0,0.494
51,0.0564,can,0.0410,0.6340,2.356,0,0.494
52,0.0613,chips,-0.0574,0.6941,2.622,0,0.493
53,0.0613,chips,0.0301,0.1527,0.664,0,0.493
54,0.0613,can,-0.0027,0.1637,2.728,0,0.493
55,0.0613,chips,0.3473,0.1527,0.785,0,0.493
56,0.0649,can,-0.1559,0.6230,0.838,0,0.493
57,0.0649,chips,0.3473,0.8473,1.178,0,0.493
58,0.0649,chips,0.3473,0.8473,1.178,0,0.493
59,0.0649,tetrapak,0.3473,0.8473,1.178,0,0.493
60,0.0684,chips,0.3363,0.1527,2.356,0,0.492
61,0.0684,chips,0.3363,0.1527,2.356,0,0.492
62,0.0684,tetrapak,0.3363,0.1527,2.356,0,0.492
63,0.0684,can,0.3363,0.1527,2.356,0,0.492
64,0.0720,tetrapak,0.3363,0.1527,2.356,0,0.491
65,0.0720,chips,0.3363,0.1527,2.356,0,0.491
66,0.0720,can,0.3363,0.1527,2.356,0,0.491
67,0.0720,chips,0.3363,0.1527,2.356,0,0.491
68,0.0788,can,-0.0684,0.1801,2.694,0,0.491
69,0.0788,can,0.0082,0.4371,0.782,0,0.491
70,0.0788,can,0.3473,0.1527,1.178,0,0.491
71,0.0788,tetrapak,-0.0520,0.5246,2.898,0,0.491
72,0.0871,can,0.0301,0.1527,1.146,0,0.490
73,0.0871,chips,0.3418,0.1527,1.178,0,0.490
74,0.0871,tetrapak,0.3418,0.1527,1.178,0,0.490
75,0.0871,can,0.3418,0.1527,1.178,0,0.490
76,0.0908,chips,-0.0355,0.2348,0.948,0,0.490
77,0.0908,tetrapak,0.3473,0.8418,2.356,0,0.490
78,0.0908,tetrapak,0.0902,0.4262,1.016,0,0.490
79,0.0908,chips,0.3473,0.8418,2.356,0,0.490
80,0.0949,chips,-0.1230,0.8309,2.412,0,0.489
81,0.0949,can,0.3473,0.8473,2.356,0,0.489
82,0.0949,can,0.3473,0.8473,2.356,0,0.489
83,0.0949,tetrapak,-0.0191,0.2238,0.437,0,0.489
84,0.0999,chips,0.0738,0.1910,3.081,0,0.489
85,0.0999,tetrapak,-0.3473,0.8473,0.393,0,0.489
86,0.0999,tetrapak,-0.3473,0.8473,0.393,0,0.489
87,0.0999,tetrapak,0.0410,0.5738,0.670,0,0.489
88,0.1036,chips,-0.1176,0.8090,1.668,0,0.488
89,0.1036,can,-0.3473,0.1527,2.356,0,0.488
90,0.1036,can,-0.3473,0.1527,2.356,0,0.488
91,0.1036,can,-0.0629,0.2074,0.171,0,0.488
92,0.1082,tetrapak,-0.3363,0.1582,2.356,0,0.488
93,0.1082,tetrapak,-0.3363,0.1582,2.356,0,0.488
94,0.1082,chips,-0.1613,0.4426,0.420,0,0.488
95,0.1082,chips,-0.3363,0.1582,2.356,0,0.488
96,0.1133,tetrapak,0.3035,0.7980,2.356,0,0.487
97,0.1133,can,0.3035,0.7980,2.356,0,0.487
98,0.1133,chips,-0.2324,0.5957,1.915,0,0.487
99,0.1133,chips,0.3035,0.7980,2.356,0,0.487
100,0.1191,tetrapak,-0.0902,0.2238,1.484,0,0.487
101,0.1191,chips,0.0957,0.1855,3.086,0,0.487
102,0.1191,tetrapak,0.3035,0.7980,2.356,0,0.487
103,0.1191,chips,0.1340,0.6449,1.555,0,0.487
104,0.1241,chips,-0.3473,0.1527,2.749,0,0.486
105,0.1241,chips,-0.0027,0.2020,3.026,0,0.486
106,0.1241,tetrapak,0.0191,0.5902,1.875,0,0.486
107,0.1241,can,-0.3473,0.1527,2.749,0,0.486
108,0.1307,can,0.0137,0.2238,2.133,0,0.486
109,0.1307,chips,-0.3473,0.1527,2.749,0,0.486
110,0.1307,tetrapak,-0.3473,0.1527,2.749,0,0.486
111,0.1307,tetrapak,0.0629,0.1582,2.056,0,0.486
112,0.1357,tetrapak,-0.0301,0.2402,1.329,0,0.485
113,0.1357,can,0.3473,0.1527,1.963,0,0.485
114,0.1357,tetrapak,0.3473,0.1527,1.963,0,0.485
115,0.1357,chips,0.3473,0.1527,1.963,0,0.485
116,0.1444,chips,-0.0027,0.2293,1.778,0,0.485
117,0.1444,tetrapak,-0.1066,0.1637,2.386,0,0.485
118,0.1444,tetrapak,-0.0301,0.2020,1.303,0,0.485
119,0.1444,chips,-0.1504,0.3332,0.407,0,0.485
120,0.1513,tetrapak,-0.0027,0.4098,0.616,0,0.484
121,0.1513,chips,-0.0137,0.1965,1.826,0,0.484
122,0.1513,can,0.1668,0.3551,0.543,0,0.484
123,0.1513,can,-0.0246,0.1910,2.356,0,0.484
124,0.1561,tetrapak,-0.3473,0.1527,0.393,0,0.483
125,0.1561,tetrapak,-0.3473,0.1527,0.393,0,0.483
126,0.1561,can,-0.1395,0.1582,1.947,0,0.483
127,0.1561,tetrapak,-0.1996,0.4480,2.481,0,0.483
128,0.1641,tetrapak,0.0793,0.1910,1.324,0,0.483
129,0.1641,chips,-0.3473,0.1527,1.178,0,0.483
130,0.1641,tetrapak,-0.3473,0.1527,1.178,0,0.483
131,0.1641,can,-0.3473,0.1527,1.178,0,0.483
132,0.1678,can,-0.1230,0.1801,1.173,0,0.482
133,0.1678,tetrapak,-0.3473,0.1527,1.963,0,0.482
134,0.1678,tetrapak,-0.3473,0.1527,1.963,0,0.482
135,0.1678,can,-0.0848,0.4480,0.395,0,0.482
136,0.1748,chips,-0.0465,0.7270,0.061,0,0.482
137,0.1748,can,-0.3473,0.1527,1.178,0,0.482
138,0.1748,can,0.1340,0.3824,2.718,0,0.482
139,0.1748,tetrapak,-0.3473,0.1527,1.178,0,0.482
140,0.1799,chips,-0.3473,0.8473,1.178,0,0.481
141,0.1799,tetrapak,0.1395,0.5137,2.650,0,0.481
142,0.1799,tetrapak,0.1395,0.3387,2.866,0,0.481
143,0.1799,chips,-0.3473,0.8473,1.178,0,0.481
144,0.1935,chips,-0.3473,0.8473,1.178,0,0.481
145,0.1935,can,0.1887,0.4535,2.331,0,0.481
146,0.1935,chips,-0.3473,0.8473,1.178,0,0.481
147,0.1935,tetrapak,-0.0957,0.5027,1.952,0,0.481
148,0.2015,can,-0.3473,0.8473,1.178,0,0.480
149,0.2015,chips,-0.3473,0.8473,1.178,0,0.480
150,0.2015,can,-0.3473,0.8473,1.178,0,0.480
151,0.2015,tetrapak,-0.0520,0.3770,1.292,0,0.480
152,0.2095,tetrapak,-0.3473,0.8473,1.178,0,0.480
153,0.2095,chips,-0.0082,0.3770,3.095,0,0.480
154,0.2095,tetrapak,-0.3473,0.8473,1.178,0,0.480
155,0.2095,can,-0.3473,0.8473,1.178,0,0.480
156,0.2159,can,0.1285,0.1910,2.356,0,0.479
157,0.2159,chips,0.1285,0.1910,2.356,0,0.479
158,0.2159,can,0.1285,0.1910,2.356,0,0.479
159,0.2159,chips,0.1285,0.1910,2.356,0,0.479
160,0.2253,chips,0.1996,0.4918,1.020,0,0.479
161,0.2253,tetrapak,0.3473,0.1527,0.393,0,0.479
162,0.2253,tetrapak,0.3473,0.1527,0.393,0,0.479
163,0.2253,chips,-0.0410,0.4699,2.780,0,0.479
164,0.2309,chips,0.1941,0.4535,1.393,0,0.478
165,0.2309,tetrapak,-0.3473,0.1527,2.356,0,0.478
166,0.2309,chips,-0.3473,0.1527,2.356,0,0.478
167,0.2309,chips,0.0684,0.5191,2.904,0,0.478
168,0.2352,chips,0.1504,0.4699,2.973,0,0.478
169,0.2352,tetrapak,-0.3473,0.1527,2.356,0,0.478
170,0.2352,tetrapak,0.0902,0.4754,0.461,1,0.478
171,0.2352,tetrapak,0.0027,0.5902,3.058,0,0.478
172,0.2395,tetrapak,0.0957,0.5629,0.019,0,0.477
173,0.2395,can,-0.1613,0.4426,0.252,0,0.477
174,0.2395,tetrapak,0.0793,0.4754,2.462,0,0.477
175,0.2395,can,0.3473,0.1527,0.393,0,0.477
176,0.2463,chips,-0.3473,0.8473,2.749,0,0.477
177,0.2463,chips,-0.3473,0.8473,2.749,0,0.477
178,0.2463,can,-0.3473,0.8473,2.749,0,0.477
179,0.2463,chips,0.1121,0.4043,3.076,0,0.477
180,0.2642,chips,0.2543,0.5848,2.356,0,0.476
181,0.2642,can,0.1230,0.6285,2.320,0,0.476
182,0.2642,chips,-0.1777,0.3441,2.356,0,0.476
183,0.2642,chips,-0.0082,0.4535,2.356,0,0.476
184,0.2709,chips,-0.1832,0.7324,2.356,0,0.475
185,0.2709,can,0.3473,0.8473,1.963,0,0.475
186,0.2709,chips,-0.2215,0.7598,2.801,0,0.475
187,0.2709,chips,-0.1449,0.5191,2.356,0,0.475
188,0.2766,chips,-0.2270,0.6340,2.622,0,0.475
189,0.2766,can,0.0520,0.3770,0.664,0,0.475
190,0.2766,chips,-0.2051,0.6941,2.728,0,0.475
191,0.2766,can,-0.1395,0.4863,2.356,0,0.475
192,0.2842,chips,0.1066,0.4535,0.838,0,0.474
193,0.2842,tetrapak,0.2160,0.3879,2.356,1,0.474
194,0.2842,can,-0.1832,0.6066,2.356,1,0.474
195,0.2842,can,-0.0246,0.4098,2.356,0,0.474
196,0.2985,chips,-0.0465,0.4316,2.356,0,0.474
197,0.2985,chips,0.2160,0.3879,2.356,0,0.474
198,0.2985,can,-0.1832,0.6176,2.356,0,0.474
199,0.2985,chips,-0.0246,0.4098,2.356,0,0.474
200,0.3054,can,-0.0301,0.4863,2.356,0,0.473
201,0.3054,chips,-0.2543,0.4973,2.356,0,0.473
202,0.3054,chips,0.0191,0.6285,2.356,0,0.473
203,0.3054,tetrapak,-0.1340,0.6066,2.356,0,0.473
204,0.3096,chips,-0.0246,0.7105,2.694,0,0.473
205,0.3096,chips,0.1066,0.2949,0.782,0,0.473
206,0.3096,tetrapak,-0.1887,0.3551,2.356,0,0.473
207,0.3096,can,-0.1777,0.5629,2.898,0,0.473
208,0.3159,tetrapak,-0.0793,0.3770,2.356,0,0.472
209,0.3159,chips,-0.1012,0.3660,2.356,0,0.472
210,0.3159,can,0.0738,0.4316,2.356,1,0.472
211,0.3159,chips,-0.0574,0.5629,2.356,0,0.472
212,0.3218,can,0.1559,0.4973,0.948,0,0.472
213,0.3218,can,0.0738,0.5191,2.356,0,0.472
214,0.3218,can,-0.0355,0.6176,1.016,0,0.472
215,0.3218,tetrapak,0.1012,0.6285,2.356,0,0.472
216,0.3298,can,0.1559,0.4973,2.412,0,0.471
217,0.3298,chips,0.0793,0.5191,2.356,0,0.471
218,0.3298,tetrapak,0.0027,0.5848,2.356,0,0.471
219,0.3298,can,0.0301,0.6613,0.437,0,0.471
220,0.3389,chips,-0.1340,0.5957,3.081,0,0.471
221,0.3389,tetrapak,0.0520,0.4809,2.356,0,0.471
222,0.3389,tetrapak,0.0629,0.4098,2.356,0,0.471
223,0.3389,chips,-0.1559,0.6395,0.670,0,0.471
224,0.3485,chips,0.1504,0.4754,1.668,0,0.470
225,0.3485,can,-0.3254,0.1801,2.356,0,0.470
226,0.3485,can,-0.3254,0.1801,2.356,0,0.470
227,0.3485,tetrapak,0.0738,0.5738,0.171,0,0.470
228,0.3548,chips,-0.3254,0.1746,2.356,0,0.470
229,0.3548,tetrapak,-0.3254,0.1746,2.356,0,0.470
230,0.3548,tetrapak,0.2270,0.6504,0.420,0,0.470
231,0.3548,tetrapak,-0.3254,0.1746,2.356,0,0.470
232,0.3613,chips,0.3473,0.8473,0.393,0,0.469
233,0.3613,can,0.3473,0.8473,0.393,0,0.469
234,0.3613,can,0.1613,0.5957,1.915,0,0.469
235,0.3613,can,0.3473,0.8473,0.393,0,0.469
236,0.3695,tetrapak,-0.1230,0.6777,1.484,0,0.469
237,0.3695,tetrapak,0.1012,0.5848,3.086,0,0.469
238,0.3695,chips,-0.3254,0.1965,2.356,0,0.469
239,0.3695,chips,-0.0082,0.3934,1.555,0,0.469
240,0.3781,tetrapak,0.3090,0.7871,2.356,0,0.468
241,0.3781,can,0.1668,0.3605,3.026,0,0.468
242,0.3781,chips,0.0465,0.4973,1.875,0,0.468
243,0.3781,chips,0.1449,0.6887,2.356,0,0.468
244,0.3859,tetrapak,-0.0301,0.6613,2.133,0,0.467
245,0.3859,chips,0.1340,0.3988,2.356,0,0.467
246,0.3859,tetrapak,0.0574,0.5191,2.356,0,0.467
247,0.3859,chips,0.1504,0.6996,2.056,0,0.467
248,0.3991,chips,0.0191,0.3496,1.329,0,0.467
249,0.3991,chips,0.0082,0.4262,2.356,0,0.467
250,0.3991,tetrapak,-0.0410,0.5355,2.356,0,0.467
251,0.3991,can,-0.1066,0.5957,2.356,0,0.467
252,0.4061,can,0.1887,0.5137,1.778,0,0.466
253,0.4061,chips,0.0137,0.5738,2.386,0,0.466
254,0.4061,tetrapak,-0.0410,0.3934,1.303,0,0.466
255,0.4061,tetrapak,0.0793,0.5191,0.407,0,0.466
256,0.4166,tetrapak,-0.1449,0.5902,0.616,0,0.466
257,0.4166,can,-0.0848,0.4754,1.826,0,0.466
258,0.4166,tetrapak,0.1285,0.5629,0.543,0,0.466
259,0.4166,chips,-0.3035,0.3113,2.356,0,0.466
260,0.4249,chips,-0.3035,0.3113,2.356,0,0.465
261,0.4249,tetrapak,-0.1285,0.3770,2.356,0,0.465
262,0.4249,tetrapak,0.0027,0.4098,1.947,0,0.465
263,0.4249,chips,-0.1230,0.3879,2.481,0,0.465
264,0.4361,tetrapak,-0.0301,0.5684,1.324,0,0.465
265,0.4361,chips,-0.2816,0.3168,2.356,0,0.465
266,0.4361,can,0.1012,0.4207,2.356,0,0.465
267,0.4361,can,0.0137,0.6395,2.356,0,0.465
268,0.4466,tetrapak,0.1996,0.5410,1.173,0,0.464
269,0.4466,tetrapak,-0.0793,0.4207,2.356,0,0.464
270,0.4466,can,-0.2051,0.4754,2.356,0,0.464
271,0.4466,tetrapak,-0.1176,0.5355,0.395,0,0.464
272,0.4520,tetrapak,0.0355,0.6449,1.311,0,0.464
273,0.4520,chips,0.0902,0.5520,0.381,0,0.464
274,0.4520,tetrapak,0.1340,0.4480,2.798,1,0.464
275,0.4520,can,-0.1230,0.4590,1.498,1,0.464
276,0.4580,can,-0.2926,0.3387,0.393,0,0.463
277,0.4580,tetrapak,0.0191,0.6449,0.393,0,0.463
278,0.4580,tetrapak,0.1777,0.3715,1.147,0,0.463
279,0.4580,can,-0.0848,0.4480,1.454,0,0.463
280,0.4666,tetrapak,0.0465,0.5301,2.332,1,0.463
281,0.4666,tetrapak,-0.2926,0.4480,0.393,0,0.463
282,0.4666,chips,-0.0410,0.5793,0.393,0,0.463
283,0.4666,tetrapak,-0.0355,0.5629,2.913,0,0.463
284,0.4729,chips,-0.0738,0.3332,0.393,0,0.462
285,0.4729,tetrapak,-0.2926,0.2129,0.393,0,0.462
286,0.4729,tetrapak,0.0574,0.4973,2.562,0,0.462
287,0.4729,tetrapak,-0.2926,0.2129,0.393,0,0.462
288,0.4867,chips,0.0684,0.3824,2.356,0,0.462
289,0.4867,can,0.1176,0.4809,0.393,0,0.462
290,0.4867,tetrapak,-0.0465,0.6559,0.904,0,0.462
291,0.4867,chips,0.1176,0.4207,0.393,0,0.462
292,0.4999,tetrapak,-0.3035,0.2840,2.356,0,0.461
293,0.4999,can,-0.0301,0.4535,2.356,1,0.461
294,0.4999,chips,0.0574,0.4426,2.356,0,0.461
295,0.4999,chips,-0.2488,0.4535,1.739,0,0.461
296,0.5076,can,0.0301,0.3715,0.685,0,0.461
297,0.5076,tetrapak,-0.0410,0.5027,0.058,0,0.461
298,0.5076,chips,0.0355,0.4371,2.356,0,0.461
299,0.5076,tetrapak,-0.2980,0.4152,2.356,0,0.461
300,0.5172,chips,-0.0301,0.5082,2.356,0,0.460
301,0.5172,tetrapak,-0.1395,0.3551,2.356,0,0.460
302,0.5172,tetrapak,-0.1613,0.6449,2.356,0,0.460
303,0.5172,chips,-0.1668,0.4918,2.356,0,0.460
304,0.5294,chips,-0.0301,0.5082,2.356,0,0.459
305,0.5294,can,-0.1340,0.5738,0.405,0,0.459
306,0.5294,can,-0.1613,0.6504,2.356,0,0.459
307,0.5294,can,-0.1668,0.4973,2.356,0,0.459
308,0.5375,tetrapak,-0.1066,0.3551,0.393,0,0.459
309,0.5375,can,-0.1230,0.5957,0.393,0,0.459
310,0.5375,can,-0.1559,0.3387,0.393,0,0.459
311,0.5375,can,0.0027,0.6613,1.185,0,0.459
312,0.5463,chips,-0.1121,0.4262,0.393,0,0.458
313,0.5463,chips,-0.0027,0.6230,0.393,0,0.458
314,0.5463,chips,-0.1887,0.3277,0.946,0,0.458
315,0.5463,tetrapak,-0.1012,0.5137,0.393,0,0.458
316,0.5538,can,0.0191,0.8145,0.336,0,0.458
317,0.5538,tetrapak,-0.1395,0.5301,2.356,0,0.458
318,0.5538,tetrapak,0.1777,0.6723,2.356,0,0.458
319,0.5538,chips,0.0082,0.4262,2.099,0,0.458
320,0.5586,tetrapak,-0.1559,0.6121,1.795,0,0.457
321,0.5586,tetrapak,-0.0410,0.5684,2.356,0,0.457
322,0.5586,can,0.0738,0.4207,2.356,0,0.457
323,0.5586,chips,0.0793,0.4973,2.356,0,0.457
324,0.5621,can,0.3473,0.1527,2.356,0,0.457
325,0.5621,chips,0.3473,0.1527,2.356,0,0.457
326,0.5621,chips,0.3473,0.1527,2.356,0,0.457
327,0.5621,tetrapak,0.3473,0.1527,2.356,0,0.457
328,0.5652,tetrapak,0.3473,0.1527,2.356,0,0.456
329,0.5652,chips,0.1723,0.5027,1.882,0,0.456
330,0.5652,can,-0.1668,0.4863,0.801,0,0.456
331,0.5652,can,0.3473,0.1527,2.356,0,0.456
332,0.5695,chips,0.3473,0.1527,2.356,0,0.456
333,0.5695,tetrapak,0.3473,0.1527,2.356,0,0.456
334,0.5695,tetrapak,0.3473,0.1527,2.356,0,0.456
335,0.5695,can,0.3473,0.1527,2.356,0,0.456
336,0.5734,tetrapak,0.3473,0.1527,2.356,0,0.455
337,0.5734,can,-0.1340,0.4535,2.300,1,0.455
338,0.5734,chips,0.1996,0.3441,0.670,0,0.455
339,0.5734,chips,0.0793,0.3660,2.254,0,0.455
340,0.5772,tetrapak,-0.0520,0.3223,2.982,0,0.455
341,0.5772,can,-0.0465,0.6887,2.118,0,0.455
342,0.5772,can,0.0465,0.4043,2.954,1,0.455
343,0.5772,tetrapak,0.1066,0.3715,0.980,1,0.455
344,0.5808,can,-0.0738,0.4863,0.377,0,0.454
345,0.5808,chips,0.2105,0.4316,2.356,0,0.454
346,0.5808,chips,0.0684,0.6613,2.356,0,0.454
347,0.5808,can,0.0574,0.3988,2.356,1,0.454
348,0.5845,can,-0.0520,0.4371,2.356,0,0.454
349,0.5845,tetrapak,0.2816,0.4480,2.082,0,0.454
350,0.5845,can,0.0082,0.7160,1.474,0,0.454
351,0.5845,tetrapak,0.0848,0.4152,2.854,0,0.454
352,0.5899,chips,0.0465,0.4098,2.356,0,0.453
353,0.5899,tetrapak,-0.1723,0.4918,2.356,0,0.453
354,0.5899,tetrapak,0.0191,0.5410,2.431,0,0.453
355,0.5899,tetrapak,0.0027,0.3660,1.322,1,0.453
356,0.5933,chips,0.0902,0.4699,1.379,0,0.453
357,0.5933,chips,-0.2324,0.5574,2.749,0,0.453
358,0.5933,chips,-0.0410,0.4699,2.356,0,0.453
359,0.5933,can,-0.0684,0.3496,2.356,0,0.453
360,0.5965,can,-0.0902,0.6723,2.763,0,0.452
361,0.5965,chips,-0.1996,0.5574,0.340,0,0.452
362,0.5965,can,0.0629,0.3770,2.356,0,0.452
363,0.5965,chips,0.1121,0.4426,2.356,0,0.452
364,0.5998,tetrapak,-0.3473,0.1527,1.571,0,0.451
365,0.5998,can,0.0410,0.6121,1.526,0,0.451
366,0.5998,can,-0.3473,0.1527,1.571,0,0.451
367,0.5998,chips,-0.0082,0.4316,0.796,0,0.451
368,0.6034,chips,0.2652,0.4645,1.807,0,0.451
369,0.6034,can,-0.3473,0.1527,1.571,0,0.451
370,0.6034,tetrapak,-0.3473,0.1527,1.571,0,0.451
371,0.6034,chips,-0.0246,0.3551,0.350,0,0.451
372,0.6084,can,0.3473,0.8473,2.356,0,0.450
373,0.6084,chips,0.3473,0.8473,2.356,0,0.450
374,0.6084,chips,0.3473,0.8473,2.356,0,0.450
375,0.6084,tetrapak,-0.0027,0.6559,1.990,0,0.450
376,0.6125,chips,0.3473,0.8473,2.356,0,0.450
377,0.6125,tetrapak,-0.1066,0.3168,2.140,0,0.450
378,0.6125,chips,0.3473,0.8473,2.356,0,0.450
379,0.6125,chips,0.0301,0.6449,1.725,0,0.450
380,0.6162,can,0.0410,0.5410,1.834,0,0.449
381,0.6162,chips,0.3473,0.8473,2.356,0,0.449
382,0.6162,chips,0.3473,0.8473,2.356,0,0.449
383,0.6162,tetrapak,0.0738,0.5410,2.085,0,0.449
384,0.6199,can,0.0574,0.3660,2.356,0,0.449
385,0.6199,chips,-0.0191,0.5574,2.356,0,0.449
386,0.6199,tetrapak,0.0684,0.3551,2.356,0,0.449
387,0.6199,tetrapak,0.0137,0.5738,2.356,0,0.449
388,0.6239,chips,0.0793,0.3551,2.356,0,0.448
389,0.6239,can,-0.0629,0.5410,2.356,1,0.448
390,0.6239,can,0.0793,0.4535,2.356,0,0.448
391,0.6239,chips,0.2105,0.4535,2.356,0,0.448
392,0.6284,chips,-0.0738,0.4809,1.464,0,0.448
393,0.6284,tetrapak,0.0410,0.4207,2.356,0,0.448
394,0.6284,tetrapak,0.0246,0.6613,2.356,0,0.448
395,0.6284,chips,0.0410,0.6832,0.197,0,0.448
396,0.6334,tetrapak,-0.1504,0.3441,2.356,0,0.447
397,0.6334,can,-0.1613,0.3551,2.356,1,0.447
398,0.6334,can,-0.1230,0.3660,2.356,1,0.447
399,0.6334,can,-0.1340,0.3770,2.356,1,0.447
400,0.6378,chips,-0.0629,0.4316,2.356,0,0.447
401,0.6378,can,0.0355,0.3770,2.356,1,0.447
402,0.6378,chips,0.0738,0.4863,2.356,0,0.447
403,0.6378,can,0.0137,0.4918,1.273,0,0.447
404,0.6418,can,-0.0902,0.5301,2.210,0,0.446
405,0.6418,can,-0.0301,0.3879,2.356,0,0.446
406,0.6418,can,-0.1504,0.4480,2.356,0,0.446
407,0.6418,can,0.0465,0.5574,2.356,1,0.446
408,0.6452,can,-0.1176,0.4973,1.901,0,0.446
409,0.6452,tetrapak,-0.0301,0.3770,2.356,0,0.446
410,0.6452,can,-0.1449,0.4262,0.672,0,0.446
411,0.6452,chips,0.0410,0.5410,2.356,0,0.446
412,0.6517,tetrapak,0.1832,0.5793,2.356,1,0.445
413,0.6517,can,0.1777,0.4973,0.140,0,0.445
414,0.6517,chips,-0.0027,0.6504,3.020,0,0.445
415,0.6517,can,0.1449,0.5957,2.356,1,0.445
416,0.6572,tetrapak,0.0301,0.4316,1.976,0,0.445
417,0.6572,chips,-0.0301,0.6832,2.356,0,0.445
418,0.6572,tetrapak,-0.0082,0.4426,2.356,1,0.445
419,0.6572,can,0.1285,0.5082,0.038,1,0.445
420,0.6627,can,0.2980,0.7980,2.356,0,0.444
421,0.6627,tetrapak,0.2980,0.7980,2.356,0,0.444
422,0.6627,tetrapak,0.2980,0.7980,2.356,0,0.444
423,0.6627,chips,0.2980,0.7980,2.356,0,0.444
424,0.6693,chips,0.3473,0.1527,1.571,0,0.443
425,0.6693,chips,0.3473,0.1527,1.571,0,0.443
426,0.6693,tetrapak,-0.0684,0.5957,1.916,1,0.443
427,0.6693,tetrapak,0.3473,0.1527,1.571,0,0.443
428,0.6861,can,0.3473,0.1527,1.571,0,0.443
429,0.6861,can,0.3473,0.1527,1.571,0,0.443
430,0.6861,tetrapak,0.3473,0.1527,1.571,0,0.443
431,0.6861,tetrapak,0.3473,0.1527,1.571,0,0.443
432,0.6926,can,-0.3473,0.7871,0.393,0,0.442
433,0.6926,chips,0.2051,0.4645,0.887,0,0.442
434,0.6926,tetrapak,-0.3473,0.7871,0.393,0,0.442
435,0.6926,can,0.1504,0.4098,1.024,0,0.442
436,0.6994,chips,-0.0246,0.7980,2.356,0,0.442
437,0.6994,chips,-0.0137,0.3496,0.694,0,0.442
438,0.6994,chips,0.1504,0.5848,0.713,0,0.442
439,0.6994,tetrapak,0.0410,0.5957,0.674,0,0.442
440,0.7043,can,0.1121,0.3059,2.593,0,0.441
441,0.7043,tetrapak,0.0355,0.6230,2.356,0,0.441
442,0.7043,tetrapak,-0.0027,0.3715,2.667,0,0.441
443,0.7043,can,0.0301,0.5902,2.356,0,0.441
444,0.7085,can,0.0355,0.6066,2.356,0,0.441
445,0.7085,can,-0.0082,0.4973,2.356,0,0.441
446,0.7085,chips,-0.0848,0.3824,0.613,0,0.441
447,0.7085,tetrapak,0.1887,0.4316,2.356,0,0.441
448,0.7134,can,0.0027,0.4480,2.356,0,0.440
449,0.7134,can,0.0027,0.5246,3.003,0,0.440
450,0.7134,tetrapak,0.1723,0.5574,2.356,0,0.440
451,0.7134,tetrapak,-0.0957,0.4262,2.356,0,0.440
452,0.7173,chips,0.0684,0.4863,0.558,0,0.440
453,0.7173,can,-0.0246,0.4480,2.356,0,0.440
454,0.7173,tetrapak,0.1668,0.5629,2.356,0,0.440
455,0.7173,tetrapak,-0.1449,0.4098,0.824,0,0.440
456,0.7204,tetrapak,0.1887,0.6012,2.356,0,0.439
457,0.7204,chips,-0.2051,0.6668,0.764,0,0.439
458,0.7204,tetrapak,-0.1996,0.3715,2.022,0,0.439
459,0.7204,chips,0.0520,0.4480,2.356,0,0.439
460,0.7236,tetrapak,0.0793,0.6340,1.447,0,0.439
461,0.7236,chips,-0.0355,0.4262,2.356,0,0.439
462,0.7236,can,0.0082,0.3934,2.356,0,0.439
463,0.7236,tetrapak,0.1230,0.3715,2.356,0,0.439
464,0.7280,tetrapak,-0.3473,0.3551,0.393,0,0.438
465,0.7280,tetrapak,-0.3473,0.3551,0.393,0,0.438
466,0.7280,chips,-0.3473,0.3551,0.393,0,0.438
467,0.7280,chips,-0.3473,0.3332,0.393,0,0.438
468,0.7316,tetrapak,0.0027,0.6012,0.066,0,0.438
469,0.7316,tetrapak,-0.3473,0.3223,0.393,0,0.438
470,0.7316,chips,0.0902,0.3496,1.969,0,0.438
471,0.7316,can,-0.3473,0.3223,0.393,0,0.438
472,0.7354,tetrapak,0.0684,0.6777,0.173,0,0.437
473,0.7354,chips,-0.1066,0.4918,3.133,0,0.437
474,0.7354,tetrapak,-0.3473,0.3441,0.393,0,0.437
475,0.7354,tetrapak,-0.3473,0.3332,0.393,0,0.437
476,0.7387,chips,0.0629,0.8035,2.356,0,0.437
477,0.7387,tetrapak,-0.0246,0.8035,2.356,0,0.437
478,0.7387,tetrapak,-0.0957,0.8035,2.356,0,0.437
479,0.7387,can,-0.0246,0.8035,2.356,0,0.437
480,0.7417,chips,-0.0246,0.5848,1.115,0,0.436
481,0.7417,tetrapak,0.0465,0.3059,1.552,0,0.436
482,0.7417,tetrapak,-0.0246,0.7980,2.356,0,0.436
483,0.7417,can,0.0246,0.3496,1.472,0,0.436
484,0.7445,can,-0.0957,0.7926,2.356,0,0.435
485,0.7445,can,-0.0629,0.4699,2.253,0,0.435
486,0.7445,chips,-0.0410,0.4535,1.631,0,0.435
487,0.7445,tetrapak,-0.0246,0.7926,2.356,0,0.435
488,0.7480,chips,-0.1395,0.6668,2.421,0,0.435
489,0.7480,tetrapak,-0.1613,0.4809,0.421,0,0.435
490,0.7480,can,0.1285,0.6832,2.491,0,0.435
491,0.7480,can,-0.0191,0.7926,2.356,0,0.435
492,0.7513,chips,0.0902,0.5848,1.354,0,0.434
493,0.7513,chips,-0.0629,0.7926,2.356,0,0.434
494,0.7513,tetrapak,-0.0957,0.7926,2.356,0,0.434
495,0.7513,can,-0.0191,0.7926,2.356,0,0.434
496,0.7553,can,0.0629,0.7816,2.356,0,0.434
497,0.7553,chips,-0.0191,0.3605,2.356,0,0.434
498,0.7553,tetrapak,0.0191,0.4043,1.875,0,0.434
499,0.7553,chips,-0.0246,0.7816,2.356,0,0.434
500,0.7588,chips,0.0738,0.4918,2.356,0,0.433
501,0.7588,can,-0.0957,0.3824,2.356,0,0.433
502,0.7588,chips,-0.0957,0.5082,2.356,0,0.433
503,0.7588,chips,-0.1723,0.5684,2.543,0,0.433
504,0.7635,chips,-0.0848,0.4918,2.356,0,0.433
505,0.7635,can,0.0301,0.3988,2.356,1,0.433
506,0.7635,can,0.0574,0.3770,2.356,0,0.433
507,0.7635,can,0.1230,0.4590,0.614,0,0.433
508,0.7672,tetrapak,-0.0793,0.4699,2.356,0,0.432
509,0.7672,can,0.0301,0.3988,2.356,0,0.432
510,0.7672,chips,0.0520,0.3770,2.356,0,0.432
511,0.7672,tetrapak,0.0848,0.4262,0.060,0,0.432
512,0.7723,can,-0.1230,0.6504,1.682,0,0.432
513,0.7723,tetrapak,0.0082,0.3824,1.571,0,0.432
514,0.7723,chips,-0.3199,0.6504,2.116,0,0.432
515,0.7723,chips,-0.1723,0.3113,0.960,0,0.432
516,0.7789,can,-0.0902,0.3770,1.571,0,0.431
517,0.7789,can,-0.0957,0.3770,1.571,0,0.431
518,0.7789,chips,0.1285,0.3605,1.571,0,0.431
519,0.7789,tetrapak,0.0848,0.6012,1.571,0,0.431
520,0.7840,tetrapak,-0.0082,0.3715,1.223,0,0.431
521,0.7840,chips,-0.1832,0.4152,0.754,0,0.431
522,0.7840,tetrapak,0.1066,0.3113,0.435,0,0.431
523,0.7840,tetrapak,0.1066,0.6285,2.942,0,0.431
524,0.7893,can,0.2051,0.3770,2.356,0,0.430
525,0.7893,can,0.0574,0.3824,1.190,0,0.430
526,0.7893,chips,0.0191,0.5848,1.007,0,0.430
527,0.7893,chips,0.1996,0.3770,2.356,0,0.430
528,0.7930,chips,0.0355,0.4043,2.356,0,0.430
529,0.7930,can,-0.0629,0.3824,2.356,0,0.430
530,0.7930,chips,-0.2379,0.4754,0.468,0,0.430
531,0.7930,tetrapak,0.1887,0.3223,0.130,0,0.430
532,0.7965,tetrapak,0.0246,0.4043,2.356,0,0.429
533,0.7965,chips,-0.1504,0.5520,2.732,0,0.429
534,0.7965,can,-0.1449,0.4863,3.017,0,0.429
535,0.7965,tetrapak,0.1723,0.3551,2.356,0,0.429
536,0.8007,can,-0.0301,0.4371,2.356,0,0.429
537,0.8007,chips,-0.0191,0.5738,1.867,0,0.429
538,0.8007,chips,0.0574,0.3824,2.356,0,0.429
539,0.8007,chips,-0.0355,0.3879,1.949,0,0.429
540,0.8049,can,-0.1504,0.3879,1.619,0,0.428
541,0.8049,can,0.1230,0.4043,0.322,0,0.428
542,0.8049,chips,0.0574,0.6012,2.356,0,0.428
543,0.8049,chips,0.0355,0.4098,2.760,0,0.428
544,0.8106,can,-0.1066,0.3770,2.356,0,0.427
545,0.8106,can,0.1285,0.4699,2.205,0,0.427
546,0.8106,chips,0.0848,0.6395,1.275,0,0.427
547,0.8106,chips,0.0191,0.3988,2.341,0,0.427
548,0.8160,chips,0.0082,0.5246,1.285,0,0.427
549,0.8160,tetrapak,0.0027,0.3770,2.356,0,0.427
550,0.8160,tetrapak,0.0355,0.4590,0.677,0,0.427
551,0.8160,tetrapak,-0.0629,0.3715,2.118,1,0.427
552,0.8212,tetrapak,0.0902,0.5684,2.356,0,0.426
553,0.8212,tetrapak,-0.0355,0.3277,1.651,0,0.426
554,0.8212,tetrapak,-0.0191,0.3824,2.356,0,0.426
555,0.8212,chips,-0.0684,0.3332,2.443,0,0.426
556,0.8253,tetrapak,-0.1668,0.3879,0.931,0,0.426
557,0.8253,chips,-0.1832,0.3168,3.014,0,0.426
558,0.8253,can,-0.1066,0.5902,2.356,0,0.426
559,0.8253,can,-0.0465,0.4590,1.173,0,0.426
560,0.8309,can,0.0355,0.3441,0.737,0,0.425
561,0.8309,tetrapak,0.0848,0.3934,2.356,1,0.425
562,0.8309,can,-0.0793,0.5246,2.356,0,0.425
563,0.8309,chips,0.1340,0.5848,2.356,0,0.425
564,0.8370,tetrapak,0.2379,0.5574,0.257,0,0.425
565,0.8370,can,0.1230,0.4152,2.356,0,0.425
566,0.8370,chips,-0.0848,0.3934,2.356,0,0.425
567,0.8370,tetrapak,-0.0848,0.3715,2.356,0,0.425
568,0.8433,tetrapak,-0.0520,0.4699,2.356,0,0.424
569,0.8433,chips,0.0301,0.5082,2.356,0,0.424
570,0.8433,chips,-0.0957,0.3605,2.356,0,0.424
571,0.8433,tetrapak,0.1832,0.3824,2.356,0,0.424
572,0.8508,can,0.1941,0.5191,1.737,1,0.424
573,0.8508,tetrapak,0.1285,0.4316,1.627,0,0.424
574,0.8508,chips,0.0246,0.5957,2.380,0,0.424
575,0.8508,can,0.0957,0.5902,1.099,0,0.424
576,0.8583,chips,0.1668,0.4809,1.079,0,0.423
577,0.8583,can,0.2105,0.4699,0.627,0,0.423
578,0.8583,can,-0.0246,0.5684,2.356,0,0.423
579,0.8583,tetrapak,0.0793,0.5520,2.356,0,0.423
580,0.8647,chips,0.1340,0.4754,2.356,0,0.423
581,0.8647,chips,0.1395,0.3934,1.254,0,0.423
582,0.8647,tetrapak,0.0355,0.4152,2.356,0,0.423
583,0.8647,can,0.1230,0.4645,2.356,0,0.423
584,0.8712,chips,0.2324,0.5246,1.530,0,0.422
585,0.8712,can,0.0738,0.8090,0.120,0,0.422
586,0.8712,can,-0.0902,0.4426,1.136,0,0.422
587,0.8712,tetrapak,0.1340,0.4973,2.356,0,0.422
588,0.8765,can,-0.0574,0.3988,2.356,0,0.422
589,0.8765,chips,-0.1066,0.4371,2.356,0,0.422
590,0.8765,can,0.1832,0.6504,1.193,0,0.422
591,0.8765,tetrapak,-0.1504,0.6340,1.452,0,0.422
592,0.8836,can,-0.0355,0.4043,2.356,0,0.421
593,0.8836,can,-0.1012,0.4371,2.356,0,0.421
594,0.8836,can,0.1504,0.6121,2.356,0,0.421
595,0.8836,can,-0.1176,0.6340,2.356,0,0.421
596,0.8918,can,-0.0957,0.3988,2.356,0,0.421
597,0.8918,tetrapak,-0.0684,0.5410,1.167,0,0.421
598,0.8918,chips,0.1176,0.4371,0.158,0,0.421
599,0.8918,can,0.1230,0.4371,2.270,0,0.421
600,0.8955,chips,0.0684,0.3988,2.356,0,0.420
601,0.8955,tetrapak,-0.1504,0.3605,1.578,0,0.420
602,0.8955,can,-0.1012,0.5574,2.356,0,0.420
603,0.8955,can,-0.0301,0.3988,2.356,0,0.420
604,0.9031,chips,0.0082,0.6887,2.055,0,0.419
605,0.9031,chips,-0.0738,0.3879,2.356,0,0.419
606,0.9031,tetrapak,0.0574,0.3934,1.265,0,0.419
607,0.9031,chips,-0.0082,0.3988,2.356,0,0.419
608,0.9086,chips,-0.1176,0.6559,0.395,0,0.419
609,0.9086,can,-0.0957,0.6121,2.356,0,0.419
610,0.9086,chips,0.0082,0.5355,1.640,0,0.419
611,0.9086,chips,0.1668,0.4426,2.356,0,0.419
612,0.9148,chips,0.1121,0.6066,2.757,0,0.418
613,0.9148,tetrapak,-0.1066,0.3934,2.356,0,0.418
614,0.9148,tetrapak,0.1230,0.4699,0.231,0,0.418
615,0.9148,can,-0.1230,0.3605,0.500,0,0.418
616,0.9211,can,0.0793,0.5301,2.356,0,0.418
617,0.9211,tetrapak,-0.1066,0.3988,2.356,0,0.418
618,0.9211,tetrapak,0.1121,0.5410,2.739,0,0.418
619,0.9211,can,-0.1504,0.3277,1.401,0,0.418
620,0.9306,tetrapak,-0.1176,0.3223,0.340,0,0.417
621,0.9306,tetrapak,0.0410,0.3988,2.248,0,0.417
622,0.9306,tetrapak,-0.1340,0.3879,2.356,0,0.417
623,0.9306,tetrapak,0.1066,0.4262,1.369,1,0.417
624,0.9373,tetrapak,-0.1395,0.3496,1.979,0,0.417
625,0.9373,chips,0.0137,0.4426,2.611,0,0.417
626,0.9373,can,-0.1504,0.4152,0.139,0,0.417
627,0.9373,chips,0.1559,0.3988,2.356,0,0.417
628,0.9418,tetrapak,-0.1285,0.6121,2.356,0,0.416
629,0.9418,tetrapak,-0.0848,0.4426,2.356,0,0.416
630,0.9418,tetrapak,-0.0574,0.5137,1.578,0,0.416
631,0.9418,tetrapak,-0.1066,0.4371,2.356,0,0.416
632,0.9450,can,-0.0957,0.3988,2.356,0,0.416
633,0.9450,can,0.3309,0.4863,0.355,0,0.416
634,0.9450,can,0.1230,0.6176,0.033,0,0.416
635,0.9450,can,0.0629,0.6723,2.356,0,0.416
636,0.9483,tetrapak,-0.1996,0.6012,2.149,0,0.415
637,0.9483,tetrapak,-0.0684,0.3551,1.541,0,0.415
638,0.9483,tetrapak,0.0793,0.5301,2.749,0,0.415
639,0.9483,can,-0.0902,0.5301,2.749,0,0.415
640,0.9584,chips,-0.0137,0.3988,2.749,0,0.415
641,0.9584,can,-0.1395,0.5629,0.466,0,0.415
642,0.9584,tetrapak,-0.0902,0.3934,2.749,0,0.415
643,0.9584,tetrapak,0.1723,0.3441,2.189,0,0.415
644,0.9774,tetrapak,0.0465,0.5957,2.356,0,0.414
645,0.9774,can,-0.0957,0.3988,2.356,0,0.414
646,0.9774,can,0.1176,0.4426,0.324,0,0.414
647,0.9774,can,0.0957,0.5027,2.356,0,0.414
648,0.9991,can,-0.0957,0.4316,2.356,0,0.414
649,0.9991,can,0.0793,0.6012,2.356,0,0.414
650,0.9991,can,0.0738,0.4098,2.356,0,0.414
651,0.9991,tetrapak,-0.1996,0.6613,2.536,0,0.414
652,1.0119,tetrapak,-0.0301,0.3988,2.356,0,0.413
653,1.0119,chips,-0.1012,0.4371,1.529,0,0.413
654,1.0119,can,-0.0355,0.3934,1.186,0,0.413
655,1.0119,chips,-0.1449,0.6285,2.356,0,0.413
656,1.0275,chips,0.1176,0.4535,2.356,0,0.413
657,1.0275,chips,-0.1230,0.4590,0.312,0,0.413
658,1.0275,can,0.1066,0.4590,0.320,0,0.413
659,1.0275,tetrapak,0.0629,0.3988,2.356,0,0.413
660,1.0543,tetrapak,0.1176,0.4426,2.356,0,0.412
661,1.0543,tetrapak,-0.2816,0.4426,0.515,0,0.412
662,1.0543,can,0.1121,0.4973,1.899,0,0.412
663,1.0543,tetrapak,-0.0957,0.3988,2.356,0,0.412
664,1.0708,chips,-0.0465,0.7270,0.061,0,0.411
665,1.0708,can,0.1066,0.5082,2.356,0,0.411
666,1.0708,can,0.1340,0.3824,2.718,0,0.411
667,1.0708,tetrapak,0.1449,0.6285,2.356,0,0.411
668,1.0906,chips,0.1176,0.5520,2.356,0,0.411
669,1.0906,tetrapak,0.0027,0.3988,2.650,0,0.411
670,1.0906,tetrapak,-0.0848,0.6613,2.866,0,0.411
671,1.0906,chips,-0.0301,0.5848,2.356,0,0.411
672,1.1042,chips,-0.1066,0.6066,2.356,0,0.410
673,1.1042,can,0.1887,0.4535,2.331,0,0.410
674,1.1042,chips,0.1668,0.4645,2.356,0,0.410
675,1.1042,tetrapak,-0.0957,0.5027,1.952,0,0.410
676,1.1145,can,0.0629,0.3988,2.356,0,0.410
677,1.1145,chips,-0.0082,0.3988,2.356,0,0.410
678,1.1145,can,-0.0191,0.5902,2.356,1,0.410
679,1.1145,tetrapak,0.1230,0.4207,2.356,1,0.410
680,1.1286,tetrapak,0.0137,0.3988,2.356,1,0.409
681,1.1286,chips,0.0410,0.7270,3.095,0,0.409
682,1.1286,tetrapak,0.0957,0.3988,2.356,0,0.409
683,1.1286,can,-0.0082,0.6285,2.356,0,0.409
684,1.1434,can,0.1066,0.4809,1.571,1,0.409
685,1.1434,chips,0.0738,0.4043,1.571,0,0.409
686,1.1434,can,0.1176,0.4590,1.571,1,0.409
687,1.1434,chips,0.0738,0.6449,1.571,0,0.409
688,1.1603,chips,0.1996,0.4918,1.020,0,0.408
689,1.1603,tetrapak,-0.1230,0.6449,1.571,1,0.408
690,1.1603,tetrapak,0.1613,0.5355,1.571,0,0.408
691,1.1603,chips,-0.0410,0.4699,2.780,0,0.408
692,1.1838,chips,0.1941,0.4535,1.393,0,0.408
693,1.1838,tetrapak,-0.1176,0.6449,2.356,0,0.408
694,1.1838,chips,0.1613,0.5301,2.356,0,0.408
695,1.1838,chips,0.0684,0.5191,2.904,0,0.408
696,1.2017,chips,0.1504,0.4699,2.973,0,0.407
697,1.2017,tetrapak,-0.1285,0.4262,1.571,1,0.407
698,1.2017,tetrapak,0.0902,0.4754,0.461,1,0.407
699,1.2017,tetrapak,0.0027,0.5902,3.058,0,0.407
700,1.2067,tetrapak,0.1230,0.4645,1.571,0,0.407
701,1.2067,can,-0.1613,0.4426,0.252,0,0.407
702,1.2067,tetrapak,0.0793,0.4754,2.462,0,0.407
703,1.2067,can,-0.0355,0.5902,1.571,0,0.407
704,1.2116,chips,-0.0355,0.6230,1.571,0,0.406
705,1.2116,chips,0.0410,0.4043,1.571,0,0.406
706,1.2116,can,0.1066,0.5465,1.571,0,0.406
707,1.2116,chips,0.1121,0.4043,3.076,0,0.406
708,1.2344,chips,0.0957,0.4043,1.178,0,0.406
709,1.2344,can,0.1230,0.6285,2.320,0,0.406
710,1.2344,chips,-0.1066,0.3879,1.178,0,0.406
711,1.2344,chips,0.0027,0.4480,1.178,0,0.406
712,1.2546,chips,0.0793,0.4043,1.178,0,0.405
713,1.2546,can,0.1449,0.5848,1.178,0,0.405
714,1.2546,chips,-0.0957,0.3059,2.801,0,0.405
715,1.2546,chips,-0.0082,0.4426,1.178,0,0.405
716,1.2727,chips,-0.2652,0.4426,2.622,0,0.405
717,1.2727,can,0.0082,0.6012,0.664,0,0.405
718,1.2727,chips,0.0246,0.5082,1.178,0,0.405
719,1.2727,can,0.0191,0.5738,1.178,0,0.405
720,1.2909,chips,0.1066,0.4535,0.838,0,0.404
721,1.2909,tetrapak,0.1723,0.3879,1.571,1,0.404
722,1.2909,can,-0.0957,0.4043,1.571,0,0.404
723,1.2909,can,-0.0410,0.4043,1.571,0,0.404
724,1.3125,chips,-0.1012,0.6121,1.571,0,0.403
725,1.3125,chips,0.1066,0.3988,1.571,0,0.403
726,1.3125,can,0.0246,0.4043,1.571,1,0.403
727,1.3125,chips,0.1395,0.5738,1.571,0,0.403
728,1.3247,can,0.0027,0.4645,1.571,1,0.403
729,1.3247,chips,-0.0957,0.4043,1.571,0,0.403
730,1.3247,chips,0.0520,0.6176,1.571,0,0.403
731,1.3247,tetrapak,-0.1012,0.5902,1.571,0,0.403
732,1.3348,chips,-0.0246,0.7105,2.694,0,0.402
733,1.3348,chips,0.1066,0.2949,0.782,0,0.402
734,1.3348,tetrapak,0.0246,0.3879,2.356,1,0.402
735,1.3348,can,-0.1777,0.5629,2.898,0,0.402
736,1.3404,tetrapak,0.1777,0.4863,2.356,0,0.402
737,1.3404,chips,-0.0793,0.3934,2.356,0,0.402
738,1.3404,can,0.0902,0.4262,2.356,0,0.402
739,1.3404,chips,-0.0410,0.5629,2.356,0,0.402
740,1.3462,can,0.1559,0.4973,0.948,0,0.401
741,1.3462,can,0.0957,0.5191,1.571,1,0.401
742,1.3462,can,-0.0355,0.6176,1.016,0,0.401
743,1.3462,tetrapak,0.1230,0.6121,1.571,0,0.401
744,1.3532,can,0.1230,0.5191,1.571,0,0.401
745,1.3532,chips,0.1066,0.5191,1.571,0,0.401
746,1.3532,tetrapak,0.0082,0.5957,1.571,0,0.401
747,1.3532,can,0.0301,0.6613,0.437,0,0.401
748,1.3635,chips,-0.2160,0.6887,3.081,0,0.400
749,1.3635,tetrapak,0.0793,0.4426,2.356,1,0.400
750,1.3635,tetrapak,0.1832,0.3988,2.356,1,0.400
751,1.3635,chips,0.0301,0.3387,0.670,0,0.400
752,1.3766,chips,0.1504,0.4754,1.668,0,0.400
753,1.3766,can,-0.0957,0.5082,2.356,0,0.400
754,1.3766,can,0.1613,0.6176,2.356,0,0.400
755,1.3766,tetrapak,0.0738,0.5738,0.171,0,0.400
756,1.3929,chips,0.1176,0.4918,1.571,0,0.399
757,1.3929,tetrapak,-0.0848,0.5137,1.571,0,0.399
758,1.3929,tetrapak,0.2270,0.6504,0.420,0,0.399
759,1.3929,tetrapak,0.0738,0.5355,1.571,0,0.399
760,1.4001,chips,-0.1121,0.6832,1.571,0,0.399
761,1.4001,can,0.0957,0.5355,1.571,1,0.399
762,1.4001,can,-0.2051,0.4371,1.915,0,0.399
763,1.4001,can,-0.0410,0.4043,1.571,0,0.399
764,1.4052,tetrapak,-0.1230,0.6777,1.484,0,0.398
765,1.4052,tetrapak,0.1012,0.5848,3.086,0,0.398
766,1.4052,chips,0.0738,0.4043,1.571,0,0.398
767,1.4052,chips,-0.0465,0.3988,1.571,0,0.398
768,1.4157,tetrapak,-0.0738,0.6559,1.571,1,0.398
769,1.4157,can,0.1668,0.3605,3.026,0,0.398
770,1.4157,chips,0.0465,0.4973,1.875,0,0.398
771,1.4157,chips,0.1504,0.6613,1.571,0,0.398
772,1.4218,tetrapak,-0.0301,0.6613,2.133,0,0.397
773,1.4218,chips,0.0957,0.4043,1.571,0,0.397
774,1.4218,tetrapak,0.0629,0.5137,1.571,0,0.397
775,1.4218,chips,0.1504,0.6996,2.056,0,0.397
776,1.4286,chips,0.0191,0.3496,1.329,0,0.397
777,1.4286,chips,0.0191,0.4152,1.571,0,0.397
778,1.4286,tetrapak,-0.0355,0.5355,1.571,0,0.397
779,1.4286,can,-0.0957,0.5738,1.571,0,0.397
780,1.4368,can,0.1887,0.5137,1.778,0,0.396
781,1.4368,chips,0.0137,0.5738,2.386,0,0.396
782,1.4368,tetrapak,-0.0137,0.4043,1.571,0,0.396
783,1.4368,tetrapak,0.0793,0.5191,0.407,0,0.396
784,1.4499,tetrapak,-0.1449,0.5902,0.616,0,0.395
785,1.4499,can,-0.0848,0.4754,1.826,0,0.395
786,1.4499,tetrapak,0.1285,0.5629,0.543,0,0.395
787,1.4499,chips,0.0301,0.6395,1.571,0,0.395
788,1.4684,chips,-0.0355,0.5137,1.571,0,0.395
789,1.4684,tetrapak,0.0191,0.4480,1.571,1,0.395
790,1.4684,tetrapak,0.0793,0.3879,1.947,0,0.395
791,1.4684,chips,0.0355,0.7324,2.481,0,0.395
792,1.4749,tetrapak,-0.0301,0.5684,1.324,0,0.394
793,1.4749,chips,0.0191,0.4480,1.571,0,0.394
794,1.4749,can,0.1176,0.4152,1.571,0,0.394
795,1.4749,can,0.0082,0.6230,1.571,0,0.394
796,1.4871,tetrapak,0.1996,0.5410,1.173,0,0.394
797,1.4871,tetrapak,0.1230,0.5027,1.571,1,0.394
798,1.4871,can,0.0137,0.4043,1.571,0,0.394
799,1.4871,tetrapak,-0.1176,0.5355,0.395,0,0.394
800,1.4970,tetrapak,0.2105,0.4535,1.311,0,0.393
801,1.4970,chips,0.1230,0.4973,1.571,0,0.393
802,1.4970,tetrapak,-0.2105,0.5137,2.798,0,0.393
803,1.4970,can,-0.1121,0.5355,1.571,0,0.393
804,1.5065,can,-0.0246,0.4371,1.571,1,0.393
805,1.5065,tetrapak,0.1012,0.3934,1.571,0,0.393
806,1.5065,tetrapak,0.0301,0.6285,1.571,1,0.393
807,1.5065,can,0.0629,0.4262,1.454,1,0.393
808,1.5153,tetrapak,-0.0410,0.4535,2.332,0,0.392
809,1.5153,tetrapak,0.1012,0.3934,1.571,0,0.392
810,1.5153,chips,0.0301,0.6285,1.571,0,0.392
811,1.5153,tetrapak,0.0684,0.4590,2.913,0,0.392
812,1.5301,chips,0.0301,0.5410,1.571,0,0.392
813,1.5301,tetrapak,-0.1340,0.4043,1.571,0,0.392
814,1.5301,tetrapak,-0.1012,0.5574,2.562,0,0.392
815,1.5301,tetrapak,-0.0301,0.4699,1.571,0,0.392
816,1.5399,chips,0.0738,0.4043,1.571,0,0.391
817,1.5399,can,0.0684,0.4809,1.571,0,0.391
818,1.5399,tetrapak,-0.0465,0.6559,0.904,0,0.391
819,1.5399,chips,0.1012,0.4426,1.571,0,0.391
820,1.5514,tetrapak,0.0793,0.3715,1.571,0,0.391
821,1.5514,can,-0.0629,0.4480,1.571,1,0.391
822,1.5514,chips,0.0410,0.4645,1.571,0,0.391
823,1.5514,chips,-0.1066,0.4535,1.571,0,0.391
824,1.5562,can,0.0301,0.3715,0.685,0,0.390
825,1.5562,tetrapak,-0.0410,0.5027,0.058,0,0.390
826,1.5562,chips,0.0410,0.4645,1.571,0,0.390
827,1.5562,tetrapak,-0.1012,0.4590,1.571,0,0.390
828,1.5735,tetrapak,-0.0629,0.4371,1.571,0,0.390
829,1.5735,can,-0.1012,0.5738,1.571,0,0.390
830,1.5735,can,-0.0957,0.4480,1.571,0,0.390
831,1.5735,can,-0.0465,0.6340,1.571,0,0.390
832,1.5788,chips,0.0520,0.6723,1.571,0,0.389
833,1.5788,chips,-0.1340,0.5738,0.405,0,0.389
834,1.5788,chips,0.1504,0.6285,1.571,0,0.389
835,1.5788,tetrapak,0.0738,0.3988,1.571,0,0.389
836,1.5843,can,0.0520,0.6723,1.571,0,0.389
837,1.5843,tetrapak,-0.1176,0.5137,1.571,0,0.389
838,1.5843,tetrapak,0.1504,0.6285,1.571,0,0.389
839,1.5843,chips,0.0082,0.3770,1.185,0,0.389
840,1.5888,tetrapak,-0.1012,0.6285,1.571,0,0.388
841,1.5888,tetrapak,-0.0301,0.6121,1.571,0,0.388
842,1.5888,can,0.1395,0.4699,0.946,0,0.388
843,1.5888,chips,0.0848,0.4918,1.571,0,0.388
844,1.5932,can,0.2434,0.4207,0.336,0,0.387
845,1.5932,chips,0.1395,0.3824,1.571,0,0.387
846,1.5932,chips,0.0410,0.4262,1.571,0,0.387
847,1.5932,tetrapak,-0.1121,0.6668,2.099,0,0.387
848,1.5972,tetrapak,0.2324,0.5902,1.795,0,0.387
849,1.5972,chips,0.1613,0.4371,1.571,0,0.387
850,1.5972,can,0.1285,0.4207,1.571,1,0.387
851,1.5972,can,0.1012,0.5684,1.571,1,0.387
852,1.6022,chips,0.0191,0.4863,1.571,0,0.386
853,1.6022,tetrapak,0.0082,0.4426,1.571,1,0.386
854,1.6022,tetrapak,-0.0902,0.6012,1.571,1,0.386
855,1.6022,can,0.1449,0.5574,1.571,0,0.386
856,1.6067,tetrapak,0.0137,0.4918,1.571,0,0.386
857,1.6067,can,-0.0191,0.4426,1.882,0,0.386
858,1.6067,chips,-0.1012,0.5957,0.801,0,0.386
859,1.6067,chips,0.1340,0.5738,1.571,0,0.386
860,1.6128,tetrapak,-0.0684,0.3988,1.571,1,0.385
861,1.6128,can,-0.0082,0.6449,1.571,1,0.385
862,1.6128,can,0.0191,0.4316,1.571,1,0.385
863,1.6128,tetrapak,0.0520,0.4043,1.571,1,0.385
864,1.6178,can,-0.0574,0.3824,1.571,0,0.385
865,1.6178,chips,-0.0355,0.6395,2.300,0,0.385
866,1.6178,chips,0.0082,0.3715,0.670,0,0.385
867,1.6178,can,0.0793,0.3660,2.254,0,0.385
868,1.6234,can,-0.0137,0.4480,2.982,0,0.384
869,1.6234,tetrapak,0.2598,0.3715,2.118,0,0.384
870,1.6234,can,0.0738,0.6887,2.954,0,0.384
871,1.6234,tetrapak,0.1066,0.3715,0.980,0,0.384
872,1.6297,chips,0.2105,0.4699,0.377,0,0.384
873,1.6297,tetrapak,-0.0137,0.3934,1.571,0,0.384
874,1.6297,tetrapak,0.1176,0.4098,1.571,0,0.384
875,1.6297,tetrapak,-0.1176,0.3824,1.571,0,0.384
876,1.6370,chips,-0.0957,0.6176,1.571,0,0.383
877,1.6370,chips,-0.1121,0.4480,1.571,0,0.383
878,1.6370,chips,0.0191,0.3496,1.474,0,0.383
879,1.6370,can,0.0684,0.4535,1.571,0,0.383
880,1.6455,can,0.0957,0.4809,1.571,0,0.383
881,1.6455,chips,0.0848,0.3934,1.571,0,0.383
882,1.6455,can,0.1176,0.5520,2.431,0,0.383
883,1.6455,chips,0.1723,0.5738,1.571,0,0.383
884,1.6542,tetrapak,0.1668,0.4918,1.571,0,0.382
885,1.6542,can,0.0137,0.6230,2.749,1,0.382
886,1.6542,can,0.1066,0.4809,1.571,0,0.382
887,1.6542,chips,0.0191,0.3934,1.571,0,0.382
888,1.6647,chips,0.1613,0.4918,1.571,0,0.382
889,1.6647,can,0.0082,0.6613,0.340,0,0.382
890,1.6647,tetrapak,0.1066,0.4809,1.571,0,0.382
891,1.6647,chips,0.0246,0.3934,1.571,0,0.382
892,1.6704,can,-0.0410,0.4809,1.571,1,0.381
893,1.6704,chips,-0.0191,0.3113,1.526,0,0.381
894,1.6704,chips,0.0520,0.4590,1.571,0,0.381
895,1.6704,tetrapak,-0.1066,0.4918,0.796,0,0.381
896,1.6764,chips,-0.0848,0.4535,1.807,0,0.381
897,1.6764,tetrapak,-0.0137,0.4043,1.571,0,0.381
898,1.6764,chips,0.0520,0.4535,1.571,0,0.381
899,1.6764,chips,0.0027,0.6285,0.350,0,0.381
900,1.6812,can,-0.0684,0.4918,1.571,0,0.380
901,1.6812,chips,0.0957,0.3934,1.571,0,0.380
902,1.6812,chips,-0.0793,0.3988,1.571,0,0.380
903,1.6812,tetrapak,-0.0027,0.6559,1.990,0,0.380
904,1.6858,can,0.0301,0.4043,1.571,0,0.379
905,1.6858,chips,-0.1395,0.6012,2.140,0,0.379
906,1.6858,tetrapak,0.0684,0.3934,1.571,0,0.379
907,1.6858,tetrapak,0.0684,0.6504,1.725,0,0.379
908,1.6923,chips,0.1066,0.5246,1.571,0,0.379
909,1.6923,can,0.0684,0.3988,1.571,0,0.379
910,1.6923,can,0.1176,0.4043,1.571,0,0.379
911,1.6923,chips,-0.1449,0.4535,2.085,0,0.379
912,1.6976,chips,0.0738,0.3988,1.571,0,0.378
913,1.6976,tetrapak,-0.0574,0.5410,1.571,0,0.378
914,1.6976,tetrapak,0.0629,0.4535,1.571,0,0.378
915,1.6976,chips,0.1504,0.4426,1.571,0,0.378
916,1.7029,tetrapak,-0.0684,0.5301,1.571,0,0.378
917,1.7029,can,0.0191,0.4371,1.571,0,0.378
918,1.7029,can,0.0191,0.6504,1.571,0,0.378
919,1.7029,can,0.1176,0.6012,1.571,0,0.378
920,1.7080,chips,-0.0738,0.4809,1.464,0,0.377
921,1.7080,can,0.0027,0.4043,1.571,0,0.377
922,1.7080,chips,0.0574,0.4809,1.571,0,0.377
923,1.7080,can,-0.0629,0.4480,0.197,0,0.377
924,1.7152,can,-0.0793,0.4426,1.571,0,0.377
925,1.7152,can,0.0027,0.4043,1.571,0,0.377
926,1.7152,can,0.0574,0.4809,1.571,0,0.377
927,1.7152,can,-0.0738,0.4754,1.571,0,0.377
928,1.7234,can,0.1012,0.4973,1.571,0,0.376
929,1.7234,tetrapak,0.0082,0.4973,1.571,1,0.376
930,1.7234,can,-0.0902,0.6285,1.571,1,0.376
931,1.7234,chips,-0.2816,0.4590,1.273,0,0.376
932,1.7298,tetrapak,0.1285,0.5301,2.210,0,0.376
933,1.7298,can,0.0082,0.4918,1.571,0,0.376
934,1.7298,chips,-0.1012,0.6230,1.571,0,0.376
935,1.7298,can,-0.1012,0.4043,1.571,0,0.376
936,1.7372,tetrapak,0.0137,0.4043,1.901,0,0.375
937,1.7372,chips,-0.0355,0.6504,1.571,0,0.375
938,1.7372,tetrapak,-0.0137,0.4207,0.672,1,0.375
939,1.7372,can,0.0957,0.4699,1.571,0,0.375
940,1.7439,can,0.0410,0.3824,1.571,0,0.375
941,1.7439,tetrapak,-0.0301,0.5902,0.140,0,0.375
942,1.7439,tetrapak,-0.0246,0.4699,3.020,0,0.375
943,1.7439,chips,0.0957,0.4645,1.571,0,0.375
944,1.7499,chips,-0.1559,0.3551,1.976,0,0.374
945,1.7499,chips,-0.1012,0.6230,1.571,0,0.374
946,1.7499,tetrapak,-0.0027,0.3879,1.571,0,0.374
947,1.7499,tetrapak,-0.2379,0.4754,0.038,0,0.374
948,1.7577,can,-0.0410,0.4098,1.571,0,0.374
949,1.7577,can,-0.0520,0.5465,1.571,1,0.374
950,1.7577,chips,0.0738,0.3934,1.571,0,0.374
951,1.7577,can,0.0957,0.6176,1.571,1,0.374
952,1.7634,chips,-0.0738,0.4098,1.571,0,0.373
953,1.7634,chips,-0.0465,0.5520,1.571,0,0.373
954,1.7634,tetrapak,-0.0137,0.3168,1.916,0,0.373
955,1.7634,chips,0.0957,0.6121,1.571,0,0.373
956,1.7706,can,0.1176,0.6121,1.571,0,0.373
957,1.7706,can,0.1121,0.5574,1.571,0,0.373
958,1.7706,tetrapak,0.0793,0.6012,1.571,0,0.373
959,1.7706,tetrapak,0.0684,0.4043,1.571,0,0.373
960,1.7745,can,0.1340,0.5410,1.571,0,0.372
961,1.7745,chips,0.2051,0.4645,0.887,0,0.372
962,1.7745,tetrapak,0.0738,0.3824,1.571,0,0.372
963,1.7745,can,0.1504,0.4098,1.024,0,0.372
964,1.7807,chips,0.1285,0.4043,1.571,0,0.371
965,1.7807,chips,-0.0574,0.4043,1.571,0,0.371
966,1.7807,chips,0.1723,0.6012,1.571,0,0.371
967,1.7807,tetrapak,0.0410,0.5957,0.674,0,0.371
968,1.7877,can,0.1121,0.3059,2.593,0,0.371
969,1.7877,tetrapak,0.0137,0.6340,2.749,0,0.371
970,1.7877,tetrapak,-0.0027,0.3715,2.667,0,0.371
971,1.7877,can,0.0629,0.6395,2.749,0,0.371
972,1.7936,can,0.0191,0.4426,1.571,0,0.370
973,1.7936,can,0.0465,0.4590,1.571,0,0.370
974,1.7936,chips,0.0902,0.6887,0.613,0,0.370
975,1.7936,tetrapak,-0.1066,0.4754,1.571,0,0.370
976,1.7990,can,0.0191,0.4426,1.571,0,0.370
977,1.7990,can,0.0465,0.4535,1.571,0,0.370
978,1.7990,tetrapak,0.0301,0.5793,1.571,0,0.370
979,1.7990,tetrapak,-0.0902,0.4371,1.571,0,0.370
980,1.8072,chips,0.0027,0.4480,1.571,0,0.369
981,1.8072,can,-0.0301,0.4645,1.571,0,0.369
982,1.8072,tetrapak,0.1887,0.5902,1.571,0,0.369
983,1.8072,tetrapak,-0.1449,0.4098,0.824,0,0.369
984,1.8331,tetrapak,-0.0684,0.4371,1.571,0,0.369
985,1.8331,chips,-0.2051,0.6668,0.764,0,0.369
986,1.8331,tetrapak,-0.1559,0.4043,1.571,0,0.369
987,1.8331,chips,0.1012,0.4043,1.571,0,0.369
988,1.8607,tetrapak,0.0793,0.6340,1.447,0,0.368
989,1.8607,chips,-0.0301,0.4480,1.571,0,0.368
990,1.8607,can,-0.0082,0.4043,1.571,0,0.368
991,1.8607,tetrapak,0.1066,0.4043,1.571,0,0.368
992,1.8767,tetrapak,0.0301,0.5902,1.571,1,0.368
993,1.8767,tetrapak,0.1613,0.5848,1.571,0,0.368
994,1.8767,chips,0.1449,0.3934,1.571,0,0.368
995,1.8767,chips,-0.0574,0.5137,1.571,0,0.368
996,1.8914,tetrapak,0.0027,0.6012,0.066,0,0.367
997,1.8914,tetrapak,0.1613,0.5848,1.571,0,0.367
998,1.8914,chips,0.0902,0.3496,1.969,0,0.367
999,1.8914,can,-0.0574,0.5191,1.571,0,0.367
1000,1.9085,tetrapak,-0.1121,0.4043,1.571,0,0.367
1001,1.9085,chips,-0.1723,0.4207,3.133,0,0.367
1002,1.9085,tetrapak,-0.1613,0.5465,1.571,1,0.367
1003,1.9085,tetrapak,-0.0137,0.4645,1.571,0,0.367
1004,1.9198,chips,-0.1121,0.4043,1.571,0,0.366
1005,1.9198,tetrapak,-0.1012,0.4262,1.571,0,0.366
1006,1.9198,tetrapak,-0.1613,0.5520,1.571,0,0.366
1007,1.9198,can,-0.0137,0.4590,1.571,0,0.366
1008,1.9299,chips,-0.0246,0.5848,1.115,0,0.366
1009,1.9299,tetrapak,0.0465,0.3059,1.552,0,0.366
1010,1.9299,tetrapak,0.0137,0.5355,1.571,0,0.366
1011,1.9299,can,0.0246,0.3496,1.472,0,0.366
1012,1.9465,can,0.1176,0.4535,2.356,0,0.365
1013,1.9465,can,-0.0629,0.4699,2.253,0,0.365
1014,1.9465,chips,-0.0137,0.3988,2.356,0,0.365
1015,1.9465,tetrapak,0.1121,0.6066,2.356,0,0.365
1016,1.9526,chips,0.1012,0.5137,2.356,0,0.365
1017,1.9526,tetrapak,0.1012,0.6832,0.421,0,0.365
1018,1.9526,can,0.1504,0.4973,2.491,0,0.365
1019,1.9526,can,0.1613,0.3934,2.356,0,0.365
1020,1.9689,chips,0.0902,0.5848,1.354,0,0.364
1021,1.9689,chips,0.0902,0.6285,2.356,0,0.364
1022,1.9689,tetrapak,0.1340,0.4973,2.356,0,0.364
1023,1.9689,can,0.1613,0.3934,2.356,0,0.364
1024,1.9802,can,0.1395,0.4535,2.356,0,0.363
1025,1.9802,chips,-0.1012,0.5137,2.356,0,0.363
1026,1.9802,tetrapak,0.1777,0.4316,1.875,0,0.363
1027,1.9802,chips,0.0684,0.4098,2.356,0,0.363
1028,1.9864,chips,0.0520,0.4645,2.356,0,0.363
1029,1.9864,can,0.0301,0.3988,2.356,0,0.363
1030,1.9864,chips,0.0082,0.3988,2.356,0,0.363
1031,1.9864,chips,-0.0793,0.3715,2.543,0,0.363
1032,2.0003,chips,-0.0957,0.5082,2.356,0,0.362
1033,2.0003,can,0.0574,0.4262,2.356,0,0.362
1034,2.0003,can,0.0957,0.4043,2.356,0,0.362
1035,2.0003,can,0.1230,0.4590,0.614,0,0.362
1036,2.0090,tetrapak,0.1395,0.5465,1.571,0,0.362
1037,2.0090,can,-0.0902,0.4426,1.571,0,0.362
1038,2.0090,chips,0.0957,0.6176,1.571,0,0.362
1039,2.0090,tetrapak,-0.0027,0.4316,0.060,0,0.362
1040,2.0176,can,0.0902,0.5738,1.682,0,0.361
1041,2.0176,tetrapak,0.3473,0.3988,2.356,0,0.361
1042,2.0176,chips,0.0191,0.7598,2.116,0,0.361
1043,2.0176,chips,-0.0027,0.4590,0.960,0,0.361
1044,2.0228,can,-0.0191,0.8473,1.571,0,0.361
1045,2.0228,can,-0.0246,0.8473,1.571,0,0.361
1046,2.0228,chips,-0.0191,0.8473,1.571,0,0.361
1047,2.0228,tetrapak,-0.0191,0.8473,1.571,0,0.361
1048,2.0309,tetrapak,-0.0082,0.3715,1.223,0,0.360
1049,2.0309,chips,-0.1832,0.4152,0.754,0,0.360
1050,2.0309,tetrapak,0.1066,0.3113,0.435,0,0.360
1051,2.0309,tetrapak,0.1066,0.6285,2.942,0,0.360
1052,2.0432,can,-0.0191,0.8473,1.571,0,0.360
1053,2.0432,can,0.0574,0.3824,1.190,0,0.360
1054,2.0432,chips,0.0191,0.5848,1.007,0,0.360
1055,2.0432,chips,0.0246,0.8473,1.571,0,0.360
1056,2.0506,chips,-0.0191,0.8473,1.571,0,0.359
1057,2.0506,can,-0.0246,0.8473,1.571,0,0.359
1058,2.0506,chips,0.0246,0.8473,1.571,0,0.359
1059,2.0506,tetrapak,0.1340,0.3660,0.130,0,0.359
1060,2.0622,tetrapak,0.3473,0.8473,1.178,0,0.359
1061,2.0622,chips,0.3473,0.8473,1.178,0,0.359
1062,2.0622,can,-0.0848,0.6613,3.017,0,0.359
1063,2.0622,tetrapak,0.3473,0.8473,1.178,0,0.359
1064,2.0716,can,0.2926,0.7980,1.571,0,0.358
1065,2.0716,chips,-0.0191,0.5738,1.867,0,0.358
1066,2.0716,chips,0.2926,0.7980,1.571,0,0.358
1067,2.0716,chips,-0.0355,0.3879,1.949,0,0.358
1068,2.1389,chips,0.1121,0.5301,1.619,0,0.358
1069,2.1389,tetrapak,-0.0301,0.3988,0.322,1,0.358
1070,2.1389,tetrapak,0.2926,0.7980,1.571,0,0.358
1071,2.1389,tetrapak,-0.1559,0.3934,2.760,0,0.358
1072,2.1536,tetrapak,0.2980,0.7980,1.571,0,0.357
1073,2.1536,tetrapak,-0.0355,0.3496,2.205,0,0.357
1074,2.1536,tetrapak,0.0191,0.3660,1.275,0,0.357
1075,2.1536,chips,-0.1668,0.3496,2.341,0,0.357
1076,2.1624,tetrapak,0.2980,0.7980,1.571,0,0.357
1077,2.1624,chips,0.2980,0.7980,1.571,0,0.357
1078,2.1624,can,-0.1559,0.6285,0.677,0,0.357
1079,2.1624,can,0.0027,0.5191,2.118,0,0.357
1080,2.1805,can,0.2926,0.7926,1.571,0,0.356
1081,2.1805,tetrapak,0.1395,0.3988,1.651,0,0.356
1082,2.1805,can,0.2926,0.7926,1.571,0,0.356
1083,2.1805,chips,-0.1559,0.4426,2.443,0,0.356
1084,2.1927,tetrapak,0.1723,0.5465,0.931,0,0.355
1085,2.1927,can,0.2926,0.7926,1.571,0,0.355
1086,2.1927,chips,0.2926,0.7926,1.571,0,0.355
1087,2.1927,tetrapak,0.2926,0.7926,1.571,0,0.355
1088,2.2121,tetrapak,0.1121,0.4590,0.737,0,0.355
1089,2.2121,chips,0.2926,0.7926,2.356,0,0.355
1090,2.2121,chips,0.2926,0.7926,2.356,0,0.355
1091,2.2121,tetrapak,0.2926,0.7926,2.356,0,0.355
1092,2.2230,can,0.1066,0.5191,0.257,0,0.354
1093,2.2230,tetrapak,0.2926,0.7926,1.571,0,0.354
1094,2.2230,chips,0.2926,0.7926,1.571,0,0.354
1095,2.2230,can,0.2926,0.7926,1.571,0,0.354
1096,2.2370,chips,0.2926,0.7871,1.571,0,0.354
1097,2.2370,can,0.2926,0.7871,1.571,0,0.354
1098,2.2370,can,0.2926,0.7871,1.571,0,0.354
1099,2.2370,tetrapak,0.2926,0.7871,1.571,0,0.354
1100,2.2482,chips,0.2980,0.4973,1.737,0,0.353
1101,2.2482,chips,-0.0902,0.6887,1.627,0,0.353
1102,2.2482,tetrapak,-0.0410,0.4754,2.380,0,0.353
1103,2.2482,can,0.2926,0.7762,1.571,0,0.353
1104,2.2646,chips,0.1121,0.5301,1.079,0,0.353
1105,2.2646,can,-0.0738,0.6559,0.627,0,0.353
1106,2.2646,can,0.2980,0.7762,1.571,0,0.353
1107,2.2646,tetrapak,0.2980,0.7762,1.571,0,0.353
1108,2.2711,can,0.2926,0.7762,1.571,0,0.352
1109,2.2711,chips,-0.0520,0.6832,1.254,0,0.352
1110,2.2711,can,0.2926,0.7762,1.571,0,0.352
1111,2.2711,tetrapak,0.2926,0.7762,1.571,0,0.352
1112,2.2849,can,0.2926,0.7762,1.571,0,0.352
1113,2.2849,can,-0.0574,0.5465,0.120,0,0.352
1114,2.2849,can,0.1668,0.3934,1.136,0,0.352
1115,2.2849,can,0.2926,0.7762,1.571,0,0.352
1116,2.2995,can,0.2926,0.7707,2.356,0,0.351
1117,2.2995,tetrapak,0.2926,0.7707,2.356,0,0.351
1118,2.2995,chips,0.2926,0.7707,2.356,0,0.351
1119,2.2995,can,0.1285,0.4098,1.452,0,0.351
1120,2.3137,chips,-0.0410,0.5957,2.356,0,0.351
1121,2.3137,tetrapak,-0.0793,0.3551,2.356,1,0.351
1122,2.3137,can,0.2926,0.3879,2.356,0,0.351
1123,2.3137,can,0.2926,0.3879,2.356,0,0.351
1124,2.3373,chips,0.2926,0.3824,2.356,0,0.350
1125,2.3373,chips,-0.3418,0.4645,1.167,0,0.350
1126,2.3373,tetrapak,-0.2324,0.4043,0.158,0,0.350
1127,2.3373,chips,-0.0848,0.5902,2.270,0,0.350
1128,2.3567,chips,0.2926,0.3824,2.356,0,0.350
1129,2.3567,can,0.2926,0.3824,2.356,0,0.350
1130,2.3567,chips,-0.1613,0.4480,2.356,0,0.350
1131,2.3567,chips,0.2926,0.3824,2.356,0,0.350
1132,2.3731,chips,-0.1996,0.4699,2.055,0,0.349
1133,2.3731,tetrapak,0.2926,0.3824,2.356,0,0.349
1134,2.3731,tetrapak,0.0027,0.5191,1.265,0,0.349
1135,2.3731,can,0.2926,0.4645,2.356,0,0.349
1136,2.3851,can,-0.0246,0.4645,0.395,0,0.349
1137,2.3851,tetrapak,0.0301,0.3551,2.356,0,0.349
1138,2.3851,tetrapak,0.0082,0.5355,1.640,0,0.349
1139,2.3851,can,0.1012,0.4699,2.356,0,0.349
1140,2.3933,tetrapak,-0.0902,0.3605,2.757,1,0.348
1141,2.3933,tetrapak,0.0410,0.4262,1.571,1,0.348
1142,2.3933,tetrapak,-0.1559,0.3988,1.571,1,0.348
1143,2.3933,tetrapak,0.1723,0.4098,0.500,0,0.348
1144,2.4144,tetrapak,-0.1504,0.6559,1.571,0,0.347
1145,2.4144,chips,-0.0793,0.4809,1.571,0,0.347
1146,2.4144,can,-0.0574,0.5027,2.739,0,0.347
1147,2.4144,chips,-0.2105,0.6504,1.401,0,0.347
1148,2.4300,tetrapak,-0.1340,0.3934,0.340,0,0.347
1149,2.4300,tetrapak,0.2160,0.4098,2.248,1,0.347
1150,2.4300,tetrapak,0.1012,0.5793,1.571,1,0.347
1151,2.4300,tetrapak,0.0027,0.7324,1.369,0,0.347
1152,2.4583,can,-0.1176,0.6066,1.979,0,0.346
1153,2.4583,can,-0.0574,0.3715,2.611,0,0.346
1154,2.4583,can,0.0574,0.5684,0.139,1,0.346
1155,2.4583,can,-0.1012,0.5355,1.571,1,0.346
1156,2.4776,tetrapak,-0.0137,0.3770,1.571,0,0.346
1157,2.4776,tetrapak,-0.1395,0.5465,1.571,1,0.346
1158,2.4776,tetrapak,-0.0301,0.3168,1.578,0,0.346
1159,2.4776,can,0.1340,0.3715,1.571,0,0.346
1160,2.5043,chips,0.0520,0.6066,1.571,0,0.345
1161,2.5043,can,-0.1996,0.3934,0.355,1,0.345
1162,2.5043,tetrapak,0.0355,0.4316,0.033,0,0.345
1163,2.5043,tetrapak,0.0957,0.5137,1.571,1,0.345
1164,2.5173,tetrapak,-0.1340,0.4043,2.149,0,0.345
1165,2.5173,can,0.0793,0.6504,1.541,0,0.345
1166,2.5173,can,0.0738,0.4152,1.571,0,0.345
1167,2.5173,can,0.0137,0.3770,1.571,0,0.345
1168,2.5240,can,-0.1285,0.5355,1.571,0,0.344
1169,2.5240,can,-0.0738,0.4480,0.466,0,0.344
1170,2.5240,can,-0.0410,0.3879,1.571,0,0.344
1171,2.5240,tetrapak,-0.1941,0.6176,2.189,0,0.344
1172,2.5301,tetrapak,-0.1285,0.5301,1.571,0,0.344
1173,2.5301,chips,-0.0848,0.4207,1.571,0,0.344
1174,2.5301,can,-0.0410,0.3934,1.571,0,0.344
1175,2.5301,chips,-0.1613,0.6395,1.571,0,0.344
1176,2.5411,chips,0.1066,0.4535,1.571,0,0.343
1177,2.5411,chips,-0.1121,0.4098,1.571,0,0.343
1178,2.5411,can,0.1012,0.4699,1.571,0,0.343
1179,2.5411,tetrapak,-0.1941,0.3059,2.536,0,0.343
1180,2.5474,tetrapak,-0.1176,0.4918,1.571,1,0.343
1181,2.5474,tetrapak,-0.1559,0.5465,1.571,0,0.343
1182,2.5474,can,-0.1941,0.5246,1.186,1,0.343
1183,2.5474,tetrapak,0.1832,0.4973,1.571,1,0.343
1184,2.5535,tetrapak,-0.1121,0.4918,1.571,0,0.342
1185,2.5535,can,-0.1723,0.5246,0.312,0,0.342
1186,2.5535,can,-0.2105,0.4535,0.320,0,0.342
1187,2.5535,can,0.1832,0.4973,1.571,0,0.342
1188,2.5585,tetrapak,-0.1449,0.4316,1.571,0,0.342
1189,2.5585,chips,0.1504,0.3168,0.515,0,0.342
1190,2.5585,chips,-0.0301,0.5137,1.571,0,0.342
1191,2.5585,can,0.1285,0.5137,1.571,0,0.342
1192,2.5683,can,-0.1449,0.4316,1.571,0,0.341
1193,2.5683,chips,0.1613,0.3387,1.571,0,0.341
1194,2.5683,chips,-0.0301,0.5137,1.571,0,0.341
1195,2.5683,can,0.1285,0.5082,1.571,0,0.341
1196,2.5785,chips,-0.1121,0.3879,1.571,0,0.341
1197,2.5785,tetrapak,0.1723,0.3605,1.571,0,0.341
1198,2.5785,can,-0.0137,0.5027,1.571,0,0.341
1199,2.5785,tetrapak,-0.1121,0.3715,1.571,0,0.341
1200,2.5844,chips,-0.0246,0.4043,1.571,0,0.340
1201,2.5844,chips,0.0848,0.3605,1.571,0,0.340
1202,2.5844,can,-0.0738,0.6559,0.720,0,0.340
1203,2.5844,can,0.0027,0.3715,1.571,0,0.340
1204,2.5919,tetrapak,-0.0246,0.4043,1.571,0,0.339
1205,2.5919,can,0.0848,0.3605,1.571,0,0.339
1206,2.5919,can,-0.0465,0.6285,1.571,0,0.339
1207,2.5919,tetrapak,0.0027,0.3715,1.571,0,0.339
1208,2.6027,chips,0.0027,0.5355,0.944,0,0.339
1209,2.6027,chips,0.1285,0.3770,1.571,0,0.339
1210,2.6027,tetrapak,0.1559,0.4918,1.571,0,0.339
1211,2.6027,can,0.0301,0.5520,1.571,0,0.339
1212,2.6100,chips,0.0082,0.5520,2.623,0,0.338
1213,2.6100,tetrapak,0.0684,0.5246,0.766,0,0.338
1214,2.6100,can,0.0738,0.5902,1.571,0,0.338
1215,2.6100,tetrapak,0.0684,0.4098,1.607,0,0.338
1216,2.6165,chips,0.0738,0.5738,2.287,0,0.338
1217,2.6165,tetrapak,0.0410,0.5410,1.571,0,0.338
1218,2.6165,tetrapak,0.0629,0.6777,2.880,0,0.338
1219,2.6165,chips,0.0793,0.3496,1.571,0,0.338
1220,2.6427,tetrapak,-0.0301,0.4480,1.571,1,0.337
1221,2.6427,chips,-0.1012,0.4535,1.571,0,0.337
1222,2.6427,tetrapak,-0.0684,0.3824,1.571,0,0.337
1223,2.6427,can,-0.0191,0.3824,1.571,0,0.337
1224,2.6515,chips,-0.0191,0.3770,1.571,0,0.337
1225,2.6515,chips,-0.1012,0.5191,1.571,0,0.337
1226,2.6515,tetrapak,-0.0629,0.4590,1.661,0,0.337
1227,2.6515,chips,-0.1121,0.6176,2.206,0,0.337
1228,2.6622,chips,0.2762,0.5027,0.273,0,0.336
1229,2.6622,can,-0.0246,0.4480,3.044,0,0.336
1230,2.6622,chips,-0.1395,0.6395,1.571,0,0.336
1231,2.6622,tetrapak,-0.0520,0.5191,2.147,0,0.336
1232,2.6706,tetrapak,-0.1230,0.5465,1.571,1,0.336
1233,2.6706,tetrapak,0.1285,0.5246,1.571,1,0.336
1234,2.6706,tetrapak,0.0082,0.4863,1.429,1,0.336
1235,2.6706,tetrapak,0.1121,0.3988,0.306,0,0.336
1236,2.6782,tetrapak,-0.1121,0.5191,0.605,0,0.335
1237,2.6782,can,0.1285,0.5246,1.571,0,0.335
1238,2.6782,chips,0.0793,0.4754,1.713,0,0.335
1239,2.6782,can,0.1777,0.3934,2.263,0,0.335
1240,2.6947,chips,0.1668,0.3879,1.571,0,0.335
1241,2.6947,chips,-0.1012,0.3824,1.571,0,0.335
1242,2.6947,chips,-0.1285,0.3879,1.571,0,0.335
1243,2.6947,tetrapak,0.0520,0.5027,1.571,0,0.335
1244,2.7043,can,0.1121,0.5902,1.571,0,0.334
1245,2.7043,chips,-0.1012,0.6832,1.571,0,0.334
1246,2.7043,tetrapak,0.0301,0.5793,1.571,1,0.334
1247,2.7043,can,-0.1121,0.4645,1.571,0,0.334
1248,2.7170,tetrapak,0.1121,0.5902,2.356,0,0.334
1249,2.7170,tetrapak,-0.1012,0.6832,2.356,0,0.334
1250,2.7170,can,0.0301,0.5793,1.571,0,0.334
1251,2.7170,chips,-0.1121,0.4645,2.356,0,0.334
1252,2.7297,can,-0.0793,0.4207,1.638,0,0.333
1253,2.7297,chips,0.1176,0.5082,2.356,0,0.333
1254,2.7297,chips,0.0027,0.5520,0.203,0,0.333
1255,2.7297,tetrapak,0.0520,0.6176,0.696,1,0.333
1256,2.7367,chips,0.0520,0.7051,1.757,0,0.333
1257,2.7367,tetrapak,-0.0738,0.6285,0.794,1,0.333
1258,2.7367,tetrapak,-0.1941,0.6012,0.997,0,0.333
1259,2.7367,chips,0.1066,0.3496,0.733,0,0.333
1260,2.7428,can,0.1012,0.6832,1.571,0,0.332
1261,2.7428,tetrapak,-0.0957,0.5902,1.571,0,0.332
1262,2.7428,tetrapak,-0.1340,0.6230,1.571,0,0.332
1263,2.7428,tetrapak,0.1395,0.4645,1.571,0,0.332
1264,2.7472,tetrapak,-0.1012,0.6887,2.727,0,0.331
1265,2.7472,can,0.1449,0.4973,1.571,0,0.331
1266,2.7472,chips,-0.1395,0.4043,1.571,0,0.331
1267,2.7472,can,-0.0246,0.3715,1.571,0,0.331
1268,2.7514,can,-0.0684,0.5738,1.571,1,0.331
1269,2.7514,can,0.0246,0.3824,1.571,0,0.331
1270,2.7514,tetrapak,-0.0465,0.3770,1.571,0,0.331
1271,2.7514,can,0.0629,0.5027,1.571,0,0.331
1272,2.7568,chips,0.0738,0.4590,1.571,0,0.330
1273,2.7568,can,0.1504,0.5902,1.571,0,0.330
1274,2.7568,chips,-0.1176,0.4426,1.571,0,0.330
1275,2.7568,chips,-0.1230,0.6504,0.725,0,0.330
1276,2.7619,chips,0.0082,0.5082,0.333,0,0.330
1277,2.7619,chips,0.1504,0.5902,2.356,0,0.330
1278,2.7619,tetrapak,-0.2379,0.3441,2.533,0,0.330
1279,2.7619,can,0.0301,0.6504,1.717,0,0.330
1280,2.7665,chips,0.0520,0.4262,2.582,0,0.329
1281,2.7665,tetrapak,0.0629,0.6723,1.571,0,0.329
1282,2.7665,chips,0.0848,0.6504,1.571,0,0.329
1283,2.7665,tetrapak,0.1066,0.5629,2.863,0,0.329
1284,2.7709,tetrapak,-0.0957,0.6176,1.571,0,0.329
1285,2.7709,can,0.0520,0.4754,1.571,0,0.329
1286,2.7709,tetrapak,-0.1012,0.5520,1.571,0,0.329
1287,2.7709,chips,0.0574,0.5246,1.571,0,0.329
1288,2.7761,tetrapak,-0.1723,0.6230,1.571,0,0.328
1289,2.7761,tetrapak,0.1176,0.5082,1.571,1,0.328
1290,2.7761,chips,0.0957,0.3605,1.571,0,0.328
1291,2.7761,tetrapak,-0.1504,0.6395,0.269,1,0.328
1292,2.7810,can,-0.1777,0.5848,0.435,0,0.328
1293,2.7810,tetrapak,0.1176,0.5082,1.571,0,0.328
1294,2.7810,chips,0.1012,0.3605,1.571,0,0.328
1295,2.7810,chips,-0.1559,0.6504,1.571,0,0.328
1296,2.7854,chips,0.0957,0.5520,1.959,0,0.327
1297,2.7854,can,-0.1449,0.4262,1.571,0,0.327
1298,2.7854,chips,-0.0410,0.3824,2.764,0,0.327
1299,2.7854,tetrapak,0.0629,0.6941,1.571,0,0.327
1300,2.7896,can,-0.0301,0.5902,1.214,0,0.327
1301,2.7896,can,0.0191,0.4098,1.571,0,0.327
1302,2.7896,tetrapak,0.0301,0.3934,1.571,0,0.327
1303,2.7896,can,-0.0191,0.3879,2.724,0,0.327
1304,2.7936,can,-0.0410,0.3988,1.571,0,0.326
1305,2.7936,chips,0.0848,0.5793,2.898,0,0.326
1306,2.7936,tetrapak,-0.1012,0.4043,1.571,0,0.326
1307,2.7936,chips,-0.0738,0.4316,1.571,0,0.326
1308,2.7980,chips,-0.0410,0.5137,1.571,0,0.326
1309,2.7980,tetrapak,-0.1449,0.5738,1.571,0,0.326
1310,2.7980,tetrapak,0.1012,0.3879,1.571,0,0.326
1311,2.7980,chips,-0.1066,0.5793,1.571,0,0.326
1312,2.8026,can,-0.1559,0.4152,1.571,0,0.325
1313,2.8026,chips,-0.2652,0.4973,1.633,0,0.325
1314,2.8026,can,0.1012,0.3988,1.571,0,0.325
1315,2.8026,tetrapak,-0.1559,0.3988,1.571,0,0.325
1316,2.8074,tetrapak,-0.0137,0.3332,2.796,0,0.325
1317,2.8074,chips,-0.0574,0.5574,1.571,0,0.325
1318,2.8074,can,-0.1504,0.4973,1.571,0,0.325
1319,2.8074,chips,-0.0027,0.5137,1.571,0,0.325
1320,2.8119,can,-0.2543,0.4426,0.741,0,0.324
1321,2.8119,can,0.0137,0.6668,1.571,0,0.324
1322,2.8119,can,0.0520,0.4371,2.192,0,0.324
1323,2.8119,can,0.1121,0.6559,0.176,0,0.324
1324,2.8168,can,-0.1504,0.5082,1.571,0,0.323
1325,2.8168,tetrapak,-0.0902,0.5246,1.571,0,0.323
1326,2.8168,can,0.0793,0.6121,1.571,0,0.323
1327,2.8168,tetrapak,0.0574,0.4316,1.571,0,0.323
1328,2.8211,chips,-0.0520,0.3988,1.667,0,0.323
1329,2.8211,chips,-0.1121,0.6832,3.088,0,0.323
1330,2.8211,can,-0.1066,0.5355,1.571,0,0.323
1331,2.8211,chips,0.1230,0.3824,1.571,0,0.323
1332,2.8252,can,-0.0738,0.5301,1.178,1,0.322
1333,2.8252,can,-0.1121,0.5629,1.392,0,0.322
1334,2.8252,tetrapak,-0.0957,0.6340,1.178,0,0.322
1335,2.8252,tetrapak,0.1613,0.3988,1.178,0,0.322
1336,2.8299,can,-0.0738,0.5301,1.178,0,0.322
1337,2.8299,tetrapak,-0.1176,0.5410,1.178,0,0.322
1338,2.8299,can,-0.1340,0.5137,2.642,0,0.322
1339,2.8299,chips,0.1613,0.3988,1.178,0,0.322
1340,2.8368,chips,-0.1121,0.5137,1.178,0,0.321
1341,2.8368,can,0.1504,0.4207,1.178,1,0.321
1342,2.8368,chips,-0.2270,0.4699,1.662,0,0.321
1343,2.8368,can,-0.0684,0.4262,1.178,0,0.321
1344,2.8413,can,-0.1121,0.5137,1.571,0,0.321
1345,2.8413,can,0.1340,0.3988,2.113,0,0.321
1346,2.8413,can,-0.1230,0.4699,1.571,0,0.321
1347,2.8413,can,-0.0684,0.4262,1.571,0,0.321
1348,2.8464,can,-0.1996,0.6613,1.689,0,0.320
1349,2.8464,chips,-0.0355,0.3934,1.571,0,0.320
1350,2.8464,chips,0.0629,0.4152,1.571,0,0.320
1351,2.8464,can,-0.0191,0.4863,1.571,0,0.320
1352,2.8507,tetrapak,0.0410,0.5684,2.356,0,0.320
1353,2.8507,can,-0.1121,0.3660,2.712,0,0.320
1354,2.8507,can,-0.0848,0.4152,2.356,0,0.320
1355,2.8507,chips,0.0793,0.6559,0.441,0,0.320
1356,2.8559,tetrapak,-0.0902,0.6395,2.356,0,0.319
1357,2.8559,can,0.0082,0.5574,2.356,0,0.319
1358,2.8559,can,0.1559,0.4262,3.131,0,0.319
1359,2.8559,can,-0.0082,0.3332,1.685,0,0.319
1360,2.8603,can,-0.0191,0.4152,1.571,0,0.319
1361,2.8603,tetrapak,-0.1230,0.5137,1.571,0,0.319
1362,2.8603,can,-0.1504,0.5574,1.571,0,0.319
1363,2.8603,tetrapak,-0.0848,0.3824,1.571,0,0.319
1364,2.8649,can,0.0082,0.4426,3.140,0,0.318
1365,2.8649,chips,0.1395,0.5410,1.571,0,0.318
1366,2.8649,tetrapak,0.0902,0.5902,1.571,0,0.318
1367,2.8649,tetrapak,0.0957,0.4098,1.571,0,0.318
1368,2.8699,can,0.0027,0.5684,1.571,0,0.318
1369,2.8699,tetrapak,0.1832,0.4590,1.571,0,0.318
1370,2.8699,tetrapak,-0.0738,0.4207,1.571,0,0.318
1371,2.8699,can,0.1066,0.4535,1.571,0,0.318
1372,2.8746,tetrapak,-0.0902,0.4973,1.571,0,0.317
1373,2.8746,chips,0.0082,0.6121,1.571,0,0.317
1374,2.8746,tetrapak,-0.0957,0.5082,2.316,0,0.317
1375,2.8746,can,-0.1285,0.4590,1.571,0,0.317
1376,2.8794,chips,0.2270,0.5848,2.675,0,0.317
1377,2.8794,tetrapak,-0.0902,0.4973,1.178,0,0.317
1378,2.8794,tetrapak,0.0574,0.3824,1.218,0,0.317
1379,2.8794,can,0.1449,0.3934,1.178,0,0.317
1380,2.8840,can,-0.0465,0.5246,0.393,0,0.316
1381,2.8840,chips,0.0465,0.6504,0.508,0,0.316
1382,2.8840,tetrapak,-0.0957,0.4809,0.078,0,0.316
1383,2.8840,can,0.1395,0.5465,0.393,0,0.316
1384,2.8884,can,-0.1012,0.5574,0.019,0,0.315
1385,2.8884,can,0.0246,0.6777,2.829,0,0.315
1386,2.8884,tetrapak,-0.0684,0.4590,1.571,0,0.315
1387,2.8884,chips,0.1395,0.5465,0.393,0,0.315
1388,2.8952,tetrapak,0.0082,0.6012,1.571,0,0.315
1389,2.8952,can,0.1176,0.5957,1.571,0,0.315
1390,2.8952,chips,0.1941,0.7105,0.418,0,0.315
1391,2.8952,can,0.1395,0.5465,1.571,0,0.315
1392,2.9021,chips,0.0465,0.4863,1.430,0,0.314
1393,2.9021,can,-0.1066,0.5137,1.178,0,0.314
1394,2.9021,chips,-0.1176,0.5684,1.571,0,0.314
1395,2.9021,can,0.0410,0.6395,1.178,0,0.314
1396,2.9087,tetrapak,0.1395,0.4043,1.571,0,0.314
1397,2.9087,chips,0.0738,0.5191,1.571,0,0.314
1398,2.9087,can,0.1176,0.5848,1.364,0,0.314
1399,2.9087,chips,0.0629,0.6340,1.571,0,0.314
1400,2.9167,tetrapak,0.1395,0.4043,1.571,0,0.313
1401,2.9167,tetrapak,0.0301,0.5738,1.813,0,0.313
1402,2.9167,can,0.0902,0.6012,1.571,0,0.313
1403,2.9167,chips,0.0629,0.6285,1.571,0,0.313
1404,2.9213,chips,0.1613,0.4426,1.571,0,0.313
1405,2.9213,tetrapak,-0.1176,0.4262,1.552,0,0.313
1406,2.9213,chips,0.1121,0.4480,1.571,0,0.313
1407,2.9213,chips,-0.3145,0.4918,3.135,0,0.313
1408,2.9270,chips,-0.0574,0.6941,1.571,0,0.312
1409,2.9270,chips,0.1613,0.3879,1.571,0,0.312
1410,2.9270,tetrapak,-0.0957,0.4262,1.571,0,0.312
1411,2.9270,tetrapak,0.0848,0.4426,1.571,0,0.312
1412,2.9336,can,-0.1340,0.5793,1.571,0,0.312
1413,2.9336,can,0.0684,0.5902,1.571,0,0.312
1414,2.9336,chips,-0.1777,0.4152,1.571,0,0.312
1415,2.9336,can,-0.1230,0.3605,1.571,0,0.312
1416,2.9390,chips,-0.0027,0.5738,1.571,0,0.311
1417,2.9390,can,0.1449,0.3879,1.571,0,0.311
1418,2.9390,chips,0.0684,0.4973,0.186,0,0.311
1419,2.9390,chips,-0.0355,0.4371,1.571,0,0.311
1420,2.9484,can,-0.1012,0.4371,1.571,1,0.311
1421,2.9484,tetrapak,-0.1230,0.6613,1.571,0,0.311
1422,2.9484,chips,-0.1340,0.4699,1.571,0,0.311
1423,2.9484,can,0.1230,0.4262,0.388,0,0.311
1424,2.9544,can,-0.1230,0.3988,0.235,0,0.310
1425,2.9544,chips,-0.1230,0.6121,0.840,0,0.310
1426,2.9544,tetrapak,-0.1887,0.5793,3.051,0,0.310
1427,2.9544,tetrapak,0.1066,0.4480,0.326,0,0.310
1428,2.9617,tetrapak,0.0137,0.5191,1.571,0,0.310
1429,2.9617,tetrapak,0.1504,0.5137,1.571,0,0.310
1430,2.9617,can,0.1066,0.3332,0.900,0,0.310
1431,2.9617,can,0.1887,0.5246,2.845,0,0.310
1432,2.9682,tetrapak,0.1996,0.3988,0.670,0,0.309
1433,2.9682,can,0.1723,0.5465,0.228,0,0.309
1434,2.9682,chips,0.1285,0.4426,1.571,0,0.309
1435,2.9682,tetrapak,0.1066,0.6395,1.571,0,0.309
1436,2.9768,tetrapak,-0.1012,0.4426,3.030,0,0.309
1437,2.9768,can,0.0246,0.5848,1.571,0,0.309
1438,2.9768,chips,0.2160,0.3605,1.571,0,0.309
1439,2.9768,can,-0.0137,0.6613,1.571,0,0.309
1440,2.9819,can,-0.0137,0.6176,1.571,1,0.308
1441,2.9819,chips,0.0410,0.6066,1.571,0,0.308
1442,2.9819,can,0.0738,0.3934,1.571,0,0.308
1443,2.9819,tetrapak,-0.1504,0.5465,2.620,0,0.308
1444,2.9882,can,-0.0191,0.6176,1.571,0,0.307
1445,2.9882,chips,0.0520,0.5793,1.571,0,0.307
1446,2.9882,can,0.0684,0.3934,1.571,0,0.307
1447,2.9882,can,-0.1395,0.5301,1.571,0,0.307
1448,2.9964,can,0.0574,0.4262,2.237,0,0.307
1449,2.9964,tetrapak,-0.2051,0.3660,1.571,1,0.307
1450,2.9964,tetrapak,-0.1066,0.6012,2.383,0,0.307
1451,2.9964,tetrapak,0.0191,0.4098,1.571,0,0.307
1452,3.0008,tetrapak,0.0793,0.3660,0.175,0,0.306
1453,3.0008,tetrapak,-0.1777,0.3387,0.118,0,0.306
1454,3.0008,chips,-0.2051,0.5355,0.535,0,0.306
1455,3.0008,tetrapak,0.0191,0.4098,1.571,0,0.306
1456,3.0066,can,0.1996,0.6340,2.650,0,0.306
1457,3.0066,tetrapak,0.0574,0.4973,1.571,1,0.306
1458,3.0066,chips,-0.0410,0.4043,1.571,0,0.306
1459,3.0066,tetrapak,0.2160,0.6066,1.571,0,0.306
1460,3.0121,tetrapak,-0.0520,0.4480,1.571,0,0.305
1461,3.0121,chips,-0.0410,0.4262,0.366,0,0.305
1462,3.0121,can,-0.1504,0.5629,1.571,0,0.305
1463,3.0121,chips,0.2926,0.4645,1.571,0,0.305
1464,3.0175,tetrapak,0.1887,0.3223,2.276,0,0.305
1465,3.0175,can,-0.1340,0.4043,1.492,0,0.305
1466,3.0175,can,-0.0684,0.6340,1.571,0,0.305
1467,3.0175,chips,0.1777,0.3715,1.571,0,0.305
1468,3.0226,can,-0.1340,0.6340,1.571,0,0.304
1469,3.0226,tetrapak,0.1285,0.4699,1.448,0,0.304
1470,3.0226,chips,0.0848,0.5355,1.004,0,0.304
1471,3.0226,can,0.0027,0.6449,1.715,0,0.304
1472,3.0288,tetrapak,-0.1559,0.4645,1.571,0,0.304
1473,3.0288,chips,0.1613,0.3934,1.571,0,0.304
1474,3.0288,tetrapak,-0.0902,0.4754,1.571,0,0.304
1475,3.0288,can,-0.0191,0.4754,3.048,0,0.304
1476,3.0350,can,-0.1723,0.3387,1.828,0,0.303
1477,3.0350,tetrapak,0.2434,0.3496,0.323,0,0.303
1478,3.0350,can,-0.0902,0.4754,1.571,0,0.303
1479,3.0350,can,-0.0465,0.4918,1.571,0,0.303
1480,3.0418,chips,0.1121,0.5191,0.393,0,0.303
1481,3.0418,can,0.0137,0.4809,0.393,1,0.303
1482,3.0418,chips,0.0465,0.6449,0.393,0,0.303
1483,3.0418,tetrapak,0.2270,0.5902,0.138,0,0.303
1484,3.0475,chips,-0.0301,0.4043,0.393,0,0.302
1485,3.0475,chips,-0.0301,0.4043,0.393,0,0.302
1486,3.0475,can,-0.1066,0.5465,0.393,1,0.302
1487,3.0475,can,0.0793,0.3879,0.393,0,0.302
1488,3.0527,chips,-0.0629,0.3988,1.571,0,0.302
1489,3.0527,tetrapak,-0.0246,0.4207,1.571,0,0.302
1490,3.0527,can,-0.1395,0.5902,2.956,0,0.302
1491,3.0527,chips,0.0465,0.3988,1.571,0,0.302
1492,3.0574,can,0.0848,0.4098,1.571,1,0.301
1493,3.0574,can,0.0520,0.5137,1.571,1,0.301
1494,3.0574,tetrapak,0.0082,0.3332,2.048,0,0.301
1495,3.0574,tetrapak,0.0301,0.6613,1.571,0,0.301
1496,3.0619,tetrapak,0.0848,0.4098,1.571,0,0.301
1497,3.0619,tetrapak,0.0520,0.5137,1.571,0,0.301
1498,3.0619,chips,-0.0301,0.3770,0.558,0,0.301
1499,3.0619,can,0.0082,0.6613,2.187,0,0.301
1500,3.0691,can,0.0902,0.4535,0.393,1,0.300
1501,3.0691,tetrapak,0.1504,0.5574,1.571,0,0.300
1502,3.0691,tetrapak,-0.1066,0.4043,0.393,1,0.300
1503,3.0691,can,-0.1613,0.5793,0.393,0,0.300
1504,3.0743,chips,0.0793,0.4480,0.393,0,0.299
1505,3.0743,chips,0.1504,0.5574,1.571,0,0.299
1506,3.0743,chips,-0.1066,0.4043,0.393,0,0.299
1507,3.0743,can,-0.2379,0.6121,2.042,0,0.299
1508,3.0797,can,0.0574,0.4043,0.393,0,0.299
1509,3.0797,chips,-0.1176,0.4590,0.393,0,0.299
1510,3.0797,can,-0.1941,0.3496,0.671,0,0.299
1511,3.0797,tetrapak,0.0137,0.5465,0.393,0,0.299
1512,3.0835,can,-0.0191,0.4426,0.776,0,0.298
1513,3.0835,chips,-0.1176,0.4863,0.393,0,0.298
1514,3.0835,tetrapak,-0.0738,0.5355,0.393,0,0.298
1515,3.0835,chips,0.0684,0.5793,1.762,0,0.298
1516,3.0877,can,-0.1613,0.3934,1.571,0,0.298
1517,3.0877,can,0.2488,0.5082,1.571,0,0.298
1518,3.0877,can,0.2160,0.4699,1.571,0,0.298
1519,3.0877,chips,0.0082,0.5191,1.571,0,0.298
1520,3.0923,tetrapak,-0.1449,0.4262,0.393,0,0.297
1521,3.0923,chips,0.0793,0.4262,0.393,0,0.297
1522,3.0923,chips,-0.0793,0.5684,3.046,0,0.297
1523,3.0923,tetrapak,0.0684,0.5574,1.897,0,0.297
1524,3.0976,chips,-0.0848,0.3770,1.828,0,0.297
1525,3.0976,chips,0.3363,0.5902,2.078,0,0.297
1526,3.0976,chips,-0.0301,0.4043,0.393,0,0.297
1527,3.0976,tetrapak,0.1559,0.5191,0.393,1,0.297
1528,3.1020,can,-0.1012,0.3770,0.393,0,0.296
1529,3.1020,can,0.2051,0.5902,0.393,0,0.296
1530,3.1020,tetrapak,-0.0246,0.4043,0.393,0,0.296
1531,3.1020,chips,0.1559,0.4863,0.393,0,0.296
1532,3.1063,can,0.1230,0.4098,0.393,1,0.296
1533,3.1063,chips,0.0520,0.5465,0.393,0,0.296
1534,3.1063,can,0.1996,0.6504,0.393,0,0.296
1535,3.1063,can,-0.0902,0.6121,2.314,0,0.296
1536,3.1106,chips,0.0902,0.4262,2.356,0,0.295
1537,3.1106,chips,0.0520,0.5520,2.356,0,0.295
1538,3.1106,chips,0.1887,0.6449,2.356,0,0.295
1539,3.1106,can,-0.1066,0.5793,2.356,0,0.295
1540,3.1145,chips,0.1285,0.5355,2.356,0,0.295
1541,3.1145,chips,-0.1066,0.4590,2.356,0,0.295
1542,3.1145,tetrapak,-0.1887,0.5957,0.361,0,0.295
1543,3.1145,can,-0.0957,0.3934,2.356,0,0.295
1544,3.1183,chips,-0.1613,0.5848,2.356,0,0.294
1545,3.1183,can,-0.0520,0.6996,2.356,0,0.294
1546,3.1183,tetrapak,-0.0410,0.5027,2.356,0,0.294
1547,3.1183,can,0.0246,0.3770,2.935,0,0.294
1548,3.1221,chips,-0.1832,0.4480,2.356,0,0.294
1549,3.1221,can,-0.1504,0.4426,2.356,0,0.294
1550,3.1221,chips,0.2980,0.4973,1.758,0,0.294
1551,3.1221,can,-0.0848,0.5246,2.356,0,0.294
1552,3.1260,chips,0.2215,0.6504,2.356,0,0.293
1553,3.1260,chips,0.1887,0.3934,2.356,0,0.293
1554,3.1260,chips,-0.0191,0.5465,2.356,0,0.293
1555,3.1260,tetrapak,0.0902,0.6121,1.497,0,0.293
1556,3.1296,tetrapak,0.1996,0.4535,2.356,0,0.293
1557,3.1296,tetrapak,-0.1230,0.7105,2.356,0,0.293
1558,3.1296,chips,-0.1449,0.4152,2.356,0,0.293
1559,3.1296,tetrapak,0.1559,0.5738,2.356,0,0.293
1560,3.1336,can,-0.0574,0.3605,1.571,0,0.292
1561,3.1336,tetrapak,-0.0246,0.5520,0.683,0,0.292
1562,3.1336,can,0.0684,0.3934,0.393,0,0.292
1563,3.1336,chips,0.0738,0.4590,0.393,0,0.292
1564,3.1380,can,0.1449,0.4699,0.393,0,0.291
1565,3.1380,can,-0.1066,0.4645,0.393,0,0.291
1566,3.1380,tetrapak,-0.1504,0.4152,0.393,0,0.291
1567,3.1380,chips,0.2324,0.5793,0.393,0,0.291
1568,3.1580,chips,0.1668,0.6230,0.393,0,0.291
1569,3.1580,can,-0.0629,0.5465,1.639,0,0.291
1570,3.1580,chips,0.0520,0.7105,0.393,0,0.291
1571,3.1580,chips,-0.0520,0.3934,0.393,0,0.291
1572,3.1653,chips,0.1668,0.6176,0.393,0,0.290
1573,3.1653,can,-0.1066,0.5738,0.393,0,0.290
1574,3.1653,can,0.1285,0.6230,0.393,0,0.290
1575,3.1653,chips,-0.0520,0.3934,0.393,0,0.290
1576,3.1693,chips,-0.1066,0.4918,0.393,0,0.290
1577,3.1693,chips,0.1449,0.4371,0.393,0,0.290
1578,3.1693,can,-0.1066,0.4316,0.393,0,0.290
1579,3.1693,can,-0.0465,0.3879,2.958,0,0.290
1580,3.1737,tetrapak,0.0191,0.5848,2.756,0,0.289
1581,3.1737,chips,-0.3473,0.3934,0.393,0,0.289
1582,3.1737,tetrapak,0.0355,0.3387,0.181,0,0.289
1583,3.1737,chips,-0.2270,0.5027,1.733,0,0.289
1584,3.1813,can,-0.3473,0.4043,0.393,0,0.289
1585,3.1813,tetrapak,0.2707,0.4426,0.808,0,0.289
1586,3.1813,tetrapak,-0.3473,0.6668,0.393,0,0.289
1587,3.1813,tetrapak,-0.3473,0.4043,0.393,0,0.289
1588,3.1850,can,0.3473,0.8473,1.571,0,0.288
1589,3.1850,can,-0.0465,0.6066,1.116,0,0.288
1590,3.1850,tetrapak,-0.0137,0.5629,1.352,0,0.288
1591,3.1850,can,0.3473,0.8473,1.571,0,0.288
1592,3.1887,can,-0.3473,0.4043,0.393,0,0.288
1593,3.1887,chips,-0.3473,0.4043,0.393,0,0.288
1594,3.1887,can,-0.3473,0.3988,0.393,0,0.288
1595,3.1887,can,-0.3473,0.3988,0.393,0,0.288
1596,3.1928,tetrapak,-0.0684,0.4207,2.894,0,0.287
1597,3.1928,can,0.3473,0.4043,1.571,0,0.287
1598,3.1928,chips,-0.0082,0.5137,2.877,0,0.287
1599,3.1928,can,0.3473,0.4043,1.571,0,0.287
1600,3.1982,chips,-0.1613,0.3605,1.571,0,0.287
1601,3.1982,can,0.3473,0.4043,1.571,0,0.287
1602,3.1982,can,-0.2926,0.4809,3.057,0,0.287
1603,3.1982,can,0.3473,0.4043,1.571,0,0.287
1604,3.2024,can,0.1504,0.5465,1.142,0,0.286
1605,3.2024,chips,-0.0246,0.5957,1.571,0,0.286
1606,3.2024,can,0.3473,0.4043,1.571,0,0.286
1607,3.2024,tetrapak,-0.0137,0.6230,1.571,1,0.286
1608,3.2065,can,0.1668,0.5137,0.988,0,0.286
1609,3.2065,can,0.3473,0.4043,1.571,0,0.286
1610,3.2065,tetrapak,0.3473,0.4043,1.571,0,0.286
1611,3.2065,tetrapak,0.0027,0.6449,2.685,0,0.286
1612,3.2100,tetrapak,-0.0684,0.4043,1.571,0,0.285
1613,3.2100,tetrapak,0.0301,0.5410,1.571,0,0.285
1614,3.2100,chips,0.0520,0.5684,1.571,0,0.285
1615,3.2100,chips,0.3473,0.4043,1.571,0,0.285
1616,3.2139,tetrapak,0.0848,0.6012,1.571,0,0.285
1617,3.2139,tetrapak,-0.0574,0.5738,1.571,0,0.285
1618,3.2139,tetrapak,0.3473,0.4043,0.785,0,0.285
1619,3.2139,tetrapak,0.3473,0.4043,0.785,0,0.285
1620,3.2178,can,0.0848,0.6066,1.178,0,0.284
1621,3.2178,tetrapak,0.1941,0.3715,1.571,0,0.284
1622,3.2178,chips,0.0848,0.5465,1.571,0,0.284
1623,3.2178,tetrapak,0.3473,0.6832,0.785,0,0.284
1624,3.2214,chips,0.0848,0.5465,1.571,0,0.283
1625,3.2214,can,-0.1340,0.5027,1.571,0,0.283
1626,3.2214,tetrapak,-0.1449,0.4863,1.571,0,0.283
1627,3.2214,chips,-0.1559,0.5410,1.571,0,0.283
1628,3.2254,tetrapak,-0.0465,0.6449,1.228,0,0.283
1629,3.2254,chips,0.0246,0.6285,1.571,0,0.283
1630,3.2254,chips,0.1176,0.6832,1.571,0,0.283
1631,3.2254,tetrapak,0.0191,0.5246,1.571,0,0.283
1632,3.2295,chips,-0.0246,0.6176,1.571,0,0.282
1633,3.2295,can,-0.1121,0.5629,1.571,0,0.282
1634,3.2295,chips,0.1777,0.5520,2.215,0,0.282
1635,3.2295,can,-0.0246,0.6012,0.106,0,0.282
1636,3.2337,chips,-0.0137,0.5738,0.785,0,0.282
1637,3.2337,tetrapak,0.1832,0.3879,0.785,0,0.282
1638,3.2337,tetrapak,-0.0957,0.4207,0.785,0,0.282
1639,3.2337,chips,-0.0246,0.5574,0.785,0,0.282
1640,3.2378,can,-0.0137,0.4371,0.393,0,0.281
1641,3.2378,can,0.0520,0.4754,0.060,0,0.281
1642,3.2378,chips,0.0902,0.5848,2.204,0,0.281
1643,3.2378,chips,0.0684,0.6395,1.508,0,0.281
1644,3.2420,can,-0.0574,0.3934,0.393,0,0.281
1645,3.2420,tetrapak,0.0355,0.5082,0.393,0,0.281
1646,3.2420,chips,0.0137,0.4590,0.393,0,0.281
1647,3.2420,tetrapak,0.1887,0.5574,0.393,0,0.281
1648,3.2461,tetrapak,-0.1176,0.4426,0.393,0,0.280
1649,3.2461,tetrapak,0.1723,0.5082,0.393,0,0.280
1650,3.2461,can,-0.1777,0.3988,3.098,0,0.280
1651,3.2461,chips,0.0246,0.5082,0.393,0,0.280
1652,3.2501,chips,-0.1559,0.5902,0.393,0,0.280
1653,3.2501,chips,-0.1285,0.5684,0.393,0,0.280
1654,3.2501,tetrapak,-0.0191,0.4207,0.393,0,0.280
1655,3.2501,tetrapak,0.1887,0.6395,0.393,0,0.280
1656,3.2539,can,0.1668,0.3934,0.393,0,0.279
1657,3.2539,tetrapak,-0.1176,0.6777,0.393,0,0.279
1658,3.2539,can,-0.1777,0.6340,2.701,0,0.279
1659,3.2539,can,-0.1395,0.5465,0.393,0,0.279
1660,3.2578,can,0.0793,0.3770,2.046,0,0.279
1661,3.2578,can,0.1121,0.6723,0.393,0,0.279
1662,3.2578,tetrapak,0.1340,0.5246,2.114,0,0.279
1663,3.2578,chips,0.1395,0.4973,2.119,0,0.279
1664,3.2624,tetrapak,-0.1395,0.4918,2.103,0,0.278
1665,3.2624,chips,0.1121,0.6066,0.393,0,0.278
1666,3.2624,tetrapak,0.0520,0.4645,0.393,0,0.278
1667,3.2624,can,-0.1176,0.5355,0.393,0,0.278
1668,3.2666,tetrapak,0.3473,0.5355,1.118,0,0.278
1669,3.2666,chips,0.1395,0.4699,0.393,0,0.278
1670,3.2666,chips,0.0465,0.5465,0.393,0,0.278
1671,3.2666,tetrapak,0.0191,0.5082,1.724,0,0.278
1672,3.2705,tetrapak,0.0465,0.6668,0.393,0,0.277
1673,3.2705,chips,0.2105,0.3004,1.647,0,0.277
1674,3.2705,can,-0.3254,0.5848,1.379,0,0.277
1675,3.2705,tetrapak,0.0738,0.4590,0.393,0,0.277
1676,3.2745,can,-0.1504,0.5355,0.393,0,0.277
1677,3.2745,can,-0.1176,0.5410,0.393,0,0.277
1678,3.2745,can,0.0191,0.5957,0.393,0,0.277
1679,3.2745,can,-0.1176,0.3715,0.393,0,0.277
1680,3.2781,tetrapak,0.1449,0.5902,0.393,0,0.276
1681,3.2781,tetrapak,-0.0957,0.3934,0.393,0,0.276
1682,3.2781,tetrapak,0.1668,0.3660,1.200,0,0.276
1683,3.2781,tetrapak,-0.1066,0.6230,0.393,0,0.276
1684,3.2819,chips,-0.0574,0.5848,0.393,0,0.275
1685,3.2819,chips,-0.0082,0.5520,0.393,0,0.275
1686,3.2819,can,-0.1285,0.6504,0.393,0,0.275
1687,3.2819,tetrapak,0.0465,0.4043,0.393,0,0.275
1688,3.2861,tetrapak,-0.0574,0.4043,0.393,0,0.275
1689,3.2861,can,-0.1121,0.5574,0.393,0,0.275
1690,3.2861,chips,0.1285,0.6176,2.540,0,0.275
1691,3.2861,chips,0.0355,0.5027,0.393,0,0.275
1692,3.2938,tetrapak,0.0301,0.3715,0.216,0,0.274
1693,3.2938,can,-0.1340,0.5793,2.356,0,0.274
1694,3.2938,tetrapak,-0.0137,0.4863,2.356,0,0.274
1695,3.2938,tetrapak,0.0082,0.4371,2.356,0,0.274
1696,3.3019,tetrapak,0.1559,0.5629,2.356,0,0.274
1697,3.3019,can,-0.0574,0.6668,1.639,0,0.274
1698,3.3019,tetrapak,-0.0957,0.5848,2.356,0,0.274
1699,3.3019,chips,0.0684,0.3934,2.356,0,0.274
1700,3.3098,chips,-0.0902,0.4043,1.571,0,0.273
1701,3.3098,chips,0.1230,0.3988,2.356,0,0.273
1702,3.3098,tetrapak,0.0738,0.4973,2.356,0,0.273
1703,3.3098,can,-0.0793,0.4535,2.356,0,0.273
1704,3.3170,tetrapak,-0.1395,0.4809,2.356,0,0.273
1705,3.3170,chips,0.1285,0.3988,2.356,0,0.273
1706,3.3170,can,-0.1668,0.4918,2.035,1,0.273
1707,3.3170,chips,0.0957,0.5848,2.356,0,0.273
1708,3.3215,chips,0.1887,0.5191,1.571,0,0.272
1709,3.3215,chips,-0.1285,0.6996,0.303,0,0.272
1710,3.3215,tetrapak,-0.1395,0.4973,2.356,0,0.272
1711,3.3215,can,0.1996,0.4973,2.356,0,0.272
1712,3.3287,can,-0.1121,0.4535,2.356,1,0.272
1713,3.3287,tetrapak,0.1832,0.6449,2.356,0,0.272
1714,3.3287,tetrapak,0.1395,0.5574,1.938,1,0.272
1715,3.3287,chips,0.0902,0.5301,2.356,0,0.272
1716,3.3334,tetrapak,-0.1668,0.4371,0.214,0,0.271
1717,3.3334,chips,0.1777,0.6449,2.356,0,0.271
1718,3.3334,chips,0.1832,0.5137,3.025,0,0.271
1719,3.3334,tetrapak,0.1121,0.5574,1.310,0,0.271
1720,3.3404,chips,-0.2926,0.5902,0.211,0,0.271
1721,3.3404,chips,-0.1176,0.5027,2.356,0,0.271
1722,3.3404,chips,-0.1176,0.3934,2.356,0,0.271
1723,3.3404,chips,0.0902,0.5246,1.403,0,0.271
1724,3.3446,can,-0.2762,0.6613,3.093,0,0.270
1725,3.3446,chips,-0.1176,0.4973,2.356,0,0.270
1726,3.3446,tetrapak,-0.1559,0.3113,1.170,0,0.270
1727,3.3446,chips,0.0848,0.5629,2.356,0,0.270
1728,3.3499,chips,-0.1012,0.4152,2.356,0,0.270
1729,3.3499,chips,0.2871,0.4645,0.539,0,0.270
1730,3.3499,can,0.0465,0.3988,2.356,0,0.270
1731,3.3499,tetrapak,-0.0410,0.3770,2.356,1,0.270
1732,3.3541,can,-0.1066,0.4098,2.356,0,0.269
1733,3.3541,chips,0.1668,0.4645,2.356,0,0.269
1734,3.3541,chips,0.0465,0.3988,2.356,0,0.269
1735,3.3541,tetrapak,-0.0410,0.3770,2.356,0,0.269
1736,3.3581,can,-0.1340,0.5191,2.356,0,0.269
1737,3.3581,tetrapak,-0.1230,0.6504,2.356,0,0.269
1738,3.3581,chips,-0.1449,0.4480,2.356,0,0.269
1739,3.3581,tetrapak,-0.0082,0.6723,0.696,0,0.269
1740,3.3623,tetrapak,0.0246,0.5902,2.356,0,0.268
1741,3.3623,can,0.1449,0.3988,2.356,0,0.268
1742,3.3623,tetrapak,0.2160,0.4262,1.128,0,0.268
1743,3.3623,tetrapak,-0.0082,0.6285,2.356,0,0.268
1744,3.3679,chips,0.0848,0.5629,0.265,0,0.267
1745,3.3679,chips,0.1285,0.5246,1.139,0,0.267
1746,3.3679,tetrapak,-0.1230,0.5738,1.571,0,0.267
1747,3.3679,chips,-0.0629,0.4645,2.356,0,0.267
1748,3.3713,chips,-0.0957,0.4043,2.356,0,0.267
1749,3.3713,tetrapak,0.0793,0.5848,2.356,0,0.267
1750,3.3713,chips,0.2105,0.4426,2.746,0,0.267
1751,3.3713,can,0.1613,0.5355,2.356,0,0.267
1752,3.3752,tetrapak,0.1941,0.3934,1.178,0,0.266
1753,3.3752,chips,0.3090,0.4590,0.840,0,0.266
1754,3.3752,tetrapak,-0.0738,0.5848,1.178,0,0.266
1755,3.3752,chips,0.0137,0.5957,1.178,0,0.266
1756,3.3794,can,0.1066,0.5738,1.178,0,0.266
1757,3.3794,tetrapak,0.0848,0.6723,1.178,0,0.266
1758,3.3794,tetrapak,0.1777,0.4426,2.356,1,0.266
1759,3.3794,tetrapak,0.1121,0.6285,1.178,0,0.266
1760,3.3838,tetrapak,-0.1395,0.5465,1.178,0,0.265
1761,3.3838,chips,0.0301,0.6941,1.178,0,0.265
1762,3.3838,chips,0.0246,0.3988,1.178,0,0.265
1763,3.3838,tetrapak,0.1340,0.6012,1.178,0,0.265
1764,3.3879,tetrapak,-0.1395,0.5410,2.356,0,0.265
1765,3.3879,can,0.0301,0.6941,2.356,0,0.265
1766,3.3879,chips,0.0246,0.3934,2.356,0,0.265
1767,3.3879,can,0.1340,0.5957,2.356,0,0.265
1768,3.3918,can,0.0520,0.5137,2.455,0,0.264
1769,3.3918,tetrapak,-0.0301,0.5191,2.356,0,0.264
1770,3.3918,tetrapak,0.1777,0.4973,2.356,0,0.264
1771,3.3918,chips,0.0137,0.5902,0.683,0,0.264
1772,3.3958,tetrapak,0.1668,0.6285,2.356,0,0.264
1773,3.3958,tetrapak,0.0137,0.6176,2.356,0,0.264
1774,3.3958,chips,0.1012,0.3934,2.356,0,0.264
1775,3.3958,chips,0.1449,0.3988,2.356,0,0.264
1776,3.4001,chips,-0.1285,0.5355,2.356,0,0.263
1777,3.4001,can,-0.2270,0.4535,1.097,0,0.263
1778,3.4001,can,0.0137,0.4480,2.356,0,0.263
1779,3.4001,can,0.2215,0.6613,2.356,0,0.263
1780,3.4039,chips,-0.0848,0.4262,2.025,0,0.263
1781,3.4039,chips,0.1668,0.5957,2.356,0,0.263
1782,3.4039,tetrapak,0.1012,0.3934,2.356,0,0.263
1783,3.4039,can,-0.1613,0.3988,0.458,0,0.263
1784,3.4078,tetrapak,-0.0246,0.6777,1.571,0,0.262
1785,3.4078,tetrapak,-0.1723,0.6941,1.571,0,0.262
1786,3.4078,chips,0.0191,0.6723,1.571,0,0.262
1787,3.4078,tetrapak,-0.0355,0.5465,1.571,0,0.262
1788,3.4115,tetrapak,0.0082,0.3660,1.571,0,0.262
1789,3.4115,chips,-0.1340,0.5684,1.571,0,0.262
1790,3.4115,can,0.1777,0.5684,0.000,0,0.262
1791,3.4115,chips,-0.0574,0.5082,0.000,0,0.262
1792,3.4153,can,-0.1066,0.6941,1.178,0,0.261
1793,3.4153,tetrapak,-0.0027,0.7434,0.361,0,0.261
1794,3.4153,tetrapak,0.0301,0.5629,0.039,0,0.261
1795,3.4153,chips,0.1121,0.5301,1.178,0,0.261
1796,3.4195,tetrapak,0.1066,0.4973,1.864,0,0.261
1797,3.4195,chips,0.0848,0.5137,2.712,0,0.261
1798,3.4195,tetrapak,0.0027,0.6832,2.356,0,0.261
1799,3.4195,can,-0.0957,0.5684,2.356,0,0.261
1800,3.4236,can,0.1449,0.4863,2.356,0,0.260
1801,3.4236,chips,0.1066,0.5520,1.884,0,0.260
1802,3.4236,can,-0.1887,0.3551,2.356,0,0.260
1803,3.4236,chips,-0.0738,0.5957,2.356,0,0.260
1804,3.4280,can,-0.0355,0.4371,2.356,0,0.259
1805,3.4280,tetrapak,0.0137,0.4645,2.356,0,0.259
1806,3.4280,tetrapak,0.0793,0.5410,2.356,1,0.259
1807,3.4280,can,0.1066,0.3605,2.608,0,0.259
1808,3.4321,chips,0.0793,0.6285,2.356,0,0.259
1809,3.4321,can,-0.0574,0.6176,2.356,0,0.259
1810,3.4321,can,0.1395,0.5738,2.356,0,0.259
1811,3.4321,can,-0.1613,0.4152,2.356,0,0.259
1812,3.4363,tetrapak,-0.0027,0.4809,2.356,0,0.258
1813,3.4363,can,0.0355,0.3988,2.356,0,0.258
1814,3.4363,can,-0.0738,0.4973,1.847,0,0.258
1815,3.4363,chips,0.1176,0.6066,2.356,0,0.258
1816,3.4397,chips,0.0246,0.3770,2.356,0,0.258
1817,3.4397,chips,0.1449,0.5957,2.099,0,0.258
1818,3.4397,can,0.1832,0.5191,2.772,0,0.258
1819,3.4397,chips,-0.1121,0.3934,2.356,0,0.258
1820,3.4433,chips,-0.0520,0.3988,2.356,0,0.257
1821,3.4433,tetrapak,-0.1176,0.4426,2.356,0,0.257
1822,3.4433,chips,0.1176,0.4371,2.356,0,0.257
1823,3.4433,can,-0.1340,0.4207,2.356,0,0.257
1824,3.4474,tetrapak,0.2598,0.3824,2.413,0,0.257
1825,3.4474,chips,0.1777,0.4480,1.571,0,0.257
1826,3.4474,tetrapak,-0.0246,0.4863,2.356,0,0.257
1827,3.4474,tetrapak,0.1613,0.6559,2.356,0,0.257
1828,3.4512,tetrapak,0.1285,0.3605,0.318,0,0.256
1829,3.4512,tetrapak,0.1285,0.6832,1.571,0,0.256
1830,3.4512,chips,-0.0793,0.3988,1.571,0,0.256
1831,3.4512,can,-0.1723,0.4043,1.571,0,0.256
1832,3.4551,chips,0.0520,0.6066,1.571,0,0.256
1833,3.4551,can,-0.1668,0.5082,1.571,0,0.256
1834,3.4551,can,-0.1668,0.4426,1.571,0,0.256
1835,3.4551,can,-0.0902,0.4207,1.571,0,0.256
1836,3.4595,chips,0.1012,0.4918,1.571,0,0.255
1837,3.4595,can,0.0574,0.3770,1.290,0,0.255
1838,3.4595,chips,0.1723,0.6176,1.571,0,0.255
1839,3.4595,can,0.0082,0.4043,1.571,0,0.255
1840,3.4659,can,-0.0137,0.5793,3.009,0,0.255
1841,3.4659,tetrapak,0.0629,0.4207,1.571,0,0.255
1842,3.4659,tetrapak,-0.0355,0.4098,2.318,0,0.255
1843,3.4659,chips,0.1723,0.4043,1.570,0,0.255
1844,3.4701,tetrapak,0.0848,0.5684,0.883,0,0.254
1845,3.4701,can,0.1340,0.4973,2.356,0,0.254
1846,3.4701,can,-0.0355,0.5465,1.571,0,0.254
1847,3.4701,tetrapak,0.1012,0.4262,2.356,0,0.254
1848,3.4739,tetrapak,-0.0246,0.5574,1.571,0,0.254
1849,3.4739,chips,-0.1723,0.4699,2.568,0,0.254
1850,3.4739,can,-0.1449,0.6285,1.571,0,0.254
1851,3.4739,tetrapak,0.0246,0.4973,0.354,0,0.254
1852,3.4778,tetrapak,-0.2652,0.5246,1.754,0,0.253
1853,3.4778,chips,-0.0902,0.4043,1.571,0,0.253
1854,3.4778,can,0.1613,0.3879,1.571,0,0.253
1855,3.4778,chips,-0.1449,0.5574,1.571,0,0.253
1856,3.4836,chips,-0.0793,0.4098,2.082,0,0.253
1857,3.4836,tetrapak,-0.0082,0.4043,0.393,0,0.253
1858,3.4836,tetrapak,-0.0902,0.5629,2.945,0,0.253
1859,3.4836,tetrapak,0.0410,0.4316,1.571,0,0.253
1860,3.4896,can,-0.0246,0.4098,2.892,0,0.252
1861,3.4896,can,0.1504,0.3934,1.571,0,0.252
1862,3.4896,tetrapak,-0.0082,0.4262,0.393,0,0.252
1863,3.4896,chips,-0.1066,0.7926,1.289,0,0.252
1864,3.4938,chips,0.1449,0.5957,2.356,0,0.251
1865,3.4938,chips,0.0465,0.6121,3.078,0,0.251
1866,3.4938,chips,-0.0027,0.5410,2.356,0,0.251
1867,3.4938,chips,0.0082,0.3605,2.356,0,0.251
1868,3.4999,chips,0.0684,0.4152,0.393,0,0.251
1869,3.4999,tetrapak,-0.0191,0.5301,0.393,0,0.251
1870,3.4999,can,0.1121,0.6066,0.393,0,0.251
1871,3.4999,chips,-0.0465,0.5246,2.654,0,0.251
1872,3.5071,can,0.1668,0.4590,0.393,0,0.250
1873,3.5071,chips,0.1285,0.6395,0.393,0,0.250
1874,3.5071,chips,0.0738,0.4973,0.393,0,0.250
1875,3.5071,can,-0.0410,0.5738,0.393,1,0.250
1876,3.5111,tetrapak,0.1668,0.4590,0.393,0,0.250
1877,3.5111,tetrapak,0.2270,0.6449,0.668,0,0.250
1878,3.5111,can,0.0574,0.5520,0.287,0,0.250
1879,3.5111,chips,-0.0410,0.5684,0.393,0,0.250
1880,3.5193,chips,-0.0027,0.6504,1.571,0,0.249
1881,3.5193,can,0.1176,0.4371,1.571,0,0.249
1882,3.5193,tetrapak,0.1613,0.5465,1.571,0,0.249
1883,3.5193,tetrapak,-0.1832,0.4316,1.571,0,0.249
1884,3.5242,chips,-0.0191,0.6613,0.393,0,0.249
1885,3.5242,can,-0.0301,0.6066,0.393,0,0.249
1886,3.5242,chips,0.1395,0.6449,1.571,0,0.249
1887,3.5242,chips,-0.0246,0.4973,1.571,0,0.249
1888,3.5277,chips,0.0301,0.3059,0.052,0,0.248
1889,3.5277,can,-0.0957,0.3934,0.393,0,0.248
1890,3.5277,can,0.1230,0.4371,0.393,0,0.248
1891,3.5277,chips,-0.0355,0.4043,0.393,0,0.248
1892,3.5351,tetrapak,0.0957,0.3988,0.393,1,0.248
1893,3.5351,can,-0.1121,0.5355,0.393,1,0.248
1894,3.5351,tetrapak,0.0793,0.3934,0.393,1,0.248
1895,3.5351,can,-0.0957,0.6230,0.393,0,0.248
1896,3.5417,chips,-0.1121,0.5355,0.967,0,0.247
1897,3.5417,tetrapak,-0.0082,0.5684,0.393,0,0.247
1898,3.5417,can,-0.0301,0.5848,0.393,0,0.247
1899,3.5417,can,0.0738,0.5246,0.078,0,0.247
1900,3.5457,can,-0.1012,0.4809,0.393,0,0.247
1901,3.5457,can,0.0027,0.5574,0.393,0,0.247
1902,3.5457,can,-0.0301,0.5848,0.393,0,0.247
1903,3.5457,can,0.0410,0.5027,0.393,0,0.247
1904,3.5534,tetrapak,0.0848,0.5301,1.571,1,0.246
1905,3.5534,can,-0.0957,0.3496,0.948,0,0.246
1906,3.5534,chips,-0.1012,0.5355,0.393,0,0.246
1907,3.5534,tetrapak,-0.2816,0.4480,1.830,0,0.246
1908,3.5586,can,-0.1395,0.6559,2.984,0,0.246
1909,3.5586,can,-0.1395,0.5574,0.140,0,0.246
1910,3.5586,tetrapak,0.0191,0.6340,0.393,0,0.246
1911,3.5586,can,-0.1012,0.5465,2.630,0,0.246
1912,3.5648,can,-0.1066,0.6066,0.393,0,0.245
1913,3.5648,can,-0.1176,0.5520,0.354,0,0.245
1914,3.5648,chips,-0.0137,0.6504,1.015,0,0.245
1915,3.5648,can,-0.1176,0.5027,0.393,0,0.245
1916,3.5735,tetrapak,-0.1559,0.5738,1.571,0,0.245
1917,3.5735,can,-0.0902,0.5574,0.393,1,0.245
1918,3.5735,chips,-0.0957,0.4043,0.393,0,0.245
1919,3.5735,chips,0.0355,0.5738,0.393,0,0.245
1920,3.5780,tetrapak,-0.1559,0.5793,1.571,0,0.244
1921,3.5780,chips,-0.0902,0.5574,1.571,0,0.244
1922,3.5780,chips,-0.0902,0.4043,1.571,0,0.244
1923,3.5780,can,0.0355,0.5793,1.571,0,0.244
1924,3.5832,tetrapak,-0.1887,0.5410,1.571,0,0.243
1925,3.5832,chips,-0.1941,0.6613,1.571,0,0.243
1926,3.5832,chips,-0.1121,0.3605,1.571,0,0.243
1927,3.5832,tetrapak,-0.1559,0.5027,1.571,0,0.243
1928,3.5890,can,-0.0137,0.3824,0.649,0,0.243
1929,3.5890,chips,-0.1941,0.7105,2.495,0,0.243
1930,3.5890,tetrapak,0.1340,0.3223,2.448,1,0.243
1931,3.5890,can,-0.1121,0.5246,1.571,1,0.243
1932,3.5930,chips,-0.1121,0.5574,0.180,0,0.242
1933,3.5930,tetrapak,-0.1559,0.5520,1.571,0,0.242
1934,3.5930,chips,-0.0738,0.6613,1.571,0,0.242
1935,3.5930,can,0.0793,0.4645,1.571,0,0.242
1936,3.5978,can,-0.1066,0.4590,2.222,0,0.242
1937,3.5978,chips,-0.1559,0.5574,0.393,0,0.242
1938,3.5978,chips,-0.0793,0.6504,0.393,0,0.242
1939,3.5978,can,0.1230,0.4590,0.637,0,0.242
1940,3.6028,can,0.1504,0.5027,0.393,1,0.241
1941,3.6028,chips,-0.1504,0.5355,0.393,0,0.241
1942,3.6028,tetrapak,-0.1504,0.5301,0.393,0,0.241
1943,3.6028,chips,0.1340,0.5465,0.393,0,0.241
1944,3.6063,can,0.1449,0.5027,0.393,0,0.241
1945,3.6063,tetrapak,-0.1449,0.5301,0.393,0,0.241
1946,3.6063,tetrapak,-0.1504,0.5246,0.393,0,0.241
1947,3.6063,chips,0.1230,0.5410,0.393,0,0.241
1948,3.6101,can,-0.0301,0.5355,0.393,0,0.240
1949,3.6101,can,0.1449,0.4043,0.393,0,0.240
1950,3.6101,chips,0.0574,0.5629,2.378,0,0.240
1951,3.6101,can,0.0082,0.3934,0.393,0,0.240
1952,3.6138,chips,-0.1449,0.5191,0.393,0,0.240
1953,3.6138,chips,-0.0191,0.6230,0.675,0,0.240
1954,3.6138,chips,0.1668,0.4918,0.393,0,0.240
1955,3.6138,chips,0.1559,0.6285,0.393,0,0.240
1956,3.6182,can,0.1176,0.4590,0.393,1,0.239
1957,3.6182,chips,-0.1449,0.5246,0.393,0,0.239
1958,3.6182,chips,0.1941,0.4590,0.393,0,0.239
1959,3.6182,can,-0.0137,0.5574,0.393,0,0.239
1960,3.6225,tetrapak,0.0793,0.4754,2.356,0,0.239
1961,3.6225,tetrapak,-0.1176,0.5082,0.856,0,0.239
1962,3.6225,can,0.1941,0.4590,0.393,0,0.239
1963,3.6225,tetrapak,-0.0137,0.5520,0.393,0,0.239
1964,3.6266,can,-0.1012,0.4590,1.571,0,0.238
1965,3.6266,chips,-0.0574,0.5191,3.052,0,0.238
1966,3.6266,can,-0.1613,0.3605,0.112,0,0.238
1967,3.6266,chips,0.1832,0.3934,1.571,0,0.238
1968,3.6307,can,0.0027,0.5355,0.393,0,0.238
1969,3.6307,tetrapak,-0.0957,0.4699,0.393,0,0.238
1970,3.6307,can,0.1559,0.4043,0.393,0,0.238
1971,3.6307,can,0.0027,0.6285,0.393,0,0.238
1972,3.6355,chips,-0.1504,0.5902,0.393,0,0.237
1973,3.6355,tetrapak,-0.0246,0.5738,0.939,0,0.237
1974,3.6355,can,-0.0629,0.3879,0.393,0,0.237
1975,3.6355,can,-0.1121,0.5574,0.531,0,0.237
1976,3.6391,can,-0.1613,0.5957,1.571,0,0.237
1977,3.6391,chips,-0.0355,0.5082,0.776,0,0.237
1978,3.6391,can,-0.0957,0.3879,1.571,0,0.237
1979,3.6391,can,-0.0684,0.5684,1.571,0,0.237
1980,3.6434,tetrapak,-0.0246,0.3113,2.961,1,0.236
1981,3.6434,can,-0.0410,0.5137,0.393,1,0.236
1982,3.6434,can,-0.0137,0.4918,0.551,0,0.236
1983,3.6434,tetrapak,-0.2105,0.6285,2.758,0,0.236
1984,3.6474,can,-0.0301,0.3988,0.393,0,0.235
1985,3.6474,chips,-0.0410,0.5137,0.393,0,0.235
1986,3.6474,can,-0.0301,0.4645,0.393,0,0.235
1987,3.6474,tetrapak,-0.1996,0.5957,0.132,0,0.235
1988,3.6517,tetrapak,-0.3473,0.8473,2.356,0,0.235
1989,3.6517,tetrapak,-0.0191,0.4371,1.943,0,0.235
1990,3.6517,tetrapak,-0.3473,0.8473,2.356,0,0.235
1991,3.6517,tetrapak,-0.3473,0.8473,2.356,0,0.235
1992,3.6558,tetrapak,-0.3473,0.8473,2.356,0,0.234
1993,3.6558,can,-0.0355,0.6285,2.991,0,0.234
1994,3.6558,tetrapak,-0.3473,0.8473,2.356,0,0.234
1995,3.6558,can,0.1832,0.4316,0.126,0,0.234
1996,3.6761,chips,0.0574,0.2020,2.356,0,0.234
1997,3.6761,chips,0.0574,0.2020,2.356,0,0.234
1998,3.6761,tetrapak,0.1777,0.5520,2.356,0,0.234
1999,3.6761,can,0.0684,0.5574,2.446,0,0.234
2000,3.6805,can,0.2598,0.8473,2.356,0,0.233
2001,3.6805,can,-0.3473,0.8473,2.356,0,0.233
2002,3.6805,chips,0.1777,0.5520,2.356,0,0.233
2003,3.6805,chips,0.1012,0.5684,0.615,0,0.233
2004,3.6851,chips,-0.2105,0.5793,1.275,0,0.233
2005,3.6851,can,-0.2324,0.6066,0.039,0,0.233
2006,3.6851,tetrapak,0.2051,0.4098,2.356,0,0.233
2007,3.6851,chips,0.1285,0.4480,2.898,0,0.233
2008,3.6891,can,-0.1941,0.5574,2.893,0,0.232
2009,3.6891,can,0.0520,0.2129,1.571,0,0.232
2010,3.6891,tetrapak,0.2051,0.4098,1.571,0,0.232
2011,3.6891,chips,0.0520,0.2129,1.571,0,0.232
2012,3.6936,can,0.0520,0.2129,1.571,0,0.232
2013,3.6936,can,0.0520,0.2129,1.571,0,0.232
2014,3.6936,chips,0.1832,0.4645,1.244,0,0.232
2015,3.6936,tetrapak,0.0520,0.2129,1.571,0,0.232
2016,3.6975,tetrapak,-0.2215,0.5027,1.635,0,0.231
2017,3.6975,chips,0.0465,0.2184,2.356,0,0.231
2018,3.6975,tetrapak,0.2051,0.5246,2.828,0,0.231
2019,3.6975,can,0.0465,0.2184,2.356,0,0.231
2020,3.7022,can,0.1504,0.5082,1.571,0,0.231
2021,3.7022,tetrapak,0.1176,0.6176,2.401,0,0.231
2022,3.7022,can,-0.1559,0.3988,0.489,0,0.231
2023,3.7022,tetrapak,0.0574,0.2129,1.571,0,0.231
2024,3.7115,chips,0.0574,0.2129,1.571,0,0.230
2025,3.7115,chips,0.0246,0.6613,2.327,0,0.230
2026,3.7115,chips,-0.0848,0.5465,0.657,0,0.230
2027,3.7115,tetrapak,0.0574,0.3824,1.571,0,0.230
2028,3.7168,tetrapak,-0.1285,0.5027,2.011,0,0.230
2029,3.7168,can,0.0574,0.2129,1.571,0,0.230
2030,3.7168,tetrapak,0.0574,0.2129,1.571,0,0.230
2031,3.7168,chips,0.1285,0.3660,1.571,0,0.230
2032,3.7214,can,0.0629,0.3988,1.571,0,0.229
2033,3.7214,chips,0.0574,0.2184,1.571,0,0.229
2034,3.7214,can,0.0574,0.2184,1.571,0,0.229
2035,3.7214,tetrapak,0.0574,0.2184,1.571,0,0.229
2036,3.7261,can,0.0574,0.2184,1.571,0,0.229
2037,3.7261,can,-0.1887,0.5082,0.465,0,0.229
2038,3.7261,tetrapak,0.0574,0.2184,1.571,0,0.229
2039,3.7261,chips,-0.0684,0.5355,1.571,0,0.229
2040,3.7305,chips,-0.1176,0.4207,1.020,0,0.228
2041,3.7305,chips,0.0629,0.2184,1.571,0,0.228
2042,3.7305,chips,0.0629,0.2184,1.571,0,0.228
2043,3.7305,can,-0.0355,0.4918,1.534,0,0.228
2044,3.7355,chips,0.0629,0.2184,2.356,0,0.227
2045,3.7355,chips,0.0629,0.2184,2.356,0,0.227
2046,3.7355,tetrapak,0.0629,0.2184,2.356,0,0.227
2047,3.7355,chips,0.0629,0.2184,2.356,0,0.227
2048,3.7433,tetrapak,0.0629,0.2184,2.356,0,0.227
2049,3.7433,tetrapak,0.0629,0.2184,2.356,0,0.227
2050,3.7433,chips,0.0465,0.3387,2.356,0,0.227
2051,3.7433,tetrapak,-0.0355,0.7105,0.793,0,0.227
2052,3.7494,chips,0.0629,0.2184,2.356,0,0.226
2053,3.7494,tetrapak,0.0191,0.4262,2.356,1,0.226
2054,3.7494,can,0.0629,0.2184,2.356,0,0.226
2055,3.7494,tetrapak,-0.0520,0.3879,2.356,1,0.226
2056,3.7552,tetrapak,0.0629,0.2184,2.356,0,0.226
2057,3.7552,can,0.0191,0.4262,2.356,0,0.226
2058,3.7552,chips,-0.1012,0.4590,1.058,0,0.226
2059,3.7552,chips,-0.0465,0.3879,2.356,0,0.226
2060,3.7622,tetrapak,-0.1723,0.4535,2.356,1,0.225
2061,3.7622,can,0.0629,0.2184,2.356,0,0.225
2062,3.7622,tetrapak,-0.1887,0.5246,1.292,0,0.225
2063,3.7622,can,0.0629,0.2184,2.356,0,0.225
2064,3.7661,tetrapak,-0.1723,0.4535,2.356,0,0.225
2065,3.7661,tetrapak,-0.0738,0.6285,0.393,0,0.225
2066,3.7661,chips,-0.1613,0.4863,2.356,0,0.225
2067,3.7661,can,0.1230,0.5738,0.393,0,0.225
2068,3.7738,chips,0.1613,0.6559,2.356,0,0.224
2069,3.7738,can,-0.1285,0.3605,0.393,0,0.224
2070,3.7738,chips,0.0902,0.6230,0.393,0,0.224
2071,3.7738,tetrapak,0.0082,0.3824,0.393,0,0.224
2072,3.7793,chips,0.2434,0.3332,0.118,0,0.224
2073,3.7793,tetrapak,0.1176,0.4043,0.393,0,0.224
2074,3.7793,tetrapak,-0.1066,0.6340,0.393,0,0.224
2075,3.7793,chips,0.0082,0.4863,0.393,0,0.224
2076,3.7830,can,-0.0957,0.4535,0.393,0,0.223
2077,3.7830,tetrapak,-0.1449,0.4918,1.571,0,0.223
2078,3.7830,tetrapak,-0.1777,0.4754,1.104,0,0.223
2079,3.7830,chips,0.1340,0.3824,0.190,0,0.223
2080,3.7924,can,0.0793,0.5082,0.393,0,0.223
2081,3.7924,tetrapak,0.0684,0.4535,0.393,0,0.223
2082,3.7924,can,-0.1230,0.5793,2.467,0,0.223
2083,3.7924,chips,-0.0301,0.6230,0.393,0,0.223
2084,3.7967,chips,-0.0684,0.6395,0.128,0,0.222
2085,3.7967,can,0.1449,0.4590,1.571,0,0.222
2086,3.7967,can,0.0191,0.5848,1.571,0,0.222
2087,3.7967,tetrapak,0.2160,0.3168,1.571,0,0.222
2088,3.8006,can,-0.0629,0.3988,0.393,0,0.222
2089,3.8006,can,0.1777,0.3715,0.393,0,0.222
2090,3.8006,chips,-0.0520,0.3605,0.393,0,0.222
2091,3.8006,chips,-0.1449,0.5246,1.571,0,0.222
2092,3.8057,tetrapak,-0.0793,0.4809,0.393,0,0.221
2093,3.8057,can,-0.0465,0.6230,0.393,0,0.221
2094,3.8057,chips,-0.0301,0.5191,0.393,0,0.221
2095,3.8057,can,-0.0520,0.4973,0.393,0,0.221
2096,3.8111,chips,0.1340,0.6012,1.775,0,0.221
2097,3.8111,chips,0.1668,0.3770,0.393,0,0.221
2098,3.8111,tetrapak,0.0355,0.4480,0.393,0,0.221
2099,3.8111,can,-0.0191,0.4207,0.393,0,0.221
2100,3.8153,chips,0.1941,0.4207,0.393,0,0.220
2101,3.8153,can,-0.1395,0.5574,0.393,0,0.220
2102,3.8153,tetrapak,-0.1777,0.3551,0.393,0,0.220
2103,3.8153,chips,-0.1066,0.3605,0.393,0,0.220
2104,3.8193,can,0.0246,0.6066,0.393,0,0.219
2105,3.8193,tetrapak,-0.1613,0.4699,0.393,0,0.219
2106,3.8193,can,-0.0410,0.3934,0.393,0,0.219
2107,3.8193,tetrapak,-0.1559,0.5738,0.393,0,0.219
2108,3.8249,tetrapak,-0.2160,0.3824,0.011,0,0.219
2109,3.8249,can,0.1395,0.3988,1.603,0,0.219
2110,3.8249,chips,0.0410,0.4645,2.356,0,0.219
2111,3.8249,tetrapak,-0.0793,0.4043,1.571,0,0.219
2112,3.8302,can,0.0793,0.5410,2.356,1,0.218
2113,3.8302,tetrapak,-0.1121,0.4098,1.866,0,0.218
2114,3.8302,tetrapak,0.1777,0.3770,2.356,0,0.218
2115,3.8302,can,0.1668,0.6176,2.356,1,0.218
2116,3.8352,chips,0.0738,0.5465,1.571,0,0.218
2117,3.8352,chips,-0.1230,0.4973,1.571,0,0.218
2118,3.8352,tetrapak,0.1723,0.3770,1.571,0,0.218
2119,3.8352,tetrapak,0.1668,0.6176,1.571,0,0.218
2120,3.8390,can,-0.0082,0.3934,1.272,0,0.217
2121,3.8390,can,-0.0738,0.3715,1.571,0,0.217
2122,3.8390,can,-0.0027,0.3824,1.571,0,0.217
2123,3.8390,chips,0.0355,0.5957,1.571,0,0.217
2124,3.8456,tetrapak,-0.1668,0.5246,1.571,1,0.217
2125,3.8456,can,0.1504,0.3824,0.393,0,0.217
2126,3.8456,tetrapak,-0.1723,0.4426,0.086,0,0.217
2127,3.8456,chips,-0.1066,0.5301,0.393,0,0.217
2128,3.8498,tetrapak,-0.1668,0.5301,1.571,0,0.216
2129,3.8498,can,0.1777,0.4098,2.403,0,0.216
2130,3.8498,can,-0.1668,0.4863,1.571,0,0.216
2131,3.8498,tetrapak,-0.1121,0.5301,0.393,0,0.216
2132,3.8571,tetrapak,-0.3473,0.7434,0.100,0,0.216
2133,3.8571,can,0.0738,0.6012,1.571,0,0.216
2134,3.8571,chips,-0.1559,0.4535,1.571,0,0.216
2135,3.8571,can,-0.0355,0.4754,1.571,0,0.216
2136,3.8624,tetrapak,-0.0684,0.4754,1.571,0,0.215
2137,3.8624,can,-0.1449,0.4590,0.153,0,0.215
2138,3.8624,can,-0.0738,0.4645,1.571,0,0.215
2139,3.8624,tetrapak,-0.0902,0.4699,1.571,0,0.215
2140,3.8662,tetrapak,0.0027,0.5574,2.356,0,0.215
2141,3.8662,can,0.1066,0.5465,2.219,0,0.215
2142,3.8662,tetrapak,0.1121,0.5520,2.356,0,0.215
2143,3.8662,chips,-0.1887,0.4480,2.598,0,0.215
2144,3.8706,chips,-0.0465,0.6613,0.393,0,0.214
2145,3.8706,can,-0.0027,0.3387,0.461,0,0.214
2146,3.8706,can,0.0957,0.4590,0.393,1,0.214
2147,3.8706,tetrapak,-0.1449,0.4535,1.571,1,0.214
2148,3.8749,tetrapak,-0.0465,0.6613,0.393,0,0.214
2149,3.8749,can,0.0410,0.3988,1.365,0,0.214
2150,3.8749,chips,0.0902,0.4590,0.393,0,0.214
2151,3.8749,tetrapak,-0.1449,0.4535,1.571,0,0.214
2152,3.8790,chips,-0.1012,0.6066,2.356,0,0.213
2153,3.8790,tetrapak,-0.0246,0.5465,1.738,0,0.213
2154,3.8790,tetrapak,0.2215,0.5684,2.356,0,0.213
2155,3.8790,chips,-0.0246,0.6285,2.356,0,0.213
2156,3.8830,chips,0.1012,0.5465,0.393,0,0.213
2157,3.8830,can,-0.0793,0.6504,2.356,0,0.213
2158,3.8830,tetrapak,-0.0957,0.5738,0.393,0,0.213
2159,3.8830,chips,-0.1230,0.5684,2.451,0,0.213
2160,3.8896,tetrapak,-0.1559,0.4371,1.212,0,0.212
2161,3.8896,tetrapak,0.1176,0.3770,0.393,0,0.212
2162,3.8896,can,-0.1395,0.3551,2.356,0,0.212
2163,3.8896,can,-0.1012,0.3879,0.393,0,0.212
2164,3.8952,can,-0.1012,0.3715,1.006,0,0.211
2165,3.8952,can,0.1613,0.4918,1.571,0,0.211
2166,3.8952,chips,-0.0137,0.5355,1.571,0,0.211
2167,3.8952,can,0.1230,0.3660,1.571,0,0.211
2168,3.8998,tetrapak,0.1230,0.4809,1.571,0,0.211
2169,3.8998,can,-0.0902,0.6285,1.571,0,0.211
2170,3.8998,can,0.1395,0.6230,1.571,0,0.211
2171,3.8998,chips,0.0684,0.4590,1.571,0,0.211
2172,3.9055,tetrapak,0.1066,0.4645,1.571,0,0.210
2173,3.9055,chips,-0.1121,0.3605,1.571,0,0.210
2174,3.9055,chips,0.1176,0.3770,1.571,0,0.210
2175,3.9055,tetrapak,0.1613,0.6230,1.571,0,0.210
2176,3.9120,tetrapak,-0.0246,0.6176,2.356,0,0.210
2177,3.9120,can,0.0246,0.3988,2.356,0,0.210
2178,3.9120,can,-0.0738,0.5355,2.356,0,0.210
2179,3.9120,chips,0.1285,0.5465,1.571,0,0.210
2180,3.9159,chips,-0.1777,0.4480,1.571,0,0.209
2181,3.9159,chips,0.0684,0.4262,1.571,0,0.209
2182,3.9159,can,0.0738,0.6285,1.571,0,0.209
2183,3.9159,chips,0.0957,0.4043,1.571,0,0.209
2184,3.9205,can,0.0629,0.6285,2.844,0,0.209
2185,3.9205,chips,-0.0902,0.3715,1.571,0,0.209
2186,3.9205,chips,-0.0465,0.3715,1.571,0,0.209
2187,3.9205,tetrapak,0.0082,0.3441,2.153,0,0.209
2188,3.9260,can,-0.0793,0.5957,2.356,0,0.208
2189,3.9260,chips,-0.0027,0.4152,2.356,0,0.208
2190,3.9260,chips,0.2379,0.4863,0.205,0,0.208
2191,3.9260,tetrapak,0.0957,0.4152,2.356,0,0.208
2192,3.9307,tetrapak,0.0629,0.6012,2.356,0,0.208
2193,3.9307,can,0.1723,0.5902,2.356,0,0.208
2194,3.9307,chips,-0.0465,0.2949,3.063,0,0.208
2195,3.9307,tetrapak,0.0082,0.4316,1.220,0,0.208
2196,3.9344,can,0.0957,0.5355,1.571,0,0.207
2197,3.9344,can,0.1504,0.5465,1.571,0,0.207
2198,3.9344,chips,0.1941,0.3441,1.571,0,0.207
2199,3.9344,tetrapak,-0.1613,0.6340,1.571,0,0.207
2200,3.9400,chips,-0.2324,0.3934,1.241,0,0.207
2201,3.9400,can,-0.1230,0.3715,2.356,0,0.207
2202,3.9400,chips,-0.1395,0.3332,2.356,0,0.207
2203,3.9400,can,0.0191,0.5738,1.571,0,0.207
2204,3.9461,can,0.1613,0.3441,2.356,0,0.206
2205,3.9461,tetrapak,0.1449,0.6176,2.356,0,0.206
2206,3.9461,can,0.0957,0.6121,2.356,0,0.206
2207,3.9461,tetrapak,-0.1066,0.4098,2.356,0,0.206
2208,3.9501,can,-0.1340,0.3770,1.571,0,0.206
2209,3.9501,can,-0.0684,0.3113,2.742,0,0.206
2210,3.9501,chips,-0.0027,0.3988,1.571,0,0.206
2211,3.9501,chips,0.0738,0.5848,1.280,0,0.206
2212,3.9540,can,-0.0902,0.3988,2.356,0,0.205
2213,3.9540,can,-0.1559,0.5738,2.356,0,0.205
2214,3.9540,can,-0.2324,0.4426,2.412,0,0.205
2215,3.9540,can,0.1176,0.3387,2.251,0,0.205
2216,3.9593,tetrapak,-0.1066,0.6176,2.356,0,0.205
2217,3.9593,chips,-0.1066,0.6285,2.356,0,0.205
2218,3.9593,tetrapak,-0.0301,0.6176,2.356,0,0.205
2219,3.9593,can,0.1613,0.5410,2.356,1,0.205
2220,3.9638,chips,0.0246,0.5082,2.356,0,0.204
2221,3.9638,chips,0.0137,0.6941,1.992,0,0.204
2222,3.9638,can,-0.1121,0.5684,2.356,1,0.204
2223,3.9638,tetrapak,-0.0574,0.5848,2.356,0,0.204
2224,3.9680,chips,-0.0520,0.5629,2.563,0,0.203
2225,3.9680,can,-0.0684,0.5957,0.393,0,0.203
2226,3.9680,chips,-0.1121,0.5684,0.393,0,0.203
2227,3.9680,chips,-0.0574,0.5957,0.393,0,0.203
2228,3.9734,chips,-0.0191,0.3934,0.393,0,0.203
2229,3.9734,chips,-0.1723,0.5301,0.708,0,0.203
2230,3.9734,chips,0.0301,0.4754,0.393,0,0.203
2231,3.9734,can,-0.0082,0.6066,0.393,0,0.203
2232,3.9779,tetrapak,0.0574,0.3496,0.393,0,0.202
2233,3.9779,chips,0.0027,0.4973,0.393,0,0.202
2234,3.9779,can,0.0520,0.6285,0.393,0,0.202
2235,3.9779,chips,-0.1449,0.3770,0.393,0,0.202
2236,3.9829,tetrapak,-0.0738,0.3770,2.356,1,0.202
2237,3.9829,can,0.0684,0.6887,1.745,0,0.202
2238,3.9829,chips,-0.0684,0.4207,2.356,0,0.202
2239,3.9829,can,-0.1121,0.5027,2.356,1,0.202
2240,3.9866,chips,-0.0738,0.3824,2.356,0,0.201
2241,3.9866,chips,0.0793,0.6285,2.356,0,0.201
2242,3.9866,can,-0.0684,0.4152,2.356,0,0.201
2243,3.9866,chips,-0.1176,0.5082,2.356,0,0.201
2244,3.9914,chips,0.2270,0.6777,1.177,0,0.201
2245,3.9914,can,-0.0848,0.3879,2.356,0,0.201
2246,3.9914,chips,-0.0246,0.6230,0.614,0,0.201
2247,3.9914,tetrapak,-0.0082,0.4152,2.356,0,0.201
2248,3.9953,chips,0.0410,0.5684,2.609,0,0.200
2249,3.9953,chips,-0.0738,0.5027,2.757,0,0.200
2250,3.9953,tetrapak,-0.1887,0.4207,0.511,0,0.200
2251,3.9953,tetrapak,-0.1121,0.4809,2.356,0,0.200
2252,3.9994,can,-0.1996,0.5738,0.800,0,0.200
2253,3.9994,tetrapak,-0.0082,0.5629,2.356,0,0.200
2254,3.9994,can,0.1230,0.5848,2.356,0,0.200
2255,3.9994,can,0.1012,0.3824,1.613,0,0.200
2256,4.0034,chips,-0.1012,0.4480,2.356,0,0.199
2257,4.0034,tetrapak,-0.0137,0.5957,2.356,0,0.199
2258,4.0034,tetrapak,-0.1012,0.3660,2.356,0,0.199
2259,4.0034,chips,-0.1504,0.5027,2.356,0,0.199
2260,4.0074,can,-0.0082,0.6121,2.356,0,0.199
2261,4.0074,can,0.0246,0.4480,2.356,0,0.199
2262,4.0074,chips,-0.1066,0.5301,2.356,0,0.199
2263,4.0074,chips,0.3090,0.7488,1.716,0,0.199
2264,4.0113,chips,-0.1012,0.4535,2.356,0,0.198
2265,4.0113,tetrapak,0.1230,0.3988,2.356,0,0.198
2266,4.0113,can,-0.2324,0.5191,0.967,0,0.198
2267,4.0113,chips,-0.0246,0.5301,2.356,0,0.198
2268,4.0151,chips,0.0848,0.5629,2.356,0,0.198
2269,4.0151,chips,-0.1777,0.4152,2.356,0,0.198
2270,4.0151,tetrapak,0.0137,0.5082,2.356,0,0.198
2271,4.0151,tetrapak,0.0410,0.3660,2.356,0,0.198
2272,4.0186,tetrapak,-0.1066,0.4535,2.356,0,0.197
2273,4.0186,can,0.0574,0.3223,1.456,0,0.197
2274,4.0186,chips,-0.1832,0.6996,1.271,0,0.197
2275,4.0186,can,-0.0355,0.6176,1.571,0,0.197
2276,4.0226,tetrapak,-0.2434,0.3988,2.701,0,0.197
2277,4.0226,can,-0.1613,0.4535,2.356,0,0.197
2278,4.0226,can,0.2926,0.5902,0.660,0,0.197
2279,4.0226,tetrapak,0.0027,0.4535,2.356,0,0.197
2280,4.0263,can,0.1613,0.4918,2.356,0,0.196
2281,4.0263,tetrapak,-0.0465,0.4590,2.356,0,0.196
2282,4.0263,chips,-0.0902,0.6285,2.356,0,0.196
2283,4.0263,can,0.0629,0.5957,1.571,0,0.196
2284,4.0307,chips,-0.0520,0.3715,1.571,0,0.195
2285,4.0307,tetrapak,-0.1449,0.4043,1.571,0,0.195
2286,4.0307,tetrapak,0.0738,0.3934,1.571,0,0.195
2287,4.0307,tetrapak,0.1285,0.4098,1.571,0,0.195
2288,4.0345,chips,-0.0465,0.4098,1.571,0,0.195
2289,4.0345,chips,0.0355,0.4918,1.571,0,0.195
2290,4.0345,can,0.0082,0.4043,1.571,0,0.195
2291,4.0345,tetrapak,0.1504,0.4098,1.571,0,0.195
2292,4.0389,chips,-0.0027,0.4918,1.571,0,0.194
2293,4.0389,chips,-0.0246,0.5902,1.571,0,0.194
2294,4.0389,tetrapak,0.0355,0.5629,1.571,0,0.194
2295,4.0389,chips,-0.0520,0.3605,1.571,0,0.194
2296,4.0445,can,0.1395,0.5082,1.571,1,0.194
2297,4.0445,chips,-0.0957,0.3387,1.705,0,0.194
2298,4.0445,chips,0.1668,0.5957,1.571,0,0.194
2299,4.0445,can,-0.1668,0.3605,1.571,0,0.194
2300,4.0488,chips,0.1340,0.5082,1.571,0,0.193
2301,4.0488,can,-0.1668,0.3223,1.571,0,0.193
2302,4.0488,tetrapak,0.1668,0.6012,1.571,0,0.193
2303,4.0488,tetrapak,-0.1613,0.3715,1.571,0,0.193
2304,4.0540,tetrapak,-0.1613,0.3879,1.571,1,0.193
2305,4.0540,tetrapak,-0.1887,0.6230,1.571,1,0.193
2306,4.0540,tetrapak,0.1668,0.4699,1.571,1,0.193
2307,4.0540,tetrapak,0.1176,0.5137,1.571,1,0.193
2308,4.0592,can,-0.1613,0.3934,1.571,0,0.192
2309,4.0592,tetrapak,-0.1887,0.6285,1.571,0,0.192
2310,4.0592,tetrapak,0.1668,0.4754,1.571,0,0.192
2311,4.0592,chips,0.1230,0.5137,1.571,0,0.192
2312,4.0634,tetrapak,-0.0738,0.4590,0.393,0,0.192
2313,4.0634,tetrapak,0.0137,0.5465,0.393,0,0.192
2314,4.0634,can,-0.1285,0.6012,1.571,0,0.192
2315,4.0634,tetrapak,-0.0957,0.4043,0.393,0,0.192
2316,4.0674,chips,0.1285,0.3824,1.571,0,0.191
2317,4.0674,chips,0.0082,0.3934,1.571,0,0.191
2318,4.0674,can,-0.0410,0.4426,1.571,0,0.191
2319,4.0674,chips,0.1285,0.5738,1.571,0,0.191
2320,4.0718,can,-0.1121,0.5082,1.571,0,0.191
2321,4.0718,chips,0.1066,0.4590,1.571,0,0.191
2322,4.0718,tetrapak,0.0629,0.4043,1.571,0,0.191
2323,4.0718,chips,0.2160,0.4535,2.010,0,0.191
2324,4.0792,tetrapak,-0.1340,0.5027,1.178,0,0.190
2325,4.0792,tetrapak,0.1832,0.3496,1.802,0,0.190
2326,4.0792,can,-0.0902,0.6230,1.571,0,0.190
2327,4.0792,tetrapak,-0.0738,0.6285,1.178,0,0.190
2328,4.0829,tetrapak,-0.1777,0.5848,1.571,0,0.190
2329,4.0829,can,-0.0957,0.5520,1.178,0,0.190
2330,4.0829,can,-0.1559,0.5738,1.178,0,0.190
2331,4.0829,can,-0.0355,0.6285,2.033,0,0.190
2332,4.0868,tetrapak,-0.0082,0.4590,1.571,0,0.189
2333,4.0868,can,-0.0301,0.5793,2.339,0,0.189
2334,4.0868,tetrapak,0.0848,0.5465,1.178,0,0.189
2335,4.0868,tetrapak,-0.1613,0.3988,1.178,0,0.189
2336,4.0913,can,-0.0793,0.6340,1.571,0,0.189
2337,4.0913,can,0.1176,0.6066,1.178,0,0.189
2338,4.0913,can,-0.0957,0.4699,1.178,0,0.189
2339,4.0913,tetrapak,-0.1887,0.5137,1.571,0,0.189
2340,4.0984,can,0.0738,0.4207,1.571,0,0.188
2341,4.0984,tetrapak,-0.0465,0.5902,1.571,1,0.188
2342,4.0984,tetrapak,-0.0355,0.4918,1.571,1,0.188
2343,4.0984,chips,0.0410,0.4262,1.571,0,0.188
2344,4.1032,chips,0.0738,0.4152,1.571,0,0.187
2345,4.1032,tetrapak,-0.0465,0.5902,1.571,0,0.187
2346,4.1032,can,-0.0355,0.4863,1.571,0,0.187
2347,4.1032,can,0.0410,0.4262,1.571,0,0.187
2348,4.1080,can,0.0848,0.4918,1.571,0,0.187
2349,4.1080,tetrapak,-0.0246,0.4535,1.571,0,0.187
2350,4.1080,tetrapak,-0.0465,0.4754,2.178,0,0.187
2351,4.1080,can,-0.1613,0.5520,1.571,0,0.187
2352,4.1149,tetrapak,-0.1559,0.5410,1.571,0,0.186
2353,4.1149,chips,0.0957,0.6012,1.571,0,0.186
2354,4.1149,tetrapak,0.1613,0.6395,1.571,0,0.186
2355,4.1149,tetrapak,-0.0137,0.4207,1.571,0,0.186
2356,4.1187,chips,-0.1613,0.3879,2.356,0,0.186
2357,4.1187,can,0.1723,0.5848,2.356,0,0.186
2358,4.1187,chips,0.1230,0.6121,1.571,0,0.186
2359,4.1187,chips,0.0027,0.5410,2.356,0,0.186
2360,4.1222,chips,0.1176,0.3551,2.356,0,0.185
2361,4.1222,chips,-0.0520,0.4316,2.356,0,0.185
2362,4.1222,can,-0.1832,0.5410,2.356,0,0.185
2363,4.1222,can,-0.1504,0.5957,2.356,0,0.185
2364,4.1262,chips,0.0301,0.5902,0.393,0,0.185
2365,4.1262,can,-0.0957,0.5191,0.393,0,0.185
2366,4.1262,chips,0.1066,0.6668,0.055,0,0.185
2367,4.1262,can,0.1066,0.3988,0.393,0,0.185
2368,4.1302,tetrapak,0.0137,0.6941,0.414,0,0.184
2369,4.1302,chips,0.1504,0.6176,0.393,0,0.184
2370,4.1302,chips,-0.1012,0.4590,0.393,0,0.184
2371,4.1302,can,0.0848,0.4754,0.393,0,0.184
2372,4.1342,tetrapak,0.0684,0.5301,0.000,0,0.184
2373,4.1342,can,-0.0137,0.3770,0.000,0,0.184
2374,4.1342,chips,-0.0465,0.5301,0.000,0,0.184
2375,4.1342,chips,-0.1668,0.4645,0.000,0,0.184
2376,4.1381,tetrapak,0.1668,0.6285,1.571,0,0.183
2377,4.1381,chips,0.1723,0.5082,1.571,0,0.183
2378,4.1381,tetrapak,0.1559,0.6066,2.626,0,0.183
2379,4.1381,can,-0.0355,0.5465,1.571,0,0.183
2380,4.1418,chips,-0.1121,0.3605,1.571,0,0.183
2381,4.1418,chips,-0.0902,0.4426,1.571,0,0.183
2382,4.1418,can,-0.1887,0.4809,0.591,0,0.183
2383,4.1418,chips,0.1012,0.4098,1.571,0,0.183
2384,4.1459,can,-0.1340,0.5902,1.571,1,0.182
2385,4.1459,chips,-0.0629,0.6230,1.571,0,0.182
2386,4.1459,chips,0.2215,0.6504,1.016,0,0.182
2387,4.1459,chips,-0.1066,0.6176,1.571,0,0.182
2388,4.1500,tetrapak,-0.1340,0.5902,0.000,0,0.182
2389,4.1500,tetrapak,-0.1340,0.7926,2.206,0,0.182
2390,4.1500,chips,0.0355,0.6176,0.000,0,0.182
2391,4.1500,chips,-0.0957,0.5957,0.000,0,0.182
2392,4.1541,chips,0.0738,0.4098,0.000,0,0.181
2393,4.1541,tetrapak,0.0902,0.4918,1.571,0,0.181
2394,4.1541,tetrapak,-0.0629,0.5301,0.000,0,0.181
2395,4.1541,tetrapak,0.0191,0.4316,0.000,0,0.181
2396,4.1580,tetrapak,0.0629,0.3441,0.000,0,0.181
2397,4.1580,can,0.1613,0.4918,1.471,0,0.181
2398,4.1580,tetrapak,-0.0137,0.6285,2.356,0,0.181
2399,4.1580,tetrapak,0.1723,0.4590,0.430,0,0.181
2400,4.1615,chips,-0.1066,0.4426,2.356,0,0.180
2401,4.1615,tetrapak,-0.1668,0.4918,2.356,0,0.180
2402,4.1615,can,-0.1559,0.5574,1.571,0,0.180
2403,4.1615,can,0.1832,0.6066,1.571,0,0.180
2404,4.1657,tetrapak,0.0082,0.6121,2.356,0,0.179
2405,4.1657,can,0.0355,0.3934,1.571,0,0.179
2406,4.1657,can,0.0191,0.4262,2.356,0,0.179
2407,4.1657,chips,-0.1285,0.6012,2.356,0,0.179
2408,4.1695,can,0.1230,0.4043,1.571,0,0.179
2409,4.1695,tetrapak,-0.1449,0.4863,2.356,0,0.179
2410,4.1695,can,-0.1066,0.4918,2.356,0,0.179
2411,4.1695,chips,-0.0137,0.4754,2.356,0,0.179
2412,4.1832,chips,-0.2270,0.3715,2.959,0,0.178
2413,4.1832,can,-0.0957,0.4645,2.356,0,0.178
2414,4.1832,can,0.0793,0.6012,2.356,0,0.178
2415,4.1832,tetrapak,-0.1395,0.5957,2.356,0,0.178
2416,4.1871,chips,-0.1723,0.3879,2.356,0,0.178
2417,4.1871,chips,-0.0957,0.4645,2.356,0,0.178
2418,4.1871,tetrapak,0.0902,0.5902,3.067,0,0.178
2419,4.1871,can,-0.1449,0.5629,2.937,0,0.178
2420,4.1912,tetrapak,0.1449,0.4098,2.356,0,0.177
2421,4.1912,can,0.0684,0.5246,2.258,0,0.177
2422,4.1912,can,-0.0137,0.4480,2.356,0,0.177
2423,4.1912,can,0.0574,0.3660,2.356,0,0.177
2424,4.1963,chips,0.0520,0.3934,2.356,0,0.177
2425,4.1963,tetrapak,-0.1395,0.4043,2.356,0,0.177
2426,4.1963,tetrapak,-0.0301,0.5738,2.356,0,0.177
2427,4.1963,chips,-0.0191,0.3660,2.356,0,0.177
2428,4.2018,tetrapak,0.1941,0.6066,3.062,0,0.176
2429,4.2018,chips,-0.1230,0.4371,1.571,0,0.176
2430,4.2018,tetrapak,-0.1176,0.5902,1.571,0,0.176
2431,4.2018,chips,0.1832,0.5574,1.571,0,0.176
2432,4.2056,chips,0.1340,0.5793,1.571,0,0.176
2433,4.2056,chips,-0.0848,0.3879,1.571,0,0.176
2434,4.2056,chips,-0.1559,0.4098,1.571,0,0.176
2435,4.2056,tetrapak,0.1559,0.3113,1.204,0,0.176
2436,4.2101,chips,0.0738,0.3879,1.571,0,0.175
2437,4.2101,chips,0.1121,0.5246,1.571,0,0.175
2438,4.2101,tetrapak,0.2051,0.4371,1.571,1,0.175
2439,4.2101,tetrapak,-0.1559,0.5902,1.571,0,0.175
2440,4.2148,can,0.1668,0.3605,1.571,0,0.175
2441,4.2148,can,0.0301,0.4262,1.571,1,0.175
2442,4.2148,chips,0.0902,0.3605,1.571,0,0.175
2443,4.2148,chips,0.1066,0.3715,1.571,0,0.175
2444,4.2191,chips,0.1668,0.3605,1.571,0,0.174
2445,4.2191,can,0.0301,0.4699,1.087,0,0.174
2446,4.2191,chips,0.0684,0.3332,1.145,0,0.174
2447,4.2191,tetrapak,0.0355,0.3879,0.549,0,0.174
2448,4.2246,chips,-0.0027,0.3879,1.559,0,0.174
2449,4.2246,can,0.1176,0.5355,1.571,1,0.174
2450,4.2246,tetrapak,-0.1559,0.5738,1.571,0,0.174
2451,4.2246,tetrapak,-0.1887,0.3496,0.978,1,0.174
2452,4.2331,chips,-0.0191,0.5410,1.571,0,0.173
2453,4.2331,tetrapak,-0.0793,0.5957,1.571,0,0.173
2454,4.2331,chips,-0.1121,0.5793,1.571,0,0.173
2455,4.2331,tetrapak,0.0082,0.4043,1.571,1,0.173
2456,4.2384,can,-0.0246,0.5410,1.571,0,0.173
2457,4.2384,chips,-0.1340,0.5902,1.185,0,0.173
2458,4.2384,can,-0.1121,0.5793,1.571,0,0.173
2459,4.2384,can,0.0082,0.4043,1.571,0,0.173
2460,4.2433,can,0.1121,0.6996,0.632,0,0.172
2461,4.2433,can,0.0574,0.5355,0.642,0,0.172
2462,4.2433,can,0.0738,0.5793,1.571,1,0.172
2463,4.2433,can,0.1723,0.6121,1.571,0,0.172
2464,4.2470,tetrapak,0.1012,0.6285,0.000,0,0.171
2465,4.2470,tetrapak,0.0301,0.5301,0.000,0,0.171
2466,4.2470,can,0.1012,0.5902,2.393,0,0.171
2467,4.2470,tetrapak,0.1668,0.6012,0.000,0,0.171
2468,4.2507,tetrapak,-0.1723,0.5738,2.972,0,0.171
2469,4.2507,chips,0.0902,0.6230,2.356,0,0.171
2470,4.2507,tetrapak,0.0738,0.4316,0.000,0,0.171
2471,4.2507,chips,-0.0684,0.5082,0.000,0,0.171
2472,4.2545,chips,0.0410,0.3660,2.356,0,0.170
2473,4.2545,chips,0.1449,0.3715,2.356,0,0.170
2474,4.2545,tetrapak,0.1340,0.5738,2.356,0,0.170
2475,4.2545,can,0.0902,0.3277,2.356,0,0.170
2476,4.2584,tetrapak,-0.0957,0.6285,2.356,0,0.170
2477,4.2584,can,-0.0520,0.4973,2.356,0,0.170
2478,4.2584,can,-0.0793,0.4645,2.356,0,0.170
2479,4.2584,tetrapak,0.2215,0.4098,0.682,0,0.170
2480,4.2625,chips,0.0793,0.5629,2.356,0,0.169
2481,4.2625,tetrapak,-0.0082,0.5137,0.136,0,0.169
2482,4.2625,chips,0.1449,0.5246,1.607,0,0.169
2483,4.2625,chips,0.1176,0.4043,2.356,0,0.169
2484,4.2666,can,0.1668,0.6012,2.356,0,0.169
2485,4.2666,tetrapak,-0.0191,0.4863,2.356,0,0.169
2486,4.2666,chips,-0.0465,0.5410,2.356,0,0.169
2487,4.2666,tetrapak,-0.0191,0.3551,2.356,0,0.169
2488,4.2704,can,-0.1723,0.6012,2.356,0,0.168
2489,4.2704,chips,-0.0082,0.6395,1.571,0,0.168
2490,4.2704,chips,-0.0957,0.5902,2.356,0,0.168
2491,4.2704,can,0.1559,0.6285,2.356,0,0.168
2492,4.2743,chips,0.0684,0.5082,2.356,0,0.168
2493,4.2743,chips,-0.0848,0.3660,2.356,0,0.168
2494,4.2743,chips,0.1340,0.4480,2.356,0,0.168
2495,4.2743,chips,0.1395,0.5301,2.398,0,0.168
2496,4.2779,chips,-0.0793,0.4262,2.356,0,0.167
2497,4.2779,tetrapak,0.0246,0.4645,2.356,0,0.167
2498,4.2779,tetrapak,-0.1176,0.3988,2.356,0,0.167
2499,4.2779,tetrapak,0.0301,0.3715,2.356,0,0.167
2500,4.2829,chips,0.0027,0.5738,2.356,0,0.167
2501,4.2829,chips,0.0301,0.5848,2.356,0,0.167
2502,4.2829,chips,-0.0902,0.3660,0.902,0,0.167
2503,4.2829,tetrapak,-0.1668,0.4863,2.356,1,0.167
2504,4.2873,chips,0.0027,0.5738,2.356,0,0.166
2505,4.2873,can,0.0301,0.5902,2.356,0,0.166
2506,4.2873,chips,-0.1504,0.3441,2.356,0,0.166
2507,4.2873,tetrapak,-0.1723,0.4754,2.356,0,0.166
2508,4.2911,chips,-0.0410,0.5848,2.356,0,0.166
2509,4.2911,chips,-0.0027,0.6176,2.356,0,0.166
2510,4.2911,can,-0.0738,0.4152,2.356,0,0.166
2511,4.2911,can,-0.1066,0.6066,2.356,0,0.166
2512,4.2953,chips,-0.1285,0.6012,2.356,0,0.165
2513,4.2953,can,0.0793,0.6012,2.356,0,0.165
2514,4.2953,tetrapak,-0.1449,0.3879,2.356,0,0.165
2515,4.2953,chips,0.0355,0.4316,2.356,0,0.165
2516,4.2991,tetrapak,-0.0355,0.6285,2.356,0,0.165
2517,4.2991,tetrapak,-0.0301,0.6230,2.356,0,0.165
2518,4.2991,tetrapak,0.0191,0.3824,2.323,0,0.165
2519,4.2991,chips,0.0137,0.4754,0.468,0,0.165
2520,4.3032,can,0.0465,0.3879,2.356,0,0.164
2521,4.3032,tetrapak,-0.1395,0.4754,1.571,0,0.164
2522,4.3032,chips,-0.0355,0.5902,1.571,0,0.164
2523,4.3032,can,-0.1941,0.6066,2.356,0,0.164
2524,4.3070,chips,0.1504,0.4480,2.350,0,0.163
2525,4.3070,chips,0.1887,0.4207,1.571,0,0.163
2526,4.3070,can,0.1723,0.5848,1.571,0,0.163
2527,4.3070,tetrapak,0.1504,0.5137,1.571,0,0.163
2528,4.3109,can,-0.1012,0.4918,1.571,0,0.163
2529,4.3109,tetrapak,-0.0246,0.3332,1.571,0,0.163
2530,4.3109,can,0.0355,0.5465,1.905,0,0.163
2531,4.3109,can,-0.0355,0.5848,1.571,0,0.163
2532,4.3149,tetrapak,-0.1887,0.5082,1.571,0,0.162
2533,4.3149,tetrapak,0.1176,0.5574,1.571,0,0.162
2534,4.3149,chips,0.0520,0.6230,1.571,0,0.162
2535,4.3149,tetrapak,0.1395,0.4918,1.571,0,0.162
2536,4.3182,chips,-0.1230,0.6395,1.571,0,0.162
2537,4.3182,tetrapak,0.0410,0.4480,1.922,0,0.162
2538,4.3182,tetrapak,0.1449,0.6504,1.571,0,0.162
2539,4.3182,can,-0.1230,0.6723,2.342,0,0.162
2540,4.3219,chips,-0.0246,0.3660,1.571,0,0.161
2541,4.3219,chips,-0.1395,0.6285,1.571,0,0.161
2542,4.3219,chips,-0.1230,0.6121,2.439,0,0.161
2543,4.3219,tetrapak,0.0301,0.6176,0.419,0,0.161
2544,4.3257,can,0.0793,0.3168,0.393,0,0.161
2545,4.3257,tetrapak,-0.1559,0.6230,1.571,0,0.161
2546,4.3257,tetrapak,0.0191,0.4480,0.156,0,0.161
2547,4.3257,can,0.1066,0.4371,1.571,0,0.161
2548,4.3295,chips,-0.1066,0.4043,0.000,0,0.160
2549,4.3295,can,0.0301,0.6012,0.000,0,0.160
2550,4.3295,tetrapak,-0.0684,0.3387,0.000,0,0.160
2551,4.3295,can,0.0082,0.3934,0.000,0,0.160
2552,4.3335,tetrapak,-0.0355,0.5465,0.000,0,0.160
2553,4.3335,tetrapak,0.0246,0.5191,0.000,0,0.160
2554,4.3335,tetrapak,0.1723,0.3715,1.571,0,0.160
2555,4.3335,chips,0.0793,0.6176,0.000,0,0.160
2556,4.3376,can,-0.0902,0.5520,1.741,0,0.159
2557,4.3376,chips,0.1613,0.4262,0.000,0,0.159
2558,4.3376,can,0.0301,0.4371,1.571,0,0.159
2559,4.3376,can,0.1777,0.5137,0.000,0,0.159
2560,4.3415,can,0.1395,0.6066,0.000,0,0.159
2561,4.3415,tetrapak,0.0082,0.6176,0.000,0,0.159
2562,4.3415,chips,-0.1176,0.5027,0.000,0,0.159
2563,4.3415,tetrapak,0.0355,0.4590,0.000,0,0.159
2564,4.3454,can,0.1012,0.5301,0.393,0,0.158
2565,4.3454,can,-0.0410,0.3496,0.393,0,0.158
2566,4.3454,chips,0.1066,0.5027,0.393,0,0.158
2567,4.3454,tetrapak,-0.1340,0.5465,0.393,0,0.158
2568,4.3493,tetrapak,-0.0082,0.5465,2.991,0,0.158
2569,4.3493,tetrapak,-0.0848,0.5246,0.393,0,0.158
2570,4.3493,can,0.1012,0.3770,0.393,0,0.158
2571,4.3493,can,-0.1395,0.5410,0.393,0,0.158
2572,4.3532,can,-0.0520,0.3824,0.393,0,0.157
2573,4.3532,can,0.1449,0.4973,0.393,0,0.157
2574,4.3532,can,-0.1285,0.5902,0.393,0,0.157
2575,4.3532,chips,-0.1941,0.5082,0.393,0,0.157
2576,4.3581,can,0.0301,0.6012,0.393,0,0.157
2577,4.3581,can,-0.1395,0.4262,0.393,0,0.157
2578,4.3581,chips,0.1723,0.4754,0.393,0,0.157
2579,4.3581,chips,-0.1395,0.7434,0.747,0,0.157
2580,4.3628,tetrapak,0.1121,0.5902,0.393,1,0.156
2581,4.3628,chips,0.0574,0.4863,0.393,0,0.156
2582,4.3628,tetrapak,-0.0738,0.3605,0.393,0,0.156
2583,4.3628,tetrapak,0.1012,0.3934,0.393,0,0.156
2584,4.3666,tetrapak,0.1176,0.5793,0.393,0,0.155
2585,4.3666,chips,0.0902,0.5191,0.393,0,0.155
2586,4.3666,tetrapak,-0.0684,0.4699,1.955,0,0.155
2587,4.3666,chips,0.1012,0.3934,0.393,0,0.155
2588,4.3704,tetrapak,0.0902,0.3496,0.000,0,0.155
2589,4.3704,can,-0.1941,0.3824,0.000,0,0.155
2590,4.3704,tetrapak,0.0902,0.3387,0.000,0,0.155
2591,4.3704,chips,0.0738,0.4152,0.000,0,0.155
2592,4.3750,tetrapak,-0.0520,0.6066,0.000,1,0.154
2593,4.3750,tetrapak,0.1613,0.6176,0.000,1,0.154
2594,4.3750,can,-0.1449,0.4809,0.000,1,0.154
2595,4.3750,can,0.0574,0.4973,0.000,1,0.154
2596,4.3790,tetrapak,-0.0520,0.6066,1.571,0,0.154
2597,4.3790,tetrapak,0.1613,0.6176,1.571,0,0.154
2598,4.3790,chips,-0.1449,0.4754,1.571,0,0.154
2599,4.3790,tetrapak,0.0629,0.4973,1.571,0,0.154
2600,4.3831,tetrapak,-0.1449,0.5301,2.721,0,0.153
2601,4.3831,tetrapak,-0.1723,0.6176,1.571,0,0.153
2602,4.3831,tetrapak,0.0355,0.5957,1.571,0,0.153
2603,4.3831,can,0.1504,0.6066,1.571,0,0.153
2604,4.3868,tetrapak,-0.0629,0.5957,1.571,0,0.153
2605,4.3868,tetrapak,-0.1230,0.5191,1.571,0,0.153
2606,4.3868,can,-0.0246,0.5520,1.571,0,0.153
2607,4.3868,tetrapak,-0.0957,0.4590,1.571,0,0.153
2608,4.3905,tetrapak,0.0684,0.4809,1.571,0,0.152
2609,4.3905,chips,-0.1668,0.5410,1.473,0,0.152
2610,4.3905,tetrapak,0.1176,0.3770,1.261,0,0.152
2611,4.3905,can,0.0191,0.3551,1.571,0,0.152
2612,4.3946,chips,0.1832,0.4863,1.571,0,0.152
2613,4.3946,chips,-0.1121,0.6012,1.571,0,0.152
2614,4.3946,can,-0.0246,0.5246,1.571,0,0.152
2615,4.3946,can,-0.1613,0.5902,1.571,0,0.152
2616,4.4005,chips,-0.1449,0.6613,0.294,0,0.151
2617,4.4005,tetrapak,-0.0520,0.4973,2.356,0,0.151
2618,4.4005,chips,-0.1285,0.6887,0.682,0,0.151
2619,4.4005,can,0.1012,0.3988,2.441,0,0.151
2620,4.4045,tetrapak,-0.1941,0.5738,1.571,0,0.151
2621,4.4045,chips,0.0738,0.4098,1.571,0,0.151
2622,4.4045,chips,-0.1395,0.4152,1.571,0,0.151
2623,4.4045,can,-0.1887,0.6121,1.571,0,0.151
2624,4.4085,tetrapak,-0.0738,0.5957,1.571,0,0.150
2625,4.4085,can,-0.0793,0.6230,1.571,0,0.150
2626,4.4085,tetrapak,0.0738,0.4590,1.571,0,0.150
2627,4.4085,chips,-0.1559,0.5137,1.571,0,0.150
2628,4.4124,tetrapak,-0.1559,0.5520,1.571,0,0.150
2629,4.4124,chips,-0.1012,0.3988,1.571,0,0.150
2630,4.4124,tetrapak,-0.0301,0.6230,1.571,0,0.150
2631,4.4124,can,-0.2215,0.4426,1.571,0,0.150
2632,4.4162,tetrapak,0.0848,0.3223,1.179,0,0.149
2633,4.4162,tetrapak,-0.1941,0.6395,1.571,0,0.149
2634,4.4162,can,-0.0246,0.4754,1.571,0,0.149
2635,4.4162,can,0.1504,0.4973,1.571,0,0.149
2636,4.4200,can,-0.1449,0.4535,1.571,0,0.149
2637,4.4200,tetrapak,0.1449,0.5246,1.571,0,0.149
2638,4.4200,tetrapak,-0.1012,0.5301,1.571,0,0.149
2639,4.4200,tetrapak,-0.0246,0.5301,1.571,0,0.149
2640,4.4237,can,-0.0246,0.5355,1.571,0,0.148
2641,4.4237,chips,0.0848,0.6230,1.571,0,0.148
2642,4.4237,can,-0.1613,0.5629,1.571,0,0.148
2643,4.4237,chips,0.0082,0.4316,1.571,0,0.148
2644,4.4278,chips,0.1176,0.3770,0.393,0,0.147
2645,4.4278,tetrapak,0.1395,0.4645,0.393,0,0.147
2646,4.4278,can,-0.0957,0.4262,0.393,0,0.147
2647,4.4278,tetrapak,0.1176,0.3441,0.393,0,0.147
2648,4.4316,can,-0.1121,0.5246,0.393,0,0.147
2649,4.4316,can,0.1832,0.4535,1.571,0,0.147
2650,4.4316,tetrapak,0.0684,0.3660,0.393,0,0.147
2651,4.4316,can,-0.0355,0.4480,0.393,0,0.147
2652,4.4357,chips,-0.1066,0.4480,0.393,0,0.146
2653,4.4357,tetrapak,0.0355,0.4316,2.714,0,0.146
2654,4.4357,chips,0.1285,0.5629,1.571,0,0.146
2655,4.4357,tetrapak,0.1121,0.4207,0.393,0,0.146
2656,4.4407,chips,-0.1996,0.4809,0.393,0,0.146
2657,4.4407,tetrapak,0.0848,0.6176,1.571,1,0.146
2658,4.4407,tetrapak,-0.1012,0.6285,0.393,0,0.146
2659,4.4407,tetrapak,0.1176,0.4754,1.192,0,0.146
2660,4.4449,chips,-0.1996,0.4809,0.393,0,0.145
2661,4.4449,tetrapak,0.0848,0.6176,1.571,0,0.145
2662,4.4449,chips,-0.1012,0.6285,0.393,0,0.145
2663,4.4449,can,0.1012,0.5191,0.393,0,0.145
2664,4.4488,chips,0.1121,0.3715,0.393,0,0.145
2665,4.4488,chips,-0.0465,0.5902,1.571,0,0.145
2666,4.4488,can,0.1777,0.4590,0.393,0,0.145
2667,4.4488,chips,0.0738,0.4754,0.393,0,0.145
2668,4.4524,chips,-0.0410,0.4480,1.679,0,0.144
2669,4.4524,can,0.0848,0.5684,1.492,0,0.144
2670,4.4524,tetrapak,-0.0301,0.5684,2.546,0,0.144
2671,4.4524,chips,-0.1230,0.5848,0.393,0,0.144
2672,4.4564,can,0.0410,0.5574,0.393,1,0.144
2673,4.4564,chips,0.1887,0.6285,1.571,0,0.144
2674,4.4564,tetrapak,-0.0957,0.3879,1.571,0,0.144
2675,4.4564,tetrapak,0.1230,0.3660,1.571,1,0.144
2676,4.4601,can,0.0246,0.5301,1.767,0,0.143
2677,4.4601,can,0.1887,0.6395,1.571,0,0.143
2678,4.4601,tetrapak,-0.0902,0.3715,1.571,0,0.143
2679,4.4601,chips,0.1285,0.3605,1.571,0,0.143
2680,4.4641,tetrapak,-0.1395,0.5793,0.393,0,0.143
2681,4.4641,tetrapak,0.0301,0.5137,2.355,0,0.143
2682,4.4641,tetrapak,-0.1066,0.5301,0.847,0,0.143
2683,4.4641,chips,-0.0191,0.4371,0.755,0,0.143
2684,4.4681,chips,0.1230,0.4918,1.571,0,0.142
2685,4.4681,can,-0.0684,0.5355,1.571,0,0.142
2686,4.4681,can,-0.0301,0.5848,0.393,0,0.142
2687,4.4681,can,0.1449,0.5082,0.393,0,0.142
2688,4.4722,chips,-0.1996,0.3113,1.571,0,0.142
2689,4.4722,chips,-0.1504,0.5465,1.571,0,0.142
2690,4.4722,tetrapak,-0.1012,0.4918,1.571,0,0.142
2691,4.4722,chips,0.1668,0.5137,1.571,0,0.142
2692,4.4762,chips,-0.1941,0.3113,0.393,0,0.141
2693,4.4762,chips,-0.1066,0.5574,0.393,0,0.141
2694,4.4762,can,-0.0957,0.4918,1.571,0,0.141
2695,4.4762,chips,0.2598,0.4699,2.803,0,0.141
2696,4.4804,tetrapak,-0.1941,0.6121,1.571,0,0.141
2697,4.4804,chips,-0.1012,0.5793,1.283,0,0.141
2698,4.4804,chips,-0.0902,0.5684,1.571,0,0.141
2699,4.4804,chips,0.1395,0.6121,1.571,0,0.141
2700,4.4843,can,0.1066,0.4918,1.571,0,0.140
2701,4.4843,tetrapak,-0.0957,0.4480,0.393,0,0.140
2702,4.4843,chips,-0.1941,0.5027,0.393,0,0.140
2703,4.4843,can,-0.1230,0.6066,0.393,0,0.140
2704,4.4883,chips,0.0848,0.5684,1.571,0,0.139
2705,4.4883,chips,-0.1832,0.5137,2.763,0,0.139
2706,4.4883,chips,0.1504,0.5137,1.477,0,0.139
2707,4.4883,can,0.1668,0.4973,1.571,0,0.139
2708,4.4923,tetrapak,-0.0301,0.3824,1.571,0,0.139
2709,4.4923,chips,-0.1996,0.5902,1.571,0,0.139
2710,4.4923,tetrapak,-0.2324,0.4152,1.230,0,0.139
2711,4.4923,tetrapak,0.0902,0.4316,1.571,0,0.139
2712,4.4965,chips,-0.0246,0.4863,1.571,0,0.138
2713,4.4965,chips,-0.0738,0.4316,0.393,0,0.138
2714,4.4965,can,-0.1996,0.6176,1.571,0,0.138
2715,4.4965,chips,-0.0355,0.4754,2.837,0,0.138
2716,4.5006,tetrapak,-0.0465,0.5574,1.571,0,0.138
2717,4.5006,chips,-0.0027,0.4535,1.571,0,0.138
2718,4.5006,tetrapak,0.1285,0.4973,1.571,0,0.138
2719,4.5006,chips,-0.0191,0.5684,1.571,0,0.138
2720,4.5043,chips,0.1230,0.4043,2.356,0,0.137
2721,4.5043,tetrapak,-0.1996,0.3715,2.356,0,0.137
2722,4.5043,can,0.0082,0.4754,0.000,0,0.137
2723,4.5043,chips,0.0957,0.3223,0.000,0,0.137
2724,4.5082,can,-0.0027,0.5301,1.571,0,0.137
2725,4.5082,can,-0.0793,0.3824,1.571,0,0.137
2726,4.5082,chips,-0.0137,0.5465,1.571,0,0.137
2727,4.5082,chips,-0.1121,0.5355,1.571,0,0.137
2728,4.5121,can,0.0629,0.1527,1.571,0,0.136
2729,4.5121,can,0.0629,0.1527,1.571,0,0.136
2730,4.5121,tetrapak,0.0629,0.1527,1.571,0,0.136
2731,4.5121,tetrapak,0.0629,0.1527,1.571,0,0.136
2732,4.5161,can,0.0629,0.1527,1.571,0,0.136
2733,4.5161,tetrapak,0.0629,0.1527,1.571,0,0.136
2734,4.5161,tetrapak,0.0629,0.1527,1.571,0,0.136
2735,4.5161,chips,-0.1559,0.5574,1.571,0,0.136
2736,4.5200,tetrapak,-0.0355,0.2184,1.571,0,0.135
2737,4.5200,chips,0.0246,0.4918,1.571,0,0.135
2738,4.5200,can,-0.0520,0.4207,1.571,0,0.135
2739,4.5200,can,-0.0246,0.2184,1.571,0,0.135
2740,4.5238,chips,-0.0957,0.6668,1.571,0,0.135
2741,4.5238,can,0.0246,0.2184,1.571,0,0.135
2742,4.5238,can,0.0246,0.2184,1.571,0,0.135
2743,4.5238,tetrapak,0.0246,0.2184,1.571,0,0.135
2744,4.5273,chips,0.0246,0.2184,1.571,0,0.134
2745,4.5273,tetrapak,0.0246,0.2184,1.571,0,0.134
2746,4.5273,can,0.0246,0.2184,1.571,0,0.134
2747,4.5273,tetrapak,0.0246,0.2184,1.571,0,0.134
2748,4.5313,can,-0.0465,0.2238,1.571,0,0.134
2749,4.5313,tetrapak,-0.0465,0.2238,1.571,0,0.134
2750,4.5313,can,-0.0410,0.2238,1.571,0,0.134
2751,4.5313,chips,0.0848,0.4699,1.571,0,0.134
2752,4.5351,can,-0.0465,0.2238,1.571,0,0.133
2753,4.5351,can,-0.0684,0.4262,1.571,0,0.133
2754,4.5351,tetrapak,-0.0465,0.2238,1.571,0,0.133
2755,4.5351,can,-0.0465,0.2238,1.571,0,0.133
2756,4.5392,can,-0.0355,0.2293,1.571,0,0.133
2757,4.5392,chips,-0.0355,0.2293,1.571,0,0.133
2758,4.5392,can,0.1176,0.6012,1.571,0,0.133
2759,4.5392,chips,-0.0082,0.4699,0.469,0,0.133
2760,4.5430,tetrapak,-0.0355,0.2293,2.356,0,0.132
2761,4.5430,can,-0.0355,0.2293,2.356,0,0.132
2762,4.5430,can,-0.0355,0.2293,2.356,0,0.132
2763,4.5430,chips,-0.0355,0.2293,2.356,0,0.132
2764,4.5472,can,0.0684,0.4590,1.571,0,0.131
2765,4.5472,can,-0.0355,0.2293,1.571,0,0.131
2766,4.5472,can,-0.0355,0.2293,1.571,0,0.131
2767,4.5472,chips,-0.2324,0.4316,0.387,0,0.131
2768,4.5512,tetrapak,-0.0355,0.2348,1.571,0,0.131
2769,4.5512,can,-0.0355,0.2348,1.571,0,0.131
2770,4.5512,can,-0.0355,0.2348,1.571,0,0.131
2771,4.5512,can,-0.0355,0.2348,1.571,0,0.131
2772,4.5552,can,-0.0355,0.2348,2.356,0,0.130
2773,4.5552,can,-0.0355,0.2348,2.356,0,0.130
2774,4.5552,chips,-0.0355,0.2348,2.356,0,0.130
2775,4.5552,chips,-0.0355,0.2348,2.356,0,0.130
2776,4.5592,tetrapak,-0.0355,0.2348,2.356,0,0.130
2777,4.5592,tetrapak,-0.0355,0.2348,2.356,0,0.130
2778,4.5592,can,-0.0410,0.2402,2.356,0,0.130
2779,4.5592,tetrapak,-0.0355,0.2348,2.356,0,0.130
2780,4.5631,can,-0.1777,0.6230,2.356,0,0.129
2781,4.5631,can,0.0684,0.2184,2.356,0,0.129
2782,4.5631,tetrapak,-0.0629,0.4535,1.634,0,0.129
2783,4.5631,chips,-0.1504,0.3988,2.356,0,0.129
2784,4.5671,can,-0.1121,0.5246,2.356,0,0.129
2785,4.5671,tetrapak,0.1941,0.5191,1.406,0,0.129
2786,4.5671,chips,0.0082,0.5684,1.302,0,0.129
2787,4.5671,chips,0.0137,0.5137,2.356,0,0.129
2788,4.5726,chips,-0.1777,0.4098,2.356,0,0.128
2789,4.5726,chips,-0.0246,0.3988,2.356,0,0.128
2790,4.5726,can,0.1832,0.6121,0.436,0,0.128
2791,4.5726,tetrapak,0.0957,0.6176,2.356,0,0.128
2792,4.5768,tetrapak,0.0848,0.4316,2.356,0,0.128
2793,4.5768,can,0.1340,0.5957,2.356,0,0.128
2794,4.5768,chips,-0.1832,0.5301,2.356,0,0.128
2795,4.5768,chips,0.1121,0.5684,2.356,0,0.128
2796,4.5808,chips,0.0902,0.4152,0.393,0,0.127
2797,4.5808,tetrapak,0.1395,0.5957,0.393,0,0.127
2798,4.5808,tetrapak,-0.1613,0.5191,0.393,0,0.127
2799,4.5808,can,0.1832,0.5137,2.662,0,0.127
2800,4.5850,chips,-0.0082,0.1637,1.571,0,0.127
2801,4.5850,chips,-0.0301,0.4371,1.418,0,0.127
2802,4.5850,chips,-0.0082,0.5082,0.418,0,0.127
2803,4.5850,chips,-0.0082,0.1637,1.571,0,0.127
2804,4.5888,chips,0.0355,0.2184,1.178,0,0.126
2805,4.5888,chips,0.0355,0.2184,1.178,0,0.126
2806,4.5888,tetrapak,0.0355,0.2184,1.178,0,0.126
2807,4.5888,tetrapak,0.0355,0.2184,1.178,0,0.126
2808,4.5927,can,0.0246,0.2184,1.178,0,0.126
2809,4.5927,chips,0.0246,0.2184,1.178,0,0.126
2810,4.5927,chips,-0.0520,0.2238,1.178,0,0.126
2811,4.5927,chips,0.0246,0.2184,1.178,0,0.126
2812,4.5960,chips,0.0191,0.2184,1.178,0,0.125
2813,4.5960,can,0.0191,0.2184,1.178,0,0.125
2814,4.5960,chips,-0.1012,0.3551,0.853,0,0.125
2815,4.5960,chips,0.0246,0.2184,1.178,0,0.125
2816,4.5997,chips,-0.0520,0.2184,1.178,0,0.125
2817,4.5997,chips,-0.0520,0.2184,1.178,0,0.125
2818,4.5997,tetrapak,-0.0465,0.2184,1.178,0,0.125
2819,4.5997,chips,-0.0520,0.2184,1.178,0,0.125
2820,4.6037,chips,-0.0520,0.2238,1.178,0,0.124
2821,4.6037,tetrapak,-0.0520,0.2238,1.178,0,0.124
2822,4.6037,chips,0.0301,0.3770,1.178,0,0.124
2823,4.6037,tetrapak,-0.0520,0.2238,1.178,0,0.124
2824,4.6075,chips,-0.0355,0.2293,1.178,0,0.123
2825,4.6075,tetrapak,-0.0355,0.2293,1.178,0,0.123
2826,4.6075,can,-0.0355,0.2293,1.178,0,0.123
2827,4.6075,can,-0.0355,0.2293,1.178,0,0.123
2828,4.6123,tetrapak,0.1559,0.5629,1.178,0,0.123
2829,4.6123,chips,-0.0465,0.2238,1.178,0,0.123
2830,4.6123,can,-0.0465,0.2238,1.178,0,0.123
2831,4.6123,tetrapak,-0.1504,0.6395,1.178,1,0.123
2832,4.6162,chips,0.1559,0.5629,0.393,0,0.122
2833,4.6162,can,-0.0465,0.2238,1.178,0,0.122
2834,4.6162,tetrapak,-0.0465,0.2238,1.178,0,0.122
2835,4.6162,can,-0.1504,0.6340,1.178,0,0.122
2836,4.6200,can,-0.0465,0.2238,0.393,0,0.122
2837,4.6200,can,-0.0465,0.2238,0.393,0,0.122
2838,4.6200,chips,-0.0465,0.2238,0.393,0,0.122
2839,4.6200,chips,-0.0738,0.5027,3.045,0,0.122
2840,4.6241,chips,0.0301,0.2184,1.178,0,0.121
2841,4.6241,tetrapak,-0.0465,0.2238,1.178,0,0.121
2842,4.6241,chips,-0.0246,0.2238,1.178,0,0.121
2843,4.6241,can,-0.0410,0.2238,1.178,0,0.121
2844,4.6280,can,0.0301,0.2184,1.178,0,0.121
2845,4.6280,can,-0.1395,0.3824,1.178,0,0.121
2846,4.6280,can,0.0301,0.2184,1.178,0,0.121
2847,4.6280,can,0.1668,0.3496,1.484,0,0.121
2848,4.6321,chips,-0.0465,0.2238,1.178,0,0.120
2849,4.6321,tetrapak,-0.0465,0.2238,1.178,0,0.120
2850,4.6321,can,-0.0465,0.2238,1.178,0,0.120
2851,4.6321,chips,-0.0465,0.2238,1.178,0,0.120
2852,4.6361,can,-0.0465,0.2238,1.178,0,0.120
2853,4.6361,chips,0.0793,0.4973,0.000,0,0.120
2854,4.6361,chips,0.0027,0.3988,1.119,0,0.120
2855,4.6361,chips,-0.0465,0.2238,1.178,0,0.120
2856,4.6399,can,-0.1723,0.3660,0.325,0,0.119
2857,4.6399,can,-0.0465,0.2184,0.000,0,0.119
2858,4.6399,can,-0.0465,0.2184,0.000,0,0.119
2859,4.6399,can,-0.0465,0.2184,0.000,0,0.119
2860,4.6437,tetrapak,-0.0465,0.2238,0.000,0,0.119
2861,4.6437,chips,-0.0465,0.2238,0.000,0,0.119
2862,4.6437,can,-0.0465,0.2238,0.000,0,0.119
2863,4.6437,can,-0.0465,0.2238,0.000,0,0.119
2864,4.6478,chips,-0.0355,0.2293,0.000,0,0.118
2865,4.6478,chips,-0.0355,0.2293,0.000,0,0.118
2866,4.6478,can,-0.0355,0.2293,0.000,0,0.118
2867,4.6478,tetrapak,-0.0355,0.2293,0.000,0,0.118
2868,4.6515,can,-0.0410,0.2293,0.000,0,0.118
2869,4.6515,tetrapak,-0.0410,0.2293,0.000,0,0.118
2870,4.6515,chips,-0.0410,0.2293,0.000,0,0.118
2871,4.6515,tetrapak,0.0410,0.6066,0.000,0,0.118
2872,4.6555,chips,-0.0684,0.2293,0.000,0,0.117
2873,4.6555,chips,-0.0027,0.6012,0.393,0,0.117
2874,4.6555,tetrapak,-0.0410,0.5137,0.393,0,0.117
2875,4.6555,chips,0.1832,0.5082,0.000,0,0.117
2876,4.6595,chips,-0.1449,0.6285,0.000,0,0.117
2877,4.6595,chips,-0.0793,0.5793,1.384,0,0.117
2878,4.6595,chips,-0.0191,0.5465,0.000,0,0.117
2879,4.6595,tetrapak,0.1941,0.4480,0.000,0,0.117
2880,4.6633,can,-0.0738,0.4863,0.000,1,0.116
2881,4.6633,tetrapak,0.0410,0.6176,0.000,0,0.116
2882,4.6633,tetrapak,-0.0793,0.4645,0.000,0,0.116
2883,4.6633,chips,-0.0902,0.6230,0.000,0,0.116
2884,4.6678,can,-0.0738,0.4863,0.000,0,0.115
2885,4.6678,chips,0.0246,0.6176,0.000,0,0.115
2886,4.6678,tetrapak,-0.0848,0.4590,0.000,0,0.115
2887,4.6678,chips,-0.0902,0.6230,0.000,0,0.115
2888,4.6718,chips,0.1723,0.4371,0.000,0,0.115
2889,4.6718,can,0.2160,0.5629,0.000,0,0.115
2890,4.6718,tetrapak,-0.1230,0.4590,0.000,0,0.115
2891,4.6718,can,-0.0793,0.4316,0.000,0,0.115
2892,4.6759,can,-0.0082,0.3496,0.000,0,0.114
2893,4.6759,tetrapak,-0.0137,0.4426,0.000,0,0.114
2894,4.6759,chips,0.1121,0.6121,0.000,0,0.114
2895,4.6759,chips,-0.1559,0.4371,0.000,0,0.114
2896,4.6799,can,0.0082,0.6176,0.000,0,0.114
2897,4.6799,chips,-0.2105,0.3496,2.908,0,0.114
2898,4.6799,can,0.1668,0.5137,0.000,0,0.114
2899,4.6799,chips,0.0520,0.3168,0.000,0,0.114
2900,4.6963,can,-0.1449,0.4535,0.000,1,0.113
2901,4.6963,tetrapak,-0.0027,0.5082,0.000,1,0.113
2902,4.6963,tetrapak,0.1176,0.4918,0.000,0,0.113
2903,4.6963,chips,-0.0137,0.4535,0.000,0,0.113
2904,4.7003,tetrapak,-0.1449,0.4535,0.000,0,0.113
2905,4.7003,tetrapak,-0.0027,0.5082,0.000,0,0.113
2906,4.7003,can,0.1121,0.4918,0.000,0,0.113
2907,4.7003,chips,-0.0137,0.4535,0.000,0,0.113
2908,4.7045,can,0.0301,0.3551,0.000,0,0.112
2909,4.7045,can,0.1559,0.3988,0.000,0,0.112
2910,4.7045,can,0.1668,0.4645,0.000,0,0.112
2911,4.7045,chips,0.0301,0.4316,0.782,0,0.112
2912,4.7086,can,-0.1777,0.4645,0.000,0,0.112
2913,4.7086,chips,-0.0355,0.5957,0.000,0,0.112
2914,4.7086,can,0.0082,0.5902,0.000,0,0.112
2915,4.7086,can,-0.0301,0.5793,0.000,0,0.112
2916,4.7127,can,0.1176,0.3660,0.000,0,0.111
2917,4.7127,tetrapak,0.1012,0.6012,0.000,0,0.111
2918,4.7127,chips,0.1777,0.5629,0.000,0,0.111
2919,4.7127,tetrapak,0.0957,0.5520,0.000,0,0.111
2920,4.7167,tetrapak,-0.0520,0.6176,0.000,0,0.111
2921,4.7167,can,0.1941,0.5957,0.000,0,0.111
2922,4.7167,can,-0.1066,0.4973,0.000,0,0.111
2923,4.7167,can,-0.0246,0.6066,0.000,0,0.111
2924,4.7206,tetrapak,0.0738,0.5082,0.000,0,0.110
2925,4.7206,tetrapak,-0.0848,0.6176,0.000,0,0.110
2926,4.7206,chips,-0.1504,0.3988,0.000,0,0.110
2927,4.7206,can,-0.1887,0.5246,2.146,0,0.110
2928,4.7246,tetrapak,0.1777,0.5902,0.000,0,0.110
2929,4.7246,tetrapak,0.2707,0.6340,0.000,0,0.110
2930,4.7246,chips,0.1559,0.4754,0.000,0,0.110
2931,4.7246,chips,0.1066,0.4316,0.000,0,0.110
2932,4.7284,can,0.0465,0.3879,0.000,0,0.109
2933,4.7284,can,0.0082,0.4098,0.000,0,0.109
2934,4.7284,can,-0.1504,0.4098,0.000,0,0.109
2935,4.7284,chips,-0.0848,0.6066,0.000,0,0.109
2936,4.7318,can,0.1504,0.5848,0.000,0,0.109
2937,4.7318,chips,0.1613,0.3879,0.000,0,0.109
2938,4.7318,chips,0.1504,0.4809,0.000,0,0.109
2939,4.7318,can,-0.0465,0.5137,0.000,0,0.109
2940,4.7355,can,-0.0246,0.4699,0.000,0,0.108
2941,4.7355,chips,0.0137,0.4535,0.000,0,0.108
2942,4.7355,tetrapak,-0.1887,0.5465,0.000,0,0.108
2943,4.7355,tetrapak,-0.0957,0.4152,0.000,0,0.108
2944,4.7413,chips,-0.1559,0.5957,0.000,0,0.107
2945,4.7413,tetrapak,-0.1777,0.4316,1.571,1,0.107
2946,4.7413,chips,-0.1066,0.5082,0.000,0,0.107
2947,4.7413,can,0.1504,0.3660,0.000,1,0.107
2948,4.7452,can,-0.1559,0.5957,0.000,0,0.107
2949,4.7452,can,-0.1832,0.4262,1.571,0,0.107
2950,4.7452,chips,-0.1066,0.5082,0.000,0,0.107
2951,4.7452,tetrapak,0.1504,0.3660,0.000,0,0.107
2952,4.7502,tetrapak,0.0027,0.3879,0.000,0,0.106
2953,4.7502,tetrapak,0.0629,0.5355,0.000,0,0.106
2954,4.7502,chips,0.1996,0.5957,0.000,0,0.106
2955,4.7502,can,0.0902,0.4699,1.571,0,0.106
2956,4.7542,can,-0.1012,0.3770,2.466,0,0.106
2957,4.7542,can,0.0629,0.5410,1.571,0,0.106
2958,4.7542,chips,-0.2488,0.3277,1.153,0,0.106
2959,4.7542,chips,0.0355,0.4316,0.000,0,0.106
2960,4.7583,tetrapak,-0.1941,0.5738,0.000,0,0.105
2961,4.7583,can,0.0191,0.4316,0.000,0,0.105
2962,4.7583,chips,0.2105,0.3879,0.000,0,0.105
2963,4.7583,tetrapak,0.0410,0.3605,0.000,0,0.105
2964,4.7623,chips,0.1832,0.5957,1.571,0,0.105
2965,4.7623,can,0.1777,0.6121,0.000,0,0.105
2966,4.7623,tetrapak,0.1012,0.4316,0.000,0,0.105
2967,4.7623,can,0.1832,0.5738,1.571,0,0.105
2968,4.7668,chips,0.0082,0.6066,0.000,0,0.104
2969,4.7668,can,0.1559,0.6066,0.000,1,0.104
2970,4.7668,can,-0.0246,0.5082,2.845,0,0.104
2971,4.7668,can,0.0027,0.5574,0.000,1,0.104
2972,4.7707,can,0.0082,0.6066,0.000,0,0.104
2973,4.7707,tetrapak,0.1559,0.6066,0.000,0,0.104
2974,4.7707,can,-0.0574,0.5191,0.000,0,0.104
2975,4.7707,chips,0.0027,0.5574,0.000,0,0.104
2976,4.7748,tetrapak,0.1668,0.6176,0.000,0,0.103
2977,4.7748,can,-0.1340,0.5082,1.571,0,0.103
2978,4.7748,chips,-0.1340,0.4098,0.000,0,0.103
2979,4.7748,chips,0.1230,0.3934,0.000,0,0.103
2980,4.7788,can,0.1285,0.4535,1.571,0,0.103
2981,4.7788,chips,-0.0957,0.6340,1.571,0,0.103
2982,4.7788,chips,-0.1066,0.5137,2.143,0,0.103
2983,4.7788,can,0.2652,0.6176,1.571,0,0.103
2984,4.7828,can,0.2160,0.3879,1.498,0,0.102
2985,4.7828,can,0.2652,0.3934,1.571,0,0.102
2986,4.7828,tetrapak,-0.1395,0.4918,1.571,0,0.102
2987,4.7828,tetrapak,0.0355,0.4863,1.571,0,0.102
2988,4.7866,tetrapak,0.1449,0.4426,2.356,0,0.102
2989,4.7866,tetrapak,-0.0465,0.4426,2.356,0,0.102
2990,4.7866,tetrapak,0.1559,0.4973,2.356,0,0.102
2991,4.7866,tetrapak,0.1723,0.3988,1.571,0,0.102
2992,4.7906,can,0.0574,0.6723,1.571,0,0.101
2993,4.7906,can,0.0520,0.5027,0.344,0,0.101
2994,4.7906,can,-0.0082,0.5848,1.571,0,0.101
2995,4.7906,chips,0.1559,0.4699,0.052,0,0.101
2996,4.7948,chips,0.0629,0.5082,1.571,0,0.101
2997,4.7948,chips,0.0738,0.6176,1.571,0,0.101
2998,4.7948,chips,0.1012,0.5629,1.571,0,0.101
2999,4.7948,tetrapak,-0.0957,0.5902,1.571,0,0.101
3000,4.7987,can,-0.3199,0.3824,0.505,0,0.100
3001,4.7987,chips,-0.1012,0.5684,1.571,0,0.100
3002,4.7987,chips,0.0137,0.5520,1.571,0,0.100
3003,4.7987,can,-0.1559,0.6066,1.571,0,0.100
3004,4.8024,tetrapak,0.0957,0.5629,1.571,0,0.100
3005,4.8024,can,-0.0902,0.5355,1.571,0,0.100
3006,4.8024,can,0.0520,0.6723,1.571,0,0.100
3007,4.8024,chips,0.1887,0.4645,1.571,0,0.100
3008,4.8064,chips,-0.1066,0.4098,1.571,0,0.100
3009,4.8064,can,0.0191,0.5246,1.571,0,0.100
3010,4.8064,tetrapak,0.1340,0.5520,1.571,0,0.100
3011,4.8064,chips,-0.1941,0.3441,1.571,0,0.100
3012,4.8107,tetrapak,-0.0027,0.6121,1.571,0,0.100
3013,4.8107,can,0.0957,0.5574,1.181,0,0.100
3014,4.8107,can,0.0410,0.5848,1.571,0,0.100
3015,4.8107,can,0.0520,0.6668,1.571,0,0.100
3016,4.8147,tetrapak,0.0793,0.6723,1.571,0,0.100
3017,4.8147,can,0.0027,0.5191,1.571,0,0.100
3018,4.8147,tetrapak,-0.0137,0.5684,1.571,0,0.100
3019,4.8147,can,-0.1723,0.5246,1.571,0,0.100
3020,4.8186,can,-0.1176,0.4754,1.571,0,0.100
3021,4.8186,chips,-0.0848,0.4699,1.087,0,0.100
3022,4.8186,tetrapak,0.2051,0.6230,1.571,0,0.100
3023,4.8186,tetrapak,-0.1340,0.5465,1.571,0,0.100
3024,4.8228,chips,-0.1121,0.3496,1.571,0,0.100
3025,4.8228,chips,-0.1012,0.6668,1.571,0,0.100
3026,4.8228,tetrapak,0.1723,0.5082,1.571,0,0.100
3027,4.8228,chips,0.0301,0.3496,1.571,0,0.100
3028,4.8267,tetrapak,-0.1832,0.3824,1.571,0,0.100
3029,4.8267,tetrapak,0.0082,0.6340,1.571,0,0.100
3030,4.8267,chips,-0.1559,0.6012,1.571,0,0.100
3031,4.8267,chips,-0.0246,0.4262,1.571,0,0.100
3032,4.8307,chips,0.1941,0.3934,1.571,0,0.100
3033,4.8307,tetrapak,-0.1668,0.3660,1.571,0,0.100
3034,4.8307,chips,-0.2105,0.3113,1.571,0,0.100
3035,4.8307,chips,-0.0738,0.3441,1.571,0,0.100
3036,4.8348,tetrapak,0.1121,0.3824,0.507,0,0.100
3037,4.8348,can,0.1176,0.6395,1.571,0,0.100
3038,4.8348,chips,-0.0793,0.6340,1.571,0,0.100
3039,4.8348,tetrapak,0.0738,0.5027,2.969,0,0.100
3040,4.8390,can,-0.1066,0.5738,1.571,0,0.100
3041,4.8390,chips,-0.0410,0.3770,1.571,0,0.100
3042,4.8390,tetrapak,0.0902,0.3934,1.571,0,0.100
3043,4.8390,can,0.1613,0.3770,1.571,0,0.100
3044,4.8429,can,-0.1613,0.3551,1.571,0,0.100
3045,4.8429,chips,-0.1723,0.6449,1.571,0,0.100
3046,4.8429,chips,-0.0574,0.3496,1.571,0,0.100
3047,4.8429,tetrapak,0.1941,0.4316,1.571,0,0.100
3048,4.8471,can,0.1941,0.5137,1.571,0,0.100
3049,4.8471,chips,-0.1941,0.4371,1.571,0,0.100
3050,4.8471,tetrapak,0.0574,0.3496,1.571,0,0.100
3051,4.8471,chips,0.1723,0.5793,1.571,0,0.100
3052,4.8513,can,-0.0301,0.5465,0.025,0,0.100
3053,4.8513,tetrapak,0.0082,0.6504,1.571,0,0.100
3054,4.8513,can,-0.0137,0.3605,1.571,0,0.100
3055,4.8513,chips,-0.1121,0.5246,1.571,0,0.100
3056,4.8553,chips,0.0301,0.4973,1.571,0,0.100
3057,4.8553,tetrapak,-0.0082,0.6176,1.571,0,0.100
3058,4.8553,can,-0.0191,0.3824,1.571,0,0.100
3059,4.8553,chips,-0.1668,0.6176,1.571,0,0.100
3060,4.8594,tetrapak,-0.0520,0.6066,0.086,0,0.100
3061,4.8594,tetrapak,-0.0137,0.4043,1.571,0,0.100
3062,4.8594,chips,0.0902,0.5301,1.571,0,0.100
3063,4.8594,tetrapak,0.0410,0.3605,1.571,0,0.100
3064,4.8642,tetrapak,0.1066,0.3988,1.571,0,0.100
3065,4.8642,can,-0.0355,0.6121,1.571,0,0.100
3066,4.8642,tetrapak,-0.1887,0.5027,1.571,1,0.100
3067,4.8642,tetrapak,-0.0520,0.5738,1.571,0,0.100
3068,4.8680,can,0.1066,0.3988,1.571,0,0.100
3069,4.8680,can,-0.0355,0.6121,1.571,0,0.100
3070,4.8680,can,-0.1887,0.5027,1.571,0,0.100
3071,4.8680,can,-0.0902,0.5355,1.571,0,0.100
3072,4.8718,can,-0.0027,0.3496,1.571,0,0.100
3073,4.8718,chips,0.1230,0.4535,1.571,0,0.100
3074,4.8718,can,-0.1777,0.5848,1.846,0,0.100
3075,4.8718,chips,0.1668,0.5137,1.571,0,0.100
3076,4.8756,tetrapak,-0.1449,0.5738,1.571,0,0.100
3077,4.8756,chips,0.1668,0.4098,1.571,0,0.100
3078,4.8756,chips,-0.1941,0.4043,1.571,0,0.100
3079,4.8756,can,0.0629,0.4754,1.571,0,0.100
3080,4.8799,chips,-0.1340,0.5957,1.571,0,0.100
3081,4.8799,chips,0.1887,0.5137,1.571,0,0.100
3082,4.8799,can,0.0465,0.3605,1.571,0,0.100
3083,4.8799,chips,0.1723,0.4207,1.571,0,0.100
3084,4.8839,tetrapak,0.0027,0.3004,1.571,0,0.100
3085,4.8839,tetrapak,0.1559,0.5574,0.393,0,0.100
3086,4.8839,chips,0.0848,0.3551,1.571,0,0.100
3087,4.8839,tetrapak,0.0520,0.3770,1.571,0,0.100
3088,4.8882,chips,-0.1559,0.4645,1.571,0,0.100
3089,4.8882,chips,-0.0082,0.5957,1.571,0,0.100
3090,4.8882,chips,-0.0465,0.5574,1.571,0,0.100
3091,4.8882,tetrapak,0.0629,0.4699,1.571,0,0.100
3092,4.8923,chips,-0.0410,0.4754,1.571,0,0.100
3093,4.8923,can,-0.1996,0.5520,1.571,0,0.100
3094,4.8923,chips,0.0738,0.6176,1.571,0,0.100
3095,4.8923,chips,-0.1832,0.4699,1.571,0,0.100
3096,4.8964,chips,-0.1887,0.4809,1.571,0,0.100
3097,4.8964,tetrapak,-0.0246,0.5191,1.571,0,0.100
3098,4.8964,chips,-0.0246,0.3168,1.571,0,0.100
3099,4.8964,tetrapak,0.1613,0.4699,1.571,0,0.100
3100,4.9004,tetrapak,-0.0246,0.5848,1.571,0,0.100
3101,4.9004,chips,-0.1012,0.4426,1.571,0,0.100
3102,4.9004,tetrapak,-0.0191,0.3879,1.571,0,0.100
3103,4.9004,can,0.1613,0.4371,1.571,0,0.100
3104,4.9043,tetrapak,0.1230,0.5410,1.571,0,0.100
3105,4.9043,can,-0.0793,0.5520,1.571,0,0.100
3106,4.9043,tetrapak,-0.0191,0.5902,2.939,0,0.100
3107,4.9043,tetrapak,-0.0957,0.5629,1.571,0,0.100
3108,4.9103,tetrapak,0.1723,0.6449,1.571,0,0.100
3109,4.9103,can,0.1613,0.4316,1.571,0,0.100
3110,4.9103,can,0.1668,0.6668,1.209,0,0.100
3111,4.9103,tetrapak,0.0520,0.6121,1.571,0,0.100
3112,4.9145,can,0.1012,0.4699,0.409,0,0.100
3113,4.9145,can,0.1613,0.4207,0.393,0,0.100
3114,4.9145,tetrapak,0.1121,0.5191,1.037,0,0.100
3115,4.9145,tetrapak,-0.0082,0.4043,0.393,0,0.100
3116,4.9182,tetrapak,0.0793,0.4426,0.393,0,0.100
3117,4.9182,chips,-0.0574,0.5574,0.393,0,0.100
3118,4.9182,chips,0.1777,0.5301,1.571,0,0.100
3119,4.9182,chips,-0.0848,0.4535,0.393,0,0.100
3120,4.9219,can,0.1777,0.4098,0.393,0,0.100
3121,4.9219,chips,0.1230,0.6176,0.393,0,0.100
3122,4.9219,chips,-0.0410,0.6066,0.393,0,0.100
3123,4.9219,can,-0.1449,0.3387,0.393,0,0.100
3124,4.9256,can,0.0684,0.4754,0.393,0,0.100
3125,4.9256,chips,-0.0301,0.6176,0.393,0,0.100
3126,4.9256,chips,-0.1832,0.5027,0.393,0,0.100
3127,4.9256,tetrapak,0.0848,0.4043,0.393,0,0.100
3128,4.9299,tetrapak,0.1340,0.3715,0.393,0,0.100
3129,4.9299,chips,0.0902,0.3605,0.393,0,0.100
3130,4.9299,tetrapak,-0.1668,0.3551,0.393,0,0.100
3131,4.9299,can,-0.0027,0.6285,1.571,0,0.100
3132,4.9340,tetrapak,0.1176,0.5191,1.571,0,0.100
3133,4.9340,tetrapak,-0.0137,0.6066,1.571,0,0.100
3134,4.9340,can,0.1887,0.5082,1.571,0,0.100
3135,4.9340,chips,-0.1449,0.4152,1.571,0,0.100
3136,4.9376,tetrapak,-0.1230,0.4371,1.571,0,0.100
3137,4.9376,tetrapak,-0.0410,0.5465,1.153,0,0.100
3138,4.9376,can,0.1723,0.3988,1.571,0,0.100
3139,4.9376,tetrapak,0.0301,0.5137,1.571,0,0.100
3140,4.9418,can,-0.1559,0.5629,2.913,0,0.100
3141,4.9418,can,0.0848,0.4098,1.571,0,0.100
3142,4.9418,chips,0.0684,0.3770,0.393,0,0.100
3143,4.9418,can,-0.1777,0.4535,1.571,0,0.100
3144,4.9459,chips,-0.0902,0.4754,2.356,0,0.100
3145,4.9459,can,0.0137,0.4809,2.356,0,0.100
3146,4.9459,chips,0.1996,0.4863,2.356,0,0.100
3147,4.9459,can,-0.0848,0.3660,2.356,0,0.100
3148,4.9499,chips,-0.0082,0.4754,2.356,0,0.100
3149,4.9499,tetrapak,0.0684,0.5465,2.356,0,0.100
3150,4.9499,tetrapak,-0.0191,0.8309,1.705,0,0.100
3151,4.9499,can,-0.1941,0.4426,2.356,0,0.100
3152,4.9540,tetrapak,0.0301,0.3715,0.892,0,0.100
3153,4.9540,can,-0.0957,0.4699,0.000,0,0.100
3154,4.9540,chips,0.0738,0.5902,1.571,0,0.100
3155,4.9540,tetrapak,0.1012,0.6340,0.393,0,0.100
3156,4.9584,tetrapak,-0.0082,0.5574,0.393,0,0.100
3157,4.9584,tetrapak,0.0738,0.4973,1.571,1,0.100
3158,4.9584,can,0.0355,0.5191,0.393,1,0.100
3159,4.9584,chips,-0.2215,0.4754,1.407,0,0.100
3160,4.9625,tetrapak,-0.0082,0.5574,0.000,0,0.100
3161,4.9625,tetrapak,0.0574,0.5082,0.334,0,0.100
3162,4.9625,tetrapak,0.0355,0.5191,0.000,0,0.100
3163,4.9625,tetrapak,-0.2160,0.5191,0.000,0,0.100
3164,4.9664,tetrapak,0.0137,0.5957,0.621,0,0.100
3165,4.9664,tetrapak,0.1012,0.4754,1.571,0,0.100
3166,4.9664,chips,-0.0246,0.2949,0.726,0,0.100
3167,4.9664,tetrapak,-0.0301,0.5684,0.000,0,0.100
3168,4.9704,can,-0.1668,0.6176,1.571,0,0.100
3169,4.9704,tetrapak,-0.0410,0.3934,0.393,0,0.100
3170,4.9704,chips,0.2160,0.4973,0.393,0,0.100
3171,4.9704,tetrapak,0.1176,0.5137,1.571,0,0.100
3172,4.9744,chips,-0.0738,0.4973,0.393,0,0.100
3173,4.9744,can,-0.1559,0.4863,0.533,0,0.100
3174,4.9744,tetrapak,0.1723,0.4918,0.393,0,0.100
3175,4.9744,tetrapak,0.1832,0.4426,1.571,0,0.100
3176,4.9793,tetrapak,-0.0629,0.5793,0.393,0,0.100
3177,4.9793,can,0.0520,0.4043,0.393,1,0.100
3178,4.9793,tetrapak,0.0301,0.3988,0.393,1,0.100
3179,4.9793,can,0.0738,0.3605,2.898,0,0.100
3180,4.9835,chips,-0.0629,0.5793,0.393,0,0.100
3181,4.9835,can,0.0520,0.4043,0.393,0,0.100
3182,4.9835,can,0.0301,0.3988,0.393,0,0.100
3183,4.9835,tetrapak,0.0629,0.3605,0.393,0,0.100
3184,4.9880,can,-0.0191,0.3387,0.000,0,0.100
3185,4.9880,tetrapak,0.0246,0.3715,0.000,0,0.100
3186,4.9880,tetrapak,-0.1285,0.5355,0.000,0,0.100
3187,4.9880,can,-0.0410,0.4207,0.000,0,0.100
3188,4.9921,can,0.0137,0.3715,0.000,0,0.100
3189,4.9921,can,-0.0027,0.3441,1.571,0,0.100
3190,4.9921,can,0.2707,0.3496,1.221,0,0.100
3191,4.9921,chips,0.1887,0.4918,0.000,0,0.100
3192,4.9969,tetrapak,-0.1668,0.5793,0.838,0,0.100
3193,4.9969,chips,-0.1012,0.5629,0.000,0,0.100
3194,4.9969,can,-0.2105,0.4152,3.082,0,0.100
3195,4.9969,tetrapak,-0.1230,0.6012,0.000,0,0.100
3196,5.0010,chips,-0.0082,0.5191,2.356,0,0.100
3197,5.0010,tetrapak,-0.0355,0.5902,0.000,0,0.100
3198,5.0010,can,-0.1012,0.5137,1.773,0,0.100
3199,5.0010,can,0.1395,0.3988,2.356,0,0.100
3200,5.0047,tetrapak,0.1121,0.3770,2.356,0,0.100
3201,5.0047,tetrapak,-0.0191,0.6176,2.356,0,0.100
3202,5.0047,chips,0.1777,0.6176,2.356,0,0.100
3203,5.0047,can,0.0738,0.4262,2.356,0,0.100
3204,5.0080,tetrapak,0.0137,0.4973,1.439,0,0.100
3205,5.0080,tetrapak,0.1832,0.5410,2.356,0,0.100
3206,5.0080,chips,-0.0027,0.3770,2.356,0,0.100
3207,5.0080,can,-0.0410,0.4207,2.356,0,0.100
3208,5.0119,can,0.0246,0.3551,2.356,0,0.100
3209,5.0119,can,-0.0246,0.6723,2.356,0,0.100
3210,5.0119,tetrapak,0.1668,0.4262,2.356,0,0.100
3211,5.0119,chips,-0.0738,0.4426,2.356,0,0.100
3212,5.0161,can,-0.0191,0.6395,2.356,0,0.100
3213,5.0161,tetrapak,0.0738,0.3441,0.629,0,0.100
3214,5.0161,tetrapak,-0.0027,0.3660,2.356,0,0.100
3215,5.0161,can,0.0137,0.6504,2.356,0,0.100
3216,5.0201,chips,0.1176,0.4809,2.356,0,0.100
3217,5.0201,chips,-0.1832,0.4699,2.356,0,0.100
3218,5.0201,chips,0.1777,0.5246,2.356,0,0.100
3219,5.0201,chips,0.0957,0.4043,2.356,0,0.100
3220,5.0241,chips,0.1996,0.4973,2.356,0,0.100
3221,5.0241,can,0.0793,0.4535,2.356,0,0.100
3222,5.0241,chips,0.1723,0.6449,2.356,0,0.100
3223,5.0241,chips,0.0246,0.3770,2.356,0,0.100
3224,5.0284,chips,-0.0246,0.5027,2.356,0,0.100
3225,5.0284,chips,0.1559,0.4098,2.356,0,0.100
3226,5.0284,can,0.0027,0.3605,2.356,0,0.100
3227,5.0284,chips,0.1832,0.5410,2.356,0,0.100
3228,5.0324,can,0.0902,0.5902,1.830,0,0.100
3229,5.0324,tetrapak,-0.0520,0.5574,0.000,0,0.100
3230,5.0324,can,0.1504,0.6395,0.000,0,0.100
3231,5.0324,tetrapak,-0.2051,0.4699,0.000,0,0.100
3232,5.0366,can,0.0137,0.6285,0.277,0,0.100
3233,5.0366,can,-0.0684,0.4645,0.000,0,0.100
3234,5.0366,chips,-0.1777,0.4207,0.000,0,0.100
3235,5.0366,tetrapak,-0.0848,0.5684,0.000,0,0.100
3236,5.0414,tetrapak,0.1723,0.6285,0.000,1,0.100
3237,5.0414,tetrapak,-0.0629,0.4426,0.000,1,0.100
3238,5.0414,tetrapak,-0.0957,0.4426,0.000,0,0.100
3239,5.0414,can,-0.0793,0.5082,0.000,1,0.100
3240,5.0453,can,0.1723,0.6285,0.000,0,0.100
3241,5.0453,chips,-0.0629,0.4426,0.000,0,0.100
3242,5.0453,can,-0.1230,0.4207,0.000,0,0.100
3243,5.0453,tetrapak,-0.0684,0.5082,2.599,0,0.100
3244,5.0493,chips,0.0465,0.5355,1.237,0,0.100
3245,5.0493,chips,-0.1395,0.4262,0.000,0,0.100
3246,5.0493,tetrapak,-0.1613,0.4809,0.000,0,0.100
3247,5.0493,chips,0.0520,0.6449,0.000,0,0.100
3248,5.0531,tetrapak,-0.1613,0.4098,0.000,0,0.100
3249,5.0531,chips,-0.1285,0.3113,2.370,0,0.100
3250,5.0531,can,-0.1941,0.5793,0.000,0,0.100
3251,5.0531,can,-0.2434,0.3113,0.925,0,0.100
3252,5.0568,chips,-0.1668,0.5848,0.000,0,0.100
3253,5.0568,chips,0.1777,0.5520,0.000,0,0.100
3254,5.0568,tetrapak,-0.1559,0.6121,0.000,0,0.100
3255,5.0568,can,-0.0246,0.5848,0.000,0,0.100
3256,5.0607,tetrapak,0.0301,0.4590,0.000,0,0.100
3257,5.0607,chips,-0.1723,0.6340,0.000,0,0.100
3258,5.0607,can,-0.1121,0.4371,0.774,0,0.100
3259,5.0607,tetrapak,0.1012,0.3770,0.000,0,0.100
3260,5.0647,can,-0.1887,0.4863,0.000,0,0.100
3261,5.0647,tetrapak,0.0574,0.5082,1.562,0,0.100
3262,5.0647,can,-0.1121,0.5902,0.393,0,0.100
3263,5.0647,chips,0.0082,0.4863,0.000,0,0.100
3264,5.0689,chips,-0.0520,0.4535,0.393,0,0.100
3265,5.0689,tetrapak,-0.1559,0.4754,0.511,0,0.100
3266,5.0689,tetrapak,-0.1777,0.4809,0.393,0,0.100
3267,5.0689,chips,-0.1832,0.5465,0.393,0,0.100
3268,5.0729,chips,0.0574,0.6066,0.000,0,0.100
3269,5.0729,chips,0.1012,0.3934,0.000,0,0.100
3270,5.0729,can,0.0246,0.4590,0.000,0,0.100
3271,5.0729,can,-0.0520,0.3770,0.000,0,0.100
3272,5.0767,can,-0.0848,0.4535,0.000,0,0.100
3273,5.0767,chips,0.1230,0.4590,0.000,0,0.100
3274,5.0767,can,0.1887,0.4645,0.000,1,0.100
3275,5.0767,tetrapak,0.1285,0.4426,0.000,0,0.100
3276,5.0820,tetrapak,-0.0629,0.6395,0.000,0,0.100
3277,5.0820,can,-0.0355,0.3988,0.000,0,0.100
3278,5.0820,tetrapak,0.1832,0.4809,0.000,0,0.100
3279,5.0820,chips,0.1012,0.4480,0.000,0,0.100
3280,5.0862,chips,0.0902,0.3770,0.393,0,0.100
3281,5.0862,tetrapak,-0.0738,0.3879,0.393,0,0.100
3282,5.0862,can,0.0957,0.4480,0.393,0,0.100
3283,5.0862,chips,-0.1230,0.5574,0.393,0,0.100
3284,5.0904,chips,-0.0684,0.5301,0.393,0,0.100
3285,5.0904,chips,-0.0793,0.6121,0.000,0,0.100
3286,5.0904,tetrapak,0.1012,0.5082,0.393,0,0.100
3287,5.0904,chips,-0.1285,0.3168,0.000,0,0.100
3288,5.0948,chips,-0.0520,0.3660,0.393,0,0.100
3289,5.0948,chips,0.0410,0.4754,0.393,0,0.100
3290,5.0948,can,-0.0629,0.3934,0.393,1,0.100
3291,5.0948,chips,0.0410,0.5027,0.393,0,0.100
3292,5.0988,chips,-0.0574,0.3660,0.393,0,0.100
3293,5.0988,can,0.0410,0.4754,0.393,0,0.100
3294,5.0988,can,-0.0629,0.3934,0.393,0,0.100
3295,5.0988,tetrapak,0.0301,0.5027,0.393,0,0.100
3296,5.1025,tetrapak,-0.0574,0.6066,0.393,0,0.100
3297,5.1025,can,0.1121,0.4699,0.393,0,0.100
3298,5.1025,can,0.0848,0.5848,0.393,0,0.100
3299,5.1025,chips,0.1176,0.3770,0.393,0,0.100
3300,5.1065,can,0.0137,0.5301,2.356,0,0.100
3301,5.1065,tetrapak,-0.0793,0.4098,0.000,0,0.100
3302,5.1065,can,-0.0301,0.3824,0.000,0,0.100
3303,5.1065,tetrapak,-0.1941,0.4098,0.000,0,0.100
3304,5.1105,chips,-0.0902,0.6176,0.393,0,0.100
3305,5.1105,can,0.1121,0.5082,2.356,0,0.100
3306,5.1105,chips,0.1559,0.3660,0.393,0,0.100
3307,5.1105,can,-0.1066,0.3770,0.393,0,0.100
3308,5.1147,can,-0.1285,0.3879,0.393,0,0.100
3309,5.1147,can,-0.0191,0.6121,0.393,0,0.100
3310,5.1147,tetrapak,-0.1395,0.6504,2.356,0,0.100
3311,5.1147,chips,0.0738,0.5191,0.393,0,0.100
3312,5.1186,tetrapak,0.0410,0.5738,2.356,0,0.100
3313,5.1186,tetrapak,0.1340,0.5137,2.356,0,0.100
3314,5.1186,chips,0.1012,0.5520,2.356,0,0.100
3315,5.1186,tetrapak,-0.1176,0.5246,0.393,0,0.100
3316,5.1224,chips,0.1559,0.3496,2.356,0,0.100
3317,5.1224,can,-0.0848,0.5191,2.356,0,0.100
3318,5.1224,chips,0.1723,0.4863,0.393,0,0.100
3319,5.1224,chips,0.1777,0.5082,2.356,0,0.100
3320,5.1267,chips,-0.0465,0.5082,2.356,0,0.100
3321,5.1267,chips,0.1449,0.3770,2.356,0,0.100
3322,5.1267,tetrapak,-0.0246,0.5137,2.356,0,0.100
3323,5.1267,chips,-0.1504,0.3660,2.356,0,0.100
3324,5.1309,can,0.0793,0.5191,2.356,0,0.100
3325,5.1309,chips,-0.1668,0.3332,2.356,0,0.100
3326,5.1309,tetrapak,0.1723,0.5738,2.356,0,0.100
3327,5.1309,chips,-0.0301,0.3988,2.356,0,0.100
3328,5.1349,can,0.1012,0.5191,2.356,0,0.100
3329,5.1349,can,0.1777,0.5957,2.356,0,0.100
3330,5.1349,chips,0.1176,0.3551,2.356,0,0.100
3331,5.1349,tetrapak,-0.0027,0.4863,2.356,0,0.100
3332,5.1390,tetrapak,-0.1723,0.4098,2.356,0,0.100
3333,5.1390,can,-0.1559,0.4426,2.356,0,0.100
3334,5.1390,can,-0.0246,0.6285,2.356,0,0.100
3335,5.1390,can,-0.1723,0.5848,2.356,0,0.100
3336,5.1428,can,0.1449,0.3879,2.356,0,0.100
3337,5.1428,tetrapak,-0.0191,0.5191,2.356,0,0.100
3338,5.1428,can,-0.1777,0.6066,2.356,0,0.100
3339,5.1428,can,0.1395,0.4371,2.356,0,0.100
3340,5.1463,can,-0.0301,0.4809,2.356,0,0.100
3341,5.1463,can,0.1012,0.5191,2.356,0,0.100
3342,5.1463,chips,0.1176,0.5082,2.356,0,0.100
3343,5.1463,chips,-0.1012,0.4480,2.356,0,0.100
3344,5.1505,tetrapak,0.1887,0.4699,2.356,0,0.100
3345,5.1505,tetrapak,-0.0246,0.4152,2.356,0,0.100
3346,5.1505,chips,0.0191,0.4480,2.356,0,0.100
3347,5.1505,can,0.1285,0.5465,2.356,0,0.100
3348,5.1545,chips,-0.0137,0.6176,2.356,0,0.100
3349,5.1545,tetrapak,-0.0738,0.3660,2.356,0,0.100
3350,5.1545,chips,-0.1613,0.3988,2.356,0,0.100
3351,5.1545,chips,-0.0137,0.6340,2.356,0,0.100
3352,5.1594,chips,-0.1832,0.4754,1.073,0,0.100
3353,5.1594,can,0.1340,0.5629,2.356,0,0.100
3354,5.1594,tetrapak,-0.1012,0.5902,2.356,0,0.100
3355,5.1594,chips,0.0902,0.4973,2.356,0,0.100
3356,5.1652,can,0.0301,0.5957,2.356,1,0.100
3357,5.1652,can,-0.0902,0.4207,2.356,1,0.100
3358,5.1652,tetrapak,0.0137,0.3934,2.356,0,0.100
3359,5.1652,tetrapak,-0.0191,0.5410,1.571,1,0.100
3360,5.1698,can,0.0301,0.6012,2.356,0,0.100
3361,5.1698,tetrapak,-0.0848,0.4316,2.356,0,0.100
3362,5.1698,can,0.0191,0.3988,2.356,0,0.100
3363,5.1698,can,-0.0191,0.5465,2.356,0,0.100
3364,5.1753,can,0.0684,0.5520,2.356,0,0.100
3365,5.1753,can,0.0137,0.6395,2.356,1,0.100
3366,5.1753,can,-0.1066,0.3605,2.356,1,0.100
3367,5.1753,tetrapak,0.1285,0.3551,2.356,0,0.100
3368,5.1791,tetrapak,0.0574,0.5520,2.356,0,0.100
3369,5.1791,tetrapak,0.0082,0.6395,2.356,0,0.100
3370,5.1791,can,-0.1176,0.3660,2.356,0,0.100
3371,5.1791,can,0.1230,0.3551,1.571,0,0.100
3372,5.1829,tetrapak,-0.0410,0.4316,2.356,0,0.100
3373,5.1829,tetrapak,0.1723,0.5137,1.426,0,0.100
3374,5.1829,chips,0.0082,0.3660,2.356,0,0.100
3375,5.1829,tetrapak,0.1230,0.6285,1.818,0,0.100
3376,5.1873,chips,-0.1887,0.3879,2.356,0,0.100
3377,5.1873,chips,0.0027,0.5629,2.356,0,0.100
3378,5.1873,can,0.1121,0.4535,2.356,0,0.100
3379,5.1873,tetrapak,-0.1941,0.5191,2.356,0,0.100
3380,5.1912,tetrapak,-0.0738,0.3824,2.356,0,0.100
3381,5.1912,chips,-0.1012,0.3113,2.356,0,0.100
3382,5.1912,can,0.0629,0.4426,2.356,0,0.100
3383,5.1912,tetrapak,-0.1723,0.5793,1.571,0,0.100
3384,5.2062,chips,-0.1285,0.4918,0.000,0,0.100
3385,5.2062,tetrapak,0.0520,0.3770,1.571,0,0.100
3386,5.2062,tetrapak,-0.0137,0.5355,1.571,0,0.100
3387,5.2062,chips,-0.0301,0.5465,0.000,0,0.100
3388,5.2109,can,0.1340,0.4371,2.089,0,0.100
3389,5.2109,tetrapak,-0.1121,0.5957,0.000,1,0.100
3390,5.2109,chips,0.2160,0.3113,0.023,0,0.100
3391,5.2109,chips,0.2215,0.5191,0.000,0,0.100
3392,5.2143,can,0.1668,0.4098,0.393,0,0.100
3393,5.2143,can,-0.1176,0.5793,0.393,0,0.100
3394,5.2143,chips,0.1613,0.3223,0.393,0,0.100
3395,5.2143,chips,0.2215,0.5137,0.393,0,0.100
3396,5.2182,can,0.1887,0.4973,1.571,0,0.100
3397,5.2182,tetrapak,0.1066,0.5082,1.571,0,0.100
3398,5.2182,can,0.0355,0.3988,1.571,0,0.100
3399,5.2182,chips,-0.1668,0.3824,1.571,0,0.100
3400,5.2228,chips,-0.0738,0.5684,0.393,0,0.100
3401,5.2228,tetrapak,-0.1832,0.5848,1.571,0,0.100
3402,5.2228,tetrapak,0.1668,0.6340,0.393,0,0.100
3403,5.2228,tetrapak,-0.1176,0.5520,0.393,0,0.100
3404,5.2267,can,0.0957,0.3934,0.393,0,0.100
3405,5.2267,chips,-0.1176,0.6066,0.393,0,0.100
3406,5.2267,chips,0.1066,0.6230,0.393,0,0.100
3407,5.2267,tetrapak,-0.1613,0.5902,0.393,0,0.100
3408,5.2306,can,0.1504,0.4809,0.393,0,0.100
3409,5.2306,tetrapak,0.0410,0.5738,0.393,0,0.100
3410,5.2306,chips,-0.0191,0.5082,0.811,0,0.100
3411,5.2306,chips,0.1012,0.3934,0.393,0,0.100
3412,5.2347,can,0.1613,0.4480,2.541,0,0.100
3413,5.2347,can,0.1395,0.3551,2.356,0,0.100
3414,5.2347,chips,0.1668,0.5465,0.393,0,0.100
3415,5.2347,chips,-0.1613,0.4699,0.393,0,0.100
3416,5.2387,tetrapak,0.1887,0.4262,2.356,0,0.100
3417,5.2387,chips,0.1340,0.5793,0.393,0,0.100
3418,5.2387,tetrapak,0.1996,0.3113,2.356,0,0.100
3419,5.2387,tetrapak,0.0301,0.6395,2.356,0,0.100
3420,5.2427,tetrapak,-0.1395,0.5629,2.356,0,0.100
3421,5.2427,tetrapak,-0.1504,0.6285,2.356,0,0.100
3422,5.2427,can,0.1176,0.3770,2.356,0,0.100
3423,5.2427,tetrapak,-0.0684,0.4098,2.356,0,0.100
3424,5.2466,chips,-0.1832,0.3879,2.356,0,0.100
3425,5.2466,chips,0.0574,0.5848,2.356,0,0.100
3426,5.2466,can,-0.1176,0.5738,0.000,0,0.100
3427,5.2466,chips,0.1449,0.3824,0.000,0,0.100
3428,5.2518,tetrapak,-0.1723,0.6613,0.000,0,0.100
3429,5.2518,tetrapak,0.0027,0.5520,0.000,0,0.100
3430,5.2518,can,-0.0793,0.5957,0.000,0,0.100
3431,5.2518,chips,0.1941,0.4535,0.000,0,0.100
3432,5.2556,tetrapak,0.1613,0.4645,2.356,0,0.100
3433,5.2556,chips,0.1285,0.5957,0.000,0,0.100
3434,5.2556,can,-0.1832,0.4918,0.000,0,0.100
3435,5.2556,tetrapak,-0.0191,0.4371,0.000,0,0.100
3436,5.2596,can,-0.0629,0.3496,0.000,0,0.100
3437,5.2596,can,-0.1941,0.4316,0.000,0,0.100
3438,5.2596,can,-0.0574,0.3988,0.000,0,0.100
3439,5.2596,tetrapak,0.2051,0.5738,0.000,0,0.100
3440,5.2636,can,-0.1559,0.5301,0.000,0,0.100
3441,5.2636,chips,-0.0465,0.5574,0.000,0,0.100
3442,5.2636,can,-0.0355,0.6176,0.000,0,0.100
3443,5.2636,tetrapak,-0.0191,0.5355,0.000,0,0.100
3444,5.2675,tetrapak,-0.0137,0.3551,1.117,0,0.100
3445,5.2675,can,-0.1723,0.4863,0.000,0,0.100
3446,5.2675,can,0.0027,0.5793,0.000,0,0.100
3447,5.2675,can,-0.1121,0.4371,0.000,0,0.100
3448,5.2721,tetrapak,-0.0738,0.3879,0.000,1,0.100
3449,5.2721,tetrapak,0.1340,0.3441,0.000,0,0.100
3450,5.2721,tetrapak,-0.1395,0.4098,0.000,0,0.100
3451,5.2721,chips,0.0191,0.3113,0.000,0,0.100
3452,5.2759,tetrapak,-0.0738,0.3879,1.963,0,0.100
3453,5.2759,can,0.1340,0.3387,1.963,0,0.100
3454,5.2759,tetrapak,-0.1395,0.4098,0.393,0,0.100
3455,5.2759,tetrapak,0.0191,0.3113,0.000,0,0.100
3456,5.2796,tetrapak,0.0246,0.6449,0.393,0,0.100
3457,5.2796,chips,-0.1395,0.5137,0.393,0,0.100
3458,5.2796,chips,0.0684,0.4098,1.963,0,0.100
3459,5.2796,tetrapak,0.1449,0.5465,1.963,0,0.100
3460,5.2832,chips,0.1668,0.4645,1.963,0,0.100
3461,5.2832,tetrapak,0.0137,0.6012,0.393,0,0.100
3462,5.2832,tetrapak,0.0793,0.5137,0.393,0,0.100
3463,5.2832,chips,-0.0465,0.6340,0.393,0,0.100
3464,5.2870,can,0.0902,0.6340,0.393,0,0.100
3465,5.2870,tetrapak,0.1340,0.4316,1.963,0,0.100
3466,5.2870,chips,-0.0520,0.4426,0.393,0,0.100
3467,5.2870,can,0.0027,0.6395,1.199,0,0.100
3468,5.2909,can,-0.0191,0.4973,0.393,0,0.100
3469,5.2909,chips,-0.0191,0.6395,0.393,0,0.100
3470,5.2909,chips,0.0848,0.3770,0.393,0,0.100
3471,5.2909,can,-0.0574,0.3770,0.393,0,0.100
3472,5.2950,can,-0.0137,0.3605,0.393,0,0.100
3473,5.2950,chips,-0.0629,0.4863,0.393,0,0.100
3474,5.2950,chips,0.0301,0.4645,0.393,0,0.100
3475,5.2950,chips,-0.1285,0.5629,0.393,0,0.100
3476,5.2992,chips,-0.0629,0.5465,0.393,0,0.100
3477,5.2992,can,0.0082,0.6668,1.072,0,0.100
3478,5.2992,can,-0.0957,0.6066,0.393,0,0.100
3479,5.2992,can,0.0738,0.4699,0.393,0,0.100
3480,5.3031,can,0.0848,0.5520,0.393,0,0.100
3481,5.3031,can,0.0191,0.4426,0.393,0,0.100
3482,5.3031,can,0.1723,0.4918,0.393,0,0.100
3483,5.3031,chips,-0.1832,0.4316,0.393,0,0.100
3484,5.3070,can,-0.1832,0.4152,0.393,0,0.100
3485,5.3070,chips,0.0629,0.4535,0.393,0,0.100
3486,5.3070,can,-0.0629,0.6176,0.393,0,0.100
3487,5.3070,chips,-0.0848,0.6559,0.393,0,0.100
3488,5.3110,tetrapak,-0.0410,0.5520,0.393,0,0.100
3489,5.3110,tetrapak,-0.0738,0.6230,0.393,0,0.100
3490,5.3110,tetrapak,0.0902,0.3605,0.393,0,0.100
3491,5.3110,can,-0.0629,0.5902,0.393,0,0.100
3492,5.3155,can,-0.0301,0.3715,0.393,0,0.100
3493,5.3155,can,-0.1066,0.3824,0.393,0,0.100
3494,5.3155,can,-0.1176,0.3879,0.393,0,0.100
3495,5.3155,chips,0.0027,0.6176,0.393,0,0.100
3496,5.3191,tetrapak,0.1613,0.5082,1.220,0,0.100
3497,5.3191,chips,-0.0082,0.4699,0.393,0,0.100
3498,5.3191,can,0.0629,0.6285,0.393,0,0.100
3499,5.3191,tetrapak,-0.1559,0.4316,0.393,0,0.100
3500,5.3234,can,0.1723,0.3605,1.963,0,0.100
3501,5.3234,tetrapak,0.0902,0.3824,0.393,0,0.100
3502,5.3234,chips,-0.1613,0.5137,0.393,0,0.100
3503,5.3234,chips,0.0410,0.3879,1.963,0,0.100
3504,5.3277,chips,-0.0191,0.6395,0.393,0,0.100
3505,5.3277,can,0.1285,0.5082,1.490,0,0.100
3506,5.3277,tetrapak,0.1066,0.3879,0.393,0,0.100
3507,5.3277,chips,0.0902,0.6012,0.393,0,0.100
3508,5.3318,tetrapak,0.0246,0.5191,0.393,0,0.100
3509,5.3318,can,-0.1777,0.6449,0.393,0,0.100
3510,5.3318,tetrapak,-0.1613,0.5520,1.963,0,0.100
3511,5.3318,can,0.0848,0.5957,0.393,0,0.100
3512,5.3364,chips,0.1723,0.4426,1.963,0,0.100
3513,5.3364,tetrapak,-0.0082,0.6066,1.963,0,0.100
3514,5.3364,tetrapak,-0.1777,0.4480,1.025,1,0.100
3515,5.3364,chips,-0.1941,0.4535,1.963,0,0.100
3516,5.3405,tetrapak,0.2105,0.4535,1.963,0,0.100
3517,5.3405,can,0.0082,0.5629,1.963,0,0.100
3518,5.3405,can,-0.1941,0.4645,1.963,0,0.100
3519,5.3405,tetrapak,-0.1996,0.4535,1.963,0,0.100
3520,5.3444,chips,0.0137,0.3934,1.571,0,0.100
3521,5.3444,can,0.0410,0.5684,0.657,0,0.100
3522,5.3444,chips,-0.0355,0.5738,2.356,0,0.100
3523,5.3444,chips,0.0191,0.5629,1.571,0,0.100
3524,5.3483,can,-0.1395,0.5738,2.356,0,0.100
3525,5.3483,tetrapak,-0.1832,0.4426,2.356,0,0.100
3526,5.3483,can,-0.1176,0.4863,2.356,0,0.100
3527,5.3483,can,0.2105,0.6285,2.356,0,0.100
3528,5.3519,tetrapak,0.1176,0.5191,2.356,0,0.100
3529,5.3519,chips,0.1230,0.6285,2.356,0,0.100
3530,5.3519,chips,-0.0520,0.5027,2.356,0,0.100
3531,5.3519,can,0.0520,0.5957,2.356,0,0.100
3532,5.3557,chips,-0.0027,0.4316,2.356,0,0.100
3533,5.3557,chips,0.1996,0.2676,2.356,0,0.100
3534,5.3557,chips,-0.0629,0.3441,2.356,0,0.100
3535,5.3557,tetrapak,0.1832,0.4152,2.356,0,0.100
3536,5.3595,can,-0.0520,0.6066,2.356,0,0.100
3537,5.3595,can,0.0410,0.3988,2.356,0,0.100
3538,5.3595,tetrapak,0.1723,0.4754,2.356,0,0.100
3539,5.3595,can,-0.0027,0.5246,2.356,0,0.100
3540,5.3633,chips,-0.0301,0.5301,2.356,0,0.100
3541,5.3633,tetrapak,0.0027,0.4645,2.356,0,0.100
3542,5.3633,can,-0.0848,0.6176,2.356,0,0.100
3543,5.3633,can,-0.0082,0.5738,2.356,0,0.100
3544,5.3673,chips,0.1230,0.4098,2.356,0,0.100
3545,5.3673,chips,0.2105,0.5082,2.356,0,0.100
3546,5.3673,tetrapak,0.0137,0.6121,2.356,0,0.100
3547,5.3673,can,0.0848,0.4207,2.356,0,0.100
3548,5.3710,can,-0.0301,0.4863,2.356,0,0.100
3549,5.3710,tetrapak,-0.1723,0.5902,2.356,0,0.100
3550,5.3710,chips,-0.1613,0.3387,2.356,0,0.100
3551,5.3710,tetrapak,-0.0629,0.3605,2.356,0,0.100
3552,5.3779,chips,-0.1121,0.6176,2.356,0,0.100
3553,5.3779,can,0.0902,0.5957,1.571,0,0.100
3554,5.3779,chips,0.0793,0.5520,2.356,0,0.100
3555,5.3779,chips,-0.1668,0.5410,1.571,0,0.100
3556,5.3827,tetrapak,0.2051,0.6121,1.963,0,0.100
3557,5.3827,chips,0.1066,0.3934,1.963,0,0.100
3558,5.3827,tetrapak,-0.1285,0.3770,1.963,0,0.100
3559,5.3827,chips,-0.1121,0.5137,1.963,0,0.100
3560,5.3866,can,-0.0902,0.5520,1.571,0,0.100
3561,5.3866,chips,0.0629,0.4098,1.571,0,0.100
3562,5.3866,tetrapak,0.1613,0.4043,2.189,0,0.100
3563,5.3866,chips,-0.1777,0.4863,1.571,0,0.100
3564,5.3939,can,-0.0027,0.4207,1.571,0,0.100
3565,5.3939,tetrapak,-0.1613,0.5520,1.571,0,0.100
3566,5.3939,chips,0.1559,0.4535,1.571,0,0.100
3567,5.3939,tetrapak,-0.0191,0.5082,1.571,0,0.100
3568,5.3989,tetrapak,0.1941,0.4535,1.571,0,0.100
3569,5.3989,tetrapak,0.1613,0.3879,1.571,0,0.100
3570,5.3989,chips,-0.2105,0.5355,1.571,0,0.100
3571,5.3989,can,-0.0574,0.5082,1.571,0,0.100
3572,5.4035,chips,-0.1121,0.5957,1.571,0,0.100
3573,5.4035,chips,0.0301,0.3660,1.571,0,0.100
3574,5.4035,chips,0.1285,0.3605,1.571,0,0.100
3575,5.4035,tetrapak,0.0957,0.3879,1.571,0,0.100
3576,5.4111,tetrapak,0.0902,0.5738,1.150,1,0.100
3577,5.4111,chips,0.1340,0.5957,0.000,0,0.100
3578,5.4111,chips,-0.1285,0.3770,0.000,0,0.100
3579,5.4111,chips,0.2160,0.5738,1.963,0,0.100
3580,5.4165,chips,0.0902,0.5684,0.134,0,0.100
3581,5.4165,tetrapak,0.1340,0.5957,0.000,0,0.100
3582,5.4165,chips,-0.1285,0.3770,0.000,0,0.100
3583,5.4165,chips,0.2105,0.5738,0.000,0,0.100
3584,5.4236,can,-0.0793,0.3879,0.000,0,0.100
3585,5.4236,can,-0.1176,0.4645,1.571,0,0.100
3586,5.4236,tetrapak,0.1832,0.4863,0.000,0,0.100
3587,5.4236,can,0.1395,0.4262,0.000,0,0.100
3588,5.4275,chips,0.1285,0.5082,0.000,0,0.100
3589,5.4275,can,-0.1887,0.5137,0.000,0,0.100
3590,5.4275,can,-0.0082,0.5629,1.571,0,0.100
3591,5.4275,tetrapak,0.1777,0.6176,0.000,0,0.100
3592,5.4313,tetrapak,0.2816,0.3332,0.000,0,0.100
3593,5.4313,can,-0.1559,0.5246,0.000,0,0.100
3594,5.4313,tetrapak,-0.0191,0.5027,0.000,0,0.100
3595,5.4313,tetrapak,0.0574,0.4316,0.000,0,0.100
3596,5.4350,can,0.1285,0.4863,0.000,0,0.100
3597,5.4350,chips,-0.0355,0.4371,0.000,0,0.100
3598,5.4350,chips,0.0684,0.6285,0.000,0,0.100
3599,5.4350,tetrapak,-0.1121,0.4371,0.081,0,0.100
3600,5.4389,tetrapak,-0.1012,0.4043,0.000,0,0.100
3601,5.4389,tetrapak,0.0027,0.7324,1.374,0,0.100
3602,5.4389,chips,0.0957,0.6285,0.000,0,0.100
3603,5.4389,chips,-0.0957,0.3605,0.000,0,0.100
3604,5.4426,chips,0.1504,0.6176,0.000,0,0.100
3605,5.4426,chips,-0.0738,0.6395,0.000,0,0.100
3606,5.4426,tetrapak,-0.0574,0.4754,1.763,0,0.100
3607,5.4426,tetrapak,0.1285,0.4152,0.000,0,0.100
3608,5.4466,tetrapak,-0.0191,0.5465,0.000,0,0.100
3609,5.4466,chips,0.1285,0.3934,0.000,0,0.100
3610,5.4466,tetrapak,0.0684,0.6559,2.502,0,0.100
3611,5.4466,can,-0.1941,0.5957,0.000,0,0.100
3612,5.4516,chips,-0.1230,0.6285,0.000,0,0.100
3613,5.4516,tetrapak,0.2160,0.5902,1.104,0,0.100
3614,5.4516,tetrapak,0.1668,0.4480,0.000,0,0.100
3615,5.4516,tetrapak,0.1285,0.4316,0.000,0,0.100
3616,5.4559,can,0.2379,0.4371,0.000,0,0.100
3617,5.4559,can,0.1996,0.5902,1.571,0,0.100
3618,5.4559,tetrapak,0.1559,0.3332,1.571,0,0.100
3619,5.4559,tetrapak,0.0465,0.6285,1.571,0,0.100
3620,5.4599,can,-0.0793,0.3660,0.000,0,0.100
3621,5.4599,tetrapak,0.1121,0.3988,0.000,0,0.100
3622,5.4599,can,0.2051,0.4590,1.571,0,0.100
3623,5.4599,can,-0.1996,0.4535,1.571,0,0.100
3624,5.4639,tetrapak,0.1395,0.6012,0.000,0,0.100
3625,5.4639,chips,-0.0246,0.4371,0.000,0,0.100
3626,5.4639,can,0.0629,0.4426,0.000,1,0.100
3627,5.4639,chips,0.0574,0.3879,0.000,0,0.100
3628,5.4675,tetrapak,0.1395,0.5957,0.000,0,0.100
3629,5.4675,tetrapak,-0.0082,0.4535,0.000,0,0.100
3630,5.4675,chips,0.0902,0.4973,0.536,0,0.100
3631,5.4675,chips,0.0574,0.3660,0.000,0,0.100
3632,5.4721,can,0.2926,0.6285,0.000,0,0.100
3633,5.4721,tetrapak,0.1449,0.3715,0.000,0,0.100
3634,5.4721,can,0.0902,0.3715,0.000,0,0.100
3635,5.4721,tetrapak,-0.0684,0.3770,0.000,0,0.100
3636,5.4767,can,0.1230,0.4590,0.000,0,0.100
3637,5.4767,chips,-0.0574,0.6066,1.571,0,0.100
3638,5.4767,tetrapak,-0.1012,0.4098,0.000,0,0.100
3639,5.4767,tetrapak,-0.0520,0.4754,1.571,0,0.100
3640,5.4809,chips,0.0246,0.3824,0.000,0,0.100
3641,5.4809,chips,-0.2051,0.4699,0.000,0,0.100
3642,5.4809,chips,-0.2762,0.3879,3.024,0,0.100
3643,5.4809,can,0.1613,0.6230,0.000,1,0.100
3644,5.4868,tetrapak,-0.0793,0.4152,1.571,0,0.100
3645,5.4868,can,-0.0355,0.3441,1.571,1,0.100
3646,5.4868,can,-0.0137,0.4316,1.571,1,0.100
3647,5.4868,can,0.1668,0.5957,1.571,1,0.100
3648,5.4906,can,-0.0738,0.3988,1.571,0,0.100
3649,5.4906,tetrapak,-0.0355,0.3551,1.571,0,0.100
3650,5.4906,tetrapak,-0.0137,0.4262,1.571,0,0.100
3651,5.4906,tetrapak,0.1230,0.5848,2.667,0,0.100
3652,5.4946,can,-0.1668,0.6285,2.356,0,0.100
3653,5.4946,chips,-0.1176,0.3770,2.356,0,0.100
3654,5.4946,chips,0.0191,0.6395,2.356,0,0.100
3655,5.4946,tetrapak,-0.1121,0.3934,1.667,0,0.100
3656,5.4985,can,-0.1285,0.5738,2.356,0,0.100
3657,5.4985,can,-0.0410,0.4426,2.356,0,0.100
3658,5.4985,chips,0.0793,0.4207,2.356,0,0.100
3659,5.4985,can,-0.1176,0.4098,2.356,0,0.100
3660,5.5028,can,0.1121,0.4426,2.356,0,0.100
3661,5.5028,chips,-0.0684,0.5410,2.356,0,0.100
3662,5.5028,chips,-0.0793,0.4918,2.356,0,0.100
3663,5.5028,tetrapak,-0.1941,0.3879,2.356,0,0.100
3664,5.5066,can,0.1121,0.4426,2.356,0,0.100
3665,5.5066,can,-0.0684,0.5410,2.356,0,0.100
3666,5.5066,chips,-0.0793,0.4918,2.356,0,0.100
3667,5.5066,chips,-0.1941,0.3770,2.356,0,0.100
3668,5.5100,chips,-0.2160,0.4371,2.036,0,0.100
3669,5.5100,chips,-0.0520,0.3660,2.356,0,0.100
3670,5.5100,tetrapak,-0.1941,0.5629,2.356,0,0.100
3671,5.5100,can,-0.0793,0.6887,0.062,0,0.100
3672,5.5138,tetrapak,0.0301,0.5848,1.178,0,0.100
3673,5.5138,tetrapak,0.0410,0.4754,2.102,0,0.100
3674,5.5138,chips,0.2051,0.4316,2.686,0,0.100
3675,5.5138,can,-0.1941,0.6230,1.178,0,0.100
3676,5.5176,can,0.0684,0.6504,1.178,0,0.100
3677,5.5176,tetrapak,-0.0137,0.3770,1.571,0,0.100
3678,5.5176,tetrapak,0.0082,0.5574,1.178,0,0.100
3679,5.5176,tetrapak,0.0957,0.4535,1.178,0,0.100
3680,5.5219,can,-0.0738,0.5957,1.178,0,0.100
3681,5.5219,tetrapak,-0.0027,0.5027,1.571,0,0.100
3682,5.5219,tetrapak,-0.1832,0.5684,1.178,0,0.100
3683,5.5219,chips,-0.1996,0.4316,1.571,0,0.100
3684,5.5258,can,-0.0246,0.5902,0.638,0,0.100
3685,5.5258,chips,0.1012,0.5082,1.571,0,0.100
3686,5.5258,can,0.0902,0.4262,1.571,0,0.100
3687,5.5258,chips,-0.0191,0.3496,1.761,0,0.100
3688,5.5295,chips,-0.1832,0.4535,1.178,0,0.100
3689,5.5295,tetrapak,-0.0246,0.6449,1.178,0,0.100
3690,5.5295,chips,-0.1832,0.5848,1.178,0,0.100
3691,5.5295,chips,-0.0191,0.6395,1.178,0,0.100
3692,5.5336,tetrapak,-0.1285,0.6504,1.178,0,0.100
3693,5.5336,chips,-0.1449,0.3879,1.178,0,0.100
3694,5.5336,can,-0.0465,0.4371,1.178,0,0.100
3695,5.5336,can,0.0902,0.5301,1.178,0,0.100
3696,5.5378,can,-0.0902,0.5848,0.664,0,0.100
3697,5.5378,chips,0.0738,0.5848,1.178,0,0.100
3698,5.5378,can,0.1066,0.3496,1.178,0,0.100
3699,5.5378,can,0.1121,0.5574,1.178,0,0.100
3700,5.5419,chips,-0.1121,0.5793,1.178,0,0.100
3701,5.5419,can,-0.1285,0.6230,1.178,0,0.100
3702,5.5419,tetrapak,0.1340,0.3824,1.178,0,0.100
3703,5.5419,chips,-0.1340,0.3988,1.178,0,0.100
3704,5.5474,chips,-0.0027,0.3770,1.178,0,0.100
3705,5.5474,chips,-0.1504,0.4809,1.178,0,0.100
3706,5.5474,chips,-0.0191,0.5465,1.178,0,0.100
3707,5.5474,can,-0.1066,0.6230,1.208,1,0.100
3708,5.5517,tetrapak,-0.0082,0.3715,1.178,0,0.100
3709,5.5517,can,-0.1504,0.4809,1.178,0,0.100
3710,5.5517,tetrapak,-0.0191,0.5465,1.178,0,0.100
3711,5.5517,tetrapak,-0.0957,0.6285,1.178,0,0.100
3712,5.5557,can,0.0902,0.6012,1.178,0,0.100
3713,5.5557,chips,0.0957,0.4316,0.808,0,0.100
3714,5.5557,chips,0.1012,0.3551,1.178,0,0.100
3715,5.5557,tetrapak,-0.1504,0.4863,1.178,0,0.100
3716,5.5604,can,0.1668,0.5082,1.178,0,0.100
3717,5.5604,tetrapak,-0.0684,0.3988,1.178,0,0.100
3718,5.5604,chips,0.1121,0.5410,1.178,0,0.100
3719,5.5604,chips,0.1996,0.4590,1.178,0,0.100
3720,5.5661,chips,0.1996,0.4590,1.178,0,0.100
3721,5.5661,can,0.0629,0.6066,1.178,1,0.100
3722,5.5661,tetrapak,0.0246,0.5574,1.178,1,0.100
3723,5.5661,tetrapak,-0.0684,0.5410,1.178,0,0.100
3724,5.5703,chips,0.3473,0.5793,2.061,0,0.100
3725,5.5703,tetrapak,0.0684,0.6066,1.178,0,0.100
3726,5.5703,tetrapak,0.0355,0.5574,1.571,0,0.100
3727,5.5703,chips,-0.0684,0.5355,1.178,0,0.100
3728,5.5744,can,0.0137,0.5957,1.178,0,0.100
3729,5.5744,chips,-0.1613,0.5082,1.571,0,0.100
3730,5.5744,can,0.1285,0.4754,1.571,0,0.100
3731,5.5744,chips,-0.1559,0.4371,1.178,0,0.100
3732,5.5796,chips,-0.2051,0.3988,1.178,0,0.100
3733,5.5796,chips,0.0902,0.4645,2.356,0,0.100
3734,5.5796,tetrapak,-0.0137,0.6121,0.314,0,0.100
3735,5.5796,tetrapak,-0.0738,0.5027,2.356,1,0.100
3736,5.5831,can,-0.0082,0.6066,2.356,1,0.100
3737,5.5831,tetrapak,-0.1340,0.5957,2.356,0,0.100
3738,5.5831,can,-0.1449,0.4535,2.356,1,0.100
3739,5.5831,can,0.0793,0.5848,2.356,1,0.100
3740,5.5889,can,-0.0137,0.4645,2.356,1,0.100
3741,5.5889,can,-0.1285,0.5465,2.356,0,0.100
3742,5.5889,tetrapak,-0.0027,0.3660,2.356,0,0.100
3743,5.5889,can,-0.0793,0.4316,2.356,1,0.100
3744,5.5951,tetrapak,-0.0082,0.4754,2.356,0,0.100
3745,5.5951,can,-0.1285,0.5520,2.356,0,0.100
3746,5.5951,chips,-0.0027,0.3551,2.356,0,0.100
3747,5.5951,tetrapak,-0.0848,0.4316,2.356,0,0.100
3748,5.5996,tetrapak,0.1504,0.5410,2.356,0,0.100
3749,5.5996,tetrapak,0.0137,0.5848,2.356,0,0.100
3750,5.5996,chips,0.0246,0.3879,2.356,0,0.100
3751,5.5996,tetrapak,0.0191,0.4645,2.356,0,0.100
3752,5.6037,can,0.1723,0.3551,2.356,0,0.100
3753,5.6037,chips,0.0301,0.6285,2.277,0,0.100
3754,5.6037,tetrapak,-0.1613,0.4316,2.356,0,0.100
3755,5.6037,tetrapak,0.1066,0.5902,0.631,0,0.100
3756,5.6077,chips,-0.0082,0.3551,2.356,0,0.100
3757,5.6077,tetrapak,0.0301,0.4316,2.356,0,0.100
3758,5.6077,can,-0.0520,0.4535,2.356,0,0.100
3759,5.6077,tetrapak,-0.1066,0.6395,2.356,0,0.100
3760,5.6123,tetrapak,-0.0301,0.3988,2.356,0,0.100
3761,5.6123,tetrapak,0.2160,0.5191,2.356,0,0.100
3762,5.6123,chips,-0.1395,0.5191,2.356,0,0.100
3763,5.6123,can,-0.0520,0.3824,2.356,0,0.100
3764,5.6167,can,-0.0520,0.3660,2.356,0,0.100
3765,5.6167,chips,-0.0902,0.3660,2.356,0,0.100
3766,5.6167,can,-0.0137,0.4152,2.356,0,0.100
3767,5.6167,tetrapak,-0.1395,0.4535,2.356,0,0.100
3768,5.6207,can,0.0684,0.5957,2.356,0,0.100
3769,5.6207,can,0.0082,0.6395,2.356,0,0.100
3770,5.6207,can,-0.0027,0.5520,2.356,0,0.100
3771,5.6207,tetrapak,-0.1340,0.5520,2.356,0,0.100
3772,5.6270,tetrapak,0.1449,0.5137,1.178,0,0.100
3773,5.6270,can,-0.0738,0.4699,1.178,1,0.100
3774,5.6270,can,-0.0027,0.6012,1.178,0,0.100
3775,5.6270,can,-0.0246,0.4480,0.797,0,0.100
3776,5.6314,tetrapak,0.1395,0.5355,1.178,0,0.100
3777,5.6314,can,-0.0355,0.4645,0.278,0,0.100
3778,5.6314,chips,-0.0082,0.6012,1.178,0,0.100
3779,5.6314,tetrapak,0.0027,0.4809,1.178,0,0.100
3780,5.6358,chips,0.1121,0.3988,1.178,0,0.100
3781,5.6358,tetrapak,0.1121,0.4426,1.178,0,0.100
3782,5.6358,tetrapak,-0.1449,0.6066,1.178,0,0.100
3783,5.6358,tetrapak,-0.1230,0.4262,1.178,0,0.100
3784,5.6402,chips,0.0410,0.5301,1.963,0,0.100
3785,5.6402,chips,0.1559,0.6285,1.178,0,0.100
3786,5.6402,chips,-0.0520,0.3934,1.963,0,0.100
3787,5.6402,chips,0.0684,0.5574,1.963,0,0.100
3788,5.6449,chips,0.0520,0.8035,1.178,0,0.100
3789,5.6449,can,0.1230,0.6012,1.963,1,0.100
3790,5.6449,can,-0.0191,0.4863,1.963,1,0.100
3791,5.6449,tetrapak,0.1832,0.6012,1.963,1,0.100
3792,5.6491,tetrapak,0.0574,0.6285,1.963,0,0.100
3793,5.6491,tetrapak,0.1230,0.5957,1.963,0,0.100
3794,5.6491,can,-0.0246,0.4754,1.963,0,0.100
3795,5.6491,chips,0.1832,0.6012,1.963,0,0.100
3796,5.6534,chips,0.1395,0.4480,1.963,0,0.100
3797,5.6534,can,-0.0574,0.6176,1.571,0,0.100
3798,5.6534,can,0.1340,0.6012,1.963,0,0.100
3799,5.6534,can,-0.0082,0.5137,1.963,0,0.100
3800,5.6572,tetrapak,0.0738,0.5410,1.571,0,0.100
3801,5.6572,tetrapak,0.0520,0.5848,1.571,0,0.100
3802,5.6572,tetrapak,-0.0520,0.4973,1.571,0,0.100
3803,5.6572,tetrapak,0.1504,0.6012,1.571,0,0.100
3804,5.6636,tetrapak,-0.0355,0.3988,1.571,0,0.100
3805,5.6636,chips,0.1176,0.3770,1.571,0,0.100
3806,5.6636,tetrapak,0.1996,0.4973,0.972,0,0.100
3807,5.6636,chips,0.0520,0.4152,1.571,0,0.100
3808,5.6706,tetrapak,-0.1996,0.5848,1.571,0,0.100
3809,5.6706,chips,-0.0465,0.3824,1.571,0,0.100
3810,5.6706,can,0.0957,0.6285,1.571,0,0.100
3811,5.6706,tetrapak,0.0684,0.4098,1.571,0,0.100
3812,5.6755,chips,-0.0355,0.5355,1.571,0,0.100
3813,5.6755,chips,0.1176,0.5738,1.571,0,0.100
3814,5.6755,tetrapak,-0.0902,0.4973,1.571,0,0.100
3815,5.6755,can,0.1285,0.5301,1.571,0,0.100
3816,5.6802,can,-0.1668,0.5301,1.963,0,0.100
3817,5.6802,tetrapak,0.0301,0.6012,1.963,0,0.100
3818,5.6802,can,-0.1504,0.3715,1.963,0,0.100
3819,5.6802,chips,-0.0520,0.5465,1.963,0,0.100
3820,5.6847,chips,0.0301,0.6449,1.963,0,0.100
3821,5.6847,tetrapak,0.1668,0.3934,1.963,0,0.100
3822,5.6847,chips,0.0191,0.3496,1.963,0,0.100
3823,5.6847,tetrapak,-0.1285,0.5629,1.963,0,0.100
3824,5.6889,tetrapak,0.0684,0.4754,1.963,0,0.100
3825,5.6889,tetrapak,0.1395,0.3605,1.963,0,0.100
3826,5.6889,tetrapak,0.1285,0.5793,1.963,0,0.100
3827,5.6889,can,-0.1887,0.3715,1.963,0,0.100
3828,5.6941,chips,0.1395,0.6340,1.963,0,0.100
3829,5.6941,can,0.1012,0.4754,1.963,0,0.100
3830,5.6941,chips,-0.1066,0.3605,1.963,0,0.100
3831,5.6941,chips,0.0684,0.5629,1.963,0,0.100
3832,5.6996,can,0.0738,0.4043,1.963,1,0.100
3833,5.6996,can,0.0465,0.5574,1.963,0,0.100
3834,5.6996,chips,-0.1395,0.6121,1.963,0,0.100
3835,5.6996,tetrapak,0.1012,0.5629,1.963,0,0.100
3836,5.7037,can,0.0410,0.4043,3.005,0,0.100
3837,5.7037,chips,0.0465,0.5574,1.963,0,0.100
3838,5.7037,chips,-0.1395,0.6121,1.963,0,0.100
3839,5.7037,can,0.1012,0.5629,1.963,0,0.100
3840,5.7259,chips,0.0574,0.2074,1.963,0,0.100
3841,5.7259,tetrapak,0.1613,0.3715,0.205,0,0.100
3842,5.7259,chips,-0.1230,0.4152,1.220,0,0.100
3843,5.7259,can,0.0574,0.2074,1.963,0,0.100
3844,5.7315,tetrapak,-0.0301,0.4535,2.356,0,0.100
3845,5.7315,chips,0.1887,0.3879,2.356,0,0.100
3846,5.7315,tetrapak,0.0738,0.2020,2.356,0,0.100
3847,5.7315,tetrapak,-0.0246,0.6832,0.454,0,0.100
3848,5.7386,chips,-0.0410,0.4426,2.356,0,0.100
3849,5.7386,chips,-0.2160,0.5520,2.356,0,0.100
3850,5.7386,tetrapak,-0.1832,0.5465,2.356,1,0.100
3851,5.7386,can,-0.0410,0.5082,2.356,1,0.100
3852,5.7431,tetrapak,0.0301,0.6121,2.356,0,0.100
3853,5.7431,can,-0.2160,0.5520,2.356,0,0.100
3854,5.7431,tetrapak,-0.1996,0.5684,2.356,0,0.100
3855,5.7431,tetrapak,-0.0520,0.5082,2.356,0,0.100
3856,5.7471,tetrapak,0.1012,0.3879,2.356,0,0.100
3857,5.7471,chips,-0.1668,0.3988,2.356,0,0.100
3858,5.7471,chips,0.0848,0.3332,2.356,0,0.100
3859,5.7471,chips,-0.1285,0.6176,2.356,0,0.100
3860,5.7541,tetrapak,0.0137,0.4863,1.237,0,0.100
3861,5.7541,chips,-0.0355,0.5520,2.356,0,0.100
3862,5.7541,can,0.1395,0.4098,2.356,0,0.100
3863,5.7541,chips,0.0465,0.3988,2.356,0,0.100
3864,5.7601,tetrapak,-0.1723,0.6559,1.963,0,0.100
3865,5.7601,chips,0.1176,0.4426,1.963,0,0.100
3866,5.7601,tetrapak,0.0684,0.5301,1.963,0,0.100
3867,5.7601,can,0.1723,0.4316,1.963,0,0.100
3868,5.7666,chips,0.0574,0.6340,1.963,0,0.100
3869,5.7666,tetrapak,-0.0793,0.4535,1.178,0,0.100
3870,5.7666,chips,0.1668,0.6230,1.963,0,0.100
3871,5.7666,can,-0.1340,0.3496,1.963,0,0.100
3872,5.7707,chips,-0.1613,0.5465,1.178,0,0.100
3873,5.7707,can,0.1285,0.4262,1.178,0,0.100
3874,5.7707,tetrapak,-0.0848,0.5246,1.034,0,0.100
3875,5.7707,tetrapak,-0.0629,0.5027,1.178,0,0.100
3876,5.7764,tetrapak,0.0793,0.5629,1.963,1,0.100
3877,5.7764,tetrapak,0.0082,0.6504,1.963,1,0.100
3878,5.7764,tetrapak,0.0738,0.4863,1.800,1,0.100
3879,5.7764,tetrapak,0.0191,0.5957,1.963,1,0.100
3880,5.7818,can,0.0684,0.5684,1.963,0,0.100
3881,5.7818,chips,0.0082,0.6504,1.571,0,0.100
3882,5.7818,can,0.0137,0.4973,1.963,0,0.100
3883,5.7818,chips,-0.1066,0.5957,1.963,0,0.100
3884,5.7865,chips,-0.0410,0.4262,1.963,0,0.100
3885,5.7865,tetrapak,-0.0301,0.5082,1.963,0,0.100
3886,5.7865,chips,-0.1395,0.5957,1.571,0,0.100
3887,5.7865,chips,0.1395,0.5137,1.963,0,0.100
3888,5.7906,chips,0.0355,0.3551,2.273,0,0.100
3889,5.7906,chips,0.1012,0.4809,1.963,0,0.100
3890,5.7906,chips,-0.1285,0.5520,1.736,0,0.100
3891,5.7906,can,0.0738,0.3332,1.963,0,0.100
3892,5.7954,tetrapak,0.1832,0.3551,0.251,0,0.100
3893,5.7954,chips,0.2379,0.5082,0.363,0,0.100
3894,5.7954,tetrapak,0.1887,0.4152,1.963,0,0.100
3895,5.7954,can,-0.0848,0.5629,1.963,0,0.100
3896,5.8001,can,0.0738,0.3441,1.571,0,0.100
3897,5.8001,chips,-0.0629,0.3551,2.356,0,0.100
3898,5.8001,tetrapak,0.1340,0.5574,1.571,0,0.100
3899,5.8001,tetrapak,0.1176,0.5137,1.963,0,0.100
3900,5.8040,can,0.1066,0.5848,0.393,0,0.100
3901,5.8040,can,-0.0355,0.3770,2.356,0,0.100
3902,5.8040,tetrapak,-0.1941,0.5137,1.963,0,0.100
3903,5.8040,tetrapak,0.0137,0.4098,1.571,0,0.100
3904,5.8086,tetrapak,0.0957,0.3824,0.393,0,0.100
3905,5.8086,can,0.1066,0.5684,0.393,0,0.100
3906,5.8086,tetrapak,-0.0520,0.4590,1.963,0,0.100
3907,5.8086,tetrapak,0.0355,0.6176,1.963,0,0.100
3908,5.8135,can,-0.0902,0.4098,1.571,0,0.100
3909,5.8135,tetrapak,0.0793,0.4645,0.393,0,0.100
3910,5.8135,chips,-0.0902,0.5410,1.571,0,0.100
3911,5.8135,can,-0.1340,0.6559,0.393,0,0.100
3912,5.8189,chips,-0.0848,0.5738,2.356,0,0.100
3913,5.8189,can,0.1066,0.4152,0.393,1,0.100
3914,5.8189,can,-0.0848,0.6449,0.393,1,0.100
3915,5.8189,chips,0.1012,0.4371,2.356,0,0.100
3916,5.8230,chips,-0.1066,0.5629,2.356,0,0.100
3917,5.8230,tetrapak,0.1012,0.4152,0.393,0,0.100
3918,5.8230,can,-0.0848,0.6395,0.393,0,0.100
3919,5.8230,chips,0.0848,0.6066,2.356,0,0.100
3920,5.8273,can,-0.1777,0.4863,0.393,0,0.100
3921,5.8273,can,-0.0629,0.4590,1.963,0,0.100
3922,5.8273,chips,0.0957,0.5574,0.393,0,0.100
3923,5.8273,tetrapak,0.1777,0.6887,1.319,0,0.100
3924,5.8336,can,-0.1668,0.5793,0.393,0,0.100
3925,5.8336,chips,-0.0027,0.5301,0.393,0,0.100
3926,5.8336,chips,0.0410,0.6176,2.356,0,0.100
3927,5.8336,chips,-0.0957,0.3441,1.963,0,0.100
3928,5.8381,chips,0.0027,0.3770,0.393,0,0.100
3929,5.8381,chips,-0.0137,0.3551,2.356,0,0.100
3930,5.8381,chips,0.0957,0.4590,2.356,0,0.100
3931,5.8381,chips,0.0355,0.6285,2.356,0,0.100
3932,5.8436,chips,-0.1395,0.3496,2.356,0,0.100
3933,5.8436,tetrapak,0.0410,0.5793,0.393,0,0.100
3934,5.8436,chips,-0.0410,0.5465,2.356,0,0.100
3935,5.8436,tetrapak,-0.1504,0.6559,0.393,1,0.100
3936,5.8491,chips,0.0246,0.3605,2.356,0,0.100
3937,5.8491,chips,0.0410,0.5738,2.356,0,0.100
3938,5.8491,can,0.0848,0.6176,2.356,0,0.100
3939,5.8491,chips,-0.1449,0.6559,0.393,0,0.100
3940,5.8541,can,-0.2270,0.4098,2.356,0,0.100
3941,5.8541,can,-0.1066,0.6613,2.356,0,0.100
3942,5.8541,chips,-0.1504,0.4973,2.356,0,0.100
3943,5.8541,tetrapak,0.0629,0.5793,2.356,0,0.100
3944,5.8589,chips,-0.1066,0.3988,2.356,0,0.100
3945,5.8589,tetrapak,-0.0738,0.4426,2.356,0,0.100
3946,5.8589,can,0.0355,0.3660,2.356,1,0.100
3947,5.8589,can,0.1996,0.4316,2.356,0,0.100
3948,5.8635,chips,-0.0902,0.6285,2.356,0,0.100
3949,5.8635,chips,-0.1121,0.4316,2.356,0,0.100
3950,5.8635,chips,-0.0684,0.4426,0.874,0,0.100
3951,5.8635,tetrapak,0.0793,0.4098,2.356,0,0.100
3952,5.8683,can,0.1941,0.3660,2.356,1,0.100
3953,5.8683,tetrapak,-0.0520,0.3387,2.356,0,0.100
3954,5.8683,can,0.1941,0.4535,2.356,0,0.100
3955,5.8683,can,0.1559,0.4207,2.356,1,0.100
3956,5.8752,tetrapak,-0.2051,0.5191,2.356,1,0.100
3957,5.8752,can,-0.1504,0.3441,2.356,1,0.100
3958,5.8752,chips,-0.1996,0.5957,2.356,0,0.100
3959,5.8752,tetrapak,0.2270,0.4645,2.356,1,0.100
3960,5.8797,can,-0.2051,0.5137,2.356,0,0.100
3961,5.8797,tetrapak,-0.1449,0.3441,2.356,0,0.100
3962,5.8797,can,-0.1996,0.5957,2.356,0,0.100
3963,5.8797,can,0.2215,0.4535,2.356,0,0.100
3964,5.8871,chips,0.2105,0.5410,2.356,0,0.100
3965,5.8871,tetrapak,-0.1066,0.3441,2.356,0,0.100
3966,5.8871,tetrapak,0.2652,0.4863,2.356,1,0.100
3967,5.8871,chips,0.1777,0.4426,2.356,0,0.100
3968,5.8917,chips,0.2105,0.5410,2.356,0,0.100
3969,5.8917,can,-0.1066,0.3441,2.356,0,0.100
3970,5.8917,can,0.2707,0.4918,2.356,0,0.100
3971,5.8917,can,0.1777,0.4426,2.356,0,0.100
3972,5.8963,can,-0.2379,0.5410,2.356,0,0.100
3973,5.8963,chips,-0.1340,0.5355,0.973,0,0.100
3974,5.8963,tetrapak,-0.0465,0.6176,2.356,0,0.100
3975,5.8963,chips,0.2051,0.6449,2.356,0,0.100
3976,5.9025,tetrapak,-0.0957,0.6012,0.606,0,0.100
3977,5.9025,tetrapak,0.0848,0.3223,1.963,0,0.100
3978,5.9025,chips,0.2105,0.5137,1.963,0,0.100
3979,5.9025,chips,-0.0738,0.4863,1.640,0,0.100
3980,5.9076,can,-0.1613,0.3660,1.963,1,0.100
3981,5.9076,can,-0.1012,0.3496,1.963,1,0.100
3982,5.9076,can,-0.0246,0.4152,1.963,1,0.100
3983,5.9076,tetrapak,-0.1340,0.4754,1.963,0,0.100
3984,5.9138,chips,0.0410,0.6504,2.356,0,0.100
3985,5.9138,tetrapak,-0.1559,0.3824,1.963,1,0.100
3986,5.9138,chips,0.2926,0.4152,1.963,0,0.100
3987,5.9138,chips,0.0082,0.6066,2.356,0,0.100
3988,5.9214,tetrapak,0.0410,0.6504,1.963,0,0.100
3989,5.9214,can,-0.1449,0.3879,1.963,0,0.100
3990,5.9214,chips,0.2926,0.4152,1.963,0,0.100
3991,5.9214,chips,0.0082,0.6066,1.963,0,0.100
3992,5.9265,tetrapak,-0.2270,0.5629,0.688,0,0.100
3993,5.9265,can,0.1887,0.4262,1.963,1,0.100
3994,5.9265,can,0.0246,0.3715,1.963,1,0.100
3995,5.9265,chips,0.0738,0.3934,1.963,0,0.100
3996,5.9309,tetrapak,-0.1996,0.5301,1.963,0,0.100
3997,5.9309,chips,0.1887,0.4262,1.963,0,0.100
3998,5.9309,tetrapak,0.0246,0.3715,1.963,0,0.100
3999,5.9309,can,0.0738,0.3934,1.963,0,0.100
4000,5.9372,chips,0.2270,0.4590,1.963,0,0.100
4001,5.9372,can,-0.1504,0.3223,1.963,0,0.100
4002,5.9372,can,-0.1832,0.5355,1.963,0,0.100
4003,5.9372,can,0.0957,0.5355,1.963,0,0.100
4004,5.9425,chips,0.2980,0.4371,1.963,0,0.100
4005,5.9425,tetrapak,0.1941,0.4480,1.963,0,0.100
4006,5.9425,can,0.0410,0.3496,1.963,0,0.100
4007,5.9425,tetrapak,-0.0574,0.6395,1.963,0,0.100
4008,5.9468,chips,0.0848,0.5082,1.963,0,0.100
4009,5.9468,chips,0.0957,0.5902,1.963,0,0.100
4010,5.9468,can,0.1504,0.5520,1.963,0,0.100
4011,5.9468,can,-0.1832,0.5465,1.963,0,0.100
4012,5.9518,tetrapak,0.2105,0.3277,1.963,0,0.100
4013,5.9518,can,0.1395,0.5520,1.963,1,0.100
4014,5.9518,can,0.1340,0.4809,1.963,1,0.100
4015,5.9518,chips,-0.1012,0.5191,1.963,0,0.100
4016,5.9563,chips,0.2105,0.3277,1.963,0,0.100
4017,5.9563,chips,0.1449,0.5465,1.963,0,0.100
4018,5.9563,chips,0.1395,0.4754,1.963,0,0.100
4019,5.9563,chips,-0.1012,0.5082,1.963,0,0.100
4020,5.9614,can,0.1449,0.4590,1.963,0,0.100
4021,5.9614,chips,-0.0684,0.4480,1.571,0,0.100
4022,5.9614,tetrapak,0.0191,0.5848,1.571,0,0.100
4023,5.9614,tetrapak,0.0629,0.4754,1.571,0,0.100
4024,5.9656,can,0.1832,0.3770,1.571,0,0.100
4025,5.9656,tetrapak,-0.0520,0.3988,1.571,0,0.100
4026,5.9656,chips,-0.2707,0.3441,1.537,0,0.100
4027,5.9656,chips,-0.0082,0.4316,1.571,0,0.100
4028,5.9699,can,-0.0465,0.4535,1.571,0,0.100
4029,5.9699,tetrapak,-0.1340,0.6285,1.571,0,0.100
4030,5.9699,chips,-0.1887,0.3988,1.571,0,0.100
4031,5.9699,can,0.2105,0.5684,1.571,0,0.100
4032,5.9759,tetrapak,-0.0027,0.4043,1.963,0,0.100
4033,5.9759,tetrapak,0.0246,0.3879,1.963,0,0.100
4034,5.9759,can,0.2926,0.3551,1.963,0,0.100
4035,5.9759,can,-0.0301,0.4535,1.963,0,0.100
4036,5.9813,can,-0.1504,0.3879,1.571,0,0.100
4037,5.9813,can,-0.0793,0.6395,1.571,0,0.100
4038,5.9813,tetrapak,-0.0629,0.4152,1.963,0,0.100
4039,5.9813,tetrapak,-0.1066,0.5684,1.963,0,0.100
4040,5.9865,tetrapak,-0.0738,0.5793,1.963,0,0.100
4041,5.9865,can,0.0465,0.4316,1.571,0,0.100
4042,5.9865,chips,-0.1996,0.5191,1.571,0,0.100
4043,5.9865,tetrapak,0.2434,0.3496,1.571,0,0.100
4044,5.9916,can,-0.0957,0.4645,1.571,0,0.100
4045,5.9916,tetrapak,0.0137,0.4207,1.571,0,0.100
4046,5.9916,tetrapak,-0.0848,0.4480,1.571,0,0.100
4047,5.9916,chips,0.0957,0.4535,1.571,0,0.100
4048,5.9977,chips,-0.1176,0.4535,1.571,0,0.100
4049,5.9977,chips,-0.1340,0.3770,1.571,0,0.100
4050,5.9977,chips,-0.1066,0.6176,2.581,0,0.100
4051,5.9977,tetrapak,-0.0684,0.5957,1.571,0,0.100
4052,6.0034,chips,0.1449,0.4426,2.356,0,0.100
4053,6.0034,can,0.0629,0.4152,2.356,0,0.100
4054,6.0034,can,0.0574,0.5520,2.356,0,0.100
4055,6.0034,tetrapak,-0.0246,0.4973,1.571,0,0.100
4056,6.0112,tetrapak,0.0301,0.5410,2.356,0,0.100
4057,6.0112,chips,-0.0027,0.3770,2.356,0,0.100
4058,6.0112,can,-0.1012,0.5520,2.356,1,0.100
4059,6.0112,chips,0.2980,0.3934,2.356,0,0.100
4060,6.0169,chips,0.0301,0.5410,2.356,0,0.100
4061,6.0169,can,-0.0027,0.3770,2.356,0,0.100
4062,6.0169,tetrapak,-0.0848,0.5738,2.052,0,0.100
4063,6.0169,chips,0.3035,0.3988,2.356,0,0.100
4064,6.0231,tetrapak,-0.0793,0.5520,2.356,0,0.100
4065,6.0231,can,0.0957,0.5848,2.356,0,0.100
4066,6.0231,tetrapak,-0.0465,0.5848,2.356,0,0.100
4067,6.0231,can,-0.0082,0.4535,2.356,0,0.100
4068,6.0331,chips,-0.0410,0.5410,1.963,0,0.100
4069,6.0331,tetrapak,-0.0246,0.4426,2.282,0,0.100
4070,6.0331,can,0.0355,0.6230,1.130,1,0.100
4071,6.0331,tetrapak,0.1668,0.3660,1.963,0,0.100
4072,6.0400,tetrapak,0.1832,0.3496,1.963,0,0.100
4073,6.0400,can,-0.0629,0.4590,3.058,0,0.100
4074,6.0400,can,-0.0574,0.4098,1.799,1,0.100
4075,6.0400,chips,0.1668,0.6176,1.963,0,0.100
4076,6.0498,chips,-0.2434,0.4262,1.963,0,0.100
4077,6.0498,can,-0.0027,0.5246,1.963,1,0.100
4078,6.0498,tetrapak,0.1887,0.3715,1.963,1,0.100
4079,6.0498,tetrapak,0.1504,0.3660,1.963,0,0.100
4080,6.0563,can,0.1285,0.4918,1.963,1,0.100
4081,6.0563,chips,-0.0410,0.6285,1.963,0,0.100
4082,6.0563,can,-0.0191,0.3715,1.963,1,0.100
4083,6.0563,chips,0.1176,0.5684,1.963,0,0.100
4084,6.0613,can,0.1285,0.4918,1.963,0,0.100
4085,6.0613,can,-0.0410,0.6230,1.963,0,0.100
4086,6.0613,tetrapak,-0.0684,0.3824,0.740,0,0.100
4087,6.0613,tetrapak,0.1395,0.7105,1.233,0,0.100
4088,6.0686,can,0.0137,0.5520,0.068,0,0.100
4089,6.0686,tetrapak,0.0520,0.4316,1.178,0,0.100
4090,6.0686,can,-0.0574,0.4918,1.963,1,0.100
4091,6.0686,chips,-0.0246,0.4535,1.178,0,0.100
4092,6.0747,can,0.1449,0.5738,1.963,1,0.100
4093,6.0747,can,0.0957,0.5027,1.963,0,0.100
4094,6.0747,tetrapak,0.1230,0.5082,1.963,0,0.100
4095,6.0747,can,-0.0574,0.5027,1.963,1,0.100
4096,6.0805,can,0.0410,0.6340,1.178,1,0.100
4097,6.0805,chips,0.1395,0.3770,1.178,0,0.100
4098,6.0805,tetrapak,0.0191,0.6285,1.178,0,0.100
4099,6.0805,chips,0.0191,0.5738,1.963,0,0.100
4100,6.0858,tetrapak,0.0301,0.4863,1.178,1,0.100
4101,6.0858,tetrapak,-0.1121,0.4262,2.521,0,0.100
4102,6.0858,chips,0.0738,0.2074,1.178,0,0.100
4103,6.0858,can,0.0684,0.2129,1.178,0,0.100
4104,6.0913,can,0.0355,0.4863,1.178,0,0.100
4105,6.0913,can,-0.1559,0.4754,1.178,0,0.100
4106,6.0913,chips,-0.0793,0.3277,2.814,0,0.100
4107,6.0913,can,0.1449,0.6613,1.178,0,0.100
4108,6.0971,chips,0.1723,0.6832,2.356,0,0.100
4109,6.0971,tetrapak,0.1668,0.3770,1.178,1,0.100
4110,6.0971,chips,-0.1285,0.4918,1.178,0,0.100
4111,6.0971,tetrapak,0.2160,0.3441,2.356,1,0.100
4112,6.1014,can,0.1668,0.6832,1.178,0,0.100
4113,6.1014,can,0.1723,0.3824,1.178,0,0.100
4114,6.1014,tetrapak,-0.1723,0.4863,3.108,0,0.100
4115,6.1014,can,0.2105,0.3496,1.178,0,0.100
4116,6.1085,can,-0.0082,0.4754,1.178,0,0.100
4117,6.1085,tetrapak,0.1668,0.4316,1.178,0,0.100
4118,6.1085,can,-0.1449,0.4098,1.178,0,0.100
4119,6.1085,can,-0.0684,0.5629,1.178,0,0.100
4120,6.1148,chips,-0.1723,0.5137,1.963,0,0.100
4121,6.1148,tetrapak,-0.1395,0.6340,1.963,0,0.100
4122,6.1148,can,0.1285,0.4918,2.893,0,0.100
4123,6.1148,can,-0.1613,0.5520,1.963,0,0.100
4124,6.1200,tetrapak,-0.1723,0.5137,1.963,0,0.100
4125,6.1200,tetrapak,-0.1395,0.6613,1.145,0,0.100
4126,6.1200,chips,0.0957,0.4645,1.963,0,0.100
4127,6.1200,chips,-0.1559,0.5465,1.963,0,0.100
4128,6.1252,chips,0.0629,0.3387,1.963,0,0.100
4129,6.1252,can,0.0191,0.4863,1.963,0,0.100
4130,6.1252,tetrapak,0.1395,0.6613,1.963,0,0.100
4131,6.1252,tetrapak,-0.1012,0.4699,1.963,0,0.100
4132,6.1310,can,0.0848,0.3879,1.963,1,0.100
4133,6.1310,chips,0.0957,0.4918,1.178,0,0.100
4134,6.1310,tetrapak,-0.0246,0.5957,1.963,1,0.100
4135,6.1310,can,0.0137,0.4207,1.963,1,0.100
4136,6.1365,chips,0.0793,0.3824,1.178,0,0.100
4137,6.1365,tetrapak,0.0902,0.4863,1.178,0,0.100
4138,6.1365,can,-0.0301,0.5902,1.178,0,0.100
4139,6.1365,chips,0.0137,0.4207,1.178,0,0.100
4140,6.1447,tetrapak,-0.0191,0.4863,3.098,0,0.100
4141,6.1447,tetrapak,-0.0082,0.5246,1.178,0,0.100
4142,6.1447,chips,-0.1777,0.5957,1.178,0,0.100
4143,6.1447,chips,0.0520,0.5191,1.178,0,0.100
4144,6.1517,can,0.0465,0.6066,1.178,0,0.100
4145,6.1517,tetrapak,0.0793,0.6449,1.178,0,0.100
4146,6.1517,can,-0.1066,0.6504,1.178,1,0.100
4147,6.1517,chips,0.1395,0.3332,1.178,0,0.100
4148,6.1582,tetrapak,0.0465,0.6066,1.178,0,0.100
4149,6.1582,chips,0.0793,0.6449,1.178,0,0.100
4150,6.1582,tetrapak,-0.1230,0.6941,1.155,0,0.100
4151,6.1582,chips,0.1449,0.3332,1.178,0,0.100
4152,6.1662,can,-0.1504,0.4535,1.178,1,0.100
4153,6.1662,tetrapak,-0.1941,0.6340,1.178,1,0.100
4154,6.1662,can,-0.0520,0.4480,1.178,1,0.100
4155,6.1662,chips,-0.1230,0.4535,1.178,0,0.100
4156,6.1735,tetrapak,-0.1832,0.5082,1.178,1,0.100
4157,6.1735,can,0.1340,0.3934,1.178,1,0.100
4158,6.1735,tetrapak,-0.1285,0.5355,1.178,1,0.100
4159,6.1735,tetrapak,0.2215,0.3387,1.178,1,0.100
4160,6.1822,can,-0.1832,0.5137,1.178,0,0.100
4161,6.1822,can,0.1230,0.3934,1.178,0,0.100
4162,6.1822,tetrapak,-0.1559,0.5082,2.094,0,0.100
4163,6.1822,can,0.2105,0.3441,1.178,0,0.100
4164,6.1919,tetrapak,0.0027,0.5957,1.178,0,0.100
4165,6.1919,chips,0.1121,0.6449,1.178,0,0.100
4166,6.1919,tetrapak,-0.0301,0.6285,2.073,0,0.100
4167,6.1919,tetrapak,-0.1504,0.4699,1.178,1,0.100
4168,6.1980,can,-0.0027,0.6066,1.178,0,0.100
4169,6.1980,tetrapak,-0.1504,0.5957,1.178,1,0.100
4170,6.1980,chips,0.0465,0.5574,2.122,0,0.100
4171,6.1980,chips,0.1559,0.3660,1.178,0,0.100
4172,6.2035,chips,-0.0137,0.2129,1.178,0,0.100
4173,6.2035,can,-0.1504,0.5957,1.178,0,0.100
4174,6.2035,chips,-0.0137,0.2129,1.178,0,0.100
4175,6.2035,chips,0.0082,0.2129,1.178,0,0.100
4176,6.2118,chips,-0.0848,0.2074,1.963,0,0.100
4177,6.2118,can,0.0027,0.2074,1.963,0,0.100
4178,6.2118,tetrapak,0.0082,0.2074,1.963,0,0.100
4179,6.2118,can,0.0027,0.2074,1.963,0,0.100
4180,6.2164,can,0.0137,0.2074,1.963,0,0.100
4181,6.2164,tetrapak,-0.0027,0.4207,1.963,0,0.100
4182,6.2164,chips,0.0137,0.2074,1.963,0,0.100
4183,6.2164,can,0.0137,0.2074,1.963,0,0.100
4184,6.2338,tetrapak,0.0574,0.3332,1.963,0,0.100
4185,6.2338,tetrapak,0.0137,0.2074,1.963,0,0.100
4186,6.2338,tetrapak,0.0137,0.2074,1.963,0,0.100
4187,6.2338,chips,0.0082,0.2074,1.963,0,0.100
4188,6.2386,chips,0.1723,0.4535,1.963,0,0.100
4189,6.2386,chips,0.0684,0.6340,1.963,0,0.100
4190,6.2386,tetrapak,0.0301,0.2074,1.963,0,0.100
4191,6.2386,tetrapak,0.0301,0.2074,1.963,0,0.100
4192,6.2434,can,0.0465,0.2074,1.963,0,0.100
4193,6.2434,can,0.0465,0.2074,1.963,0,0.100
4194,6.2434,can,0.0465,0.2074,1.963,0,0.100
4195,6.2434,chips,0.0191,0.3387,1.963,0,0.100
4196,6.2488,tetrapak,0.0684,0.2074,1.571,0,0.100
4197,6.2488,chips,0.0684,0.2074,1.571,0,0.100
4198,6.2488,can,0.0684,0.2074,1.571,0,0.100
4199,6.2488,can,0.0684,0.2074,1.571,0,0.100
4200,6.2535,tetrapak,-0.0301,0.4973,1.963,0,0.100
4201,6.2535,chips,0.1395,0.5574,1.963,0,0.100
4202,6.2535,tetrapak,0.0793,0.4863,1.963,0,0.100
4203,6.2535,chips,0.1668,0.5355,1.963,0,0.100
4204,6.2577,tetrapak,0.1723,0.5520,1.963,0,0.100
4205,6.2577,can,0.1066,0.5465,1.963,0,0.100
4206,6.2577,chips,0.0191,0.6941,1.963,0,0.100
4207,6.2577,can,0.0137,0.6340,1.963,0,0.100
4208,6.2620,can,-0.1340,0.5902,1.963,0,0.100
4209,6.2620,tetrapak,-0.0137,0.5848,1.963,0,0.100
4210,6.2620,chips,0.1285,0.4535,1.963,0,0.100
4211,6.2620,chips,0.1176,0.5027,1.963,0,0.100
4212,6.2663,can,0.0957,0.4043,1.963,0,0.100
4213,6.2663,chips,-0.1668,0.4207,1.963,0,0.100
4214,6.2663,tetrapak,0.2105,0.2895,1.963,0,0.100
4215,6.2663,tetrapak,0.1395,0.3387,1.963,0,0.100
4216,6.2710,tetrapak,0.0848,0.3605,1.963,0,0.100
4217,6.2710,chips,-0.0355,0.6449,1.963,0,0.100
4218,6.2710,chips,0.1012,0.4262,1.963,0,0.100
4219,6.2710,tetrapak,-0.2160,0.5902,1.767,0,0.100
4220,6.2786,chips,0.1285,0.6340,1.963,0,0.100
4221,6.2786,can,0.0301,0.7980,1.963,0,0.100
4222,6.2786,chips,0.2926,0.5520,1.963,0,0.100
4223,6.2786,chips,0.2105,0.4699,1.963,0,0.100
4224,6.2840,can,0.2980,0.4754,1.963,0,0.100
4225,6.2840,chips,0.2270,0.4316,1.507,0,0.100
4226,6.2840,can,0.0137,0.3988,1.963,0,0.100
4227,6.2840,can,-0.1230,0.3879,1.963,0,0.100
4228,6.2882,tetrapak,0.1668,0.4809,1.963,0,0.100
4229,6.2882,chips,0.1012,0.5082,1.963,0,0.100
4230,6.2882,can,0.0082,0.5684,1.963,0,0.100
4231,6.2882,can,0.0629,0.6230,1.963,0,0.100
4232,6.2925,tetrapak,-0.1613,0.5902,1.963,0,0.100
4233,6.2925,can,0.0191,0.6777,1.178,0,0.100
4234,6.2925,can,0.2051,0.4699,1.963,0,0.100
4235,6.2925,tetrapak,0.1723,0.5191,2.270,0,0.100
4236,6.2980,can,0.1613,0.5902,1.178,0,0.100
4237,6.2980,tetrapak,0.1340,0.3277,1.178,0,0.100
4238,6.2980,tetrapak,0.0629,0.5684,1.963,1,0.100
4239,6.2980,chips,-0.1395,0.5246,2.183,0,0.100
4240,6.3030,chips,0.1613,0.5902,1.963,0,0.100
4241,6.3030,chips,0.1285,0.3277,1.963,0,0.100
4242,6.3030,can,0.0574,0.5684,1.963,0,0.100
4243,6.3030,chips,-0.0902,0.4426,1.178,0,0.100
4244,6.3088,can,-0.0520,0.6230,1.963,1,0.100
4245,6.3088,chips,-0.0574,0.3223,1.963,0,0.100
4246,6.3088,tetrapak,0.1504,0.5355,1.963,1,0.100
4247,6.3088,tetrapak,-0.1012,0.5246,1.963,0,0.100
4248,6.3136,chips,-0.0574,0.6230,1.963,0,0.100
4249,6.3136,can,-0.0574,0.3223,1.963,0,0.100
4250,6.3136,can,0.1504,0.5355,1.963,0,0.100
4251,6.3136,chips,-0.1176,0.5246,1.963,0,0.100
4252,6.3188,tetrapak,0.0957,0.3387,1.963,1,0.100
4253,6.3188,tetrapak,0.0027,0.4262,0.898,0,0.100
4254,6.3188,chips,0.1668,0.4809,1.963,0,0.100
4255,6.3188,chips,-0.0629,0.6613,1.963,0,0.100
4256,6.3250,can,0.0465,0.3441,1.963,0,0.100
4257,6.3250,tetrapak,-0.1941,0.5027,1.963,0,0.100
4258,6.3250,can,0.1668,0.4262,1.963,0,0.100
4259,6.3250,chips,0.1176,0.5465,1.963,0,0.100
4260,6.3315,chips,0.1012,0.5902,1.963,0,0.100
4261,6.3315,tetrapak,0.2051,0.6340,1.963,0,0.100
4262,6.3315,chips,0.1395,0.4480,1.963,0,0.100
4263,6.3315,chips,0.2762,0.4535,1.963,0,0.100
4264,6.3386,can,0.1285,0.4754,1.963,1,0.100
4265,6.3386,tetrapak,0.1012,0.4699,1.963,1,0.100
4266,6.3386,can,0.0191,0.3441,1.963,1,0.100
4267,6.3386,chips,0.0902,0.3332,1.963,0,0.100
4268,6.3451,tetrapak,0.1285,0.4754,1.963,0,0.100
4269,6.3451,chips,0.0902,0.4699,1.963,0,0.100
4270,6.3451,can,0.0191,0.3496,1.963,0,0.100
4271,6.3451,chips,0.1121,0.4152,1.963,0,0.100
4272,6.3499,chips,0.1668,0.5246,1.963,0,0.100
4273,6.3499,tetrapak,0.1887,0.4863,1.963,0,0.100
4274,6.3499,tetrapak,0.0082,0.6449,1.963,0,0.100
4275,6.3499,chips,0.1176,0.4754,1.963,0,0.100
4276,6.3545,can,-0.1340,0.6723,1.963,0,0.100
4277,6.3545,tetrapak,0.0738,0.5793,1.963,0,0.100
4278,6.3545,tetrapak,0.0301,0.4262,1.963,0,0.100
4279,6.3545,tetrapak,-0.0574,0.4043,0.390,0,0.100
4280,6.3592,can,-0.0793,0.4645,1.963,0,0.100
4281,6.3592,chips,0.2816,0.3496,1.963,0,0.100
4282,6.3592,can,-0.0684,0.3824,1.963,0,0.100
4283,6.3592,can,-0.1504,0.5520,1.963,0,0.100
4284,6.3640,chips,-0.0027,0.5738,1.963,0,0.100
4285,6.3640,can,0.1559,0.3660,1.963,0,0.100
4286,6.3640,chips,0.0137,0.5793,1.963,0,0.100
4287,6.3640,chips,-0.0246,0.6121,1.963,0,0.100
4288,6.3696,chips,0.1121,0.4426,1.963,0,0.100
4289,6.3696,can,-0.0082,0.3879,1.963,1,0.100
4290,6.3696,chips,0.2215,0.5902,1.963,0,0.100
4291,6.3696,can,-0.0520,0.6449,1.963,0,0.100
4292,6.3747,chips,0.1121,0.4426,1.963,0,0.100
4293,6.3747,tetrapak,-0.0137,0.3824,1.963,0,0.100
4294,6.3747,can,0.2215,0.5902,1.963,0,0.100
4295,6.3747,tetrapak,-0.0574,0.6449,1.963,0,0.100
4296,6.3789,chips,-0.0574,0.6176,0.127,0,0.100
4297,6.3789,tetrapak,-0.2215,0.6012,1.963,0,0.100
4298,6.3789,chips,-0.0957,0.5957,2.608,0,0.100
4299,6.3789,can,-0.0137,0.5684,1.963,0,0.100
4300,6.3832,tetrapak,-0.2871,0.3551,1.963,0,0.100
4301,6.3832,tetrapak,0.1230,0.5574,2.164,0,0.100
4302,6.3832,tetrapak,0.2926,0.6559,1.963,0,0.100
4303,6.3832,can,0.0957,0.5793,3.060,0,0.100
4304,6.3879,chips,0.1395,0.5246,1.963,0,0.100
4305,6.3879,can,0.2270,0.4316,2.821,0,0.100
4306,6.3879,tetrapak,-0.0027,0.3715,1.963,0,0.100
4307,6.3879,tetrapak,-0.0301,0.4699,2.774,0,0.100
4308,6.3923,chips,-0.0629,0.3934,1.963,0,0.100
4309,6.3923,can,0.1504,0.4098,1.963,0,0.100
4310,6.3923,chips,-0.1887,0.3988,1.963,0,0.100
4311,6.3923,tetrapak,0.1340,0.5520,1.963,0,0.100
4312,6.3969,chips,0.0793,0.6941,1.963,0,0.100
4313,6.3969,tetrapak,-0.0684,0.5520,1.963,0,0.100
4314,6.3969,chips,0.2215,0.5082,1.963,0,0.100
4315,6.3969,chips,-0.1066,0.4152,1.963,0,0.100
4316,6.4015,tetrapak,0.0246,0.4426,1.963,0,0.100
4317,6.4015,chips,-0.0793,0.4699,3.102,0,0.100
4318,6.4015,tetrapak,0.1996,0.3332,1.963,0,0.100
4319,6.4015,tetrapak,-0.0246,0.4262,1.963,0,0.100
4320,6.4056,tetrapak,-0.0355,0.5520,1.963,0,0.100
4321,6.4056,tetrapak,-0.0902,0.5465,1.963,0,0.100
4322,6.4056,chips,0.1176,0.5738,1.963,0,0.100
4323,6.4056,tetrapak,-0.1559,0.4371,1.963,0,0.100
4324,6.4105,tetrapak,-0.0082,0.4262,1.963,0,0.100
4325,6.4105,chips,0.1176,0.4809,1.963,0,0.100
4326,6.4105,chips,-0.0574,0.3496,1.963,0,0.100
4327,6.4105,tetrapak,-0.0465,0.4262,1.963,1,0.100
4328,6.4146,chips,-0.0355,0.3934,1.890,0,0.100
4329,6.4146,tetrapak,0.1176,0.4809,1.963,0,0.100
4330,6.4146,chips,-0.0520,0.3496,1.963,0,0.100
4331,6.4146,can,-0.0465,0.4262,1.963,0,0.100
4332,6.4189,chips,0.1449,0.5027,1.963,0,0.100
4333,6.4189,tetrapak,-0.1613,0.5902,1.963,0,0.100
4334,6.4189,chips,0.1941,0.3168,1.963,0,0.100
4335,6.4189,chips,-0.1285,0.4262,1.963,0,0.100
4336,6.4234,can,0.0246,0.6449,1.963,1,0.100
4337,6.4234,tetrapak,0.0684,0.5301,0.611,0,0.100
4338,6.4234,can,-0.2434,0.4043,2.838,0,0.100
4339,6.4234,chips,0.2926,0.6176,1.178,0,0.100
4340,6.4274,chips,0.0191,0.6395,1.963,0,0.100
4341,6.4274,tetrapak,0.1066,0.5246,1.963,0,0.100
4342,6.4274,can,-0.1996,0.3660,1.963,0,0.100
4343,6.4274,chips,0.1996,0.6230,1.022,0,0.100
4344,6.4315,can,0.0355,0.5355,1.178,0,0.100
4345,6.4315,can,-0.0848,0.6504,1.178,0,0.100
4346,6.4315,tetrapak,0.1066,0.3879,1.963,0,0.100
4347,6.4315,can,0.3473,0.3551,1.178,0,0.100
4348,6.4351,can,-0.0027,0.5137,1.963,0,0.100
4349,6.4351,can,-0.1941,0.5027,1.963,0,0.100
4350,6.4351,chips,-0.0301,0.5574,2.745,0,0.100
4351,6.4351,tetrapak,0.1559,0.4973,2.035,0,0.100
4352,6.4392,chips,-0.0684,0.3660,1.963,0,0.100
4353,6.4392,chips,0.0410,0.4809,1.963,0,0.100
4354,6.4392,can,-0.1121,0.5738,1.178,0,0.100
4355,6.4392,tetrapak,0.1285,0.6176,1.963,0,0.100
4356,6.4433,tetrapak,-0.2105,0.3660,1.178,0,0.100
4357,6.4433,chips,0.1285,0.5738,1.178,0,0.100
4358,6.4433,can,0.1941,0.3660,1.963,0,0.100
4359,6.4433,tetrapak,-0.0793,0.4262,1.963,0,0.100
4360,6.4491,can,-0.0410,0.4809,1.963,1,0.100
4361,6.4491,chips,0.0520,0.4371,1.178,0,0.100
4362,6.4491,can,-0.1230,0.4152,1.963,0,0.100
4363,6.4491,can,0.0520,0.4699,1.963,0,0.100
4364,6.4527,can,-0.0574,0.4863,1.902,0,0.100
4365,6.4527,tetrapak,-0.0027,0.6285,0.058,0,0.100
4366,6.4527,can,-0.1559,0.5684,1.963,0,0.100
4367,6.4527,tetrapak,-0.0574,0.3715,1.963,0,0.100
4368,6.4569,can,-0.0738,0.3660,2.356,0,0.100
4369,6.4569,chips,0.0793,0.4426,1.963,0,0.100
4370,6.4569,chips,-0.1777,0.3441,2.356,0,0.100
4371,6.4569,chips,-0.0301,0.6395,2.356,0,0.100
4372,6.4611,chips,0.1285,0.6121,2.356,0,0.100
4373,6.4611,tetrapak,0.2598,0.4426,2.356,0,0.100
4374,6.4611,chips,0.1887,0.3879,2.356,0,0.100
4375,6.4611,can,0.1613,0.4754,2.356,0,0.100
4376,6.4654,chips,0.1504,0.4535,2.356,0,0.100
4377,6.4654,can,0.0520,0.4098,2.356,0,0.100
4378,6.4654,can,0.1066,0.5191,2.356,0,0.100
4379,6.4654,chips,-0.1449,0.4699,2.356,0,0.100
4380,6.4694,chips,-0.2324,0.5465,0.530,0,0.100
4381,6.4694,chips,-0.0191,0.3988,2.356,0,0.100
4382,6.4694,can,-0.1832,0.3551,2.356,0,0.100
4383,6.4694,chips,-0.0137,0.4535,2.356,0,0.100
4384,6.4736,can,0.0738,0.6504,2.356,0,0.100
4385,6.4736,tetrapak,0.1449,0.3223,2.356,0,0.100
4386,6.4736,can,-0.0684,0.6449,1.963,0,0.100
4387,6.4736,tetrapak,0.1996,0.3605,2.356,0,0.100
4388,6.4781,chips,-0.0465,0.6449,1.963,0,0.100
4389,6.4781,chips,0.0355,0.6285,1.963,0,0.100
4390,6.4781,can,-0.0137,0.5684,1.963,0,0.100
4391,6.4781,can,-0.0902,0.4699,1.963,0,0.100
4392,6.4823,tetrapak,-0.0684,0.3277,1.963,0,0.100
4393,6.4823,tetrapak,-0.0902,0.5684,1.963,0,0.100
4394,6.4823,can,0.0355,0.4754,1.963,0,0.100
4395,6.4823,can,-0.1504,0.4098,1.963,0,0.100
4396,6.4875,tetrapak,-0.0465,0.6066,1.571,1,0.100
4397,6.4875,tetrapak,-0.1668,0.4863,1.571,1,0.100
4398,6.4875,can,-0.0246,0.3715,1.963,1,0.100
4399,6.4875,tetrapak,0.2160,0.5191,1.571,0,0.100
4400,6.4917,tetrapak,-0.0848,0.6559,0.964,0,0.100
4401,6.4917,can,-0.1777,0.4480,0.483,0,0.100
4402,6.4917,tetrapak,0.0191,0.3824,3.040,0,0.100
4403,6.4917,can,0.2105,0.5301,1.963,0,0.100
4404,6.4961,tetrapak,-0.0738,0.5520,1.209,0,0.100
4405,6.4961,chips,0.0793,0.6285,1.963,0,0.100
4406,6.4961,tetrapak,-0.0410,0.4809,1.963,1,0.100
4407,6.4961,chips,-0.2926,0.3496,1.963,0,0.100
4408,6.5004,can,-0.0574,0.5137,1.963,0,0.100
4409,6.5004,can,0.1613,0.6777,1.963,0,0.100
4410,6.5004,can,-0.0355,0.4809,1.963,0,0.100
4411,6.5004,can,-0.2434,0.3988,2.128,0,0.100
4412,6.5045,chips,-0.0137,0.4043,1.891,0,0.100
4413,6.5045,tetrapak,-0.0684,0.4316,1.963,0,0.100
4414,6.5045,tetrapak,-0.0246,0.3824,1.963,0,0.100
4415,6.5045,tetrapak,-0.1230,0.5793,1.963,0,0.100
4416,6.5089,chips,0.1832,0.3332,1.571,0,0.100
4417,6.5089,tetrapak,0.1449,0.4535,2.889,0,0.100
4418,6.5089,tetrapak,-0.1066,0.5684,1.963,0,0.100
4419,6.5089,can,0.1395,0.5301,1.963,0,0.100
4420,6.5131,tetrapak,0.1395,0.5355,1.963,0,0.100
4421,6.5131,tetrapak,0.1176,0.4699,1.963,0,0.100
4422,6.5131,can,-0.1723,0.6395,1.963,0,0.100
4423,6.5131,can,-0.0629,0.4316,1.963,1,0.100
4424,6.5172,chips,-0.1449,0.4098,1.963,0,0.100
4425,6.5172,chips,0.1668,0.6066,1.963,0,0.100
4426,6.5172,chips,-0.0465,0.5355,1.963,0,0.100
4427,6.5172,can,-0.0520,0.4480,1.963,0,0.100
4428,6.5212,can,0.2488,0.5738,1.963,0,0.100
4429,6.5212,chips,-0.0574,0.5355,1.963,0,0.100
4430,6.5212,tetrapak,-0.0191,0.3441,1.963,0,0.100
4431,6.5212,can,-0.1613,0.6066,1.963,0,0.100
4432,6.5261,can,-0.1012,0.4535,1.963,0,0.100
4433,6.5261,tetrapak,0.0191,0.5410,2.078,0,0.100
4434,6.5261,tetrapak,0.1285,0.5465,1.963,0,0.100
4435,6.5261,can,0.0574,0.5410,1.963,0,0.100
4436,6.5307,can,0.1395,0.5301,1.963,0,0.100
4437,6.5307,chips,-0.1504,0.3770,1.538,0,0.100
4438,6.5307,tetrapak,-0.0465,0.5902,1.963,0,0.100
4439,6.5307,chips,-0.1285,0.3715,0.330,0,0.100
4440,6.5347,can,0.1723,0.5301,1.326,0,0.100
4441,6.5347,tetrapak,-0.2215,0.4316,1.178,0,0.100
4442,6.5347,can,-0.0520,0.5902,1.178,0,0.100
4443,6.5347,tetrapak,-0.0355,0.5520,1.178,0,0.100
4444,6.5402,chips,-0.1723,0.4371,1.178,0,0.100
4445,6.5402,chips,0.0246,0.4863,1.178,0,0.100
4446,6.5402,chips,-0.1285,0.3715,1.178,0,0.100
4447,6.5402,chips,-0.1395,0.3441,1.178,0,0.100
4448,6.5448,can,-0.2105,0.4316,1.963,0,0.100
4449,6.5448,tetrapak,-0.1941,0.3059,1.963,0,0.100
4450,6.5448,tetrapak,-0.0301,0.4918,1.963,0,0.100
4451,6.5448,can,-0.0793,0.3387,1.963,0,0.100
4452,6.5489,can,0.1613,0.4973,1.963,0,0.100
4453,6.5489,chips,0.1176,0.5246,1.963,0,0.100
4454,6.5489,tetrapak,0.1395,0.3332,1.963,0,0.100
4455,6.5489,can,-0.0957,0.4426,1.963,0,0.100
4456,6.5529,can,0.1176,0.5137,1.963,0,0.100
4457,6.5529,chips,0.1012,0.4207,0.057,0,0.100
4458,6.5529,can,0.1012,0.4535,1.963,0,0.100
4459,6.5529,chips,-0.0684,0.5137,1.963,0,0.100
4460,6.5571,can,0.1504,0.6340,1.022,0,0.100
4461,6.5571,tetrapak,0.0684,0.4590,0.706,0,0.100
4462,6.5571,tetrapak,-0.0246,0.4371,1.963,0,0.100
4463,6.5571,chips,0.0848,0.5082,1.963,0,0.100
4464,6.5613,can,0.0301,0.5355,1.963,0,0.100
4465,6.5613,can,0.1504,0.3605,1.963,0,0.100
4466,6.5613,tetrapak,-0.0465,0.3715,1.963,0,0.100
4467,6.5613,chips,0.1285,0.3387,1.963,0,0.100
4468,6.5654,can,-0.0465,0.6121,1.963,0,0.100
4469,6.5654,can,-0.0684,0.4426,1.963,0,0.100
4470,6.5654,can,-0.0027,0.5738,1.963,0,0.100
4471,6.5654,can,-0.2434,0.3168,1.963,0,0.100
4472,6.5698,can,-0.1176,0.3715,1.963,0,0.100
4473,6.5698,chips,0.1832,0.4918,1.963,0,0.100
4474,6.5698,can,-0.1996,0.4699,1.963,0,0.100
4475,6.5698,can,0.1504,0.5629,0.071,0,0.100
4476,6.5738,chips,0.0957,0.4918,1.963,0,0.100
4477,6.5738,chips,-0.1449,0.6285,1.963,0,0.100
4478,6.5738,tetrapak,0.1613,0.4863,1.963,0,0.100
4479,6.5738,chips,0.1395,0.4480,1.963,0,0.100
4480,6.5781,chips,-0.1340,0.4863,1.963,0,0.100
4481,6.5781,chips,0.1285,0.4809,1.963,0,0.100
4482,6.5781,chips,0.1613,0.5793,1.963,0,0.100
4483,6.5781,chips,-0.1449,0.5410,1.963,0,0.100
4484,6.5822,chips,-0.1230,0.3387,1.963,0,0.100
4485,6.5822,can,-0.2926,0.3934,1.963,0,0.100
4486,6.5822,tetrapak,0.0520,0.3496,1.963,0,0.100
4487,6.5822,tetrapak,0.0191,0.6504,1.571,0,0.100
4488,6.5868,chips,-0.2816,0.3824,1.963,0,0.100
4489,6.5868,can,-0.1230,0.5902,1.571,0,0.100
4490,6.5868,chips,-0.0301,0.5191,1.571,0,0.100
4491,6.5868,can,0.1395,0.5793,1.963,0,0.100
4492,6.5924,tetrapak,0.0082,0.3551,1.571,1,0.100
4493,6.5924,chips,0.2160,0.3988,1.963,0,0.100
4494,6.5924,can,0.0848,0.3824,1.963,1,0.100
4495,6.5924,chips,-0.1066,0.3551,1.963,0,0.100
4496,6.5958,can,-0.0027,0.3551,1.963,0,0.100
4497,6.5958,tetrapak,0.2160,0.3988,1.963,0,0.100
4498,6.5958,tetrapak,0.0793,0.3879,1.963,0,0.100
4499,6.5958,tetrapak,-0.1066,0.3605,1.963,0,0.100
4500,6.5999,tetrapak,0.1230,0.5137,1.963,0,0.100
4501,6.5999,chips,0.1340,0.5574,1.963,0,0.100
4502,6.5999,can,0.2707,0.4535,1.963,0,0.100
4503,6.5999,chips,-0.0465,0.6395,1.963,0,0.100
4504,6.6060,chips,0.0410,0.5520,2.356,0,0.100
4505,6.6060,can,0.1559,0.5738,2.356,0,0.100
4506,6.6060,can,-0.0902,0.5301,2.356,1,0.100
4507,6.6060,tetrapak,0.0137,0.4863,2.356,1,0.100
4508,6.6106,chips,0.0410,0.5520,2.356,0,0.100
4509,6.6106,can,0.1121,0.6230,3.039,0,0.100
4510,6.6106,can,-0.0902,0.5301,2.356,0,0.100
4511,6.6106,can,-0.0957,0.4098,2.356,0,0.100
4512,6.6167,tetrapak,0.1285,0.3551,2.356,0,0.100
4513,6.6167,tetrapak,0.0301,0.3551,2.356,0,0.100
4514,6.6167,chips,0.0902,0.3770,2.356,0,0.100
4515,6.6167,can,0.1941,0.6285,2.356,0,0.100
4516,6.6229,chips,0.1285,0.6395,2.356,0,0.100
4517,6.6229,tetrapak,0.0793,0.4754,2.356,0,0.100
4518,6.6229,chips,-0.1012,0.3770,2.356,0,0.100
4519,6.6229,tetrapak,-0.0027,0.4863,2.356,0,0.100
4520,6.6278,tetrapak,-0.1777,0.5465,2.356,0,0.100
4521,6.6278,can,0.1832,0.3551,2.356,0,0.100
4522,6.6278,tetrapak,-0.0027,0.3934,2.356,0,0.100
4523,6.6278,tetrapak,-0.0355,0.5301,2.356,0,0.100
4524,6.6316,can,-0.1340,0.3277,2.356,0,0.100
4525,6.6316,tetrapak,0.1832,0.4262,2.356,0,0.100
4526,6.6316,can,0.1176,0.4316,2.356,0,0.100
4527,6.6316,chips,0.1230,0.3223,2.356,0,0.100
4528,6.6358,can,0.0738,0.4152,2.356,0,0.100
4529,6.6358,can,-0.0137,0.4754,1.819,0,0.100
4530,6.6358,chips,-0.1832,0.5848,2.356,0,0.100
4531,6.6358,chips,-0.1340,0.4426,2.356,0,0.100
4532,6.6405,can,-0.0355,0.3551,2.356,0,0.100
4533,6.6405,chips,0.1285,0.4863,1.573,0,0.100
4534,6.6405,chips,-0.2051,0.4809,2.356,0,0.100
4535,6.6405,tetrapak,-0.1941,0.3879,2.356,0,0.100
4536,6.6450,chips,0.0520,0.5191,0.515,0,0.100
4537,6.6450,tetrapak,-0.1121,0.6449,2.356,0,0.100
4538,6.6450,can,0.0957,0.3715,2.356,0,0.100
4539,6.6450,can,-0.0246,0.3879,2.356,0,0.100
4540,6.6495,can,-0.0902,0.6723,2.356,0,0.100
4541,6.6495,tetrapak,-0.0355,0.4480,2.356,0,0.100
4542,6.6495,tetrapak,-0.0191,0.4918,2.356,0,0.100
4543,6.6495,tetrapak,-0.1613,0.5574,2.356,0,0.100
4544,6.6539,tetrapak,0.0738,0.6066,2.356,0,0.100
4545,6.6539,chips,-0.0301,0.4098,2.356,0,0.100
4546,6.6539,can,-0.1285,0.3934,1.663,0,0.100
4547,6.6539,tetrapak,0.0793,0.5191,2.356,0,0.100
4548,6.6585,can,0.0410,0.4316,2.356,0,0.100
4549,6.6585,can,-0.1176,0.5848,2.356,0,0.100
4550,6.6585,can,-0.1012,0.4754,1.178,0,0.100
4551,6.6585,tetrapak,-0.2051,0.4371,1.178,0,0.100
4552,6.6631,tetrapak,-0.0793,0.3988,2.356,0,0.100
4553,6.6631,chips,-0.0520,0.3441,2.356,0,0.100
4554,6.6631,tetrapak,-0.1887,0.3660,2.356,0,0.100
4555,6.6631,tetrapak,0.1668,0.4754,2.356,0,0.100
4556,6.6676,can,0.1941,0.3934,2.356,0,0.100
4557,6.6676,can,0.1941,0.4809,1.672,0,0.100
4558,6.6676,tetrapak,0.2871,0.5355,2.356,0,0.100
4559,6.6676,chips,0.1285,0.4043,2.356,0,0.100
4560,6.6716,can,0.1887,0.6395,2.356,0,0.100
4561,6.6716,chips,-0.1723,0.6340,1.443,0,0.100
4562,6.6716,can,0.2270,0.5629,1.963,0,0.100
4563,6.6716,tetrapak,-0.1230,0.5738,2.356,0,0.100
4564,6.6757,can,0.0902,0.4207,2.356,0,0.100
4565,6.6757,can,-0.0301,0.3879,2.356,0,0.100
4566,6.6757,chips,0.0629,0.5902,2.356,0,0.100
4567,6.6757,tetrapak,-0.1449,0.4918,1.571,0,0.100
4568,6.6797,tetrapak,0.0355,0.3934,1.963,0,0.100
4569,6.6797,can,0.1395,0.5574,1.963,0,0.100
4570,6.6797,tetrapak,-0.1395,0.3551,1.178,0,0.100
4571,6.6797,tetrapak,0.0191,0.3387,1.963,0,0.100
4572,6.6841,can,-0.0137,0.5520,2.356,0,0.100
4573,6.6841,chips,0.1559,0.6395,2.269,0,0.100
4574,6.6841,tetrapak,-0.0684,0.6285,2.356,0,0.100
4575,6.6841,tetrapak,0.0465,0.4262,1.178,0,0.100
4576,6.6887,chips,0.2051,0.4480,2.356,0,0.100
4577,6.6887,can,0.1230,0.4809,1.327,0,0.100
4578,6.6887,chips,0.0246,0.4262,2.356,0,0.100
4579,6.6887,can,0.1395,0.4590,1.571,0,0.100
4580,6.6927,tetrapak,0.1395,0.4207,1.185,0,0.100
4581,6.6927,chips,0.0137,0.4043,2.356,0,0.100
4582,6.6927,can,-0.0520,0.5027,1.361,0,0.100
4583,6.6927,tetrapak,0.0684,0.3879,2.356,0,0.100
4584,6.6971,tetrapak,0.2324,0.6285,2.356,1,0.100
4585,6.6971,tetrapak,0.1941,0.4973,2.356,0,0.100
4586,6.6971,can,0.0629,0.4262,2.356,0,0.100
4587,6.6971,can,0.1832,0.5848,2.356,0,0.100
4588,6.7013,chips,0.2270,0.6230,2.356,0,0.100
4589,6.7013,can,0.1887,0.4973,2.356,0,0.100
4590,6.7013,can,0.0629,0.4262,2.356,0,0.100
4591,6.7013,chips,0.1777,0.5848,2.356,0,0.100
4592,6.7055,can,-0.0410,0.5738,2.356,0,0.100
4593,6.7055,chips,-0.1668,0.4371,2.356,0,0.100
4594,6.7055,tetrapak,0.0574,0.4098,2.356,0,0.100
4595,6.7055,tetrapak,0.1723,0.6012,3.040,0,0.100
4596,6.7110,can,0.0793,0.3934,1.571,0,0.100
4597,6.7110,chips,0.1613,0.5574,1.325,0,0.100
4598,6.7110,can,0.1012,0.3605,1.571,0,0.100
4599,6.7110,tetrapak,-0.0355,0.3605,1.571,1,0.100
4600,6.7153,can,0.0793,0.3934,1.571,0,0.100
4601,6.7153,can,0.1504,0.5410,0.983,0,0.100
4602,6.7153,tetrapak,0.1012,0.3660,1.571,0,0.100
4603,6.7153,tetrapak,-0.0355,0.3605,1.571,0,0.100
4604,6.7195,tetrapak,-0.0410,0.6176,1.571,0,0.100
4605,6.7195,can,0.1121,0.4809,1.571,0,0.100
4606,6.7195,chips,0.1832,0.5793,1.963,0,0.100
4607,6.7195,tetrapak,0.0793,0.3770,1.963,0,0.100
4608,6.7239,can,0.0301,0.3879,1.963,0,0.100
4609,6.7239,can,-0.0191,0.4426,2.156,0,0.100
4610,6.7239,can,0.0684,0.5738,1.963,0,0.100
4611,6.7239,can,0.0957,0.3824,1.963,0,0.100
4612,6.7286,chips,0.1176,0.6449,2.356,0,0.100
4613,6.7286,can,0.1559,0.5355,1.963,1,0.100
4614,6.7286,chips,0.0191,0.4152,1.963,0,0.100
4615,6.7286,can,-0.1395,0.6121,1.963,1,0.100
4616,6.7333,chips,0.0465,0.4152,1.178,0,0.100
4617,6.7333,can,0.1449,0.5848,1.178,0,0.100
4618,6.7333,can,-0.0246,0.3770,1.178,1,0.100
4619,6.7333,tetrapak,-0.0246,0.4754,1.178,0,0.100
4620,6.7518,chips,0.3035,0.4699,1.571,0,0.100
4621,6.7518,chips,0.0684,0.4754,1.571,0,0.100
4622,6.7518,can,0.2652,0.3387,1.571,0,0.100
4623,6.7518,tetrapak,-0.0027,0.3879,1.963,0,0.100
4624,6.7572,tetrapak,0.0902,0.3660,1.963,0,0.100
4625,6.7572,tetrapak,0.0520,0.3387,1.571,0,0.100
4626,6.7572,chips,-0.0137,0.4426,1.571,0,0.100
4627,6.7572,chips,-0.1668,0.6395,2.356,0,0.100
4628,6.7625,tetrapak,0.1066,0.3605,1.571,0,0.100
4629,6.7625,chips,0.0520,0.3387,1.571,0,0.100
4630,6.7625,tetrapak,-0.0137,0.4480,1.963,0,0.100
4631,6.7625,can,-0.1613,0.6395,1.571,0,0.100
4632,6.7674,chips,0.1832,0.3551,1.571,0,0.100
4633,6.7674,chips,-0.0738,0.4590,1.571,0,0.100
4634,6.7674,chips,-0.1012,0.4371,1.571,0,0.100
4635,6.7674,can,0.1723,0.4480,1.571,0,0.100
4636,6.7725,can,-0.1887,0.6449,1.963,0,0.100
4637,6.7725,can,-0.0027,0.3223,1.571,0,0.100
4638,6.7725,chips,-0.0574,0.5355,1.963,0,0.100
4639,6.7725,can,-0.0793,0.4590,1.571,0,0.100
4640,6.7770,tetrapak,0.1285,0.5793,1.963,0,0.100
4641,6.7770,chips,-0.1887,0.4152,1.963,0,0.100
4642,6.7770,chips,-0.0137,0.4426,1.963,0,0.100
4643,6.7770,chips,0.0848,0.3496,1.963,0,0.100
4644,6.7835,chips,-0.0848,0.3496,1.963,0,0.100
4645,6.7835,tetrapak,0.0191,0.5520,0.413,0,0.100
4646,6.7835,can,0.1449,0.4152,1.963,1,0.100
4647,6.7835,tetrapak,-0.1285,0.5738,1.963,0,0.100
4648,6.7878,can,0.0848,0.3934,1.963,0,0.100
4649,6.7878,can,-0.1340,0.5191,1.963,0,0.100
4650,6.7878,can,0.1395,0.4152,1.963,0,0.100
4651,6.7878,chips,-0.1012,0.5629,1.963,0,0.100
4652,6.7940,tetrapak,-0.1340,0.4043,1.963,0,0.100
4653,6.7940,chips,0.1066,0.4699,1.963,0,0.100
4654,6.7940,can,-0.0684,0.4371,1.963,0,0.100
4655,6.7940,tetrapak,0.1012,0.4754,1.963,0,0.100
4656,6.7982,can,-0.1777,0.5520,1.963,0,0.100
4657,6.7982,chips,-0.1395,0.6832,1.963,0,0.100
4658,6.7982,can,0.1941,0.4426,1.963,0,0.100
4659,6.7982,can,0.0738,0.3551,1.963,0,0.100
4660,6.8030,can,-0.2105,0.5191,2.582,0,0.100
4661,6.8030,tetrapak,0.0848,0.4809,0.737,0,0.100
4662,6.8030,chips,-0.0355,0.4207,1.963,0,0.100
4663,6.8030,chips,-0.1777,0.4426,1.963,0,0.100
4664,6.8076,can,0.0520,0.5355,2.456,0,0.100
4665,6.8076,can,-0.0027,0.4754,1.963,0,0.100
4666,6.8076,can,0.0301,0.3879,1.963,0,0.100
4667,6.8076,chips,-0.1777,0.3605,1.963,0,0.100
4668,6.8117,can,0.1941,0.5902,1.963,0,0.100
4669,6.8117,tetrapak,-0.1230,0.5465,1.963,0,0.100
4670,6.8117,can,-0.1777,0.4480,1.963,0,0.100
4671,6.8117,chips,-0.1395,0.5793,1.963,0,0.100
4672,6.8163,can,-0.0246,0.6121,1.963,1,0.100
4673,6.8163,can,0.1504,0.4809,1.963,0,0.100
4674,6.8163,can,0.1066,0.5465,2.073,0,0.100
4675,6.8163,tetrapak,0.0082,0.3496,1.963,1,0.100
4676,6.8198,chips,-0.0246,0.6121,1.963,0,0.100
4677,6.8198,can,0.1395,0.4809,1.963,0,0.100
4678,6.8198,can,0.1613,0.5684,1.963,0,0.100
4679,6.8198,tetrapak,-0.0301,0.3496,1.963,0,0.100
4680,6.8239,chips,0.1941,0.5191,1.178,0,0.100
4681,6.8239,tetrapak,0.0957,0.5355,1.963,0,0.100
4682,6.8239,can,0.2051,0.5301,1.963,0,0.100
4683,6.8239,can,-0.2324,0.3277,1.162,0,0.100
4684,6.8282,tetrapak,-0.1559,0.5957,1.178,0,0.100
4685,6.8282,tetrapak,-0.1832,0.6012,1.178,0,0.100
4686,6.8282,tetrapak,-0.0629,0.3879,1.178,0,0.100
4687,6.8282,can,0.1832,0.4371,1.963,0,0.100
4688,6.8324,chips,0.1504,0.4316,1.963,0,0.100
4689,6.8324,chips,0.0520,0.4590,1.963,0,0.100
4690,6.8324,chips,0.0957,0.4426,1.963,0,0.100
4691,6.8324,can,0.0191,0.4152,1.963,0,0.100
4692,6.8372,can,0.0137,0.4754,1.963,0,0.100
4693,6.8372,can,-0.1395,0.4918,0.979,0,0.100
4694,6.8372,tetrapak,0.1176,0.6340,1.963,0,0.100
4695,6.8372,tetrapak,-0.0574,0.3496,1.963,0,0.100
4696,6.8421,chips,-0.0246,0.6176,1.963,0,0.100
4697,6.8421,tetrapak,0.0738,0.4098,1.963,0,0.100
4698,6.8421,chips,-0.1340,0.4098,1.963,0,0.100
4699,6.8421,tetrapak,0.2270,0.5848,1.963,1,0.100
4700,6.8472,can,-0.0246,0.6121,1.963,0,0.100
4701,6.8472,tetrapak,0.0738,0.4043,1.963,0,0.100
4702,6.8472,tetrapak,-0.1285,0.4043,1.963,0,0.100
4703,6.8472,chips,0.2270,0.5902,1.963,0,0.100
4704,6.8514,chips,-0.0574,0.3605,1.963,0,0.100
4705,6.8514,tetrapak,0.0629,0.6449,1.963,0,0.100
4706,6.8514,chips,-0.2105,0.3660,1.963,0,0.100
4707,6.8514,tetrapak,0.2434,0.3824,1.963,0,0.100
4708,6.8554,tetrapak,-0.1449,0.4918,1.963,0,0.100
4709,6.8554,can,-0.0137,0.3605,1.963,0,0.100
4710,6.8554,chips,0.1066,0.4754,1.963,0,0.100
4711,6.8554,chips,0.0957,0.4973,1.963,0,0.100
4712,6.8596,chips,-0.0465,0.6395,1.963,0,0.100
4713,6.8596,chips,-0.0137,0.6230,1.963,0,0.100
4714,6.8596,chips,-0.0793,0.5027,1.963,0,0.100
4715,6.8596,chips,-0.0027,0.4098,1.963,0,0.100
4716,6.8637,chips,-0.1395,0.4754,1.178,0,0.100
4717,6.8637,chips,-0.1832,0.5301,1.178,0,0.100
4718,6.8637,can,0.0629,0.3988,1.963,0,0.100
4719,6.8637,chips,-0.0355,0.6285,1.178,0,0.100
4720,6.8678,can,0.0246,0.5191,0.009,0,0.100
4721,6.8678,chips,0.0082,0.5246,1.178,0,0.100
4722,6.8678,chips,-0.0684,0.6285,1.963,0,0.100
4723,6.8678,can,-0.0520,0.4918,1.178,0,0.100
4724,6.8736,can,0.1449,0.3441,1.178,1,0.100
4725,6.8736,can,-0.1285,0.4426,1.178,1,0.100
4726,6.8736,chips,-0.0355,0.5355,1.178,0,0.100
4727,6.8736,can,0.1668,0.5629,1.178,1,0.100
4728,6.8776,chips,0.1449,0.3387,2.356,0,0.100
4729,6.8776,can,-0.1285,0.4371,2.356,0,0.100
4730,6.8776,chips,-0.1559,0.5574,0.392,0,0.100
4731,6.8776,tetrapak,0.1668,0.5574,2.356,0,0.100
4732,6.8818,chips,-0.2270,0.4316,1.178,0,0.100
4733,6.8818,tetrapak,-0.1668,0.5465,1.178,0,0.100
4734,6.8818,tetrapak,-0.1176,0.4645,1.178,0,0.100
4735,6.8818,chips,-0.0629,0.6340,1.178,0,0.100
4736,6.8858,chips,0.1887,0.3879,1.178,0,0.100
4737,6.8858,tetrapak,0.0738,0.6176,1.178,0,0.100
4738,6.8858,chips,-0.1832,0.6613,1.178,0,0.100
4739,6.8858,tetrapak,-0.2980,0.3934,1.178,0,0.100
4740,6.8899,can,0.0902,0.3277,1.178,0,0.100
4741,6.8899,chips,0.0629,0.4316,1.178,0,0.100
4742,6.8899,can,-0.1504,0.4480,1.178,0,0.100
4743,6.8899,can,-0.1395,0.4699,1.178,0,0.100
4744,6.8939,can,0.0684,0.4754,1.178,0,0.100
4745,6.8939,can,0.0684,0.3660,1.178,0,0.100
4746,6.8939,chips,-0.1176,0.4043,1.178,0,0.100
4747,6.8939,tetrapak,0.1887,0.5191,1.178,0,0.100
4748,6.8983,can,0.0520,0.5410,0.261,0,0.100
4749,6.8983,can,-0.0410,0.6285,1.178,0,0.100
4750,6.8983,chips,-0.1777,0.5410,1.178,0,0.100
4751,6.8983,tetrapak,-0.0574,0.5684,1.178,0,0.100
4752,6.9024,tetrapak,0.1121,0.5191,1.178,0,0.100
4753,6.9024,tetrapak,0.0465,0.4262,1.178,0,0.100
4754,6.9024,chips,-0.0137,0.4480,1.178,0,0.100
4755,6.9024,chips,0.0246,0.3660,1.178,0,0.100
4756,6.9063,chips,-0.1285,0.3387,1.178,0,0.100
4757,6.9063,tetrapak,0.0137,0.5793,1.178,0,0.100
4758,6.9063,can,-0.0902,0.3934,2.930,0,0.100
4759,6.9063,tetrapak,-0.0137,0.6449,0.545,0,0.100
4760,6.9102,chips,0.2926,0.6176,1.178,0,0.100
4761,6.9102,tetrapak,0.1832,0.3715,2.356,0,0.100
4762,6.9102,can,0.1996,0.4699,2.356,0,0.100
4763,6.9102,chips,0.0902,0.4316,2.356,0,0.100
4764,6.9141,chips,0.1230,0.4426,1.178,0,0.100
4765,6.9141,can,0.0355,0.4152,2.356,0,0.100
4766,6.9141,tetrapak,0.0355,0.5902,1.178,0,0.100
4767,6.9141,chips,-0.1066,0.7051,1.178,0,0.100
4768,6.9184,tetrapak,0.1230,0.5848,1.178,0,0.100
4769,6.9184,can,0.0848,0.4152,1.178,0,0.100
4770,6.9184,tetrapak,-0.0738,0.3551,1.178,0,0.100
4771,6.9184,chips,-0.0465,0.5410,1.178,0,0.100
4772,6.9221,tetrapak,-0.1559,0.5793,1.178,0,0.100
4773,6.9221,tetrapak,-0.0957,0.5738,1.178,0,0.100
4774,6.9221,can,-0.1121,0.3660,1.178,0,0.100
4775,6.9221,can,-0.0301,0.5738,1.178,0,0.100
4776,6.9259,can,-0.0629,0.4426,1.178,0,0.100
4777,6.9259,can,0.1668,0.5574,2.356,0,0.100
4778,6.9259,chips,-0.0848,0.2129,1.178,0,0.100
4779,6.9259,tetrapak,0.0410,0.3879,2.356,0,0.100
4780,6.9302,chips,0.0574,0.2074,1.178,0,0.100
4781,6.9302,can,0.0574,0.2074,1.178,0,0.100
4782,6.9302,chips,0.0574,0.2074,1.178,0,0.100
4783,6.9302,can,-0.1504,0.4043,1.178,0,0.100
4784,6.9350,chips,-0.0848,0.2129,1.178,0,0.100
4785,6.9350,can,-0.1285,0.4699,1.178,0,0.100
4786,6.9350,tetrapak,-0.0848,0.2129,1.178,0,0.100
4787,6.9350,tetrapak,0.1777,0.4590,1.178,0,0.100
4788,6.9393,can,-0.0848,0.2348,2.356,0,0.100
4789,6.9393,chips,-0.1340,0.4973,2.356,0,0.100
4790,6.9393,chips,-0.0684,0.6230,2.356,0,0.100
4791,6.9393,tetrapak,0.0629,0.5301,2.356,0,0.100
4792,6.9445,chips,-0.0574,0.4098,0.785,0,0.100
4793,6.9445,tetrapak,-0.1668,0.4918,2.356,1,0.100
4794,6.9445,chips,-0.0738,0.4863,1.178,0,0.100
4795,6.9445,chips,-0.1941,0.5410,1.178,0,0.100
4796,6.9486,can,-0.0301,0.3879,1.178,0,0.100
4797,6.9486,can,-0.1723,0.4863,1.178,0,0.100
4798,6.9486,chips,-0.0738,0.4863,1.178,0,0.100
4799,6.9486,can,-0.1941,0.5410,1.178,0,0.100
4800,6.9529,tetrapak,0.2105,0.4262,1.178,0,0.100
4801,6.9529,tetrapak,-0.0410,0.3824,1.178,0,0.100
4802,6.9529,chips,0.0957,0.4699,1.178,0,0.100
4803,6.9529,can,-0.0848,0.3551,1.178,0,0.100
4804,6.9570,chips,-0.0410,0.6668,1.178,0,0.100
4805,6.9570,chips,-0.0082,0.4371,1.178,0,0.100
4806,6.9570,can,-0.1723,0.6176,1.178,0,0.100
4807,6.9570,chips,-0.1504,0.3988,1.178,0,0.100
4808,6.9619,chips,0.0301,0.5246,0.785,0,0.100
4809,6.9619,can,-0.0684,0.5957,1.178,0,0.100
4810,6.9619,chips,-0.1504,0.4152,1.178,0,0.100
4811,6.9619,tetrapak,0.0574,0.4535,1.178,0,0.100
4812,6.9661,can,0.0684,0.2238,0.785,0,0.100
4813,6.9661,tetrapak,-0.1941,0.5246,1.178,0,0.100
4814,6.9661,can,0.0027,0.5629,1.178,0,0.100
4815,6.9661,can,-0.1504,0.5465,1.178,0,0.100
4816,6.9700,can,0.0684,0.4973,1.178,0,0.100
4817,6.9700,chips,-0.0520,0.4590,1.178,0,0.100
4818,6.9700,tetrapak,0.0957,0.3441,1.178,0,0.100
4819,6.9700,chips,-0.0410,0.5410,1.178,0,0.100
4820,6.9740,chips,0.1012,0.4371,1.178,0,0.100
4821,6.9740,chips,0.0684,0.2238,0.393,0,0.100
4822,6.9740,can,0.0574,0.6230,1.178,0,0.100
4823,6.9740,tetrapak,0.0082,0.4043,0.393,0,0.100
4824,6.9782,can,0.1559,0.4316,1.178,0,0.100
4825,6.9782,can,-0.2488,0.4207,0.393,0,0.100
4826,6.9782,chips,0.1012,0.4973,1.178,0,0.100
4827,6.9782,can,0.0355,0.3988,1.178,0,0.100
4828,6.9828,chips,-0.0738,0.5629,0.393,0,0.100
4829,6.9828,can,-0.0137,0.6012,1.571,1,0.100
4830,6.9828,can,0.0137,0.5629,2.161,0,0.100
4831,6.9828,chips,0.0684,0.2293,0.393,0,0.100
4832,6.9873,tetrapak,-0.1121,0.7105,0.785,0,0.100
4833,6.9873,tetrapak,-0.0137,0.6012,1.571,0,0.100
4834,6.9873,chips,0.0082,0.6395,0.904,0,0.100
4835,6.9873,tetrapak,0.0684,0.2293,0.393,0,0.100
4836,6.9922,can,-0.0246,0.5848,1.571,0,0.100
4837,6.9922,chips,0.1613,0.5793,1.571,0,0.100
4838,6.9922,chips,0.1941,0.5137,1.571,0,0.100
4839,6.9922,tetrapak,-0.1176,0.5355,1.571,0,0.100
4840,6.9973,chips,-0.0301,0.4098,1.571,0,0.100
4841,6.9973,tetrapak,0.2105,0.2348,1.571,0,0.100
4842,6.9973,tetrapak,0.1285,0.5191,2.194,0,0.100
4843,6.9973,chips,-0.0684,0.5902,1.571,0,0.100
4844,7.0016,tetrapak,0.2160,0.6230,1.571,0,0.100
4845,7.0016,tetrapak,-0.0355,0.4043,1.571,0,0.100
4846,7.0016,tetrapak,-0.1449,0.4699,1.571,1,0.100
4847,7.0016,tetrapak,0.0738,0.6012,1.571,1,0.100
4848,7.0066,tetrapak,0.2051,0.6121,1.571,0,0.100
4849,7.0066,can,-0.0355,0.4098,1.571,0,0.100
4850,7.0066,tetrapak,-0.1449,0.4699,1.571,1,0.100
4851,7.0066,can,0.0738,0.6012,1.571,0,0.100
4852,7.0117,tetrapak,0.1887,0.5355,0.541,0,0.100
4853,7.0117,can,0.1395,0.6230,1.571,1,0.100
4854,7.0117,can,-0.1176,0.3496,1.571,1,0.100
4855,7.0117,can,0.0738,0.4645,1.392,0,0.100
4856,7.0157,chips,0.2051,0.5793,1.571,0,0.100
4857,7.0157,can,0.1012,0.5957,2.685,0,0.100
4858,7.0157,can,-0.1176,0.3496,1.571,0,0.100
4859,7.0157,chips,0.0793,0.5027,1.571,0,0.100
4860,7.0206,tetrapak,-0.0793,0.5137,1.571,0,0.100
4861,7.0206,can,0.1941,0.6340,1.571,1,0.100
4862,7.0206,can,-0.1176,0.4426,1.737,0,0.100
4863,7.0206,tetrapak,-0.0574,0.3988,1.571,0,0.100
4864,7.0252,can,-0.0137,0.6121,1.571,0,0.100
4865,7.0252,chips,0.1941,0.6340,1.571,0,0.100
4866,7.0252,chips,-0.0793,0.4262,1.571,0,0.100
4867,7.0252,chips,-0.0574,0.4043,1.571,0,0.100
4868,7.0295,tetrapak,0.1176,0.5082,1.571,0,0.100
4869,7.0295,chips,-0.1941,0.6613,1.571,0,0.100
4870,7.0295,chips,0.1176,0.5191,1.571,0,0.100
4871,7.0295,chips,0.1285,0.4480,1.571,0,0.100
4872,7.0335,tetrapak,0.1832,0.5246,1.571,0,0.100
4873,7.0335,tetrapak,0.0684,0.5027,2.749,0,0.100
4874,7.0335,tetrapak,0.1723,0.6559,2.749,0,0.100
4875,7.0335,tetrapak,-0.1285,0.4863,0.440,0,0.100
4876,7.0374,can,0.1723,0.6230,1.571,0,0.100
4877,7.0374,can,0.1832,0.6066,1.571,0,0.100
4878,7.0374,chips,-0.1449,0.3332,1.571,0,0.100
4879,7.0374,tetrapak,-0.1996,0.6340,1.571,0,0.100
4880,7.0416,chips,0.1395,0.5355,1.571,0,0.100
4881,7.0416,chips,0.0957,0.3824,1.571,0,0.100
4882,7.0416,chips,-0.0902,0.5902,1.571,0,0.100
4883,7.0416,chips,0.0520,0.3277,1.571,0,0.100
4884,7.0461,can,0.1395,0.6121,1.571,0,0.100
4885,7.0461,tetrapak,-0.0137,0.3824,1.571,0,0.100
4886,7.0461,can,0.1012,0.4918,1.571,0,0.100
4887,7.0461,can,-0.1559,0.5137,1.571,0,0.100
4888,7.0501,tetrapak,0.1832,0.3715,1.571,0,0.100
4889,7.0501,chips,0.2652,0.4809,1.571,0,0.100
4890,7.0501,chips,0.0793,0.5574,1.571,0,0.100
4891,7.0501,can,0.2051,0.3824,1.571,0,0.100
4892,7.0542,tetrapak,0.1723,0.5355,1.571,0,0.100
4893,7.0542,chips,0.1449,0.5082,1.178,0,0.100
4894,7.0542,tetrapak,-0.1449,0.6613,0.711,0,0.100
4895,7.0542,chips,0.1285,0.4043,1.571,0,0.100
4896,7.0583,chips,-0.0410,0.5902,1.178,0,0.100
4897,7.0583,tetrapak,0.0027,0.3879,1.178,0,0.100
4898,7.0583,can,-0.0629,0.3824,1.178,0,0.100
4899,7.0583,chips,0.1012,0.3824,1.178,0,0.100
4900,7.0627,chips,0.0738,0.5793,0.898,0,0.100
4901,7.0627,can,0.0246,0.4262,1.178,0,0.100
4902,7.0627,can,-0.1395,0.4480,1.178,0,0.100
4903,7.0627,chips,0.1777,0.5137,0.936,0,0.100
4904,7.0669,can,0.2762,0.4973,1.178,0,0.100
4905,7.0669,can,-0.0191,0.5738,1.178,0,0.100
4906,7.0669,can,-0.1395,0.4754,1.178,0,0.100
4907,7.0669,tetrapak,-0.2270,0.4316,1.178,0,0.100
4908,7.0715,chips,-0.1340,0.6176,1.274,0,0.100
4909,7.0715,can,-0.1941,0.5902,1.178,1,0.100
4910,7.0715,chips,0.0246,0.3879,1.178,0,0.100
4911,7.0715,tetrapak,0.0246,0.6176,1.178,0,0.100
4912,7.0758,chips,-0.0082,0.4809,1.178,0,0.100
4913,7.0758,chips,-0.1941,0.5902,1.178,0,0.100
4914,7.0758,chips,-0.0520,0.3879,1.178,0,0.100
4915,7.0758,chips,0.0246,0.6230,1.178,0,0.100
4916,7.0799,can,0.0191,0.3934,2.749,0,0.100
4917,7.0799,can,-0.1176,0.4098,2.749,0,0.100
4918,7.0799,tetrapak,0.1285,0.3660,1.571,0,0.100
4919,7.0799,tetrapak,-0.2926,0.2566,1.178,0,0.100
4920,7.0842,can,-0.0246,0.4426,1.571,0,0.100
4921,7.0842,tetrapak,0.0957,0.4480,1.571,0,0.100
4922,7.0842,tetrapak,-0.1121,0.3934,1.571,0,0.100
4923,7.0842,chips,-0.0684,0.3496,1.571,0,0.100
4924,7.0882,tetrapak,0.1941,0.4754,2.044,0,0.100
4925,7.0882,can,0.0957,0.4809,1.571,0,0.100
4926,7.0882,chips,0.2488,0.4480,2.749,0,0.100
4927,7.0882,tetrapak,0.1012,0.5684,2.749,0,0.100
4928,7.0927,chips,-0.1012,0.5684,1.571,0,0.100
4929,7.0927,chips,0.1832,0.4973,1.571,0,0.100
4930,7.0927,can,0.1832,0.5355,2.749,0,0.100
4931,7.0927,chips,0.1559,0.4645,1.571,0,0.100
4932,7.0977,tetrapak,-0.1613,0.3277,1.322,0,0.100
4933,7.0977,chips,-0.1449,0.3934,1.571,0,0.100
4934,7.0977,chips,0.1176,0.4809,1.571,0,0.100
4935,7.0977,tetrapak,0.0902,0.3988,1.571,1,0.100
4936,7.1020,tetrapak,0.1996,0.2785,1.178,0,0.100
4937,7.1020,can,0.1066,0.5301,1.178,0,0.100
4938,7.1020,chips,-0.0957,0.2676,1.178,0,0.100
4939,7.1020,can,0.1668,0.3660,1.178,0,0.100
4940,7.1062,can,-0.1066,0.4480,1.178,0,0.100
4941,7.1062,tetrapak,0.0027,0.5738,1.178,0,0.100
4942,7.1062,chips,-0.2488,0.4754,1.178,0,0.100
4943,7.1062,tetrapak,-0.0082,0.5520,1.178,0,0.100
4944,7.1104,chips,0.0082,0.5574,1.571,0,0.100
4945,7.1104,chips,-0.1176,0.6176,1.178,0,0.100
4946,7.1104,tetrapak,-0.1559,0.3824,1.178,0,0.100
4947,7.1104,can,-0.0520,0.6121,1.571,0,0.100
4948,7.1161,can,-0.1121,0.4590,1.571,0,0.100
4949,7.1161,tetrapak,-0.0137,0.5684,1.571,0,0.100
4950,7.1161,tetrapak,0.1340,0.6012,1.571,0,0.100
4951,7.1161,tetrapak,-0.0027,0.4754,0.535,1,0.100
4952,7.1203,tetrapak,0.0082,0.5902,1.571,0,0.100
4953,7.1203,chips,-0.0902,0.4371,1.571,0,0.100
4954,7.1203,chips,0.0082,0.3715,1.571,0,0.100
4955,7.1203,tetrapak,0.0520,0.4262,1.571,0,0.100
4956,7.1252,chips,0.1668,0.3660,1.571,0,0.100
4957,7.1252,chips,0.2051,0.3715,1.571,0,0.100
4958,7.1252,chips,-0.0957,0.4426,1.571,0,0.100
4959,7.1252,tetrapak,0.2270,0.3059,1.571,0,0.100
4960,7.1308,can,0.0848,0.5738,1.571,0,0.100
4961,7.1308,tetrapak,-0.2270,0.3934,1.571,0,0.100
4962,7.1308,tetrapak,0.2762,0.5355,1.571,0,0.100
4963,7.1308,chips,0.0082,0.4371,1.571,0,0.100
4964,7.1352,can,0.0574,0.3605,2.650,0,0.100
4965,7.1352,can,-0.0137,0.3605,1.571,0,0.100
4966,7.1352,can,-0.0355,0.6230,0.658,0,0.100
4967,7.1352,chips,0.2051,0.3824,1.571,0,0.100
4968,7.1395,chips,0.1176,0.4809,1.571,0,0.100
4969,7.1395,tetrapak,0.1395,0.6012,1.571,0,0.100
4970,7.1395,can,0.0738,0.6340,1.571,0,0.100
4971,7.1395,can,0.2324,0.6121,1.571,0,0.100
4972,7.1436,chips,0.1395,0.4754,1.571,0,0.100
4973,7.1436,tetrapak,-0.0957,0.4918,1.571,0,0.100
4974,7.1436,can,0.1230,0.3934,1.571,0,0.100
4975,7.1436,can,-0.0957,0.6121,1.571,0,0.100
4976,7.1481,chips,0.2762,0.3496,2.749,0,0.100
4977,7.1481,tetrapak,0.1395,0.4645,2.881,0,0.100
4978,7.1481,can,-0.1777,0.4590,2.749,0,0.100
4979,7.1481,chips,0.1887,0.6340,2.749,0,0.100
4980,7.1525,tetrapak,0.1941,0.5246,2.749,0,0.100
4981,7.1525,tetrapak,-0.1449,0.3605,1.571,0,0.100
4982,7.1525,chips,0.1996,0.5246,1.571,0,0.100
4983,7.1525,can,-0.0355,0.3715,2.749,0,0.100
4984,7.1567,can,0.1230,0.4809,1.571,0,0.100
4985,7.1567,tetrapak,-0.0684,0.5027,1.571,0,0.100
4986,7.1567,can,0.1777,0.3496,1.571,0,0.100
4987,7.1567,chips,-0.1832,0.4043,1.571,0,0.100
4988,7.1605,can,0.1230,0.4262,2.749,0,0.100
4989,7.1605,can,0.1559,0.4207,2.749,0,0.100
4990,7.1605,tetrapak,-0.1066,0.4863,2.749,0,0.100
4991,7.1605,can,0.0355,0.6613,2.749,0,0.100
4992,7.1648,tetrapak,-0.1012,0.5355,1.571,0,0.100
4993,7.1648,can,0.0574,0.4262,1.571,0,0.100
4994,7.1648,chips,0.0301,0.4973,1.571,0,0.100
4995,7.1648,tetrapak,0.1559,0.5355,1.571,0,0.100
4996,7.1693,can,-0.1777,0.4809,1.571,0,0.100
4997,7.1693,tetrapak,0.0793,0.4754,1.571,0,0.100
4998,7.1693,tetrapak,0.0465,0.5793,1.571,0,0.100
4999,7.1693,tetrapak,0.0465,0.4152,1.571,0,0.100
5000,7.1737,chips,0.2980,0.3441,1.571,0,0.100
5001,7.1737,chips,0.0684,0.6559,1.571,0,0.100
5002,7.1737,tetrapak,0.0465,0.4480,2.574,0,0.100
5003,7.1737,tetrapak,0.2160,0.6012,1.571,0,0.100
5004,7.1789,can,-0.0137,0.3879,2.429,1,0.100
5005,7.1789,tetrapak,0.1176,0.6121,1.571,1,0.100
5006,7.1789,can,-0.1230,0.4809,1.571,1,0.100
5007,7.1789,can,-0.1012,0.3824,1.571,1,0.100
5008,7.1831,tetrapak,0.0082,0.3496,1.571,0,0.100
5009,7.1831,tetrapak,0.1012,0.5574,2.936,0,0.100
5010,7.1831,can,-0.1668,0.4973,0.285,0,0.100
5011,7.1831,chips,-0.0738,0.3660,2.470,0,0.100
5012,7.1879,can,-0.0629,0.6012,1.571,0,0.100
5013,7.1879,chips,0.1668,0.4645,1.571,0,0.100
5014,7.1879,chips,0.0957,0.3879,1.571,0,0.100
5015,7.1879,chips,0.0902,0.5902,1.571,0,0.100
5016,7.1921,can,-0.0629,0.6012,1.571,0,0.100
5017,7.1921,tetrapak,0.1613,0.4645,1.571,0,0.100
5018,7.1921,tetrapak,0.0957,0.3879,1.571,0,0.100
5019,7.1921,chips,0.0902,0.5957,1.571,0,0.100
5020,7.1964,tetrapak,-0.1449,0.4371,1.571,0,0.100
5021,7.1964,chips,-0.1559,0.6395,1.571,0,0.100
5022,7.1964,tetrapak,-0.0191,0.3934,1.571,0,0.100
5023,7.1964,tetrapak,0.1449,0.4043,0.082,0,0.100
5024,7.2008,tetrapak,-0.1121,0.5027,1.571,0,0.100
5025,7.2008,can,-0.1613,0.5629,1.571,0,0.100
5026,7.2008,can,-0.0574,0.6230,1.571,0,0.100
5027,7.2008,can,0.1340,0.5902,1.571,0,0.100
5028,7.2052,chips,0.0137,0.6340,1.571,0,0.100
5029,7.2052,chips,-0.0355,0.3605,1.571,0,0.100
5030,7.2052,can,0.0793,0.5355,1.571,0,0.100
5031,7.2052,chips,-0.0902,0.4590,1.571,0,0.100
5032,7.2091,can,-0.0684,0.6504,2.356,0,0.100
5033,7.2091,chips,0.1066,0.5410,2.663,0,0.100
5034,7.2091,chips,0.0301,0.5738,2.356,0,0.100
5035,7.2091,tetrapak,0.1176,0.3824,2.356,0,0.100
5036,7.2132,chips,0.1668,0.4699,2.356,0,0.100
5037,7.2132,chips,0.0574,0.5957,2.356,0,0.100
5038,7.2132,can,0.1887,0.4316,2.356,0,0.100
5039,7.2132,tetrapak,0.1176,0.3605,2.356,0,0.100
5040,7.2180,tetrapak,0.1668,0.4754,2.749,0,0.100
5041,7.2180,chips,0.0574,0.4316,2.749,0,0.100
5042,7.2180,can,0.1887,0.4371,2.356,0,0.100
5043,7.2180,tetrapak,0.1176,0.3605,2.356,0,0.100
5044,7.2221,can,0.2270,0.4863,1.571,0,0.100
5045,7.2221,can,0.0738,0.5957,2.749,0,0.100
5046,7.2221,can,0.1121,0.4152,2.890,0,0.100
5047,7.2221,tetrapak,0.1395,0.6449,1.571,0,0.100
5048,7.2273,tetrapak,-0.0684,0.5793,1.571,0,0.100
5049,7.2273,tetrapak,-0.1559,0.4590,1.571,0,0.100
5050,7.2273,chips,0.0902,0.4043,1.178,0,0.100
5051,7.2273,chips,-0.2160,0.4973,2.356,0,0.100
5052,7.2336,tetrapak,-0.0574,0.6504,2.356,0,0.100
5053,7.2336,tetrapak,-0.1121,0.4262,1.571,0,0.100
5054,7.2336,chips,-0.1504,0.3387,2.356,0,0.100
5055,7.2336,can,-0.1340,0.6012,2.356,0,0.100
5056,7.2379,chips,-0.0082,0.4371,1.571,0,0.100
5057,7.2379,chips,0.2324,0.6176,2.356,0,0.100
5058,7.2379,chips,0.1121,0.4535,2.356,0,0.100
5059,7.2379,can,0.0629,0.5355,1.571,0,0.100
5060,7.2421,chips,-0.1066,0.3770,1.796,0,0.100
5061,7.2421,tetrapak,-0.1887,0.6121,2.749,0,0.100
5062,7.2421,chips,0.0848,0.3223,2.356,0,0.100
5063,7.2421,tetrapak,-0.0355,0.6340,1.571,0,0.100
5064,7.2463,chips,0.1176,0.3168,1.571,0,0.100
5065,7.2463,chips,-0.1668,0.4152,1.571,0,0.100
5066,7.2463,chips,0.2051,0.5465,1.571,0,0.100
5067,7.2463,can,-0.1176,0.5137,1.571,0,0.100
5068,7.2505,tetrapak,0.1230,0.2895,1.571,0,0.100
5069,7.2505,can,0.0848,0.5957,1.571,0,0.100
5070,7.2505,can,0.0738,0.5902,1.571,0,0.100
5071,7.2505,tetrapak,-0.0574,0.5574,1.571,0,0.100
5072,7.2653,can,-0.0957,0.3824,1.571,1,0.100
5073,7.2653,chips,0.0520,0.6285,1.571,0,0.100
5074,7.2653,chips,-0.1121,0.4152,1.571,0,0.100
5075,7.2653,can,0.1285,0.4043,1.571,0,0.100
5076,7.2692,tetrapak,-0.0957,0.3879,1.178,0,0.100
5077,7.2692,chips,0.0465,0.5465,1.178,0,0.100
5078,7.2692,chips,-0.1066,0.4207,1.178,0,0.100
5079,7.2692,chips,0.1340,0.4152,1.178,0,0.100
5080,7.2738,can,0.0246,0.6559,1.178,0,0.100
5081,7.2738,chips,0.0957,0.6395,1.178,0,0.100
5082,7.2738,can,-0.1723,0.5574,2.561,0,0.100
5083,7.2738,can,0.1230,0.6395,1.178,0,0.100
5084,7.2785,chips,0.1777,0.5137,1.178,0,0.100
5085,7.2785,tetrapak,0.1504,0.3332,2.749,0,0.100
5086,7.2785,can,0.0246,0.4426,1.178,0,0.100
5087,7.2785,tetrapak,0.0465,0.5410,1.178,0,0.100
5088,7.2848,chips,0.1340,0.6668,1.178,0,0.100
5089,7.2848,can,0.0137,0.3824,1.178,1,0.100
5090,7.2848,tetrapak,-0.0957,0.6613,1.178,0,0.100
5091,7.2848,tetrapak,0.0027,0.5629,1.178,1,0.100
5092,7.2897,chips,-0.1559,0.4754,1.571,0,0.100
5093,7.2897,tetrapak,0.1012,0.4809,1.178,0,0.100
5094,7.2897,can,-0.0738,0.5410,0.680,0,0.100
5095,7.2897,tetrapak,-0.0082,0.4645,1.178,0,0.100
5096,7.2938,can,-0.1613,0.4754,1.571,0,0.100
5097,7.2938,can,0.0465,0.5027,2.034,0,0.100
5098,7.2938,tetrapak,-0.0301,0.5738,1.571,0,0.100
5099,7.2938,can,0.0082,0.4699,1.571,0,0.100
5100,7.3017,can,-0.1012,0.5902,1.571,1,0.100
5101,7.3017,can,-0.1832,0.5738,1.571,1,0.100
5102,7.3017,tetrapak,-0.1668,0.3715,1.571,0,0.100
5103,7.3017,tetrapak,0.0355,0.6121,1.178,0,0.100
5104,7.3059,tetrapak,-0.1066,0.5902,1.178,0,0.100
5105,7.3059,tetrapak,-0.1941,0.5738,1.178,0,0.100
5106,7.3059,chips,-0.1723,0.3770,1.178,0,0.100
5107,7.3059,chips,0.0355,0.6121,1.178,0,0.100
5108,7.3108,chips,0.1887,0.4371,1.571,0,0.100
5109,7.3108,chips,-0.0793,0.6012,1.571,0,0.100
5110,7.3108,tetrapak,0.1395,0.3824,1.571,1,0.100
5111,7.3108,can,-0.1723,0.4371,1.571,1,0.100
5112,7.3151,tetrapak,0.1996,0.4426,1.571,0,0.100
5113,7.3151,chips,-0.0738,0.6012,1.571,0,0.100
5114,7.3151,can,0.1012,0.4043,1.263,0,0.100
5115,7.3151,tetrapak,-0.1723,0.4262,1.571,0,0.100
5116,7.3193,chips,0.1449,0.3277,1.178,0,0.100
5117,7.3193,can,0.1668,0.3770,2.860,0,0.100
5118,7.3193,can,-0.1176,0.4973,1.178,0,0.100
5119,7.3193,tetrapak,-0.0301,0.4973,1.178,0,0.100
5120,7.3233,can,0.2215,0.5191,1.178,0,0.100
5121,7.3233,tetrapak,-0.1996,0.3934,1.178,0,0.100
5122,7.3233,tetrapak,-0.0520,0.3441,1.178,0,0.100
5123,7.3233,tetrapak,0.0902,0.4973,1.178,0,0.100
5124,7.3278,can,-0.0191,0.5684,1.178,1,0.100
5125,7.3278,can,-0.2324,0.4918,2.520,0,0.100
5126,7.3278,can,-0.1066,0.6285,1.178,1,0.100
5127,7.3278,tetrapak,0.0246,0.6449,1.178,0,0.100
5128,7.3321,can,-0.0191,0.5684,1.178,0,0.100
5129,7.3321,chips,-0.1832,0.4809,1.178,0,0.100
5130,7.3321,chips,-0.1066,0.6340,1.178,0,0.100
5131,7.3321,tetrapak,0.0027,0.6395,1.178,0,0.100
5132,7.3364,tetrapak,-0.1230,0.5246,1.571,0,0.100
5133,7.3364,can,0.1613,0.4973,1.571,0,0.100
5134,7.3364,chips,-0.1723,0.6230,1.571,0,0.100
5135,7.3364,tetrapak,-0.0957,0.5137,1.178,0,0.100
5136,7.3405,tetrapak,0.0465,0.5027,1.571,0,0.100
5137,7.3405,tetrapak,-0.0957,0.6121,1.571,0,0.100
5138,7.3405,chips,0.0137,0.3715,1.571,0,0.100
5139,7.3405,tetrapak,0.0574,0.3824,1.571,0,0.100
5140,7.3449,can,0.0629,0.3387,1.571,0,0.100
5141,7.3449,tetrapak,0.2762,0.4480,1.571,0,0.100
5142,7.3449,chips,0.0027,0.3551,1.178,0,0.100
5143,7.3449,can,-0.0629,0.5793,1.571,0,0.100
5144,7.3503,can,-0.0520,0.5355,1.571,0,0.100
5145,7.3503,tetrapak,0.1504,0.3934,1.571,0,0.100
5146,7.3503,can,-0.0793,0.4809,1.571,0,0.100
5147,7.3503,tetrapak,-0.1285,0.5355,1.571,0,0.100
5148,7.3547,chips,-0.1176,0.4918,1.178,0,0.100
5149,7.3547,tetrapak,0.1887,0.3277,1.178,0,0.100
5150,7.3547,tetrapak,-0.0738,0.5191,1.178,0,0.100
5151,7.3547,chips,0.1668,0.4426,1.178,0,0.100
5152,7.3583,chips,0.2980,0.2785,1.178,0,0.100
5153,7.3583,can,-0.1777,0.6121,3.118,0,0.100
5154,7.3583,can,0.2434,0.3660,1.178,0,0.100
5155,7.3583,can,-0.0465,0.3551,1.178,0,0.100
5156,7.3628,can,0.1996,0.4316,1.178,0,0.100
5157,7.3628,can,0.1121,0.5246,1.178,0,0.100
5158,7.3628,chips,-0.1066,0.4699,1.178,0,0.100
5159,7.3628,tetrapak,0.0793,0.3824,1.659,0,0.100
5160,7.3672,can,0.0738,0.5355,1.571,0,0.100
5161,7.3672,tetrapak,-0.1941,0.5793,1.178,0,0.100
5162,7.3672,can,0.2980,0.5793,1.571,0,0.100
5163,7.3672,can,0.0355,0.5355,1.571,0,0.100
5164,7.3714,can,-0.1668,0.6012,1.571,0,0.100
5165,7.3714,tetrapak,-0.0355,0.6668,1.571,0,0.100
5166,7.3714,tetrapak,0.1449,0.3824,1.571,0,0.100
5167,7.3714,tetrapak,-0.1832,0.6340,1.571,0,0.100
5168,7.3768,can,0.1996,0.4098,1.571,1,0.100
5169,7.3768,can,-0.0520,0.3496,1.571,1,0.100
5170,7.3768,tetrapak,0.2270,0.3277,1.571,0,0.100
5171,7.3768,tetrapak,-0.0629,0.5793,0.524,0,0.100
5172,7.3811,can,-0.0793,0.6340,1.571,1,0.100
5173,7.3811,tetrapak,0.1066,0.3715,1.571,0,0.100
5174,7.3811,chips,0.0355,0.6340,1.571,0,0.100
5175,7.3811,chips,0.1723,0.6777,1.571,0,0.100
5176,7.3857,chips,-0.0793,0.6340,1.571,0,0.100
5177,7.3857,tetrapak,0.1066,0.3715,1.571,0,0.100
5178,7.3857,can,0.0410,0.6340,1.571,0,0.100
5179,7.3857,can,0.1777,0.6777,1.571,0,0.100
5180,7.3915,tetrapak,0.0191,0.6230,1.571,1,0.100
5181,7.3915,chips,0.0848,0.4316,1.571,0,0.100
5182,7.3915,tetrapak,0.1832,0.3934,1.571,0,0.100
5183,7.3915,chips,-0.1285,0.6230,1.571,0,0.100
5184,7.3957,tetrapak,0.0137,0.6121,1.571,0,0.100
5185,7.3957,can,0.0793,0.4316,1.178,0,0.100
5186,7.3957,can,0.1832,0.3934,1.571,0,0.100
5187,7.3957,tetrapak,-0.1340,0.6230,1.571,0,0.100
5188,7.4001,chips,0.2379,0.4480,1.571,0,0.100
5189,7.4001,can,-0.0027,0.4918,1.571,0,0.100
5190,7.4001,can,-0.0738,0.5793,1.571,0,0.100
5191,7.4001,chips,-0.1449,0.5574,1.571,0,0.100
5192,7.4045,tetrapak,-0.1613,0.4535,1.178,0,0.100
5193,7.4045,chips,-0.1832,0.3770,1.178,0,0.100
5194,7.4045,can,0.1121,0.6012,1.178,0,0.100
5195,7.4045,tetrapak,-0.1996,0.3934,1.029,0,0.100
5196,7.4099,can,0.0574,0.3387,1.178,0,0.100
5197,7.4099,can,0.2762,0.4754,1.178,0,0.100
5198,7.4099,can,0.0574,0.5957,2.046,0,0.100
5199,7.4099,tetrapak,0.1887,0.6285,1.178,0,0.100
5200,7.4135,chips,0.1887,0.4262,1.571,0,0.100
5201,7.4135,tetrapak,0.1887,0.4480,1.571,0,0.100
5202,7.4135,can,0.1012,0.3715,1.571,0,0.100
5203,7.4135,can,0.0574,0.3715,1.571,0,0.100
5204,7.4182,tetrapak,0.3090,0.5848,1.571,0,0.100
5205,7.4182,can,0.1176,0.4480,1.571,0,0.100
5206,7.4182,chips,-0.0465,0.3496,1.571,0,0.100
5207,7.4182,tetrapak,-0.1559,0.3715,1.571,0,0.100
5208,7.4226,tetrapak,-0.0137,0.4207,1.178,0,0.100
5209,7.4226,can,-0.1832,0.5848,1.178,0,0.100
5210,7.4226,tetrapak,0.1941,0.4262,1.571,0,0.100
5211,7.4226,chips,0.1668,0.5629,1.178,0,0.100
5212,7.4271,can,0.0793,0.4098,1.178,0,0.100
5213,7.4271,can,-0.0191,0.4043,1.571,0,0.100
5214,7.4271,can,-0.0738,0.5246,1.178,0,0.100
5215,7.4271,can,-0.1941,0.5902,1.333,0,0.100
5216,7.4312,tetrapak,0.1066,0.4809,1.571,0,0.100
5217,7.4312,tetrapak,0.1230,0.3387,1.571,0,0.100
5218,7.4312,chips,0.1012,0.4152,1.571,0,0.100
5219,7.4312,can,0.0246,0.5793,1.571,0,0.100
5220,7.4364,chips,0.0246,0.5465,1.571,0,0.100
5221,7.4364,tetrapak,0.1941,0.4371,1.571,0,0.100
5222,7.4364,tetrapak,0.1121,0.3879,1.178,1,0.100
5223,7.4364,can,0.0246,0.5902,1.571,0,0.100
5224,7.4406,can,0.1723,0.4480,1.571,0,0.100
5225,7.4406,tetrapak,-0.0355,0.4262,1.571,0,0.100
5226,7.4406,can,0.1395,0.4152,1.571,0,0.100
5227,7.4406,chips,0.0629,0.4098,2.356,0,0.100
5228,7.4460,tetrapak,0.1777,0.4480,1.571,0,0.100
5229,7.4460,chips,-0.0301,0.4371,1.571,0,0.100
5230,7.4460,can,0.1395,0.4152,1.571,0,0.100
5231,7.4460,chips,0.0629,0.4043,2.356,0,0.100
5232,7.4509,chips,0.2105,0.6066,1.571,0,0.100
5233,7.4509,can,-0.0574,0.3715,1.571,0,0.100
5234,7.4509,tetrapak,0.0629,0.6449,1.571,0,0.100
5235,7.4509,can,0.2051,0.3934,1.571,0,0.100
5236,7.4550,chips,0.1996,0.6066,1.178,0,0.100
5237,7.4550,chips,-0.0574,0.3770,1.571,0,0.100
5238,7.4550,tetrapak,0.0629,0.6449,1.571,0,0.100
5239,7.4550,tetrapak,0.2051,0.3934,1.571,0,0.100
5240,7.4606,tetrapak,-0.0957,0.3988,2.356,0,0.100
5241,7.4606,can,0.2105,0.4207,2.356,0,0.100
5242,7.4606,chips,0.1832,0.4918,1.571,0,0.100
5243,7.4606,can,0.1504,0.3715,1.571,0,0.100
5244,7.4649,tetrapak,-0.0684,0.4590,1.571,0,0.100
5245,7.4649,tetrapak,0.0191,0.5684,1.571,0,0.100
5246,7.4649,tetrapak,0.2051,0.3168,1.571,0,0.100
5247,7.4649,chips,0.0082,0.5246,1.571,0,0.100
5248,7.4715,tetrapak,-0.0137,0.3605,1.571,0,0.100
5249,7.4715,can,-0.0410,0.5793,1.571,0,0.100
5250,7.4715,chips,0.2379,0.4152,1.571,0,0.100
5251,7.4715,can,0.0410,0.6504,1.032,0,0.100
5252,7.4760,can,-0.0191,0.3605,1.571,0,0.100
5253,7.4760,can,-0.0410,0.5793,1.571,0,0.100
5254,7.4760,chips,0.2379,0.4207,1.571,0,0.100
5255,7.4760,can,0.0629,0.6121,1.571,0,0.100
5256,7.4797,chips,-0.1832,0.5902,1.571,0,0.100
5257,7.4797,can,-0.0082,0.4973,2.356,0,0.100
5258,7.4797,chips,0.2105,0.3660,2.356,0,0.100
5259,7.4797,tetrapak,0.1066,0.6121,1.571,0,0.100
5260,7.4840,chips,0.1832,0.4809,1.571,0,0.100
5261,7.4840,can,-0.0137,0.5355,1.571,0,0.100
5262,7.4840,chips,0.0082,0.4754,1.571,0,0.100
5263,7.4840,tetrapak,0.2598,0.4371,1.571,0,0.100
5264,7.4878,chips,-0.0957,0.4535,1.178,0,0.100
5265,7.4878,can,0.1230,0.6230,1.571,0,0.100
5266,7.4878,can,0.1395,0.4043,1.571,0,0.100
5267,7.4878,tetrapak,0.1121,0.4809,1.571,0,0.100
5268,7.4918,can,-0.1230,0.4371,1.571,0,0.100
5269,7.4918,chips,0.1230,0.3988,1.571,0,0.100
5270,7.4918,can,0.0465,0.5848,1.571,0,0.100
5271,7.4918,can,0.1613,0.5902,1.571,0,0.100
5272,7.4988,tetrapak,-0.1832,0.4754,1.571,0,0.100
5273,7.4988,tetrapak,0.1996,0.3934,1.571,0,0.100
5274,7.4988,can,-0.0465,0.4918,1.571,0,0.100
5275,7.4988,tetrapak,0.0574,0.6230,1.571,0,0.100
5276,7.5070,tetrapak,0.2051,0.4809,1.571,0,0.100
5277,7.5070,tetrapak,-0.0301,0.3168,1.571,0,0.100
5278,7.5070,tetrapak,-0.0738,0.5137,1.571,1,0.100
5279,7.5070,tetrapak,0.0355,0.5902,1.571,1,0.100
5280,7.5121,can,-0.1613,0.5684,1.571,1,0.100
5281,7.5121,can,0.0793,0.4480,1.571,1,0.100
5282,7.5121,chips,0.0684,0.5738,1.178,0,0.100
5283,7.5121,can,0.1121,0.3605,1.571,0,0.100
5284,7.5177,tetrapak,0.1285,0.4152,1.571,0,0.100
5285,7.5177,can,-0.0137,0.4590,1.571,1,0.100
5286,7.5177,tetrapak,-0.1449,0.3168,1.571,0,0.100
5287,7.5177,can,-0.1395,0.5246,1.178,1,0.100
5288,7.5223,can,0.1340,0.4316,1.178,0,0.100
5289,7.5223,can,-0.0137,0.4590,1.571,0,0.100
5290,7.5223,tetrapak,-0.1230,0.3387,1.571,0,0.100
5291,7.5223,can,-0.1395,0.5246,1.178,0,0.100
5292,7.5263,tetrapak,-0.1395,0.4645,1.178,0,0.100
5293,7.5263,chips,0.0246,0.3988,1.178,0,0.100
5294,7.5263,chips,0.0793,0.6504,1.178,0,0.100
5295,7.5263,chips,-0.0082,0.6395,1.178,0,0.100
5296,7.5301,chips,-0.1395,0.4645,1.178,0,0.100
5297,7.5301,can,0.0246,0.4043,1.178,0,0.100
5298,7.5301,can,-0.0738,0.5027,1.178,0,0.100
5299,7.5301,tetrapak,-0.0082,0.6395,1.178,0,0.100
5300,7.5342,chips,-0.1723,0.3332,1.178,0,0.100
5301,7.5342,chips,0.0355,0.4863,1.178,0,0.100
5302,7.5342,can,0.1340,0.5902,2.547,0,0.100
5303,7.5342,tetrapak,-0.1723,0.5629,1.554,0,0.100
5304,7.5392,tetrapak,0.1887,0.3770,1.178,0,0.100
5305,7.5392,can,-0.2926,0.3004,1.178,0,0.100
5306,7.5392,chips,-0.0738,0.6121,1.178,0,0.100
5307,7.5392,tetrapak,0.2105,0.3934,1.178,0,0.100
5308,7.5450,tetrapak,0.0793,0.3551,1.178,0,0.100
5309,7.5450,tetrapak,0.0684,0.5027,1.178,0,0.100
5310,7.5450,tetrapak,-0.1832,0.4973,1.178,0,0.100
5311,7.5450,chips,-0.1449,0.6504,1.178,0,0.100
5312,7.5510,can,0.0793,0.3551,1.178,0,0.100
5313,7.5510,can,0.0684,0.5082,1.178,0,0.100
5314,7.5510,can,-0.1832,0.4973,1.178,0,0.100
5315,7.5510,chips,-0.0684,0.7488,1.397,0,0.100
5316,7.5553,can,0.1996,0.3496,1.178,0,0.100
5317,7.5553,chips,-0.0520,0.6285,1.178,0,0.100
5318,7.5553,can,-0.1504,0.3770,1.178,0,0.100
5319,7.5553,can,0.1887,0.3770,1.178,0,0.100
5320,7.5620,tetrapak,-0.0848,0.5137,1.178,0,0.100
5321,7.5620,can,-0.1285,0.3770,1.178,0,0.100
5322,7.5620,can,0.0793,0.5137,2.807,0,0.100
5323,7.5620,can,-0.0082,0.4371,1.178,0,0.100
5324,7.5665,chips,-0.0629,0.5410,1.178,0,0.100
5325,7.5665,can,-0.2543,0.4262,3.083,0,0.100
5326,7.5665,can,0.0793,0.5793,1.178,0,0.100
5327,7.5665,tetrapak,0.1230,0.4316,1.178,0,0.100
5328,7.5713,can,-0.1832,0.5301,1.178,1,0.100
5329,7.5713,can,-0.1723,0.5410,1.178,1,0.100
5330,7.5713,can,-0.0957,0.3715,1.178,0,0.100
5331,7.5713,chips,0.1230,0.4535,1.178,0,0.100
5332,7.5752,chips,-0.1832,0.5246,1.178,0,0.100
5333,7.5752,tetrapak,-0.1668,0.5410,2.356,0,0.100
5334,7.5752,chips,-0.1176,0.3715,0.314,0,0.100
5335,7.5752,chips,0.1230,0.4535,1.178,0,0.100
5336,7.5791,chips,0.1012,0.4098,1.178,0,0.100
5337,7.5791,tetrapak,-0.2051,0.3770,1.178,0,0.100
5338,7.5791,chips,-0.0410,0.3332,1.178,0,0.100
5339,7.5791,chips,-0.1723,0.3660,1.178,0,0.100
5340,7.5841,tetrapak,0.1340,0.5684,1.178,0,0.100
5341,7.5841,tetrapak,0.0355,0.6121,1.178,1,0.100
5342,7.5841,can,-0.0738,0.6340,1.178,1,0.100
5343,7.5841,chips,0.0355,0.5246,1.178,0,0.100
5344,7.5884,can,0.1340,0.5684,1.178,0,0.100
5345,7.5884,can,0.0355,0.6121,1.178,0,0.100
5346,7.5884,chips,-0.0738,0.6340,1.178,0,0.100
5347,7.5884,tetrapak,0.0410,0.5301,1.178,0,0.100
5348,7.5971,tetrapak,0.1340,0.3770,1.178,0,0.100
5349,7.5971,tetrapak,-0.0082,0.6285,1.178,0,0.100
5350,7.5971,chips,0.2270,0.3332,2.356,0,0.100
5351,7.5971,tetrapak,-0.0410,0.6012,1.178,0,0.100
5352,7.6012,can,-0.1941,0.5137,0.329,0,0.100
5353,7.6012,chips,-0.1285,0.5027,1.178,0,0.100
5354,7.6012,can,0.0137,0.7871,1.052,0,0.100
5355,7.6012,can,0.1230,0.3660,1.178,0,0.100
5356,7.6078,tetrapak,0.2980,0.4207,1.178,1,0.100
5357,7.6078,can,0.1887,0.5848,1.178,1,0.100
5358,7.6078,can,0.1887,0.3660,1.178,1,0.100
5359,7.6078,can,-0.0191,0.3879,1.178,0,0.100
5360,7.6128,tetrapak,0.2980,0.4207,1.178,0,0.100
5361,7.6128,chips,0.1887,0.5848,1.178,0,0.100
5362,7.6128,chips,0.1996,0.3332,2.083,0,0.100
5363,7.6128,chips,-0.0191,0.3879,1.178,0,0.100
5364,7.6175,chips,-0.1723,0.6176,1.178,0,0.100
5365,7.6175,can,-0.0520,0.4207,1.178,0,0.100
5366,7.6175,chips,0.0137,0.6777,2.365,0,0.100
5367,7.6175,tetrapak,0.1395,0.5246,1.178,0,0.100
5368,7.6218,can,-0.0027,0.3660,1.178,0,0.100
5369,7.6218,chips,0.1613,0.5684,2.356,0,0.100
5370,7.6218,tetrapak,-0.2270,0.5738,2.356,0,0.100
5371,7.6218,tetrapak,0.1887,0.6340,2.702,0,0.100
5372,7.6278,can,0.2105,0.6176,2.356,0,0.100
5373,7.6278,can,-0.0410,0.5137,2.356,1,0.100
5374,7.6278,can,-0.1176,0.6066,2.356,0,0.100
5375,7.6278,chips,-0.0191,0.4645,1.178,0,0.100
5376,7.6321,can,0.2105,0.6176,2.356,0,0.100
5377,7.6321,chips,-0.0410,0.5191,2.356,0,0.100
5378,7.6321,can,-0.1176,0.6121,1.178,0,0.100
5379,7.6321,tetrapak,0.0684,0.4645,0.458,0,0.100
5380,7.6365,tetrapak,0.1996,0.6395,1.178,0,0.100
5381,7.6365,tetrapak,-0.0246,0.3332,0.639,0,0.100
5382,7.6365,tetrapak,-0.1176,0.4098,1.178,0,0.100
5383,7.6365,can,0.0137,0.3988,1.972,0,0.100
5384,7.6428,tetrapak,0.1340,0.3715,1.178,0,0.100
5385,7.6428,can,0.0027,0.5137,1.178,0,0.100
5386,7.6428,tetrapak,0.1121,0.5082,1.178,0,0.100
5387,7.6428,chips,0.0738,0.5848,1.487,0,0.100
5388,7.6474,can,0.0355,0.6449,1.178,0,0.100
5389,7.6474,can,-0.0191,0.5137,0.393,0,0.100
5390,7.6474,can,0.1121,0.3441,1.178,0,0.100
5391,7.6474,chips,0.1340,0.6230,1.178,0,0.100
5392,7.6515,chips,0.0957,0.5465,0.393,0,0.100
5393,7.6515,can,-0.1066,0.5027,0.393,0,0.100
5394,7.6515,tetrapak,-0.1121,0.4152,0.393,0,0.100
5395,7.6515,tetrapak,0.2871,0.5738,2.356,0,0.100
5396,7.6565,tetrapak,0.0793,0.6504,1.178,0,0.100
5397,7.6565,can,-0.0137,0.4043,0.393,0,0.100
5398,7.6565,chips,-0.0082,0.5629,1.178,0,0.100
5399,7.6565,tetrapak,-0.0520,0.4316,1.178,0,0.100
5400,7.6616,can,0.1012,0.6504,1.178,0,0.100
5401,7.6616,chips,-0.0684,0.4480,0.393,0,0.100
5402,7.6616,tetrapak,0.1559,0.6176,1.178,0,0.100
5403,7.6616,tetrapak,0.0684,0.4098,1.178,0,0.100
5404,7.6660,can,-0.1066,0.4863,1.178,0,0.100
5405,7.6660,can,0.0410,0.3059,1.629,0,0.100
5406,7.6660,chips,0.0793,0.6395,1.178,0,0.100
5407,7.6660,chips,0.0574,0.6449,1.178,0,0.100
5408,7.6711,can,0.0137,0.5520,1.178,0,0.100
5409,7.6711,can,0.1121,0.4754,1.178,0,0.100
5410,7.6711,can,-0.1887,0.5410,2.356,0,0.100
5411,7.6711,tetrapak,-0.0738,0.5082,1.178,0,0.100
5412,7.6765,tetrapak,-0.1832,0.3551,1.178,0,0.100
5413,7.6765,can,0.0137,0.4043,1.178,0,0.100
5414,7.6765,can,0.1230,0.4699,1.646,0,0.100
5415,7.6765,chips,-0.0520,0.6449,1.178,0,0.100
5416,7.6812,can,-0.0410,0.5574,2.896,0,0.100
5417,7.6812,chips,-0.0191,0.3879,1.571,0,0.100
5418,7.6812,tetrapak,0.0902,0.3824,1.034,0,0.100
5419,7.6812,can,-0.0246,0.4426,2.356,0,0.100
5420,7.6859,chips,0.1777,0.4809,1.571,0,0.100
5421,7.6859,tetrapak,0.1613,0.4207,2.356,0,0.100
5422,7.6859,tetrapak,-0.0355,0.3824,1.571,0,0.100
5423,7.6859,chips,0.1285,0.6012,1.571,0,0.100
5424,7.6902,can,0.1504,0.4207,2.356,0,0.100
5425,7.6902,can,0.1996,0.3934,1.571,0,0.100
5426,7.6902,tetrapak,0.0355,0.4809,1.571,0,0.100
5427,7.6902,can,-0.0793,0.5027,2.356,0,0.100
5428,7.6947,can,0.0629,0.6395,0.393,0,0.100
5429,7.6947,tetrapak,0.1449,0.5848,1.178,1,0.100
5430,7.6947,tetrapak,0.0027,0.6012,1.571,1,0.100
5431,7.6947,chips,0.1996,0.2785,2.356,0,0.100
5432,7.7004,tetrapak,0.1121,0.5520,2.356,0,0.100
5433,7.7004,chips,0.3473,0.6395,2.356,0,0.100
5434,7.7004,tetrapak,0.1559,0.3770,2.356,1,0.100
5435,7.7004,chips,0.0191,0.6449,2.749,0,0.100
5436,7.7048,tetrapak,0.1066,0.5574,2.356,0,0.100
5437,7.7048,can,0.3473,0.6340,2.356,0,0.100
5438,7.7048,chips,0.1777,0.3770,2.356,0,0.100
5439,7.7048,tetrapak,-0.1668,0.5520,1.502,0,0.100
5440,7.7101,tetrapak,0.0355,0.6340,1.571,0,0.100
5441,7.7101,can,-0.0082,0.6449,0.393,1,0.100
5442,7.7101,chips,0.2160,0.5027,0.393,0,0.100
5443,7.7101,tetrapak,-0.1723,0.4645,0.393,0,0.100
5444,7.7156,tetrapak,0.0793,0.3824,0.393,1,0.100
5445,7.7156,chips,0.0684,0.5629,2.356,0,0.100
5446,7.7156,can,-0.1449,0.3715,1.571,1,0.100
5447,7.7156,tetrapak,-0.1176,0.5629,0.393,0,0.100
5448,7.7226,tetrapak,-0.0848,0.5355,1.571,1,0.100
5449,7.7226,chips,0.2160,0.6285,2.356,0,0.100
5450,7.7226,can,0.0246,0.5738,1.571,1,0.100
5451,7.7226,tetrapak,-0.0410,0.5957,2.356,1,0.100
5452,7.7273,can,-0.0848,0.5301,1.571,0,0.100
5453,7.7273,can,0.2215,0.6285,1.571,0,0.100
5454,7.7273,can,0.0246,0.5684,1.571,0,0.100
5455,7.7273,tetrapak,0.0574,0.6285,1.571,0,0.100
5456,7.7326,chips,0.1176,0.6449,0.393,0,0.100
5457,7.7326,chips,0.0629,0.6121,1.571,0,0.100
5458,7.7326,can,0.1012,0.5137,0.393,1,0.100
5459,7.7326,can,-0.0848,0.5137,0.393,0,0.100
5460,7.7390,chips,-0.1559,0.5848,2.356,0,0.100
5461,7.7390,tetrapak,-0.0191,0.3168,0.393,1,0.100
5462,7.7390,can,-0.0082,0.5137,0.393,0,0.100
5463,7.7390,tetrapak,0.1996,0.4590,0.925,0,0.100
5464,7.7439,can,-0.1449,0.3551,0.241,0,0.100
5465,7.7439,chips,-0.0191,0.3223,0.393,0,0.100
5466,7.7439,tetrapak,-0.0082,0.5137,0.393,0,0.100
5467,7.7439,tetrapak,0.1340,0.4152,0.393,0,0.100
5468,7.7499,can,-0.1613,0.5027,0.393,0,0.100
5469,7.7499,tetrapak,-0.0301,0.4699,0.393,1,0.100
5470,7.7499,can,0.1121,0.5902,0.393,0,0.100
5471,7.7499,can,-0.0191,0.5465,0.393,0,0.100
5472,7.7585,tetrapak,-0.1613,0.5027,0.393,0,0.100
5473,7.7585,tetrapak,-0.0301,0.4699,0.393,0,0.100
5474,7.7585,can,0.1121,0.5902,0.393,0,0.100
5475,7.7585,can,-0.0301,0.5465,0.393,0,0.100
5476,7.7632,can,-0.1832,0.4645,0.393,0,0.100
5477,7.7632,chips,-0.1176,0.6066,0.393,0,0.100
5478,7.7632,chips,0.1230,0.5246,0.393,0,0.100
5479,7.7632,can,-0.1230,0.5520,0.583,0,0.100
5480,7.7816,tetrapak,0.0246,0.4645,0.393,1,0.100
5481,7.7816,can,-0.1066,0.4590,0.393,1,0.100
5482,7.7816,tetrapak,0.2488,0.4480,0.801,0,0.100
5483,7.7816,tetrapak,-0.0848,0.6340,0.393,1,0.100
5484,7.7868,tetrapak,0.1012,0.4262,0.393,0,0.100
5485,7.7868,chips,-0.0957,0.4590,0.393,0,0.100
5486,7.7868,chips,0.2270,0.3387,2.529,0,0.100
5487,7.7868,chips,-0.0738,0.6285,0.393,0,0.100
5488,7.7907,can,-0.1996,0.3441,0.393,0,0.100
5489,7.7907,chips,0.1613,0.3551,2.191,0,0.100
5490,7.7907,chips,-0.1613,0.3770,1.972,0,0.100
5491,7.7907,can,-0.1504,0.5246,0.393,0,0.100
5492,7.7951,can,-0.0574,0.3824,1.963,0,0.100
5493,7.7951,chips,0.0027,0.5082,2.356,0,0.100
5494,7.7951,tetrapak,0.0574,0.4316,2.356,0,0.100
5495,7.7951,tetrapak,-0.0848,0.4535,1.963,0,0.100
5496,7.7998,tetrapak,-0.2160,0.4918,1.440,0,0.100
5497,7.7998,chips,0.2324,0.3824,2.356,0,0.100
5498,7.7998,tetrapak,-0.0957,0.4316,2.356,0,0.100
5499,7.7998,tetrapak,0.1996,0.4590,1.963,0,0.100
5500,7.8043,tetrapak,0.0574,0.4426,2.356,0,0.100
5501,7.8043,chips,0.1176,0.6176,2.356,0,0.100
5502,7.8043,chips,-0.1066,0.4973,2.356,0,0.100
5503,7.8043,tetrapak,0.0957,0.3441,2.936,0,0.100
5504,7.8084,can,0.0355,0.2895,0.000,0,0.100
5505,7.8084,chips,-0.0137,0.6395,2.957,0,0.100
5506,7.8084,chips,-0.1395,0.5738,2.356,0,0.100
5507,7.8084,tetrapak,-0.0957,0.4918,1.716,0,0.100
5508,7.8144,tetrapak,-0.0957,0.4754,2.356,0,0.100
5509,7.8144,tetrapak,0.1121,0.5082,2.356,0,0.100
5510,7.8144,tetrapak,0.0848,0.5684,2.356,0,0.100
5511,7.8144,chips,0.0684,0.6176,2.356,0,0.100
5512,7.8182,tetrapak,0.2652,0.4645,0.431,0,0.100
5513,7.8182,chips,0.1887,0.6395,2.356,0,0.100
5514,7.8182,can,0.2215,0.6066,2.356,0,0.100
5515,7.8182,can,0.2105,0.4480,2.356,0,0.100
5516,7.8235,chips,0.1504,0.4645,1.571,0,0.100
5517,7.8235,tetrapak,0.2215,0.5082,1.571,1,0.100
5518,7.8235,tetrapak,0.2160,0.3004,2.856,0,0.100
5519,7.8235,can,-0.0957,0.5520,1.571,1,0.100
5520,7.8281,chips,0.1449,0.4645,2.356,0,0.100
5521,7.8281,can,0.2215,0.5191,2.356,0,0.100
5522,7.8281,chips,0.1559,0.3605,0.393,0,0.100
5523,7.8281,chips,-0.1066,0.5520,2.356,0,0.100
5524,7.8322,chips,-0.0848,0.5738,2.356,0,0.100
5525,7.8322,can,-0.1996,0.4918,0.393,0,0.100
5526,7.8322,tetrapak,0.2215,0.5465,2.356,0,0.100
5527,7.8322,chips,0.0793,0.5355,2.356,0,0.100
5528,7.8364,chips,0.1996,0.5629,1.571,0,0.100
5529,7.8364,chips,-0.0355,0.4754,1.571,0,0.100
5530,7.8364,tetrapak,-0.1395,0.3496,1.571,0,0.100
5531,7.8364,chips,-0.0793,0.2348,1.571,0,0.100
5532,7.8401,chips,0.1941,0.5629,1.571,0,0.100
5533,7.8401,can,-0.0355,0.4754,1.571,0,0.100
5534,7.8401,can,-0.1449,0.3441,1.571,0,0.100
5535,7.8401,can,0.2488,0.4918,0.865,0,0.100
5536,7.8443,chips,0.0246,0.4645,1.887,0,0.100
5537,7.8443,can,-0.1668,0.5410,1.571,0,0.100
5538,7.8443,chips,-0.0082,0.3770,1.571,0,0.100
5539,7.8443,tetrapak,0.1941,0.6012,1.571,0,0.100
5540,7.8487,chips,-0.0793,0.2348,0.000,0,0.100
5541,7.8487,can,-0.1340,0.5574,1.571,0,0.100
5542,7.8487,chips,0.0137,0.5848,1.571,0,0.100
5543,7.8487,tetrapak,-0.0465,0.4152,0.393,0,0.100
5544,7.8534,chips,0.2215,0.4645,2.356,0,0.100
5545,7.8534,chips,-0.1176,0.6395,2.356,0,0.100
5546,7.8534,chips,-0.0301,0.5410,2.356,0,0.100
5547,7.8534,tetrapak,0.1559,0.5410,2.356,0,0.100
5548,7.8583,tetrapak,0.1121,0.4645,2.356,0,0.100
5549,7.8583,tetrapak,-0.1066,0.4316,1.571,0,0.100
5550,7.8583,chips,0.0246,0.3441,1.571,0,0.100
5551,7.8583,chips,0.2324,0.3988,2.328,0,0.100
5552,7.8623,chips,0.0684,0.3332,1.571,0,0.100
5553,7.8623,chips,0.0246,0.4262,1.571,0,0.100
5554,7.8623,tetrapak,-0.0629,0.5520,1.571,0,0.100
5555,7.8623,tetrapak,-0.0465,0.5191,1.571,0,0.100
5556,7.8669,tetrapak,0.1996,0.3441,2.356,0,0.100
5557,7.8669,chips,0.0355,0.5520,2.356,0,0.100
5558,7.8669,can,-0.2051,0.4152,0.393,0,0.100
5559,7.8669,chips,0.1996,0.4590,0.393,0,0.100
5560,7.8717,can,0.0191,0.3934,0.393,0,0.100
5561,7.8717,chips,0.1285,0.3551,2.356,0,0.100
5562,7.8717,chips,0.1012,0.5191,1.571,0,0.100
5563,7.8717,tetrapak,0.0191,0.4918,2.356,0,0.100
5564,7.8762,tetrapak,0.0793,0.4152,1.571,0,0.100
5565,7.8762,can,0.1449,0.5629,1.571,0,0.100
5566,7.8762,chips,0.2762,0.3223,1.571,0,0.100
5567,7.8762,chips,-0.0520,0.5957,1.504,0,0.100
5568,7.8806,tetrapak,0.0465,0.5793,1.571,0,0.100
5569,7.8806,chips,-0.1504,0.5848,1.571,0,0.100
5570,7.8806,can,-0.0410,0.5301,1.571,0,0.100
5571,7.8806,tetrapak,0.0027,0.5301,1.571,0,0.100
5572,7.8846,chips,0.0355,0.6285,1.571,0,0.100
5573,7.8846,tetrapak,-0.0082,0.4590,1.571,0,0.100
5574,7.8846,chips,-0.2160,0.5574,2.135,0,0.100
5575,7.8846,tetrapak,-0.0629,0.4098,1.571,0,0.100
5576,7.8895,chips,0.1887,0.3496,1.571,0,0.100
5577,7.8895,tetrapak,-0.1832,0.4371,1.571,0,0.100
5578,7.8895,can,0.1340,0.3332,1.571,1,0.100
5579,7.8895,chips,0.0738,0.6012,1.571,0,0.100
5580,7.8927,chips,0.1832,0.3441,1.571,0,0.100
5581,7.8927,tetrapak,-0.1504,0.4590,1.571,0,0.100
5582,7.8927,chips,0.1668,0.3441,0.859,0,0.100
5583,7.8927,chips,0.0684,0.6012,2.356,0,0.100
5584,7.8968,tetrapak,0.1941,0.4918,1.571,0,0.100
5585,7.8968,can,0.0301,0.4426,2.903,0,0.100
5586,7.8968,can,-0.0574,0.5793,1.571,0,0.100
5587,7.8968,chips,0.0574,0.3715,1.571,0,0.100
5588,7.9023,can,-0.1832,0.3551,1.571,1,0.100
5589,7.9023,chips,-0.0629,0.3770,2.725,0,0.100
5590,7.9023,chips,0.2980,0.5957,1.571,0,0.100
5591,7.9023,can,-0.0191,0.4480,1.571,0,0.100
5592,7.9066,can,-0.1832,0.3551,1.571,0,0.100
5593,7.9066,can,-0.1613,0.5793,2.495,0,0.100
5594,7.9066,chips,0.1668,0.4918,1.571,0,0.100
5595,7.9066,tetrapak,-0.0191,0.4480,1.571,0,0.100
5596,7.9118,tetrapak,0.1996,0.3332,1.571,0,0.100
5597,7.9118,chips,-0.0848,0.2129,2.356,0,0.100
5598,7.9118,chips,-0.0848,0.2129,2.356,0,0.100
5599,7.9118,chips,-0.0848,0.2129,2.356,0,0.100
5600,7.9158,can,0.1887,0.3223,1.319,0,0.100
5601,7.9158,can,-0.0246,0.4152,0.393,0,0.100
5602,7.9158,chips,-0.0027,0.6176,0.393,0,0.100
5603,7.9158,chips,0.0465,0.3223,2.356,0,0.100
5604,7.9196,can,0.2051,0.4262,1.963,0,0.100
5605,7.9196,can,-0.0191,0.3605,1.571,0,0.100
5606,7.9196,tetrapak,-0.0629,0.6121,2.356,0,0.100
5607,7.9196,tetrapak,0.0027,0.3824,2.356,0,0.100
5608,7.9241,chips,-0.2379,0.6504,1.843,0,0.100
5609,7.9241,tetrapak,-0.0629,0.6723,1.178,0,0.100
5610,7.9241,can,-0.0848,0.3551,2.356,0,0.100
5611,7.9241,can,-0.0082,0.4918,1.020,0,0.100
5612,7.9284,tetrapak,-0.2762,0.6340,2.901,0,0.100
5613,7.9284,can,-0.0629,0.6723,1.178,0,0.100
5614,7.9284,chips,-0.1012,0.3605,0.393,0,0.100
5615,7.9284,chips,0.0574,0.4426,0.826,0,0.100
5616,7.9322,can,-0.1066,0.5902,1.178,0,0.100
5617,7.9322,chips,-0.1121,0.3824,0.393,0,0.100
5618,7.9322,can,0.1121,0.3277,1.178,0,0.100
5619,7.9322,can,0.0465,0.4918,1.178,0,0.100
5620,7.9362,can,-0.0574,0.6449,1.963,0,0.100
5621,7.9362,can,0.0793,0.4973,1.178,0,0.100
5622,7.9362,chips,-0.0301,0.5520,1.963,0,0.100
5623,7.9362,can,0.1449,0.5793,1.963,0,0.100
5624,7.9410,can,0.0301,0.4918,0.393,0,0.100
5625,7.9410,tetrapak,0.0848,0.5902,0.393,0,0.100
5626,7.9410,tetrapak,-0.3090,0.4098,0.674,0,0.100
5627,7.9410,chips,0.0848,0.5629,0.393,0,0.100
5628,7.9457,tetrapak,-0.0191,0.4426,1.963,0,0.100
5629,7.9457,tetrapak,0.0301,0.3551,0.882,0,0.100
5630,7.9457,can,-0.0355,0.6176,0.393,1,0.100
5631,7.9457,chips,-0.0027,0.5738,0.393,0,0.100
5632,7.9499,can,0.0137,0.4262,1.571,0,0.100
5633,7.9499,can,-0.0574,0.3770,0.201,0,0.100
5634,7.9499,chips,-0.0355,0.6121,0.393,0,0.100
5635,7.9499,tetrapak,0.1723,0.5793,1.733,0,0.100
5636,7.9544,tetrapak,0.1777,0.5848,1.963,0,0.100
5637,7.9544,can,0.0246,0.3715,1.963,0,0.100
5638,7.9544,can,-0.2707,0.4262,0.393,0,0.100
5639,7.9544,can,0.1012,0.5574,0.393,0,0.100
5640,7.9607,tetrapak,0.2105,0.5520,1.963,0,0.100
5641,7.9607,tetrapak,0.1449,0.5902,2.613,0,0.100
5642,7.9607,chips,-0.0629,0.4699,0.393,0,0.100
5643,7.9607,chips,-0.0027,0.5137,1.943,0,0.100
5644,7.9655,can,-0.1449,0.3770,1.963,0,0.100
5645,7.9655,can,0.1668,0.4316,0.393,0,0.100
5646,7.9655,can,-0.0957,0.6340,0.393,0,0.100
5647,7.9655,can,0.0957,0.3824,0.393,0,0.100
5648,7.9704,can,0.1230,0.5465,0.393,0,0.100
5649,7.9704,can,0.0082,0.4480,0.393,0,0.100
5650,7.9704,tetrapak,0.1941,0.5027,1.435,0,0.100
5651,7.9704,can,-0.1887,0.4152,0.393,0,0.100
5652,7.9749,tetrapak,0.1340,0.6449,0.393,0,0.100
5653,7.9749,tetrapak,0.1449,0.4699,0.393,0,0.100
5654,7.9749,tetrapak,-0.0137,0.3441,0.393,0,0.100
5655,7.9749,chips,0.0574,0.4699,0.393,0,0.100
5656,7.9793,can,0.1340,0.6613,0.209,0,0.100
5657,7.9793,can,0.0793,0.5848,1.178,0,0.100
5658,7.9793,chips,0.0137,0.6504,1.963,0,0.100
5659,7.9793,tetrapak,0.2379,0.5629,0.393,0,0.100
5660,7.9857,tetrapak,0.1340,0.3824,1.963,0,0.100
5661,7.9857,tetrapak,-0.0574,0.4152,1.963,0,0.100
5662,7.9857,tetrapak,0.0793,0.5902,0.785,0,0.100
5663,7.9857,tetrapak,0.1559,0.4207,1.963,0,0.100
5664,7.9915,chips,-0.1012,0.4754,1.963,0,0.100
5665,7.9915,tetrapak,0.1449,0.4316,0.785,0,0.100
5666,7.9915,tetrapak,0.1887,0.4152,1.963,0,0.100
5667,7.9915,chips,0.2270,0.3824,2.894,0,0.100
5668,7.9971,chips,0.2816,0.5246,0.785,0,0.100
5669,7.9971,can,0.1723,0.3934,0.393,0,0.100
5670,7.9971,tetrapak,0.0355,0.5520,0.672,0,0.100
5671,7.9971,chips,0.0738,0.5848,0.785,0,0.100
5672,8.0024,can,0.0520,0.5520,0.000,0,0.100
5673,8.0024,chips,-0.1176,0.4098,2.702,0,0.100
5674,8.0024,can,0.2324,0.3715,0.393,0,0.100
5675,8.0024,can,0.0574,0.4371,0.000,1,0.100
