t,phase,cmd0,cmd1,cmd2,cmd3,cmd4,cmd5,act0,act1,act2,act3,act4,act5,clearance
0.01,settle,1.04732,-2.23214,2.02661,-1.36527,-1.57080,2.62751,1.04732,-2.23214,2.02661,-1.36527,-1.57080,2.62751,0.11070
0.02,settle,1.04732,-2.23214,2.02661,-1.36527,-1.57080,2.62751,1.04732,-2.23214,2.02661,-1.36527,-1.57080,2.62751,0.11070
0.03,settle,1.04732,-2.23214,2.02661,-1.36527,-1.57080,2.62751,1.04732,-2.23214,2.02661,-1.36527,-1.57080,2.62751,0.11070
0.04,settle,1.04732,-2.23214,2.02661,-1.36527,-1.57080,2.62751,1.04732,-2.23214,2.02661,-1.36527,-1.57080,2.62751,0.11070
0.05,settle,1.04732,-2.23214,2.02661,-1.36527,-1.57080,2.62751,1.04732,-2.23214,2.02661,-1.36527,-1.57080,2.62751,0.11070
0.06,settle,1.04732,-2.23214,2.02661,-1.36527,-1.57080,2.62751,1.04732,-2.23214,2.02661,-1.36527,-1.57080,2.62751,0.11070
0.07,settle,1.04732,-2.23214,2.02661,-1.36527,-1.57080,2.62751,1.04732,-2.23214,2.02661,-1.36527,-1.57080,2.62751,0.11070
0.08,settle,1.04732,-2.23214,2.02661,-1.36527,-1.57080,2.62751,1.04732,-2.23214,2.02661,-1.36527,-1.57080,2.62751,0.11070
0.09,settle,1.04732,-2.23214,2.02661,-1.36527,-1.57080,2.62751,1.04732,-2.23214,2.02661,-1.36527,-1.57080,2.62751,0.11070
0.10,settle,1.04732,-2.23214,2.02661,-1.36527,-1.57080,2.62751,1.04732,-2.23214,2.02661,-1.36527,-1.57080,2.62751,0.11070
0.11,settle,1.04732,-2.23214,2.02661,-1.36527,-1.57080,2.62751,1.04732,-2.23214,2.02661,-1.36527,-1.57080,2.62751,0.11070
0.12,settle,1.04732,-2.23214,2.02661,-1.36527,-1.57080,2.62751,1.04732,-2.23214,2.02661,-1.36527,-1.57080,2.62751,0.11070
0.13,settle,1.04732,-2.23214,2.02661,-1.36527,-1.57080,2.62751,1.04732,-2.23214,2.02661,-1.36527,-1.57080,2.62751,0.11070
0.14,settle,1.04732,-2.23214,2.02661,-1.36527,-1.57080,2.62751,1.04732,-2.23214,2.02661,-1.36527,-1.57080,2.62751,0.11070
0.15,settle,1.04732,-2.23214,2.02661,-1.36527,-1.57080,2.62751,1.04732,-2.23214,2.02661,-1.36527,-1.57080,2.62751,0.11070
0.16,settle,1.04732,-2.23214,2.02661,-1.36527,-1.57080,2.62751,1.04732,-2.23214,2.02661,-1.36527,-1.57080,2.62751,0.11070
0.17,settle,1.04732,-2.23214,2.02661,-1.36527,-1.57080,2.62751,1.04732,-2.23214,2.02661,-1.36527,-1.57080,2.62751,0.11070
0.18,settle,1.04732,-2.23214,2.02661,-1.36527,-1.57080,2.62751,1.04732,-2.23214,2.02661,-1.36527,-1.57080,2.62751,0.11070
0.19,settle,1.04732,-2.23214,2.02661,-1.36527,-1.57080,2.62751,1.04732,-2.23214,2.02661,-1.36527,-1.57080,2.62751,0.11070
0.20,settle,1.04732,-2.23214,2.02661,-1.36527,-1.57080,2.62751,1.04732,-2.23214,2.02661,-1.36527,-1.57080,2.62751,0.11070
0.21,settle,1.04732,-2.23214,2.02661,-1.36527,-1.57080,2.62751,1.04732,-2.23214,2.02661,-1.36527,-1.57080,2.62751,0.11070
0.22,settle,1.04732,-2.23214,2.02661,-1.36527,-1.57080,2.62751,1.04732,-2.23214,2.02661,-1.36527,-1.57080,2.62751,0.11070
0.23,settle,1.04732,-2.23214,2.02661,-1.36527,-1.57080,2.62751,1.04732,-2.23214,2.02661,-1.36527,-1.57080,2.62751,0.11070
0.24,settle,1.04732,-2.23214,2.02661,-1.36527,-1.57080,2.62751,1.04732,-2.23214,2.02661,-1.36527,-1.57080,2.62751,0.11070
0.25,settle,1.04732,-2.23214,2.02661,-1.36527,-1.57080,2.62751,1.04732,-2.23214,2.02661,-1.36527,-1.57080,2.62751,0.11070
0.26,settle,1.04732,-2.23214,2.02661,-1.36527,-1.57080,2.62751,1.04732,-2.23214,2.02661,-1.36527,-1.57080,2.62751,0.11070
0.27,settle,1.04732,-2.23214,2.02661,-1.36527,-1.57080,2.62751,1.04732,-2.23214,2.02661,-1.36527,-1.57080,2.62751,0.11070
0.28,settle,1.04732,-2.23214,2.02661,-1.36527,-1.57080,2.62751,1.04732,-2.23214,2.02661,-1.36527,-1.57080,2.62751,0.11070
0.29,settle,1.04732,-2.23214,2.02661,-1.36527,-1.57080,2.62751,1.04732,-2.23214,2.02661,-1.36527,-1.57080,2.62751,0.11070
0.30,settle,1.04732,-2.23214,2.02661,-1.36527,-1.57080,2.62751,1.04732,-2.23214,2.02661,-1.36527,-1.57080,2.62751,0.11070
0.31,settle,1.04732,-2.23214,2.02661,-1.36527,-1.57080,2.62751,1.04732,-2.23214,2.02661,-1.36527,-1.57080,2.62751,0.11070
0.32,settle,1.04732,-2.23214,2.02661,-1.36527,-1.57080,2.62751,1.04732,-2.23214,2.02661,-1.36527,-1.57080,2.62751,0.11070
0.33,settle,1.04732,-2.23214,2.02661,-1.36527,-1.57080,2.62751,1.04732,-2.23214,2.02661,-1.36527,-1.57080,2.62751,0.11070
0.34,settle,1.04732,-2.23214,2.02661,-1.36527,-1.57080,2.62751,1.04732,-2.23214,2.02661,-1.36527,-1.57080,2.62751,0.11070
0.35,settle,1.04732,-2.23214,2.02661,-1.36527,-1.57080,2.62751,1.04732,-2.23214,2.02661,-1.36527,-1.57080,2.62751,0.11070
0.36,settle,1.04732,-2.23214,2.02661,-1.36527,-1.57080,2.62751,1.04732,-2.23214,2.02661,-1.36527,-1.57080,2.62751,0.11070
0.37,settle,1.04732,-2.23214,2.02661,-1.36527,-1.57080,2.62751,1.04732,-2.23214,2.02661,-1.36527,-1.57080,2.62751,0.11070
0.38,settle,1.04732,-2.23214,2.02661,-1.36527,-1.57080,2.62751,1.04732,-2.23214,2.02661,-1.36527,-1.57080,2.62751,0.11070
0.39,settle,1.04732,-2.23214,2.02661,-1.36527,-1.57080,2.62751,1.04732,-2.23214,2.02661,-1.36527,-1.57080,2.62751,0.11070
0.40,settle,1.04732,-2.23214,2.02661,-1.36527,-1.57080,2.62751,1.04732,-2.23214,2.02661,-1.36527,-1.57080,2.62751,0.11070
0.41,settle,1.04732,-2.23214,2.02661,-1.36527,-1.57080,2.62751,1.04732,-2.23214,2.02661,-1.36527,-1.57080,2.62751,0.11070
0.42,settle,1.04732,-2.23214,2.02661,-1.36527,-1.57080,2.62751,1.04732,-2.23214,2.02661,-1.36527,-1.57080,2.62751,0.11070
0.43,settle,1.04732,-2.23214,2.02661,-1.36527,-1.57080,2.62751,1.04732,-2.23214,2.02661,-1.36527,-1.57080,2.62751,0.11070
0.44,settle,1.04732,-2.23214,2.02661,-1.36527,-1.57080,2.62751,1.04732,-2.23214,2.02661,-1.36527,-1.57080,2.62751,0.11070
0.45,settle,1.04732,-2.23214,2.02661,-1.36527,-1.57080,2.62751,1.04732,-2.23214,2.02661,-1.36527,-1.57080,2.62751,0.11070
0.46,settle,1.04732,-2.23214,2.02661,-1.36527,-1.57080,2.62751,1.04732,-2.23214,2.02661,-1.36527,-1.57080,2.62751,0.11070
0.47,settle,1.04732,-2.23214,2.02661,-1.36527,-1.57080,2.62751,1.04732,-2.23214,2.02661,-1.36527,-1.57080,2.62751,0.11070
0.48,settle,1.04732,-2.23214,2.02661,-1.36527,-1.57080,2.62751,1.04732,-2.23214,2.02661,-1.36527,-1.57080,2.62751,0.11070
0.49,settle,1.04732,-2.23214,2.02661,-1.36527,-1.57080,2.62751,1.04732,-2.23214,2.02661,-1.36527,-1.57080,2.62751,0.11070
0.50,settle,1.04732,-2.23214,2.02661,-1.36527,-1.57080,2.62751,1.04732,-2.23214,2.02661,-1.36527,-1.57080,2.62751,0.11070
0.51,test_close,1.04732,-2.23214,2.02661,-1.36527,-1.57080,2.62751,1.04732,-2.23214,2.02661,-1.36527,-1.57080,2.62751,0.11070
0.52,test_close,1.04732,-2.23214,2.02661,-1.36527,-1.57080,2.62751,1.04732,-2.23214,2.02661,-1.36527,-1.57080,2.62751,0.11070
0.53,test_close,1.04732,-2.23214,2.02661,-1.36527,-1.57080,2.62751,1.04732,-2.23214,2.02661,-1.36527,-1.57080,2.62751,0.11070
0.54,test_close,1.04732,-2.23214,2.02661,-1.36527,-1.57080,2.62751,1.04732,-2.23214,2.02661,-1.36527,-1.57080,2.62751,0.11070
0.55,test_close,1.04732,-2.23214,2.02661,-1.36527,-1.57080,2.62751,1.04732,-2.23214,2.02661,-1.36527,-1.57080,2.62751,0.11070
0.56,test_close,1.04732,-2.23214,2.02661,-1.36527,-1.57080,2.62751,1.04732,-2.23214,2.02661,-1.36527,-1.57080,2.62751,0.11070
0.57,test_close,1.04732,-2.23214,2.02661,-1.36527,-1.57080,2.62751,1.04732,-2.23214,2.02661,-1.36527,-1.57080,2.62751,0.11070
0.58,test_close,1.04732,-2.23214,2.02661,-1.36527,-1.57080,2.62751,1.04732,-2.23214,2.02661,-1.36527,-1.57080,2.62751,0.11070
0.59,test_close,1.04732,-2.23214,2.02661,-1.36527,-1.57080,2.62751,1.04732,-2.23214,2.02661,-1.36527,-1.57080,2.62751,0.11070
0.60,test_close,1.04732,-2.23214,2.02661,-1.36527,-1.57080,2.62751,1.04732,-2.23214,2.02661,-1.36527,-1.57080,2.62751,0.11070
0.61,test_close,1.04732,-2.23214,2.02661,-1.36527,-1.57080,2.62751,1.04732,-2.23214,2.02661,-1.36527,-1.57080,2.62751,0.11070
0.62,test_close,1.04732,-2.23214,2.02661,-1.36527,-1.57080,2.62751,1.04732,-2.23214,2.02661,-1.36527,-1.57080,2.62751,0.11070
0.63,test_close,1.04732,-2.23214,2.02661,-1.36527,-1.57080,2.62751,1.04732,-2.23214,2.02661,-1.36527,-1.57080,2.62751,0.11070
0.64,test_close,1.04732,-2.23214,2.02661,-1.36527,-1.57080,2.62751,1.04732,-2.23214,2.02661,-1.36527,-1.57080,2.62751,0.11070
0.65,test_close,1.04732,-2.23214,2.02661,-1.36527,-1.57080,2.62751,1.04732,-2.23214,2.02661,-1.36527,-1.57080,2.62751,0.11070
0.66,test_close,1.04732,-2.23214,2.02661,-1.36527,-1.57080,2.62751,1.04732,-2.23214,2.02661,-1.36527,-1.57080,2.62751,0.11070
0.67,test_close,1.04732,-2.23214,2.02661,-1.36527,-1.57080,2.62751,1.04732,-2.23214,2.02661,-1.36527,-1.57080,2.62751,0.11070
0.68,test_close,1.04732,-2.23214,2.02661,-1.36527,-1.57080,2.62751,1.04732,-2.23214,2.02661,-1.36527,-1.57080,2.62751,0.11070
0.69,test_close,1.04732,-2.23214,2.02661,-1.36527,-1.57080,2.62751,1.04732,-2.23214,2.02661,-1.36527,-1.57080,2.62751,0.11070
0.70,test_close,1.04732,-2.23214,2.02661,-1.36527,-1.57080,2.62751,1.04732,-2.23214,2.02661,-1.36527,-1.57080,2.62751,0.11070
0.71,test_close,1.04732,-2.23214,2.02661,-1.36527,-1.57080,2.62751,1.04732,-2.23214,2.02661,-1.36527,-1.57080,2.62751,0.11070
0.72,test_close,1.04732,-2.23214,2.02661,-1.36527,-1.57080,2.62751,1.04732,-2.23214,2.02661,-1.36527,-1.57080,2.62751,0.11070
0.73,test_close,1.04732,-2.23214,2.02661,-1.36527,-1.57080,2.62751,1.04732,-2.23214,2.02661,-1.36527,-1.57080,2.62751,0.11070
0.74,test_close,1.04732,-2.23214,2.02661,-1.36527,-1.57080,2.62751,1.04732,-2.23214,2.02661,-1.36527,-1.57080,2.62751,0.11070
0.75,test_close,1.04732,-2.23214,2.02661,-1.36527,-1.57080,2.62751,1.04732,-2.23214,2.02661,-1.36527,-1.57080,2.62751,0.11070
0.76,test_close,1.04732,-2.23214,2.02661,-1.36527,-1.57080,2.62751,1.04732,-2.23214,2.02661,-1.36527,-1.57080,2.62751,0.11070
0.77,test_close,1.04732,-2.23214,2.02661,-1.36527,-1.57080,2.62751,1.04732,-2.23214,2.02661,-1.36527,-1.57080,2.62751,0.11070
0.78,test_close,1.04732,-2.23214,2.02661,-1.36527,-1.57080,2.62751,1.04732,-2.23214,2.02661,-1.36527,-1.57080,2.62751,0.11070
0.79,test_close,1.04732,-2.23214,2.02661,-1.36527,-1.57080,2.62751,1.04732,-2.23214,2.02661,-1.36527,-1.57080,2.62751,0.11070
0.80,test_close,1.04732,-2.23214,2.02661,-1.36527,-1.57080,2.62751,1.04732,-2.23214,2.02661,-1.36527,-1.57080,2.62751,0.11070
0.81,test_close,1.04732,-2.23214,2.02661,-1.36527,-1.57080,2.62751,1.04732,-2.23214,2.02661,-1.36527,-1.57080,2.62751,0.11070
0.82,test_close,1.04732,-2.23214,2.02661,-1.36527,-1.57080,2.62751,1.04732,-2.23214,2.02661,-1.36527,-1.57080,2.62751,0.11070
0.83,test_close,1.04732,-2.23214,2.02661,-1.36527,-1.57080,2.62751,1.04732,-2.23214,2.02661,-1.36527,-1.57080,2.62751,0.11070
0.84,test_close,1.04732,-2.23214,2.02661,-1.36527,-1.57080,2.62751,1.04732,-2.23214,2.02661,-1.36527,-1.57080,2.62751,0.11070
0.85,test_close,1.04732,-2.23214,2.02661,-1.36527,-1.57080,2.62751,1.04732,-2.23214,2.02661,-1.36527,-1.57080,2.62751,0.11070
0.86,test_close,1.04732,-2.23214,2.02661,-1.36527,-1.57080,2.62751,1.04732,-2.23214,2.02661,-1.36527,-1.57080,2.62751,0.11070
0.87,test_close,1.04732,-2.23214,2.02661,-1.36527,-1.57080,2.62751,1.04732,-2.23214,2.02661,-1.36527,-1.57080,2.62751,0.11070
0.88,test_close,1.04732,-2.23214,2.02661,-1.36527,-1.57080,2.62751,1.04732,-2.23214,2.02661,-1.36527,-1.57080,2.62751,0.11070
0.89,test_close,1.04732,-2.23214,2.02661,-1.36527,-1.57080,2.62751,1.04732,-2.23214,2.02661,-1.36527,-1.57080,2.62751,0.11070
0.90,test_close,1.04732,-2.23214,2.02661,-1.36527,-1.57080,2.62751,1.04732,-2.23214,2.02661,-1.36527,-1.57080,2.62751,0.11070
0.91,test_close,1.04732,-2.23214,2.02661,-1.36527,-1.57080,2.62751,1.04732,-2.23214,2.02661,-1.36527,-1.57080,2.62751,0.11070
0.92,test_close,1.04732,-2.23214,2.02661,-1.36527,-1.57080,2.62751,1.04732,-2.23214,2.02661,-1.36527,-1.57080,2.62751,0.11070
0.93,test_close,1.04732,-2.23214,2.02661,-1.36527,-1.57080,2.62751,1.04732,-2.23214,2.02661,-1.36527,-1.57080,2.62751,0.11070
0.94,test_close,1.04732,-2.23214,2.02661,-1.36527,-1.57080,2.62751,1.04732,-2.23214,2.02661,-1.36527,-1.57080,2.62751,0.11070
0.95,test_close,1.04732,-2.23214,2.02661,-1.36527,-1.57080,2.62751,1.04732,-2.23214,2.02661,-1.36527,-1.57080,2.62751,0.11070
0.96,test_close,1.04732,-2.23214,2.02661,-1.36527,-1.57080,2.62751,1.04732,-2.23214,2.02661,-1.36527,-1.57080,2.62751,0.11070
0.97,test_close,1.04732,-2.23214,2.02661,-1.36527,-1.57080,2.62751,1.04732,-2.23214,2.02661,-1.36527,-1.57080,2.62751,0.11070
0.98,test_close,1.04732,-2.23214,2.02661,-1.36527,-1.57080,2.62751,1.04732,-2.23214,2.02661,-1.36527,-1.57080,2.62751,0.11070
0.99,test_close,1.04732,-2.23214,2.02661,-1.36527,-1.57080,2.62751,1.04732,-2.23214,2.02661,-1.36527,-1.57080,2.62751,0.11070
1.00,test_close,1.04732,-2.23214,2.02661,-1.36527,-1.57080,2.62751,1.04732,-2.23214,2.02661,-1.36527,-1.57080,2.62751,0.11070
1.01,test_close,1.04732,-2.23214,2.02661,-1.36527,-1.57080,2.62751,1.04732,-2.23214,2.02661,-1.36527,-1.57080,2.62751,0.11070
1.02,test_close,1.04732,-2.23214,2.02661,-1.36527,-1.57080,2.62751,1.04732,-2.23214,2.02661,-1.36527,-1.57080,2.62751,0.11070
1.03,test_close,1.04732,-2.23214,2.02661,-1.36527,-1.57080,2.62751,1.04732,-2.23214,2.02661,-1.36527,-1.57080,2.62751,0.11070
1.04,test_close,1.04732,-2.23214,2.02661,-1.36527,-1.57080,2.62751,1.04732,-2.23214,2.02661,-1.36527,-1.57080,2.62751,0.11070
1.05,test_close,1.04732,-2.23214,2.02661,-1.36527,-1.57080,2.62751,1.04732,-2.23214,2.02661,-1.36527,-1.57080,2.62751,0.11070
1.06,test_close,1.04732,-2.23214,2.02661,-1.36527,-1.57080,2.62751,1.04732,-2.23214,2.02661,-1.36527,-1.57080,2.62751,0.11070
1.07,test_close,1.04732,-2.23214,2.02661,-1.36527,-1.57080,2.62751,1.04732,-2.23214,2.02661,-1.36527,-1.57080,2.62751,0.11070
1.08,test_close,1.04732,-2.23214,2.02661,-1.36527,-1.57080,2.62751,1.04732,-2.23214,2.02661,-1.36527,-1.57080,2.62751,0.11070
1.09,test_close,1.04732,-2.23214,2.02661,-1.36527,-1.57080,2.62751,1.04732,-2.23214,2.02661,-1.36527,-1.57080,2.62751,0.11070
1.10,test_close,1.04732,-2.23214,2.02661,-1.36527,-1.57080,2.62751,1.04732,-2.23214,2.02661,-1.36527,-1.57080,2.62751,0.11070
1.11,test_close,1.04732,-2.23214,2.02661,-1.36527,-1.57080,2.62751,1.04732,-2.23214,2.02661,-1.36527,-1.57080,2.62751,0.11070
1.12,test_close,1.04732,-2.23214,2.02661,-1.36527,-1.57080,2.62751,1.04732,-2.23214,2.02661,-1.36527,-1.57080,2.62751,0.11070
1.13,test_close,1.04732,-2.23214,2.02661,-1.36527,-1.57080,2.62751,1.04732,-2.23214,2.02661,-1.36527,-1.57080,2.62751,0.11070
1.14,test_close,1.04732,-2.23214,2.02661,-1.36527,-1.57080,2.62751,1.04732,-2.23214,2.02661,-1.36527,-1.57080,2.62751,0.11070
1.15,test_close,1.04732,-2.23214,2.02661,-1.36527,-1.57080,2.62751,1.04732,-2.23214,2.02661,-1.36527,-1.57080,2.62751,0.11070
1.16,test_close,1.04732,-2.23214,2.02661,-1.36527,-1.57080,2.62751,1.04732,-2.23214,2.02661,-1.36527,-1.57080,2.62751,0.11070
1.17,test_close,1.04732,-2.23214,2.02661,-1.36527,-1.57080,2.62751,1.04732,-2.23214,2.02661,-1.36527,-1.57080,2.62751,0.11070
1.18,test_close,1.04732,-2.23214,2.02661,-1.36527,-1.57080,2.62751,1.04732,-2.23214,2.02661,-1.36527,-1.57080,2.62751,0.11070
1.19,test_close,1.04732,-2.23214,2.02661,-1.36527,-1.57080,2.62751,1.04732,-2.23214,2.02661,-1.36527,-1.57080,2.62751,0.11070
1.20,test_close,1.04732,-2.23214,2.02661,-1.36527,-1.57080,2.62751,1.04732,-2.23214,2.02661,-1.36527,-1.57080,2.62751,0.11070
1.21,test_close,1.04732,-2.23214,2.02661,-1.36527,-1.57080,2.62751,1.04732,-2.23214,2.02661,-1.36527,-1.57080,2.62751,0.11070
1.22,test_close,1.04732,-2.23214,2.02661,-1.36527,-1.57080,2.62751,1.04732,-2.23214,2.02661,-1.36527,-1.57080,2.62751,0.11070
1.23,test_close,1.04732,-2.23214,2.02661,-1.36527,-1.57080,2.62751,1.04732,-2.23214,2.02661,-1.36527,-1.57080,2.62751,0.11070
1.24,test_close,1.04732,-2.23214,2.02661,-1.36527,-1.57080,2.62751,1.04732,-2.23214,2.02661,-1.36527,-1.57080,2.62751,0.11070
1.25,test_close,1.04732,-2.23214,2.02661,-1.36527,-1.57080,2.62751,1.04732,-2.23214,2.02661,-1.36527,-1.57080,2.62751,0.11070
1.26,test_close,1.04732,-2.23214,2.02661,-1.36527,-1.57080,2.62751,1.04732,-2.23214,2.02661,-1.36527,-1.57080,2.62751,0.11070
1.27,test_close,1.04732,-2.23214,2.02661,-1.36527,-1.57080,2.62751,1.04732,-2.23214,2.02661,-1.36527,-1.57080,2.62751,0.11070
1.28,test_close,1.04732,-2.23214,2.02661,-1.36527,-1.57080,2.62751,1.04732,-2.23214,2.02661,-1.36527,-1.57080,2.62751,0.11070
1.29,test_close,1.04732,-2.23214,2.02661,-1.36527,-1.57080,2.62751,1.04732,-2.23214,2.02661,-1.36527,-1.57080,2.62751,0.11070
1.30,test_close,1.04732,-2.23214,2.02661,-1.36527,-1.57080,2.62751,1.04732,-2.23214,2.02661,-1.36527,-1.57080,2.62751,0.11070
1.31,test_open,1.04732,-2.23214,2.02661,-1.36527,-1.57080,2.62751,1.04732,-2.23214,2.02661,-1.36527,-1.57080,2.62751,0.11070
1.32,test_open,1.04732,-2.23214,2.02661,-1.36527,-1.57080,2.62751,1.04732,-2.23214,2.02661,-1.36527,-1.57080,2.62751,0.11070
1.33,test_open,1.04732,-2.23214,2.02661,-1.36527,-1.57080,2.62751,1.04732,-2.23214,2.02661,-1.36527,-1.57080,2.62751,0.11070
1.34,test_open,1.04732,-2.23214,2.02661,-1.36527,-1.57080,2.62751,1.04732,-2.23214,2.02661,-1.36527,-1.57080,2.62751,0.11070
1.35,test_open,1.04732,-2.23214,2.02661,-1.36527,-1.57080,2.62751,1.04732,-2.23214,2.02661,-1.36527,-1.57080,2.62751,0.11070
1.36,test_open,1.04732,-2.23214,2.02661,-1.36527,-1.57080,2.62751,1.04732,-2.23214,2.02661,-1.36527,-1.57080,2.62751,0.11070
1.37,test_open,1.04732,-2.23214,2.02661,-1.36527,-1.57080,2.62751,1.04732,-2.23214,2.02661,-1.36527,-1.57080,2.62751,0.11070
1.38,test_open,1.04732,-2.23214,2.02661,-1.36527,-1.57080,2.62751,1.04732,-2.23214,2.02661,-1.36527,-1.57080,2.62751,0.11070
1.39,test_open,1.04732,-2.23214,2.02661,-1.36527,-1.57080,2.62751,1.04732,-2.23214,2.02661,-1.36527,-1.57080,2.62751,0.11070
1.40,test_open,1.04732,-2.23214,2.02661,-1.36527,-1.57080,2.62751,1.04732,-2.23214,2.02661,-1.36527,-1.57080,2.62751,0.11070
1.41,test_open,1.04732,-2.23214,2.02661,-1.36527,-1.57080,2.62751,1.04732,-2.23214,2.02661,-1.36527,-1.57080,2.62751,0.11070
1.42,test_open,1.04732,-2.23214,2.02661,-1.36527,-1.57080,2.62751,1.04732,-2.23214,2.02661,-1.36527,-1.57080,2.62751,0.11070
1.43,test_open,1.04732,-2.23214,2.02661,-1.36527,-1.57080,2.62751,1.04732,-2.23214,2.02661,-1.36527,-1.57080,2.62751,0.11070
1.44,test_open,1.04732,-2.23214,2.02661,-1.36527,-1.57080,2.62751,1.04732,-2.23214,2.02661,-1.36527,-1.57080,2.62751,0.11070
1.45,test_open,1.04732,-2.23214,2.02661,-1.36527,-1.57080,2.62751,1.04732,-2.23214,2.02661,-1.36527,-1.57080,2.62751,0.11070
1.46,test_open,1.04732,-2.23214,2.02661,-1.36527,-1.57080,2.62751,1.04732,-2.23214,2.02661,-1.36527,-1.57080,2.62751,0.11070
1.47,test_open,1.04732,-2.23214,2.02661,-1.36527,-1.57080,2.62751,1.04732,-2.23214,2.02661,-1.36527,-1.57080,2.62751,0.11070
1.48,test_open,1.04732,-2.23214,2.02661,-1.36527,-1.57080,2.62751,1.04732,-2.23214,2.02661,-1.36527,-1.57080,2.62751,0.11070
1.49,test_open,1.04732,-2.23214,2.02661,-1.36527,-1.57080,2.62751,1.04732,-2.23214,2.02661,-1.36527,-1.57080,2.62751,0.11070
1.50,test_open,1.04732,-2.23214,2.02661,-1.36527,-1.57080,2.62751,1.04732,-2.23214,2.02661,-1.36527,-1.57080,2.62751,0.11070
1.51,test_open,1.04732,-2.23214,2.02661,-1.36527,-1.57080,2.62751,1.04732,-2.23214,2.02661,-1.36527,-1.57080,2.62751,0.11070
1.52,test_open,1.04732,-2.23214,2.02661,-1.36527,-1.57080,2.62751,1.04732,-2.23214,2.02661,-1.36527,-1.57080,2.62751,0.11070
1.53,test_open,1.04732,-2.23214,2.02661,-1.36527,-1.57080,2.62751,1.04732,-2.23214,2.02661,-1.36527,-1.57080,2.62751,0.11070
1.54,test_open,1.04732,-2.23214,2.02661,-1.36527,-1.57080,2.62751,1.04732,-2.23214,2.02661,-1.36527,-1.57080,2.62751,0.11070
1.55,test_open,1.04732,-2.23214,2.02661,-1.36527,-1.57080,2.62751,1.04732,-2.23214,2.02661,-1.36527,-1.57080,2.62751,0.11070
1.56,test_open,1.04732,-2.23214,2.02661,-1.36527,-1.57080,2.62751,1.04732,-2.23214,2.02661,-1.36527,-1.57080,2.62751,0.11070
1.57,test_open,1.04732,-2.23214,2.02661,-1.36527,-1.57080,2.62751,1.04732,-2.23214,2.02661,-1.36527,-1.57080,2.62751,0.11070
1.58,test_open,1.04732,-2.23214,2.02661,-1.36527,-1.57080,2.62751,1.04732,-2.23214,2.02661,-1.36527,-1.57080,2.62751,0.11070
1.59,test_open,1.04732,-2.23214,2.02661,-1.36527,-1.57080,2.62751,1.04732,-2.23214,2.02661,-1.36527,-1.57080,2.62751,0.11070
1.60,test_open,1.04732,-2.23214,2.02661,-1.36527,-1.57080,2.62751,1.04732,-2.23214,2.02661,-1.36527,-1.57080,2.62751,0.11070
1.61,test_open,1.04732,-2.23214,2.02661,-1.36527,-1.57080,2.62751,1.04732,-2.23214,2.02661,-1.36527,-1.57080,2.62751,0.11070
1.62,test_open,1.04732,-2.23214,2.02661,-1.36527,-1.57080,2.62751,1.04732,-2.23214,2.02661,-1.36527,-1.57080,2.62751,0.11070
1.63,test_open,1.04732,-2.23214,2.02661,-1.36527,-1.57080,2.62751,1.04732,-2.23214,2.02661,-1.36527,-1.57080,2.62751,0.11070
1.64,test_open,1.04732,-2.23214,2.02661,-1.36527,-1.57080,2.62751,1.04732,-2.23214,2.02661,-1.36527,-1.57080,2.62751,0.11070
1.65,test_open,1.04732,-2.23214,2.02661,-1.36527,-1.57080,2.62751,1.04732,-2.23214,2.02661,-1.36527,-1.57080,2.62751,0.11070
1.66,test_open,1.04732,-2.23214,2.02661,-1.36527,-1.57080,2.62751,1.04732,-2.23214,2.02661,-1.36527,-1.57080,2.62751,0.11070
1.67,test_open,1.04732,-2.23214,2.02661,-1.36527,-1.57080,2.62751,1.04732,-2.23214,2.02661,-1.36527,-1.57080,2.62751,0.11070
1.68,test_open,1.04732,-2.23214,2.02661,-1.36527,-1.57080,2.62751,1.04732,-2.23214,2.02661,-1.36527,-1.57080,2.62751,0.11070
1.69,test_open,1.04732,-2.23214,2.02661,-1.36527,-1.57080,2.62751,1.04732,-2.23214,2.02661,-1.36527,-1.57080,2.62751,0.11070
1.70,test_open,1.04732,-2.23214,2.02661,-1.36527,-1.57080,2.62751,1.04732,-2.23214,2.02661,-1.36527,-1.57080,2.62751,0.11070
1.71,test_open,1.04732,-2.23214,2.02661,-1.36527,-1.57080,2.62751,1.04732,-2.23214,2.02661,-1.36527,-1.57080,2.62751,0.11070
1.72,test_open,1.04732,-2.23214,2.02661,-1.36527,-1.57080,2.62751,1.04732,-2.23214,2.02661,-1.36527,-1.57080,2.62751,0.11070
1.73,test_open,1.04732,-2.23214,2.02661,-1.36527,-1.57080,2.62751,1.04732,-2.23214,2.02661,-1.36527,-1.57080,2.62751,0.11070
1.74,test_open,1.04732,-2.23214,2.02661,-1.36527,-1.57080,2.62751,1.04732,-2.23214,2.02661,-1.36527,-1.57080,2.62751,0.11070
1.75,test_open,1.04732,-2.23214,2.02661,-1.36527,-1.57080,2.62751,1.04732,-2.23214,2.02661,-1.36527,-1.57080,2.62751,0.11070
1.76,test_open,1.04732,-2.23214,2.02661,-1.36527,-1.57080,2.62751,1.04732,-2.23214,2.02661,-1.36527,-1.57080,2.62751,0.11070
1.77,test_open,1.04732,-2.23214,2.02661,-1.36527,-1.57080,2.62751,1.04732,-2.23214,2.02661,-1.36527,-1.57080,2.62751,0.11070
1.78,test_open,1.04732,-2.23214,2.02661,-1.36527,-1.57080,2.62751,1.04732,-2.23214,2.02661,-1.36527,-1.57080,2.62751,0.11070
1.79,test_open,1.04732,-2.23214,2.02661,-1.36527,-1.57080,2.62751,1.04732,-2.23214,2.02661,-1.36527,-1.57080,2.62751,0.11070
1.80,test_open,1.04732,-2.23214,2.02661,-1.36527,-1.57080,2.62751,1.04732,-2.23214,2.02661,-1.36527,-1.57080,2.62751,0.11070
1.81,test_open,1.04732,-2.23214,2.02661,-1.36527,-1.57080,2.62751,1.04732,-2.23214,2.02661,-1.36527,-1.57080,2.62751,0.11070
1.82,test_open,1.04732,-2.23214,2.02661,-1.36527,-1.57080,2.62751,1.04732,-2.23214,2.02661,-1.36527,-1.57080,2.62751,0.11070
1.83,test_open,1.04732,-2.23214,2.02661,-1.36527,-1.57080,2.62751,1.04732,-2.23214,2.02661,-1.36527,-1.57080,2.62751,0.11070
1.84,test_open,1.04732,-2.23214,2.02661,-1.36527,-1.57080,2.62751,1.04732,-2.23214,2.02661,-1.36527,-1.57080,2.62751,0.11070
1.85,test_open,1.04732,-2.23214,2.02661,-1.36527,-1.57080,2.62751,1.04732,-2.23214,2.02661,-1.36527,-1.57080,2.62751,0.11070
1.86,test_open,1.04732,-2.23214,2.02661,-1.36527,-1.57080,2.62751,1.04732,-2.23214,2.02661,-1.36527,-1.57080,2.62751,0.11070
1.87,test_open,1.04732,-2.23214,2.02661,-1.36527,-1.57080,2.62751,1.04732,-2.23214,2.02661,-1.36527,-1.57080,2.62751,0.11070
1.88,test_open,1.04732,-2.23214,2.02661,-1.36527,-1.57080,2.62751,1.04732,-2.23214,2.02661,-1.36527,-1.57080,2.62751,0.11070
1.89,test_open,1.04732,-2.23214,2.02661,-1.36527,-1.57080,2.62751,1.04732,-2.23214,2.02661,-1.36527,-1.57080,2.62751,0.11070
1.90,test_open,1.04732,-2.23214,2.02661,-1.36527,-1.57080,2.62751,1.04732,-2.23214,2.02661,-1.36527,-1.57080,2.62751,0.11070
1.91,test_open,1.04732,-2.23214,2.02661,-1.36527,-1.57080,2.62751,1.04732,-2.23214,2.02661,-1.36527,-1.57080,2.62751,0.11070
1.92,test_open,1.04732,-2.23214,2.02661,-1.36527,-1.57080,2.62751,1.04732,-2.23214,2.02661,-1.36527,-1.57080,2.62751,0.11070
1.93,test_open,1.04732,-2.23214,2.02661,-1.36527,-1.57080,2.62751,1.04732,-2.23214,2.02661,-1.36527,-1.57080,2.62751,0.11070
1.94,test_open,1.04732,-2.23214,2.02661,-1.36527,-1.57080,2.62751,1.04732,-2.23214,2.02661,-1.36527,-1.57080,2.62751,0.11070
1.95,test_open,1.04732,-2.23214,2.02661,-1.36527,-1.57080,2.62751,1.04732,-2.23214,2.02661,-1.36527,-1.57080,2.62751,0.11070
1.96,test_open,1.04732,-2.23214,2.02661,-1.36527,-1.57080,2.62751,1.04732,-2.23214,2.02661,-1.36527,-1.57080,2.62751,0.11070
1.97,test_open,1.04732,-2.23214,2.02661,-1.36527,-1.57080,2.62751,1.04732,-2.23214,2.02661,-1.36527,-1.57080,2.62751,0.11070
1.98,test_open,1.04732,-2.23214,2.02661,-1.36527,-1.57080,2.62751,1.04732,-2.23214,2.02661,-1.36527,-1.57080,2.62751,0.11070
1.99,test_open,1.04732,-2.23214,2.02661,-1.36527,-1.57080,2.62751,1.04732,-2.23214,2.02661,-1.36527,-1.57080,2.62751,0.11070
2.00,test_open,1.04732,-2.23214,2.02661,-1.36527,-1.57080,2.62751,1.04732,-2.23214,2.02661,-1.36527,-1.57080,2.62751,0.11070
2.01,test_open,1.04732,-2.23214,2.02661,-1.36527,-1.57080,2.62751,1.04732,-2.23214,2.02661,-1.36527,-1.57080,2.62751,0.11070
2.02,test_open,1.04732,-2.23214,2.02661,-1.36527,-1.57080,2.62751,1.04732,-2.23214,2.02661,-1.36527,-1.57080,2.62751,0.11070
2.03,test_open,1.04732,-2.23214,2.02661,-1.36527,-1.57080,2.62751,1.04732,-2.23214,2.02661,-1.36527,-1.57080,2.62751,0.11070
2.04,test_open,1.04732,-2.23214,2.02661,-1.36527,-1.57080,2.62751,1.04732,-2.23214,2.02661,-1.36527,-1.57080,2.62751,0.11070
2.05,test_open,1.04732,-2.23214,2.02661,-1.36527,-1.57080,2.62751,1.04732,-2.23214,2.02661,-1.36527,-1.57080,2.62751,0.11070
2.06,test_open,1.04732,-2.23214,2.02661,-1.36527,-1.57080,2.62751,1.04732,-2.23214,2.02661,-1.36527,-1.57080,2.62751,0.11070
2.07,test_open,1.04732,-2.23214,2.02661,-1.36527,-1.57080,2.62751,1.04732,-2.23214,2.02661,-1.36527,-1.57080,2.62751,0.11070
2.08,test_open,1.04732,-2.23214,2.02661,-1.36527,-1.57080,2.62751,1.04732,-2.23214,2.02661,-1.36527,-1.57080,2.62751,0.11070
2.09,test_open,1.04732,-2.23214,2.02661,-1.36527,-1.57080,2.62751,1.04732,-2.23214,2.02661,-1.36527,-1.57080,2.62751,0.11070
2.10,test_open,1.04732,-2.23214,2.02661,-1.36527,-1.57080,2.62751,1.04732,-2.23214,2.02661,-1.36527,-1.57080,2.62751,0.11070
2.11,pregrasp,1.04034,-2.23214,2.02661,-1.36527,-1.57080,2.62751,1.04680,-2.23222,2.02663,-1.36526,-1.57078,2.62751,0.11070
2.12,pregrasp,1.03336,-2.23214,2.02661,-1.36527,-1.57080,2.62751,1.04554,-2.23237,2.02663,-1.36525,-1.57075,2.62751,0.11070
2.13,pregrasp,1.02638,-2.23214,2.02661,-1.36527,-1.57080,2.62751,1.04359,-2.23253,2.02663,-1.36525,-1.57074,2.62751,0.11070
2.14,pregrasp,1.01940,-2.23214,2.02661,-1.36527,-1.57080,2.62751,1.04104,-2.23267,2.02662,-1.36524,-1.57072,2.62751,0.11070
2.15,pregrasp,1.01242,-2.23214,2.02661,-1.36527,-1.57080,2.62751,1.03793,-2.23279,2.02660,-1.36524,-1.57072,2.62751,0.11070
2.16,pregrasp,1.00543,-2.23214,2.02661,-1.36527,-1.57080,2.62751,1.03435,-2.23289,2.02659,-1.36524,-1.57071,2.62751,0.11070
2.17,pregrasp,0.99845,-2.23214,2.02661,-1.36527,-1.57080,2.62751,1.03035,-2.23296,2.02657,-1.36524,-1.57070,2.62751,0.11070
2.18,pregrasp,0.99147,-2.23214,2.02661,-1.36527,-1.57080,2.62751,1.02599,-2.23300,2.02656,-1.36524,-1.57070,2.62751,0.11070
2.19,pregrasp,0.98449,-2.23214,2.02661,-1.36527,-1.57080,2.62751,1.02129,-2.23303,2.02656,-1.36524,-1.57070,2.62751,0.11070
2.20,pregrasp,0.97751,-2.23214,2.02661,-1.36527,-1.57080,2.62751,1.01632,-2.23305,2.02655,-1.36524,-1.57070,2.62751,0.11070
2.21,pregrasp,0.97052,-2.23214,2.02661,-1.36527,-1.57080,2.62751,1.01109,-2.23305,2.02655,-1.36524,-1.57070,2.62751,0.11070
2.22,pregrasp,0.96354,-2.23214,2.02661,-1.36527,-1.57080,2.62751,1.00565,-2.23304,2.02655,-1.36524,-1.57070,2.62751,0.11070
2.23,pregrasp,0.95656,-2.23214,2.02661,-1.36527,-1.57080,2.62751,1.00002,-2.23302,2.02655,-1.36524,-1.57070,2.62751,0.11070
2.24,pregrasp,0.94958,-2.23214,2.02661,-1.36527,-1.57080,2.62751,0.99421,-2.23300,2.02655,-1.36524,-1.57071,2.62751,0.11070
2.25,pregrasp,0.94260,-2.23214,2.02661,-1.36527,-1.57080,2.62751,0.98827,-2.23297,2.02655,-1.36524,-1.57071,2.62751,0.11070
2.26,pregrasp,0.93562,-2.23214,2.02661,-1.36527,-1.57080,2.62751,0.98219,-2.23294,2.02655,-1.36524,-1.57071,2.62751,0.11070
2.27,pregrasp,0.92863,-2.23214,2.02661,-1.36527,-1.57080,2.62751,0.97601,-2.23291,2.02656,-1.36525,-1.57072,2.62751,0.11070
2.28,pregrasp,0.92165,-2.23214,2.02661,-1.36527,-1.57080,2.62751,0.96972,-2.23288,2.02656,-1.36525,-1.57072,2.62751,0.11070
2.29,pregrasp,0.91467,-2.23214,2.02661,-1.36527,-1.57080,2.62751,0.96335,-2.23286,2.02656,-1.36525,-1.57072,2.62751,0.11070
2.30,pregrasp,0.90769,-2.23214,2.02661,-1.36527,-1.57080,2.62751,0.95690,-2.23283,2.02657,-1.36525,-1.57072,2.62751,0.11070
2.31,pregrasp,0.90071,-2.23214,2.02661,-1.36527,-1.57080,2.62751,0.95039,-2.23280,2.02657,-1.36525,-1.57073,2.62751,0.11070
2.32,pregrasp,0.89373,-2.23214,2.02661,-1.36527,-1.57080,2.62751,0.94381,-2.23277,2.02657,-1.36525,-1.57073,2.62751,0.11070
2.33,pregrasp,0.88674,-2.23214,2.02661,-1.36527,-1.57080,2.62751,0.93719,-2.23275,2.02658,-1.36525,-1.57073,2.62751,0.11070
2.34,pregrasp,0.87976,-2.23214,2.02661,-1.36527,-1.57080,2.62751,0.93053,-2.23272,2.02658,-1.36526,-1.57073,2.62751,0.11070
2.35,pregrasp,0.87278,-2.23214,2.02661,-1.36527,-1.57080,2.62751,0.92382,-2.23270,2.02658,-1.36526,-1.57074,2.62751,0.11070
2.36,pregrasp,0.86580,-2.23214,2.02661,-1.36527,-1.57080,2.62751,0.91708,-2.23268,2.02658,-1.36526,-1.57074,2.62751,0.11070
2.37,pregrasp,0.85882,-2.23214,2.02661,-1.36527,-1.57080,2.62751,0.91031,-2.23266,2.02658,-1.36526,-1.57074,2.62751,0.11070
2.38,pregrasp,0.85183,-2.23214,2.02661,-1.36527,-1.57080,2.62751,0.90351,-2.23265,2.02658,-1.36526,-1.57074,2.62751,0.11070
2.39,pregrasp,0.84485,-2.23214,2.02661,-1.36527,-1.57080,2.62751,0.89670,-2.23263,2.02659,-1.36526,-1.57074,2.62751,0.11070
2.40,pregrasp,0.83787,-2.23214,2.02661,-1.36527,-1.57080,2.62751,0.88986,-2.23262,2.02659,-1.36526,-1.57074,2.62751,0.11070
2.41,pregrasp,0.83089,-2.23214,2.02661,-1.36527,-1.57080,2.62751,0.88300,-2.23260,2.02659,-1.36526,-1.57075,2.62751,0.11070
2.42,pregrasp,0.82391,-2.23214,2.02661,-1.36527,-1.57080,2.62751,0.87613,-2.23259,2.02659,-1.36526,-1.57075,2.62751,0.11070
2.43,pregrasp,0.81693,-2.23214,2.02661,-1.36527,-1.57080,2.62751,0.86924,-2.23258,2.02659,-1.36526,-1.57075,2.62751,0.11070
2.44,pregrasp,0.80994,-2.23214,2.02661,-1.36527,-1.57080,2.62751,0.86235,-2.23257,2.02659,-1.36526,-1.57075,2.62751,0.11070
2.45,pregrasp,0.80296,-2.23214,2.02661,-1.36527,-1.57080,2.62751,0.85544,-2.23256,2.02659,-1.36526,-1.57075,2.62751,0.11070
2.46,pregrasp,0.79598,-2.23214,2.02661,-1.36527,-1.57080,2.62751,0.84852,-2.23255,2.02659,-1.36526,-1.57075,2.62751,0.11070
2.47,pregrasp,0.78900,-2.23214,2.02661,-1.36527,-1.57080,2.62751,0.84160,-2.23254,2.02659,-1.36526,-1.57075,2.62751,0.11070
2.48,pregrasp,0.78202,-2.23214,2.02661,-1.36527,-1.57080,2.62751,0.83466,-2.23254,2.02659,-1.36526,-1.57075,2.62751,0.11070
2.49,pregrasp,0.77504,-2.23214,2.02661,-1.36527,-1.57080,2.62751,0.82773,-2.23253,2.02659,-1.36526,-1.57075,2.62751,0.11070
2.50,pregrasp,0.76805,-2.23214,2.02661,-1.36527,-1.57080,2.62751,0.82078,-2.23252,2.02659,-1.36526,-1.57075,2.62751,0.11070
2.51,pregrasp,0.76107,-2.23214,2.02661,-1.36527,-1.57080,2.62751,0.81383,-2.23252,2.02659,-1.36527,-1.57075,2.62751,0.11070
2.52,pregrasp,0.75409,-2.23214,2.02661,-1.36527,-1.57080,2.62751,0.80688,-2.23251,2.02659,-1.36527,-1.57075,2.62751,0.11070
2.53,pregrasp,0.74711,-2.23214,2.02661,-1.36527,-1.57080,2.62751,0.79993,-2.23251,2.02660,-1.36527,-1.57075,2.62751,0.11070
2.54,pregrasp,0.74013,-2.23214,2.02661,-1.36527,-1.57080,2.62751,0.79297,-2.23251,2.02660,-1.36527,-1.57075,2.62751,0.11070
2.55,pregrasp,0.73314,-2.23214,2.02661,-1.36527,-1.57080,2.62751,0.78601,-2.23251,2.02660,-1.36527,-1.57075,2.62751,0.11070
2.56,pregrasp,0.72616,-2.23214,2.02661,-1.36527,-1.57080,2.62751,0.77904,-2.23250,2.02660,-1.36527,-1.57075,2.62751,0.11070
2.57,pregrasp,0.71918,-2.23214,2.02661,-1.36527,-1.57080,2.62751,0.77207,-2.23250,2.02660,-1.36527,-1.57075,2.62751,0.11070
2.58,pregrasp,0.71220,-2.23214,2.02661,-1.36527,-1.57080,2.62751,0.76511,-2.23250,2.02660,-1.36527,-1.57075,2.62751,0.11070
2.59,pregrasp,0.70522,-2.23214,2.02661,-1.36527,-1.57080,2.62751,0.75814,-2.23250,2.02660,-1.36527,-1.57076,2.62751,0.11070
2.60,pregrasp,0.69824,-2.23214,2.02661,-1.36527,-1.57080,2.62751,0.75116,-2.23250,2.02660,-1.36527,-1.57076,2.62751,0.11070
2.61,pregrasp,0.69125,-2.23214,2.02661,-1.36527,-1.57080,2.62751,0.74419,-2.23249,2.02660,-1.36527,-1.57076,2.62751,0.11070
2.62,pregrasp,0.68427,-2.23214,2.02661,-1.36527,-1.57080,2.62751,0.73722,-2.23249,2.02660,-1.36527,-1.57076,2.62751,0.11070
2.63,pregrasp,0.67729,-2.23214,2.02661,-1.36527,-1.57080,2.62751,0.73024,-2.23249,2.02660,-1.36527,-1.57076,2.62751,0.11070
2.64,pregrasp,0.67031,-2.23214,2.02661,-1.36527,-1.57080,2.62751,0.72327,-2.23249,2.02660,-1.36527,-1.57076,2.62751,0.11070
2.65,pregrasp,0.66333,-2.23214,2.02661,-1.36527,-1.57080,2.62751,0.71629,-2.23249,2.02660,-1.36527,-1.57076,2.62751,0.11070
2.66,pregrasp,0.65635,-2.23214,2.02661,-1.36527,-1.57080,2.62751,0.70931,-2.23249,2.02660,-1.36527,-1.57076,2.62751,0.11070
2.67,pregrasp,0.64936,-2.23214,2.02661,-1.36527,-1.57080,2.62751,0.70234,-2.23249,2.02660,-1.36527,-1.57076,2.62751,0.11070
2.68,pregrasp,0.64238,-2.23214,2.02661,-1.36527,-1.57080,2.62751,0.69536,-2.23249,2.02660,-1.36527,-1.57076,2.62751,0.11070
2.69,pregrasp,0.63540,-2.23214,2.02661,-1.36527,-1.57080,2.62751,0.68838,-2.23249,2.02660,-1.36527,-1.57076,2.62751,0.11070
2.70,pregrasp,0.62842,-2.23214,2.02661,-1.36527,-1.57080,2.62751,0.68140,-2.23249,2.02660,-1.36527,-1.57076,2.62751,0.11070
2.71,pregrasp,0.62144,-2.23214,2.02661,-1.36527,-1.57080,2.62751,0.67442,-2.23249,2.02660,-1.36527,-1.57076,2.62751,0.11070
2.72,pregrasp,0.61445,-2.23214,2.02661,-1.36527,-1.57080,2.62751,0.66744,-2.23249,2.02660,-1.36527,-1.57076,2.62751,0.11070
2.73,pregrasp,0.60747,-2.23214,2.02661,-1.36527,-1.57080,2.62751,0.66046,-2.23249,2.02660,-1.36527,-1.57076,2.62751,0.11070
2.74,pregrasp,0.60049,-2.23214,2.02661,-1.36527,-1.57080,2.62751,0.65348,-2.23249,2.02660,-1.36527,-1.57076,2.62751,0.11070
2.75,pregrasp,0.59351,-2.23214,2.02661,-1.36527,-1.57080,2.62751,0.64650,-2.23249,2.02660,-1.36527,-1.57076,2.62751,0.11070
2.76,pregrasp,0.58653,-2.23214,2.02661,-1.36527,-1.57080,2.62751,0.63952,-2.23249,2.02660,-1.36527,-1.57076,2.62751,0.11070
2.77,pregrasp,0.57955,-2.23214,2.02661,-1.36527,-1.57080,2.62751,0.63254,-2.23249,2.02660,-1.36527,-1.57076,2.62751,0.11070
2.78,pregrasp,0.57256,-2.23214,2.02661,-1.36527,-1.57080,2.62751,0.62556,-2.23249,2.02660,-1.36527,-1.57076,2.62751,0.11070
2.79,pregrasp,0.56558,-2.23214,2.02661,-1.36527,-1.57080,2.62751,0.61858,-2.23249,2.02660,-1.36527,-1.57076,2.62751,0.11070
2.80,pregrasp,0.55860,-2.23214,2.02661,-1.36527,-1.57080,2.62751,0.61160,-2.23248,2.02660,-1.36527,-1.57076,2.62751,0.11070
2.81,pregrasp,0.55162,-2.23214,2.02661,-1.36527,-1.57080,2.62751,0.60462,-2.23248,2.02660,-1.36527,-1.57076,2.62751,0.11070
2.82,pregrasp,0.54464,-2.23214,2.02661,-1.36527,-1.57080,2.62751,0.59764,-2.23248,2.02660,-1.36527,-1.57076,2.62751,0.11070
2.83,pregrasp,0.53765,-2.23214,2.02661,-1.36527,-1.57080,2.62751,0.59065,-2.23248,2.02660,-1.36527,-1.57076,2.62751,0.11070
2.84,pregrasp,0.53067,-2.23214,2.02661,-1.36527,-1.57080,2.62751,0.58367,-2.23248,2.02660,-1.36527,-1.57076,2.62751,0.11070
2.85,pregrasp,0.52369,-2.23214,2.02661,-1.36527,-1.57080,2.62751,0.57669,-2.23248,2.02660,-1.36527,-1.57076,2.62751,0.11070
2.86,pregrasp,0.51671,-2.23214,2.02661,-1.36527,-1.57080,2.62751,0.56971,-2.23248,2.02660,-1.36527,-1.57076,2.62751,0.11070
2.87,pregrasp,0.50973,-2.23214,2.02661,-1.36527,-1.57080,2.62751,0.56273,-2.23248,2.02660,-1.36527,-1.57076,2.62751,0.11070
2.88,pregrasp,0.50275,-2.23214,2.02661,-1.36527,-1.57080,2.62751,0.55575,-2.23248,2.02660,-1.36527,-1.57076,2.62751,0.11070
2.89,pregrasp,0.49576,-2.23214,2.02661,-1.36527,-1.57080,2.62751,0.54876,-2.23248,2.02660,-1.36527,-1.57076,2.62751,0.11070
2.90,pregrasp,0.48878,-2.23214,2.02661,-1.36527,-1.57080,2.62751,0.54178,-2.23248,2.02660,-1.36527,-1.57076,2.62751,0.11070
2.91,pregrasp,0.48180,-2.23214,2.02661,-1.36527,-1.57080,2.62751,0.53480,-2.23248,2.02660,-1.36527,-1.57076,2.62751,0.11070
2.92,pregrasp,0.47482,-2.23214,2.02661,-1.36527,-1.57080,2.62751,0.52782,-2.23248,2.02660,-1.36527,-1.57076,2.62751,0.11070
2.93,pregrasp,0.46784,-2.23214,2.02661,-1.36527,-1.57080,2.62751,0.52084,-2.23248,2.02660,-1.36527,-1.57076,2.62751,0.11070
2.94,pregrasp,0.46086,-2.23214,2.02661,-1.36527,-1.57080,2.62751,0.51386,-2.23248,2.02660,-1.36527,-1.57076,2.62751,0.11070
2.95,pregrasp,0.45387,-2.23214,2.02661,-1.36527,-1.57080,2.62751,0.50687,-2.23248,2.02660,-1.36527,-1.57076,2.62751,0.11070
2.96,pregrasp,0.44689,-2.23214,2.02661,-1.36527,-1.57080,2.62751,0.49989,-2.23248,2.02660,-1.36527,-1.57076,2.62751,0.11070
2.97,pregrasp,0.43991,-2.23214,2.02661,-1.36527,-1.57080,2.62751,0.49291,-2.23248,2.02660,-1.36527,-1.57076,2.62751,0.11070
2.98,pregrasp,0.43293,-2.23214,2.02661,-1.36527,-1.57080,2.62751,0.48593,-2.23248,2.02660,-1.36527,-1.57076,2.62751,0.11070
2.99,pregrasp,0.42595,-2.23214,2.02661,-1.36527,-1.57080,2.62751,0.47895,-2.23248,2.02660,-1.36527,-1.57076,2.62751,0.11070
3.00,pregrasp,0.41896,-2.23214,2.02661,-1.36527,-1.57080,2.62751,0.47197,-2.23248,2.02660,-1.36527,-1.57076,2.62751,0.11070
3.01,pregrasp,0.41198,-2.23214,2.02661,-1.36527,-1.57080,2.62751,0.46498,-2.23248,2.02660,-1.36527,-1.57076,2.62751,0.11070
3.02,pregrasp,0.40500,-2.23214,2.02661,-1.36527,-1.57080,2.62751,0.45800,-2.23248,2.02660,-1.36527,-1.57076,2.62751,0.11070
3.03,pregrasp,0.39802,-2.23214,2.02661,-1.36527,-1.57080,2.62751,0.45102,-2.23248,2.02660,-1.36527,-1.57076,2.62751,0.11070
3.04,pregrasp,0.39104,-2.23214,2.02661,-1.36527,-1.57080,2.62751,0.44404,-2.23248,2.02660,-1.36527,-1.57076,2.62751,0.11070
3.05,pregrasp,0.38406,-2.23214,2.02661,-1.36527,-1.57080,2.62751,0.43706,-2.23248,2.02660,-1.36527,-1.57076,2.62751,0.11070
3.06,pregrasp,0.37707,-2.23214,2.02661,-1.36527,-1.57080,2.62751,0.43008,-2.23248,2.02660,-1.36527,-1.57076,2.62751,0.11070
3.07,pregrasp,0.37009,-2.23214,2.02661,-1.36527,-1.57080,2.62751,0.42309,-2.23248,2.02660,-1.36527,-1.57076,2.62751,0.11070
3.08,pregrasp,0.36311,-2.23214,2.02661,-1.36527,-1.57080,2.62751,0.41611,-2.23248,2.02660,-1.36527,-1.57076,2.62751,0.11070
3.09,pregrasp,0.35613,-2.23214,2.02661,-1.36527,-1.57080,2.62751,0.40913,-2.23248,2.02660,-1.36527,-1.57076,2.62751,0.11070
3.10,pregrasp,0.34915,-2.23214,2.02661,-1.36527,-1.57080,2.62751,0.40215,-2.23248,2.02660,-1.36527,-1.57076,2.62751,0.11070
3.11,pregrasp,0.34217,-2.23214,2.02661,-1.36527,-1.57080,2.62751,0.39517,-2.23248,2.02660,-1.36527,-1.57076,2.62751,0.11070
3.12,pregrasp,0.33518,-2.23214,2.02661,-1.36527,-1.57080,2.62751,0.38819,-2.23248,2.02660,-1.36527,-1.57076,2.62751,0.11070
3.13,pregrasp,0.32820,-2.23214,2.02661,-1.36527,-1.57080,2.62751,0.38120,-2.23248,2.02660,-1.36527,-1.57076,2.62751,0.11070
3.14,pregrasp,0.32122,-2.23214,2.02661,-1.36527,-1.57080,2.62751,0.37422,-2.23248,2.02660,-1.36527,-1.57076,2.62751,0.11070
3.15,pregrasp,0.31424,-2.23214,2.02661,-1.36527,-1.57080,2.62751,0.36724,-2.23248,2.02660,-1.36527,-1.57076,2.62751,0.11070
3.16,pregrasp,0.30726,-2.23214,2.02661,-1.36527,-1.57080,2.62751,0.36026,-2.23248,2.02660,-1.36527,-1.57076,2.62751,0.11070
3.17,pregrasp,0.30027,-2.23214,2.02661,-1.36527,-1.57080,2.62751,0.35328,-2.23248,2.02660,-1.36527,-1.57076,2.62751,0.11070
3.18,pregrasp,0.29329,-2.23214,2.02661,-1.36527,-1.57080,2.62751,0.34630,-2.23248,2.02660,-1.36527,-1.57076,2.62751,0.11070
3.19,pregrasp,0.28631,-2.23214,2.02661,-1.36527,-1.57080,2.62751,0.33931,-2.23248,2.02660,-1.36527,-1.57076,2.62751,0.11070
3.20,pregrasp,0.27933,-2.23214,2.02661,-1.36527,-1.57080,2.62751,0.33233,-2.23248,2.02660,-1.36527,-1.57076,2.62751,0.11070
3.21,pregrasp,0.27235,-2.23214,2.02661,-1.36527,-1.57080,2.62751,0.32535,-2.23248,2.02660,-1.36527,-1.57076,2.62751,0.11070
3.22,pregrasp,0.26537,-2.23214,2.02661,-1.36527,-1.57080,2.62751,0.31837,-2.23248,2.02660,-1.36527,-1.57076,2.62751,0.11070
3.23,pregrasp,0.25838,-2.23214,2.02661,-1.36527,-1.57080,2.62751,0.31139,-2.23248,2.02660,-1.36527,-1.57076,2.62751,0.11070
3.24,pregrasp,0.25140,-2.23214,2.02661,-1.36527,-1.57080,2.62751,0.30441,-2.23248,2.02660,-1.36527,-1.57076,2.62751,0.11070
3.25,pregrasp,0.24442,-2.23214,2.02661,-1.36527,-1.57080,2.62751,0.29742,-2.23248,2.02660,-1.36527,-1.57076,2.62751,0.11070
3.26,pregrasp,0.23744,-2.23214,2.02661,-1.36527,-1.57080,2.62751,0.29044,-2.23248,2.02660,-1.36527,-1.57076,2.62751,0.11070
3.27,pregrasp,0.23046,-2.23214,2.02661,-1.36527,-1.57080,2.62751,0.28346,-2.23248,2.02660,-1.36527,-1.57076,2.62751,0.11070
3.28,pregrasp,0.22348,-2.23214,2.02661,-1.36527,-1.57080,2.62751,0.27648,-2.23248,2.02660,-1.36527,-1.57076,2.62751,0.11070
3.29,pregrasp,0.21649,-2.23214,2.02661,-1.36527,-1.57080,2.62751,0.26950,-2.23248,2.02660,-1.36527,-1.57076,2.62751,0.11070
3.30,pregrasp,0.20951,-2.23214,2.02661,-1.36527,-1.57080,2.62751,0.26251,-2.23248,2.02660,-1.36527,-1.57076,2.62751,0.11070
3.31,pregrasp,0.20253,-2.23214,2.02661,-1.36527,-1.57080,2.62751,0.25553,-2.23248,2.02660,-1.36527,-1.57076,2.62751,0.11070
3.32,pregrasp,0.19555,-2.23214,2.02661,-1.36527,-1.57080,2.62751,0.24855,-2.23248,2.02660,-1.36527,-1.57076,2.62751,0.11070
3.33,pregrasp,0.18857,-2.23214,2.02661,-1.36527,-1.57080,2.62751,0.24157,-2.23248,2.02660,-1.36527,-1.57076,2.62751,0.11070
3.34,pregrasp,0.18158,-2.23214,2.02661,-1.36527,-1.57080,2.62751,0.23459,-2.23248,2.02660,-1.36527,-1.57076,2.62751,0.11070
3.35,pregrasp,0.17460,-2.23214,2.02661,-1.36527,-1.57080,2.62751,0.22761,-2.23248,2.02660,-1.36527,-1.57076,2.62751,0.11070
3.36,pregrasp,0.16762,-2.23214,2.02661,-1.36527,-1.57080,2.62751,0.22062,-2.23248,2.02660,-1.36527,-1.57076,2.62751,0.11070
3.37,pregrasp,0.16064,-2.23214,2.02661,-1.36527,-1.57080,2.62751,0.21364,-2.23248,2.02660,-1.36527,-1.57076,2.62751,0.11070
3.38,pregrasp,0.15366,-2.23214,2.02661,-1.36527,-1.57080,2.62751,0.20666,-2.23248,2.02660,-1.36527,-1.57076,2.62751,0.11070
3.39,pregrasp,0.14668,-2.23214,2.02661,-1.36527,-1.57080,2.62751,0.19968,-2.23248,2.02660,-1.36527,-1.57076,2.62751,0.11070
3.40,pregrasp,0.13969,-2.23214,2.02661,-1.36527,-1.57080,2.62751,0.19270,-2.23248,2.02660,-1.36527,-1.57076,2.62751,0.11070
3.41,pregrasp,0.13271,-2.23214,2.02661,-1.36527,-1.57080,2.62751,0.18571,-2.23248,2.02660,-1.36527,-1.57076,2.62751,0.11070
3.42,pregrasp,0.12573,-2.23214,2.02661,-1.36527,-1.57080,2.62751,0.17873,-2.23248,2.02660,-1.36527,-1.57076,2.62751,0.11070
3.43,pregrasp,0.11875,-2.23214,2.02661,-1.36527,-1.57080,2.62751,0.17175,-2.23248,2.02660,-1.36527,-1.57076,2.62751,0.11070
3.44,pregrasp,0.11177,-2.23214,2.02661,-1.36527,-1.57080,2.62751,0.16477,-2.23248,2.02660,-1.36527,-1.57076,2.62751,0.11070
3.45,pregrasp,0.10479,-2.23214,2.02661,-1.36527,-1.57080,2.62751,0.15779,-2.23248,2.02660,-1.36527,-1.57076,2.62751,0.11070
3.46,pregrasp,0.09780,-2.23214,2.02661,-1.36527,-1.57080,2.62751,0.15081,-2.23248,2.02660,-1.36527,-1.57076,2.62751,0.11070
3.47,pregrasp,0.09082,-2.23214,2.02661,-1.36527,-1.57080,2.62751,0.14382,-2.23248,2.02660,-1.36527,-1.57076,2.62751,0.11070
3.48,pregrasp,0.08384,-2.23214,2.02661,-1.36527,-1.57080,2.62751,0.13684,-2.23248,2.02660,-1.36527,-1.57076,2.62751,0.11070
3.49,pregrasp,0.07686,-2.23214,2.02661,-1.36527,-1.57080,2.62751,0.12986,-2.23248,2.02660,-1.36527,-1.57076,2.62751,0.11070
3.50,pregrasp,0.06988,-2.23214,2.02661,-1.36527,-1.57080,2.62751,0.12288,-2.23248,2.02660,-1.36527,-1.57076,2.62751,0.11070
3.51,pregrasp,0.06289,-2.23214,2.02661,-1.36527,-1.57080,2.62751,0.11590,-2.23248,2.02660,-1.36527,-1.57076,2.62751,0.11070
3.52,pregrasp,0.05591,-2.23214,2.02661,-1.36527,-1.57080,2.62751,0.10892,-2.23248,2.02660,-1.36527,-1.57076,2.62751,0.11070
3.53,pregrasp,0.04893,-2.23214,2.02661,-1.36527,-1.57080,2.62751,0.10193,-2.23248,2.02660,-1.36527,-1.57076,2.62751,0.11070
3.54,pregrasp,0.04195,-2.23214,2.02661,-1.36527,-1.57080,2.62751,0.09495,-2.23248,2.02660,-1.36527,-1.57076,2.62751,0.11070
3.55,pregrasp,0.03497,-2.23214,2.02661,-1.36527,-1.57080,2.62751,0.08797,-2.23248,2.02660,-1.36527,-1.57076,2.62751,0.11070
3.56,pregrasp,0.02799,-2.23214,2.02661,-1.36527,-1.57080,2.62751,0.08099,-2.23248,2.02660,-1.36527,-1.57076,2.62751,0.11070
3.57,pregrasp,0.02100,-2.23214,2.02661,-1.36527,-1.57080,2.62751,0.07401,-2.23248,2.02660,-1.36527,-1.57076,2.62751,0.11070
3.58,pregrasp,0.01402,-2.23214,2.02661,-1.36527,-1.57080,2.62751,0.06702,-2.23248,2.02660,-1.36527,-1.57076,2.62751,0.11070
3.59,pregrasp,0.00704,-2.23214,2.02661,-1.36527,-1.57080,2.62751,0.06004,-2.23248,2.02660,-1.36527,-1.57076,2.62751,0.11070
3.60,pregrasp,0.00006,-2.23214,2.02661,-1.36527,-1.57080,2.62751,0.05306,-2.23248,2.02660,-1.36527,-1.57076,2.62751,0.11070
3.61,pregrasp,-0.00692,-2.23214,2.02661,-1.36527,-1.57080,2.62751,0.04608,-2.23248,2.02660,-1.36527,-1.57076,2.62751,0.11070
3.62,pregrasp,-0.01390,-2.23214,2.02661,-1.36527,-1.57080,2.62751,0.03910,-2.23248,2.02660,-1.36527,-1.57076,2.62751,0.11070
3.63,pregrasp,-0.02089,-2.23214,2.02661,-1.36527,-1.57080,2.62751,0.03212,-2.23248,2.02660,-1.36527,-1.57076,2.62751,0.11070
3.64,pregrasp,-0.02787,-2.23214,2.02661,-1.36527,-1.57080,2.62751,0.02513,-2.23248,2.02660,-1.36527,-1.57076,2.62751,0.11070
3.65,pregrasp,-0.03485,-2.23214,2.02661,-1.36527,-1.57080,2.62751,0.01815,-2.23248,2.02660,-1.36527,-1.57076,2.62751,0.11070
3.66,pregrasp,-0.04183,-2.23214,2.02661,-1.36527,-1.57080,2.62751,0.01117,-2.23248,2.02660,-1.36527,-1.57076,2.62751,0.11070
3.67,pregrasp,-0.04881,-2.23214,2.02661,-1.36527,-1.57080,2.62751,0.00419,-2.23248,2.02660,-1.36527,-1.57076,2.62751,0.11070
3.68,pregrasp,-0.05580,-2.23214,2.02661,-1.36527,-1.57080,2.62751,-0.00279,-2.23248,2.02660,-1.36527,-1.57076,2.62751,0.11070
3.69,pregrasp,-0.06278,-2.23214,2.02661,-1.36527,-1.57080,2.62751,-0.00977,-2.23248,2.02660,-1.36527,-1.57076,2.62751,0.11070
3.70,pregrasp,-0.06976,-2.23214,2.02661,-1.36527,-1.57080,2.62751,-0.01676,-2.23248,2.02660,-1.36527,-1.57076,2.62751,0.11070
3.71,pregrasp,-0.07674,-2.23214,2.02661,-1.36527,-1.57080,2.62751,-0.02374,-2.23248,2.02660,-1.36527,-1.57076,2.62751,0.11070
3.72,pregrasp,-0.08372,-2.23214,2.02661,-1.36527,-1.57080,2.62751,-0.03072,-2.23248,2.02660,-1.36527,-1.57076,2.62751,0.11070
3.73,pregrasp,-0.09070,-2.23214,2.02661,-1.36527,-1.57080,2.62751,-0.03770,-2.23248,2.02660,-1.36527,-1.57076,2.62751,0.11070
3.74,pregrasp,-0.09769,-2.23214,2.02661,-1.36527,-1.57080,2.62751,-0.04468,-2.23248,2.02660,-1.36527,-1.57076,2.62751,0.11070
3.75,pregrasp,-0.10467,-2.23214,2.02661,-1.36527,-1.57080,2.62751,-0.05167,-2.23248,2.02660,-1.36527,-1.57076,2.62751,0.11070
3.76,pregrasp,-0.11165,-2.23214,2.02661,-1.36527,-1.57080,2.62751,-0.05865,-2.23248,2.02660,-1.36527,-1.57076,2.62751,0.11070
3.77,pregrasp,-0.11863,-2.23214,2.02661,-1.36527,-1.57080,2.62751,-0.06563,-2.23248,2.02660,-1.36527,-1.57076,2.62751,0.11070
3.78,pregrasp,-0.12561,-2.23214,2.02661,-1.36527,-1.57080,2.62751,-0.07261,-2.23248,2.02660,-1.36527,-1.57076,2.62751,0.11070
3.79,pregrasp,-0.13259,-2.23214,2.02661,-1.36527,-1.57080,2.62751,-0.07959,-2.23248,2.02660,-1.36527,-1.57076,2.62751,0.11070
3.80,pregrasp,-0.13958,-2.23214,2.02661,-1.36527,-1.57080,2.62751,-0.08657,-2.23248,2.02660,-1.36527,-1.57076,2.62751,0.11070
3.81,pregrasp,-0.14656,-2.23214,2.02661,-1.36527,-1.57080,2.62751,-0.09356,-2.23248,2.02660,-1.36527,-1.57076,2.62751,0.11070
3.82,pregrasp,-0.15354,-2.23214,2.02661,-1.36527,-1.57080,2.62751,-0.10054,-2.23248,2.02660,-1.36527,-1.57076,2.62751,0.11070
3.83,pregrasp,-0.16052,-2.23214,2.02661,-1.36527,-1.57080,2.62751,-0.10752,-2.23248,2.02660,-1.36527,-1.57076,2.62751,0.11070
3.84,pregrasp,-0.16750,-2.23214,2.02661,-1.36527,-1.57080,2.62751,-0.11450,-2.23248,2.02660,-1.36527,-1.57076,2.62751,0.11070
3.85,pregrasp,-0.17449,-2.23214,2.02661,-1.36527,-1.57080,2.62751,-0.12148,-2.23248,2.02660,-1.36527,-1.57076,2.62751,0.11070
3.86,pregrasp,-0.18147,-2.23214,2.02661,-1.36527,-1.57080,2.62751,-0.12846,-2.23248,2.02660,-1.36527,-1.57076,2.62751,0.11070
3.87,pregrasp,-0.18845,-2.23214,2.02661,-1.36527,-1.57080,2.62751,-0.13545,-2.23248,2.02660,-1.36527,-1.57076,2.62751,0.11070
3.88,pregrasp,-0.19543,-2.23214,2.02661,-1.36527,-1.57080,2.62751,-0.14243,-2.23248,2.02660,-1.36527,-1.57076,2.62751,0.11070
3.89,pregrasp,-0.20241,-2.23214,2.02661,-1.36527,-1.57080,2.62751,-0.14941,-2.23248,2.02660,-1.36527,-1.57076,2.62751,0.11070
3.90,pregrasp,-0.20939,-2.23214,2.02661,-1.36527,-1.57080,2.62751,-0.15639,-2.23248,2.02660,-1.36527,-1.57076,2.62751,0.11070
3.91,pregrasp,-0.21638,-2.23214,2.02661,-1.36527,-1.57080,2.62751,-0.16337,-2.23248,2.02660,-1.36527,-1.57076,2.62751,0.11070
3.92,pregrasp,-0.22336,-2.23214,2.02661,-1.36527,-1.57080,2.62751,-0.17036,-2.23248,2.02660,-1.36527,-1.57076,2.62751,0.11070
3.93,pregrasp,-0.23034,-2.23214,2.02661,-1.36527,-1.57080,2.62751,-0.17734,-2.23248,2.02660,-1.36527,-1.57076,2.62751,0.11070
3.94,pregrasp,-0.23732,-2.23214,2.02661,-1.36527,-1.57080,2.62751,-0.18432,-2.23248,2.02660,-1.36527,-1.57076,2.62751,0.11070
3.95,pregrasp,-0.24430,-2.23214,2.02661,-1.36527,-1.57080,2.62751,-0.19130,-2.23248,2.02660,-1.36527,-1.57076,2.62751,0.11070
3.96,pregrasp,-0.25128,-2.23214,2.02661,-1.36527,-1.57080,2.62751,-0.19828,-2.23248,2.02660,-1.36527,-1.57076,2.62751,0.11070
3.97,pregrasp,-0.25827,-2.23214,2.02661,-1.36527,-1.57080,2.62751,-0.20526,-2.23248,2.02660,-1.36527,-1.57076,2.62751,0.11070
3.98,pregrasp,-0.26525,-2.23214,2.02661,-1.36527,-1.57080,2.62751,-0.21225,-2.23248,2.02660,-1.36527,-1.57076,2.62751,0.11070
3.99,pregrasp,-0.27223,-2.23214,2.02661,-1.36527,-1.57080,2.62751,-0.21923,-2.23248,2.02660,-1.36527,-1.57076,2.62751,0.11070
4.00,pregrasp,-0.27921,-2.23214,2.02661,-1.36527,-1.57080,2.62751,-0.22621,-2.23248,2.02660,-1.36527,-1.57076,2.62751,0.11070
4.01,pregrasp,-0.28619,-2.23214,2.02661,-1.36527,-1.57080,2.62751,-0.23319,-2.23248,2.02660,-1.36527,-1.57076,2.62751,0.11070
4.02,pregrasp,-0.29318,-2.23214,2.02661,-1.36527,-1.57080,2.62751,-0.24017,-2.23248,2.02660,-1.36527,-1.57076,2.62751,0.11070
4.03,pregrasp,-0.30016,-2.23214,2.02661,-1.36527,-1.57080,2.62751,-0.24715,-2.23248,2.02660,-1.36527,-1.57076,2.62751,0.11070
4.04,pregrasp,-0.30714,-2.23214,2.02661,-1.36527,-1.57080,2.62751,-0.25414,-2.23248,2.02660,-1.36527,-1.57076,2.62751,0.11070
4.05,pregrasp,-0.31412,-2.23214,2.02661,-1.36527,-1.57080,2.62751,-0.26112,-2.23248,2.02660,-1.36527,-1.57076,2.62751,0.11070
4.06,pregrasp,-0.32110,-2.23214,2.02661,-1.36527,-1.57080,2.62751,-0.26810,-2.23248,2.02660,-1.36527,-1.57076,2.62751,0.11070
4.07,pregrasp,-0.32808,-2.23214,2.02661,-1.36527,-1.57080,2.62751,-0.27508,-2.23248,2.02660,-1.36527,-1.57076,2.62751,0.11070
4.08,pregrasp,-0.33507,-2.23214,2.02661,-1.36527,-1.57080,2.62751,-0.28206,-2.23248,2.02660,-1.36527,-1.57076,2.62751,0.11070
4.09,pregrasp,-0.34205,-2.23214,2.02661,-1.36527,-1.57080,2.62751,-0.28905,-2.23248,2.02660,-1.36527,-1.57076,2.62751,0.11070
4.10,pregrasp,-0.34903,-2.23214,2.02661,-1.36527,-1.57080,2.62751,-0.29603,-2.23248,2.02660,-1.36527,-1.57076,2.62751,0.11070
4.11,pregrasp,-0.35601,-2.23214,2.02661,-1.36527,-1.57080,2.62751,-0.30301,-2.23248,2.02660,-1.36527,-1.57076,2.62751,0.11070
4.12,pregrasp,-0.36299,-2.23214,2.02661,-1.36527,-1.57080,2.62751,-0.30999,-2.23248,2.02660,-1.36527,-1.57076,2.62751,0.11070
4.13,pregrasp,-0.36997,-2.23214,2.02661,-1.36527,-1.57080,2.62751,-0.31697,-2.23248,2.02660,-1.36527,-1.57076,2.62751,0.11070
4.14,pregrasp,-0.37696,-2.23214,2.02661,-1.36527,-1.57080,2.62751,-0.32395,-2.23248,2.02660,-1.36527,-1.57076,2.62751,0.11070
4.15,pregrasp,-0.38394,-2.23214,2.02661,-1.36527,-1.57080,2.62751,-0.33094,-2.23248,2.02660,-1.36527,-1.57076,2.62751,0.11070
4.16,pregrasp,-0.39092,-2.23214,2.02661,-1.36527,-1.57080,2.62751,-0.33792,-2.23248,2.02660,-1.36527,-1.57076,2.62751,0.11070
4.17,pregrasp,-0.39790,-2.23214,2.02661,-1.36527,-1.57080,2.62751,-0.34490,-2.23248,2.02660,-1.36527,-1.57076,2.62751,0.11070
4.18,pregrasp,-0.40488,-2.23214,2.02661,-1.36527,-1.57080,2.62751,-0.35188,-2.23248,2.02660,-1.36527,-1.57076,2.62751,0.11070
4.19,pregrasp,-0.41187,-2.23214,2.02661,-1.36527,-1.57080,2.62751,-0.35886,-2.23248,2.02660,-1.36527,-1.57076,2.62751,0.11070
4.20,pregrasp,-0.41885,-2.23214,2.02661,-1.36527,-1.57080,2.62751,-0.36584,-2.23248,2.02660,-1.36527,-1.57076,2.62751,0.11070
4.21,pregrasp,-0.42583,-2.23214,2.02661,-1.36527,-1.57080,2.62751,-0.37283,-2.23248,2.02660,-1.36527,-1.57076,2.62751,0.11070
4.22,pregrasp,-0.43281,-2.23214,2.02661,-1.36527,-1.57080,2.62751,-0.37981,-2.23248,2.02660,-1.36527,-1.57076,2.62751,0.11070
4.23,pregrasp,-0.43979,-2.23214,2.02661,-1.36527,-1.57080,2.62751,-0.38679,-2.23248,2.02660,-1.36527,-1.57076,2.62751,0.11070
4.24,pregrasp,-0.44677,-2.23214,2.02661,-1.36527,-1.57080,2.62751,-0.39377,-2.23248,2.02660,-1.36527,-1.57076,2.62751,0.11070
4.25,pregrasp,-0.45376,-2.23214,2.02661,-1.36527,-1.57080,2.62751,-0.40075,-2.23248,2.02660,-1.36527,-1.57076,2.62751,0.11070
4.26,pregrasp,-0.46074,-2.23214,2.02661,-1.36527,-1.57080,2.62751,-0.40774,-2.23248,2.02660,-1.36527,-1.57076,2.62751,0.11070
4.27,pregrasp,-0.46772,-2.23214,2.02661,-1.36527,-1.57080,2.62751,-0.41472,-2.23248,2.02660,-1.36527,-1.57076,2.62751,0.11070
4.28,pregrasp,-0.47470,-2.23214,2.02661,-1.36527,-1.57080,2.62751,-0.42170,-2.23248,2.02660,-1.36527,-1.57076,2.62751,0.11070
4.29,pregrasp,-0.48168,-2.23214,2.02661,-1.36527,-1.57080,2.62751,-0.42868,-2.23248,2.02660,-1.36527,-1.57076,2.62751,0.11070
4.30,pregrasp,-0.48867,-2.23214,2.02661,-1.36527,-1.57080,2.62751,-0.43566,-2.23248,2.02660,-1.36527,-1.57076,2.62751,0.11070
4.31,pregrasp,-0.49565,-2.23214,2.02661,-1.36527,-1.57080,2.62751,-0.44264,-2.23248,2.02660,-1.36527,-1.57076,2.62751,0.11070
4.32,pregrasp,-0.50263,-2.23214,2.02661,-1.36527,-1.57080,2.62751,-0.44963,-2.23248,2.02660,-1.36527,-1.57076,2.62751,0.11070
4.33,pregrasp,-0.50961,-2.23214,2.02661,-1.36527,-1.57080,2.62751,-0.45661,-2.23248,2.02660,-1.36527,-1.57076,2.62751,0.11070
4.34,pregrasp,-0.51659,-2.23214,2.02661,-1.36527,-1.57080,2.62751,-0.46359,-2.23248,2.02660,-1.36527,-1.57076,2.62751,0.11070
4.35,pregrasp,-0.52357,-2.23214,2.02661,-1.36527,-1.57080,2.62751,-0.47057,-2.23248,2.02660,-1.36527,-1.57076,2.62751,0.11070
4.36,pregrasp,-0.53056,-2.23214,2.02661,-1.36527,-1.57080,2.62751,-0.47755,-2.23248,2.02660,-1.36527,-1.57076,2.62751,0.11070
4.37,pregrasp,-0.53754,-2.23214,2.02661,-1.36527,-1.57080,2.62751,-0.48453,-2.23248,2.02660,-1.36527,-1.57076,2.62751,0.11070
4.38,pregrasp,-0.54452,-2.23214,2.02661,-1.36527,-1.57080,2.62751,-0.49152,-2.23248,2.02660,-1.36527,-1.57076,2.62751,0.11070
4.39,pregrasp,-0.55150,-2.23214,2.02661,-1.36527,-1.57080,2.62751,-0.49850,-2.23248,2.02660,-1.36527,-1.57076,2.62751,0.11070
4.40,pregrasp,-0.55848,-2.23214,2.02661,-1.36527,-1.57080,2.62751,-0.50548,-2.23248,2.02660,-1.36527,-1.57076,2.62751,0.11070
4.41,pregrasp,-0.56546,-2.23214,2.02661,-1.36527,-1.57080,2.62751,-0.51246,-2.23248,2.02660,-1.36527,-1.57076,2.62751,0.11070
4.42,pregrasp,-0.57245,-2.23214,2.02661,-1.36527,-1.57080,2.62751,-0.51944,-2.23248,2.02660,-1.36527,-1.57076,2.62751,0.11070
4.43,pregrasp,-0.57943,-2.23214,2.02661,-1.36527,-1.57080,2.62751,-0.52643,-2.23248,2.02660,-1.36527,-1.57076,2.62751,0.11070
4.44,pregrasp,-0.58641,-2.23214,2.02661,-1.36527,-1.57080,2.62751,-0.53341,-2.23248,2.02660,-1.36527,-1.57076,2.62751,0.11070
4.45,pregrasp,-0.59339,-2.23214,2.02661,-1.36527,-1.57080,2.62751,-0.54039,-2.23248,2.02660,-1.36527,-1.57076,2.62751,0.11070
4.46,pregrasp,-0.59339,-2.23214,2.02661,-1.36527,-1.57080,2.62751,-0.54685,-2.23239,2.02658,-1.36528,-1.57078,2.62751,0.11070
4.47,pregrasp,-0.59339,-2.23214,2.02661,-1.36527,-1.57080,2.62751,-0.55257,-2.23224,2.02658,-1.36528,-1.57080,2.62751,0.11070
4.48,pregrasp,-0.59339,-2.23214,2.02661,-1.36527,-1.57080,2.62751,-0.55761,-2.23209,2.02658,-1.36529,-1.57082,2.62751,0.11070
4.49,pregrasp,-0.59339,-2.23214,2.02661,-1.36527,-1.57080,2.62751,-0.56203,-2.23194,2.02659,-1.36530,-1.57083,2.62751,0.11070
4.50,pregrasp,-0.59339,-2.23214,2.02661,-1.36527,-1.57080,2.62751,-0.56591,-2.23182,2.02661,-1.36530,-1.57084,2.62751,0.11070
4.51,pregrasp,-0.59339,-2.23214,2.02661,-1.36527,-1.57080,2.62751,-0.56931,-2.23172,2.02663,-1.36530,-1.57085,2.62751,0.11070
4.52,pregrasp,-0.59339,-2.23214,2.02661,-1.36527,-1.57080,2.62751,-0.57229,-2.23165,2.02664,-1.36530,-1.57085,2.62751,0.11070
4.53,pregrasp,-0.59339,-2.23214,2.02661,-1.36527,-1.57080,2.62751,-0.57490,-2.23161,2.02665,-1.36530,-1.57086,2.62751,0.11070
4.54,pregrasp,-0.59339,-2.23214,2.02661,-1.36527,-1.57080,2.62751,-0.57719,-2.23158,2.02665,-1.36530,-1.57086,2.62751,0.11070
4.55,pregrasp,-0.59339,-2.23214,2.02661,-1.36527,-1.57080,2.62751,-0.57920,-2.23156,2.02666,-1.36530,-1.57086,2.62751,0.11070
4.56,pregrasp,-0.59339,-2.23214,2.02661,-1.36527,-1.57080,2.62751,-0.58096,-2.23156,2.02666,-1.36530,-1.57086,2.62751,0.11070
4.57,pregrasp,-0.59339,-2.23214,2.02661,-1.36527,-1.57080,2.62751,-0.58250,-2.23157,2.02666,-1.36530,-1.57086,2.62751,0.11070
4.58,pregrasp,-0.59339,-2.23214,2.02661,-1.36527,-1.57080,2.62751,-0.58384,-2.23159,2.02666,-1.36530,-1.57086,2.62751,0.11070
4.59,pregrasp,-0.59339,-2.23214,2.02661,-1.36527,-1.57080,2.62751,-0.58502,-2.23161,2.02666,-1.36530,-1.57085,2.62751,0.11070
4.60,pregrasp,-0.59339,-2.23214,2.02661,-1.36527,-1.57080,2.62751,-0.58606,-2.23163,2.02666,-1.36530,-1.57085,2.62751,0.11070
4.61,pregrasp,-0.59339,-2.23214,2.02661,-1.36527,-1.57080,2.62751,-0.58697,-2.23166,2.02666,-1.36530,-1.57084,2.62751,0.11070
4.62,pregrasp,-0.59339,-2.23214,2.02661,-1.36527,-1.57080,2.62751,-0.58776,-2.23169,2.02666,-1.36530,-1.57084,2.62751,0.11070
4.63,pregrasp,-0.59339,-2.23214,2.02661,-1.36527,-1.57080,2.62751,-0.58846,-2.23172,2.02665,-1.36529,-1.57084,2.62751,0.11070
4.64,pregrasp,-0.59339,-2.23214,2.02661,-1.36527,-1.57080,2.62751,-0.58907,-2.23175,2.02665,-1.36529,-1.57083,2.62751,0.11070
4.65,pregrasp,-0.59339,-2.23214,2.02661,-1.36527,-1.57080,2.62751,-0.58960,-2.23179,2.02665,-1.36529,-1.57083,2.62751,0.11070
4.66,pregrasp,-0.59339,-2.23214,2.02661,-1.36527,-1.57080,2.62751,-0.59007,-2.23182,2.02665,-1.36529,-1.57083,2.62751,0.11070
4.67,pregrasp,-0.59339,-2.23214,2.02661,-1.36527,-1.57080,2.62751,-0.59048,-2.23184,2.02665,-1.36529,-1.57082,2.62751,0.11070
4.68,pregrasp,-0.59339,-2.23214,2.02661,-1.36527,-1.57080,2.62751,-0.59084,-2.23186,2.02665,-1.36529,-1.57082,2.62751,0.11070
4.69,pregrasp,-0.59339,-2.23214,2.02661,-1.36527,-1.57080,2.62751,-0.59115,-2.23189,2.02664,-1.36529,-1.57082,2.62751,0.11070
4.70,pregrasp,-0.59339,-2.23214,2.02661,-1.36527,-1.57080,2.62751,-0.59143,-2.23191,2.02664,-1.36529,-1.57082,2.62751,0.11070
4.71,pregrasp,-0.59339,-2.23214,2.02661,-1.36527,-1.57080,2.62751,-0.59167,-2.23193,2.02664,-1.36529,-1.57082,2.62751,0.11070
4.72,pregrasp,-0.59339,-2.23214,2.02661,-1.36527,-1.57080,2.62751,-0.59188,-2.23195,2.02664,-1.36529,-1.57082,2.62751,0.11070
4.73,pregrasp,-0.59339,-2.23214,2.02661,-1.36527,-1.57080,2.62751,-0.59207,-2.23197,2.02664,-1.36529,-1.57082,2.62751,0.11070
4.74,pregrasp,-0.59339,-2.23214,2.02661,-1.36527,-1.57080,2.62751,-0.59223,-2.23198,2.02664,-1.36529,-1.57082,2.62751,0.11070
4.75,pregrasp,-0.59339,-2.23214,2.02661,-1.36527,-1.57080,2.62751,-0.59238,-2.23200,2.02664,-1.36529,-1.57082,2.62751,0.11070
4.76,pregrasp,-0.59339,-2.22554,2.02661,-1.36527,-1.57080,2.62751,-0.59241,-2.23173,2.02656,-1.36528,-1.57082,2.62751,0.11070
4.77,pregrasp,-0.59339,-2.21894,2.02661,-1.36527,-1.57080,2.62751,-0.59237,-2.23093,2.02641,-1.36528,-1.57081,2.62751,0.11070
4.78,pregrasp,-0.59339,-2.21234,2.02661,-1.36527,-1.57080,2.62751,-0.59230,-2.22952,2.02623,-1.36528,-1.57081,2.62751,0.11070
4.79,pregrasp,-0.59339,-2.20575,2.02661,-1.36527,-1.57080,2.62751,-0.59224,-2.22751,2.02606,-1.36529,-1.57080,2.62751,0.11070
4.80,pregrasp,-0.59339,-2.19915,2.02661,-1.36527,-1.57080,2.62751,-0.59219,-2.22492,2.02591,-1.36529,-1.57079,2.62751,0.11070
4.81,pregrasp,-0.59339,-2.19255,2.02661,-1.36527,-1.57080,2.62751,-0.59216,-2.22181,2.02579,-1.36530,-1.57079,2.62751,0.11070
4.82,pregrasp,-0.59339,-2.18596,2.02661,-1.36527,-1.57080,2.62751,-0.59214,-2.21824,2.02570,-1.36530,-1.57079,2.62751,0.11070
4.83,pregrasp,-0.59339,-2.17936,2.02661,-1.36527,-1.57080,2.62751,-0.59215,-2.21425,2.02564,-1.36530,-1.57078,2.62751,0.11070
4.84,pregrasp,-0.59339,-2.17276,2.02661,-1.36527,-1.57080,2.62751,-0.59216,-2.20990,2.02559,-1.36530,-1.57078,2.62751,0.11070
4.85,pregrasp,-0.59339,-2.16617,2.02661,-1.36527,-1.57080,2.62751,-0.59219,-2.20524,2.02557,-1.36531,-1.57078,2.62751,0.11070
4.86,pregrasp,-0.59339,-2.15957,2.02661,-1.36527,-1.57080,2.62751,-0.59222,-2.20031,2.02555,-1.36531,-1.57078,2.62751,0.11070
4.87,pregrasp,-0.59339,-2.15297,2.02661,-1.36527,-1.57080,2.62751,-0.59226,-2.19515,2.02555,-1.36531,-1.57078,2.62751,0.11070
4.88,pregrasp,-0.59339,-2.14637,2.02661,-1.36527,-1.57080,2.62751,-0.59230,-2.18978,2.02556,-1.36531,-1.57078,2.62751,0.11070
4.89,pregrasp,-0.59339,-2.13978,2.02661,-1.36527,-1.57080,2.62751,-0.59235,-2.18424,2.02557,-1.36531,-1.57078,2.62751,0.11070
4.90,pregrasp,-0.59339,-2.13978,2.02661,-1.36527,-1.57080,2.62751,-0.59249,-2.17884,2.02567,-1.36531,-1.57078,2.62751,0.11070
4.91,pregrasp,-0.59339,-2.13978,2.02661,-1.36527,-1.57080,2.62751,-0.59268,-2.17383,2.02585,-1.36531,-1.57078,2.62751,0.11070
4.92,pregrasp,-0.59339,-2.13978,2.02661,-1.36527,-1.57080,2.62751,-0.59289,-2.16933,2.02605,-1.36531,-1.57079,2.62751,0.11070
4.93,pregrasp,-0.59339,-2.13978,2.02661,-1.36527,-1.57080,2.62751,-0.59309,-2.16533,2.02625,-1.36530,-1.57079,2.62751,0.11070
4.94,pregrasp,-0.59339,-2.13978,2.02661,-1.36527,-1.57080,2.62751,-0.59325,-2.16183,2.02643,-1.36529,-1.57080,2.62751,0.11070
4.95,pregrasp,-0.59339,-2.13978,2.02661,-1.36527,-1.57080,2.62751,-0.59339,-2.15877,2.02658,-1.36529,-1.57080,2.62751,0.11070
4.96,pregrasp,-0.59339,-2.13978,2.02661,-1.36527,-1.57080,2.62751,-0.59350,-2.15612,2.02670,-1.36528,-1.57080,2.62751,0.11070
4.97,pregrasp,-0.59339,-2.13978,2.02661,-1.36527,-1.57080,2.62751,-0.59359,-2.15384,2.02680,-1.36528,-1.57081,2.62751,0.11070
4.98,pregrasp,-0.59339,-2.13978,2.02661,-1.36527,-1.57080,2.62751,-0.59365,-2.15186,2.02687,-1.36528,-1.57081,2.62751,0.11070
4.99,pregrasp,-0.59339,-2.13978,2.02661,-1.36527,-1.57080,2.62751,-0.59369,-2.15017,2.02692,-1.36527,-1.57081,2.62751,0.11070
5.00,pregrasp,-0.59339,-2.13978,2.02661,-1.36527,-1.57080,2.62751,-0.59372,-2.14871,2.02695,-1.36527,-1.57081,2.62751,0.11070
5.01,pregrasp,-0.59339,-2.13978,2.02661,-1.36527,-1.57080,2.62751,-0.59373,-2.14745,2.02697,-1.36527,-1.57081,2.62751,0.11070
5.02,pregrasp,-0.59339,-2.13978,2.02661,-1.36527,-1.57080,2.62751,-0.59374,-2.14637,2.02698,-1.36527,-1.57081,2.62751,0.11070
5.03,pregrasp,-0.59339,-2.13978,2.02661,-1.36527,-1.57080,2.62751,-0.59374,-2.14544,2.02698,-1.36527,-1.57081,2.62751,0.11070
5.04,pregrasp,-0.59339,-2.13978,2.02661,-1.36527,-1.57080,2.62751,-0.59373,-2.14465,2.02697,-1.36527,-1.57081,2.62751,0.11070
5.05,pregrasp,-0.59339,-2.13978,2.02661,-1.36527,-1.57080,2.62751,-0.59372,-2.14396,2.02696,-1.36527,-1.57081,2.62751,0.11070
5.06,pregrasp,-0.59339,-2.13978,2.02661,-1.36527,-1.57080,2.62751,-0.59371,-2.14337,2.02695,-1.36527,-1.57081,2.62751,0.11070
5.07,pregrasp,-0.59339,-2.13978,2.02661,-1.36527,-1.57080,2.62751,-0.59369,-2.14287,2.02693,-1.36527,-1.57081,2.62751,0.11070
5.08,pregrasp,-0.59339,-2.13978,2.02661,-1.36527,-1.57080,2.62751,-0.59367,-2.14244,2.02692,-1.36527,-1.57081,2.62751,0.11070
5.09,pregrasp,-0.59339,-2.13978,2.02661,-1.36527,-1.57080,2.62751,-0.59365,-2.14206,2.02689,-1.36527,-1.57081,2.62751,0.11070
5.10,pregrasp,-0.59339,-2.13978,2.02661,-1.36527,-1.57080,2.62751,-0.59364,-2.14174,2.02687,-1.36527,-1.57081,2.62751,0.11070
5.11,pregrasp,-0.59339,-2.13978,2.02661,-1.36527,-1.57080,2.62751,-0.59362,-2.14147,2.02685,-1.36527,-1.57081,2.62751,0.11070
5.12,pregrasp,-0.59339,-2.13978,2.02661,-1.36527,-1.57080,2.62751,-0.59360,-2.14123,2.02684,-1.36527,-1.57081,2.62751,0.11070
5.13,pregrasp,-0.59339,-2.13978,2.02661,-1.36527,-1.57080,2.62751,-0.59359,-2.14103,2.02682,-1.36527,-1.57081,2.62751,0.11070
5.14,pregrasp,-0.59339,-2.13978,2.02661,-1.36527,-1.57080,2.62751,-0.59357,-2.14086,2.02680,-1.36527,-1.57081,2.62751,0.11070
5.15,pregrasp,-0.59339,-2.13978,2.02661,-1.36527,-1.57080,2.62751,-0.59355,-2.14070,2.02679,-1.36527,-1.57081,2.62751,0.11070
5.16,pregrasp,-0.59339,-2.13978,2.02661,-1.36527,-1.57080,2.62751,-0.59354,-2.14058,2.02677,-1.36527,-1.57081,2.62751,0.11070
5.17,pregrasp,-0.59339,-2.13978,2.02661,-1.36527,-1.57080,2.62751,-0.59353,-2.14046,2.02676,-1.36527,-1.57081,2.62751,0.11070
5.18,pregrasp,-0.59339,-2.13978,2.02661,-1.36527,-1.57080,2.62751,-0.59351,-2.14037,2.02674,-1.36527,-1.57081,2.62751,0.11070
5.19,pregrasp,-0.59339,-2.13978,2.02661,-1.36527,-1.57080,2.62751,-0.59350,-2.14029,2.02673,-1.36527,-1.57081,2.62751,0.11070
5.20,pregrasp,-0.59339,-2.13978,2.01962,-1.36527,-1.57080,2.62751,-0.59347,-2.14013,2.02629,-1.36522,-1.57081,2.62751,0.11070
5.21,pregrasp,-0.59339,-2.13978,2.01264,-1.36527,-1.57080,2.62751,-0.59344,-2.13991,2.02516,-1.36517,-1.57080,2.62751,0.11070
5.22,pregrasp,-0.59339,-2.13978,2.00565,-1.36527,-1.57080,2.62751,-0.59343,-2.13966,2.02334,-1.36512,-1.57080,2.62751,0.11070
5.23,pregrasp,-0.59339,-2.13978,1.99866,-1.36527,-1.57080,2.62751,-0.59343,-2.13944,2.02088,-1.36509,-1.57081,2.62751,0.11070
5.24,pregrasp,-0.59339,-2.13978,1.99167,-1.36527,-1.57080,2.62751,-0.59344,-2.13924,2.01786,-1.36506,-1.57081,2.62751,0.11070
5.25,pregrasp,-0.59339,-2.13978,1.98468,-1.36527,-1.57080,2.62751,-0.59344,-2.13908,2.01434,-1.36504,-1.57081,2.62751,0.11070
5.26,pregrasp,-0.59339,-2.13978,1.97770,-1.36527,-1.57080,2.62751,-0.59345,-2.13895,2.01037,-1.36503,-1.57081,2.62751,0.11070
5.27,pregrasp,-0.59339,-2.13978,1.97071,-1.36527,-1.57080,2.62751,-0.59346,-2.13885,2.00602,-1.36503,-1.57081,2.62751,0.11070
5.28,pregrasp,-0.59339,-2.13978,1.96372,-1.36527,-1.57080,2.62751,-0.59346,-2.13878,2.00134,-1.36502,-1.57081,2.62751,0.11070
5.29,pregrasp,-0.59339,-2.13978,1.95673,-1.36527,-1.57080,2.62751,-0.59347,-2.13873,1.99636,-1.36502,-1.57081,2.62751,0.11070
5.30,pregrasp,-0.59339,-2.13978,1.94974,-1.36527,-1.57080,2.62751,-0.59347,-2.13870,1.99112,-1.36503,-1.57080,2.62751,0.11070
5.31,pregrasp,-0.59339,-2.13978,1.94276,-1.36527,-1.57080,2.62751,-0.59347,-2.13868,1.98565,-1.36503,-1.57080,2.62751,0.11070
5.32,pregrasp,-0.59339,-2.13978,1.93577,-1.36527,-1.57080,2.62751,-0.59348,-2.13867,1.98000,-1.36504,-1.57080,2.62751,0.11070
5.33,pregrasp,-0.59339,-2.13978,1.92878,-1.36527,-1.57080,2.62751,-0.59348,-2.13868,1.97417,-1.36505,-1.57080,2.62751,0.11070
5.34,pregrasp,-0.59339,-2.13978,1.92179,-1.36527,-1.57080,2.62751,-0.59348,-2.13868,1.96819,-1.36505,-1.57080,2.62751,0.11070
5.35,pregrasp,-0.59339,-2.13978,1.91480,-1.36527,-1.57080,2.62751,-0.59348,-2.13870,1.96209,-1.36506,-1.57080,2.62751,0.11070
5.36,pregrasp,-0.59339,-2.13978,1.90782,-1.36527,-1.57080,2.62751,-0.59348,-2.13871,1.95587,-1.36507,-1.57080,2.62751,0.11070
5.37,pregrasp,-0.59339,-2.13978,1.90083,-1.36527,-1.57080,2.62751,-0.59348,-2.13873,1.94955,-1.36508,-1.57080,2.62751,0.11070
5.38,pregrasp,-0.59339,-2.13978,1.89384,-1.36527,-1.57080,2.62751,-0.59348,-2.13875,1.94315,-1.36509,-1.57080,2.62751,0.11070
5.39,pregrasp,-0.59339,-2.13978,1.88685,-1.36527,-1.57080,2.62751,-0.59348,-2.13877,1.93667,-1.36510,-1.57080,2.62751,0.11070
5.40,pregrasp,-0.59339,-2.13978,1.87986,-1.36527,-1.57080,2.62751,-0.59348,-2.13878,1.93013,-1.36511,-1.57080,2.62751,0.11070
5.41,pregrasp,-0.59339,-2.13978,1.87288,-1.36527,-1.57080,2.62751,-0.59348,-2.13880,1.92353,-1.36511,-1.57080,2.62751,0.11070
5.42,pregrasp,-0.59339,-2.13978,1.86589,-1.36527,-1.57080,2.62751,-0.59348,-2.13882,1.91688,-1.36512,-1.57080,2.62751,0.11070
5.43,pregrasp,-0.59339,-2.13978,1.85890,-1.36527,-1.57080,2.62751,-0.59348,-2.13884,1.91019,-1.36513,-1.57080,2.62751,0.11070
5.44,pregrasp,-0.59339,-2.13978,1.85191,-1.36527,-1.57080,2.62751,-0.59349,-2.13885,1.90346,-1.36514,-1.57080,2.62751,0.11070
5.45,pregrasp,-0.59339,-2.13978,1.84492,-1.36527,-1.57080,2.62751,-0.59349,-2.13887,1.89669,-1.36514,-1.57080,2.62751,0.11070
5.46,pregrasp,-0.59339,-2.13978,1.83794,-1.36527,-1.57080,2.62751,-0.59349,-2.13888,1.88990,-1.36515,-1.57080,2.62751,0.11070
5.47,pregrasp,-0.59339,-2.13978,1.83095,-1.36527,-1.57080,2.62751,-0.59349,-2.13889,1.88309,-1.36515,-1.57080,2.62751,0.11070
5.48,pregrasp,-0.59339,-2.13978,1.82396,-1.36527,-1.57080,2.62751,-0.59349,-2.13890,1.87625,-1.36516,-1.57080,2.62751,0.11070
5.49,pregrasp,-0.59339,-2.13978,1.81697,-1.36527,-1.57080,2.62751,-0.59349,-2.13891,1.86939,-1.36516,-1.57080,2.62751,0.11070
5.50,pregrasp,-0.59339,-2.13978,1.80998,-1.36527,-1.57080,2.62751,-0.59349,-2.13892,1.86252,-1.36517,-1.57080,2.62751,0.11070
5.51,pregrasp,-0.59339,-2.13978,1.80300,-1.36527,-1.57080,2.62751,-0.59349,-2.13893,1.85563,-1.36517,-1.57080,2.62751,0.11070
5.52,pregrasp,-0.59339,-2.13978,1.79601,-1.36527,-1.57080,2.62751,-0.59349,-2.13893,1.84873,-1.36517,-1.57080,2.62751,0.11070
5.53,pregrasp,-0.59339,-2.13978,1.78902,-1.36527,-1.57080,2.62751,-0.59349,-2.13894,1.84181,-1.36518,-1.57080,2.62751,0.11070
5.54,pregrasp,-0.59339,-2.13978,1.78203,-1.36527,-1.57080,2.62751,-0.59350,-2.13894,1.83489,-1.36518,-1.57080,2.62751,0.11070
5.55,pregrasp,-0.59339,-2.13978,1.77504,-1.36527,-1.57080,2.62751,-0.59350,-2.13894,1.82796,-1.36518,-1.57080,2.62751,0.11070
5.56,pregrasp,-0.59339,-2.13978,1.76806,-1.36527,-1.57080,2.62751,-0.59350,-2.13895,1.82102,-1.36518,-1.57080,2.62751,0.11070
5.57,pregrasp,-0.59339,-2.13978,1.76107,-1.36527,-1.57080,2.62751,-0.59350,-2.13895,1.81408,-1.36519,-1.57080,2.62751,0.11070
5.58,pregrasp,-0.59339,-2.13978,1.75408,-1.36527,-1.57080,2.62751,-0.59350,-2.13895,1.80713,-1.36519,-1.57080,2.62751,0.11070
5.59,pregrasp,-0.59339,-2.13978,1.74709,-1.36527,-1.57080,2.62751,-0.59350,-2.13895,1.80018,-1.36519,-1.57080,2.62751,0.11070
5.60,pregrasp,-0.59339,-2.13978,1.74011,-1.36527,-1.57080,2.62751,-0.59350,-2.13895,1.79322,-1.36519,-1.57080,2.62751,0.11070
5.61,pregrasp,-0.59339,-2.13978,1.73312,-1.36527,-1.57080,2.62751,-0.59350,-2.13895,1.78626,-1.36519,-1.57080,2.62751,0.11070
5.62,pregrasp,-0.59339,-2.13978,1.72613,-1.36527,-1.57080,2.62751,-0.59351,-2.13895,1.77929,-1.36519,-1.57080,2.62751,0.11070
5.63,pregrasp,-0.59339,-2.13978,1.71914,-1.36527,-1.57080,2.62751,-0.59351,-2.13894,1.77232,-1.36520,-1.57080,2.62751,0.11070
5.64,pregrasp,-0.59339,-2.13978,1.71215,-1.36527,-1.57080,2.62751,-0.59351,-2.13894,1.76535,-1.36520,-1.57080,2.62751,0.11070
5.65,pregrasp,-0.59339,-2.13978,1.70517,-1.36527,-1.57080,2.62751,-0.59351,-2.13894,1.75838,-1.36520,-1.57080,2.62751,0.11070
5.66,pregrasp,-0.59339,-2.13978,1.69818,-1.36527,-1.57080,2.62751,-0.59351,-2.13893,1.75140,-1.36520,-1.57080,2.62751,0.11070
5.67,pregrasp,-0.59339,-2.13978,1.69119,-1.36527,-1.57080,2.62751,-0.59351,-2.13893,1.74443,-1.36520,-1.57080,2.62751,0.11070
5.68,pregrasp,-0.59339,-2.13978,1.68420,-1.36527,-1.57080,2.62751,-0.59351,-2.13893,1.73745,-1.36520,-1.57080,2.62751,0.11070
5.69,pregrasp,-0.59339,-2.13978,1.67721,-1.36527,-1.57080,2.62751,-0.59352,-2.13892,1.73047,-1.36520,-1.57080,2.62751,0.11070
5.70,pregrasp,-0.59339,-2.13978,1.67023,-1.36527,-1.57080,2.62751,-0.59352,-2.13892,1.72349,-1.36520,-1.57080,2.62751,0.11070
5.71,pregrasp,-0.59339,-2.13978,1.66324,-1.36527,-1.57080,2.62751,-0.59352,-2.13892,1.71651,-1.36520,-1.57080,2.62751,0.11070
5.72,pregrasp,-0.59339,-2.13978,1.65625,-1.36527,-1.57080,2.62751,-0.59352,-2.13891,1.70953,-1.36520,-1.57080,2.62751,0.11070
5.73,pregrasp,-0.59339,-2.13978,1.64926,-1.36527,-1.57080,2.62751,-0.59352,-2.13891,1.70254,-1.36520,-1.57080,2.62751,0.11070
5.74,pregrasp,-0.59339,-2.13978,1.64227,-1.36527,-1.57080,2.62751,-0.59352,-2.13890,1.69556,-1.36520,-1.57080,2.62751,0.11070
5.75,pregrasp,-0.59339,-2.13978,1.63529,-1.36527,-1.57080,2.62751,-0.59352,-2.13890,1.68858,-1.36520,-1.57080,2.62751,0.11070
5.76,pregrasp,-0.59339,-2.13978,1.62830,-1.36527,-1.57080,2.62751,-0.59352,-2.13889,1.68159,-1.36520,-1.57080,2.62751,0.11070
5.77,pregrasp,-0.59339,-2.13978,1.62131,-1.36527,-1.57080,2.62751,-0.59353,-2.13889,1.67461,-1.36520,-1.57080,2.62751,0.11070
5.78,pregrasp,-0.59339,-2.13978,1.61432,-1.36527,-1.57080,2.62751,-0.59353,-2.13888,1.66762,-1.36520,-1.57080,2.62751,0.11070
5.79,pregrasp,-0.59339,-2.13978,1.60733,-1.36527,-1.57080,2.62751,-0.59353,-2.13888,1.66064,-1.36520,-1.57080,2.62751,0.11070
5.80,pregrasp,-0.59339,-2.13978,1.60035,-1.36527,-1.57080,2.62751,-0.59353,-2.13887,1.65365,-1.36520,-1.57080,2.62751,0.11070
5.81,pregrasp,-0.59339,-2.13978,1.59336,-1.36527,-1.57080,2.62751,-0.59353,-2.13887,1.64666,-1.36521,-1.57080,2.62751,0.11070
5.82,pregrasp,-0.59339,-2.13978,1.58637,-1.36527,-1.57080,2.62751,-0.59353,-2.13886,1.63968,-1.36521,-1.57080,2.62751,0.11070
5.83,pregrasp,-0.59339,-2.13978,1.57938,-1.36527,-1.57080,2.62751,-0.59353,-2.13885,1.63269,-1.36521,-1.57080,2.62751,0.11070
5.84,pregrasp,-0.59339,-2.13978,1.57239,-1.36527,-1.57080,2.62751,-0.59354,-2.13885,1.62570,-1.36521,-1.57080,2.62751,0.11070
5.85,pregrasp,-0.59339,-2.13978,1.56541,-1.36527,-1.57080,2.62751,-0.59354,-2.13884,1.61872,-1.36521,-1.57080,2.62751,0.11070
5.86,pregrasp,-0.59339,-2.13978,1.55842,-1.36527,-1.57080,2.62751,-0.59354,-2.13884,1.61173,-1.36521,-1.57080,2.62751,0.11070
5.87,pregrasp,-0.59339,-2.13978,1.55143,-1.36527,-1.57080,2.62751,-0.59354,-2.13883,1.60474,-1.36521,-1.57080,2.62751,0.11070
5.88,pregrasp,-0.59339,-2.13978,1.54444,-1.36527,-1.57080,2.62751,-0.59354,-2.13882,1.59776,-1.36521,-1.57080,2.62751,0.11070
5.89,pregrasp,-0.59339,-2.13978,1.53745,-1.36527,-1.57080,2.62751,-0.59354,-2.13882,1.59077,-1.36521,-1.57080,2.62751,0.11070
5.90,pregrasp,-0.59339,-2.13978,1.53047,-1.36527,-1.57080,2.62751,-0.59354,-2.13881,1.58378,-1.36521,-1.57080,2.62751,0.11070
5.91,pregrasp,-0.59339,-2.13978,1.52348,-1.36527,-1.57080,2.62751,-0.59354,-2.13881,1.57679,-1.36521,-1.57080,2.62751,0.11070
5.92,pregrasp,-0.59339,-2.13978,1.51649,-1.36527,-1.57080,2.62751,-0.59355,-2.13880,1.56981,-1.36521,-1.57080,2.62751,0.11070
5.93,pregrasp,-0.59339,-2.13978,1.50950,-1.36527,-1.57080,2.62751,-0.59355,-2.13879,1.56282,-1.36521,-1.57080,2.62751,0.11070
5.94,pregrasp,-0.59339,-2.13978,1.50251,-1.36527,-1.57080,2.62751,-0.59355,-2.13879,1.55583,-1.36521,-1.57080,2.62751,0.11070
5.95,pregrasp,-0.59339,-2.13978,1.49553,-1.36527,-1.57080,2.62751,-0.59355,-2.13878,1.54884,-1.36521,-1.57080,2.62751,0.11070
5.96,pregrasp,-0.59339,-2.13978,1.48854,-1.36527,-1.57080,2.62751,-0.59355,-2.13878,1.54186,-1.36521,-1.57080,2.62751,0.11070
5.97,pregrasp,-0.59339,-2.13978,1.48155,-1.36527,-1.57080,2.62751,-0.59355,-2.13877,1.53487,-1.36521,-1.57080,2.62751,0.11070
5.98,pregrasp,-0.59339,-2.13978,1.47456,-1.36527,-1.57080,2.62751,-0.59355,-2.13876,1.52788,-1.36521,-1.57080,2.62751,0.11070
5.99,pregrasp,-0.59339,-2.13978,1.46757,-1.36527,-1.57080,2.62751,-0.59355,-2.13876,1.52089,-1.36521,-1.57080,2.62751,0.11070
6.00,pregrasp,-0.59339,-2.13978,1.46059,-1.36527,-1.57080,2.62751,-0.59355,-2.13875,1.51391,-1.36521,-1.57080,2.62751,0.11070
6.01,pregrasp,-0.59339,-2.13978,1.45360,-1.36527,-1.57080,2.62751,-0.59356,-2.13875,1.50692,-1.36521,-1.57080,2.62751,0.11070
6.02,pregrasp,-0.59339,-2.13978,1.44661,-1.36527,-1.57080,2.62751,-0.59356,-2.13874,1.49993,-1.36521,-1.57080,2.62751,0.11070
6.03,pregrasp,-0.59339,-2.13978,1.43962,-1.36527,-1.57080,2.62751,-0.59356,-2.13874,1.49294,-1.36521,-1.57080,2.62751,0.11070
6.04,pregrasp,-0.59339,-2.13978,1.43264,-1.36527,-1.57080,2.62751,-0.59356,-2.13873,1.48596,-1.36521,-1.57080,2.62751,0.11070
6.05,pregrasp,-0.59339,-2.13978,1.42565,-1.36527,-1.57080,2.62751,-0.59356,-2.13873,1.47897,-1.36521,-1.57080,2.62751,0.11070
6.06,pregrasp,-0.59339,-2.13978,1.41866,-1.36527,-1.57080,2.62751,-0.59356,-2.13872,1.47198,-1.36521,-1.57080,2.62751,0.11070
6.07,pregrasp,-0.59339,-2.13978,1.41167,-1.36527,-1.57080,2.62751,-0.59356,-2.13871,1.46499,-1.36521,-1.57080,2.62751,0.11070
6.08,pregrasp,-0.59339,-2.13978,1.40468,-1.36527,-1.57080,2.62751,-0.59356,-2.13871,1.45800,-1.36521,-1.57080,2.62751,0.11070
6.09,pregrasp,-0.59339,-2.13978,1.39770,-1.36527,-1.57080,2.62751,-0.59356,-2.13870,1.45102,-1.36521,-1.57080,2.62751,0.11070
6.10,pregrasp,-0.59339,-2.13978,1.39071,-1.36527,-1.57080,2.62751,-0.59357,-2.13870,1.44403,-1.36521,-1.57080,2.62751,0.11070
6.11,pregrasp,-0.59339,-2.13978,1.38372,-1.36527,-1.57080,2.62751,-0.59357,-2.13869,1.43704,-1.36521,-1.57080,2.62751,0.11070
6.12,pregrasp,-0.59339,-2.13978,1.37673,-1.36527,-1.57080,2.62751,-0.59357,-2.13869,1.43005,-1.36521,-1.57080,2.62751,0.11070
6.13,pregrasp,-0.59339,-2.13978,1.36974,-1.36527,-1.57080,2.62751,-0.59357,-2.13868,1.42306,-1.36521,-1.57080,2.62751,0.11070
6.14,pregrasp,-0.59339,-2.13978,1.36276,-1.36527,-1.57080,2.62751,-0.59357,-2.13868,1.41608,-1.36521,-1.57080,2.62751,0.11070
6.15,pregrasp,-0.59339,-2.13978,1.35577,-1.36527,-1.57080,2.62751,-0.59357,-2.13867,1.40909,-1.36521,-1.57080,2.62751,0.11070
6.16,pregrasp,-0.59339,-2.13978,1.34878,-1.36527,-1.57080,2.62751,-0.59357,-2.13867,1.40210,-1.36521,-1.57080,2.62751,0.11070
6.17,pregrasp,-0.59339,-2.13978,1.34179,-1.36527,-1.57080,2.62751,-0.59357,-2.13866,1.39511,-1.36521,-1.57080,2.62751,0.11070
6.18,pregrasp,-0.59339,-2.13978,1.33480,-1.36527,-1.57080,2.62751,-0.59357,-2.13866,1.38813,-1.36521,-1.57080,2.62751,0.11070
6.19,pregrasp,-0.59339,-2.13978,1.32782,-1.36527,-1.57080,2.62751,-0.59357,-2.13865,1.38114,-1.36521,-1.57080,2.62751,0.11070
6.20,pregrasp,-0.59339,-2.13978,1.32083,-1.36527,-1.57080,2.62751,-0.59358,-2.13864,1.37415,-1.36521,-1.57080,2.62751,0.11070
6.21,pregrasp,-0.59339,-2.13978,1.31384,-1.36527,-1.57080,2.62751,-0.59358,-2.13864,1.36716,-1.36521,-1.57080,2.62751,0.11070
6.22,pregrasp,-0.59339,-2.13978,1.30685,-1.36527,-1.57080,2.62751,-0.59358,-2.13863,1.36017,-1.36521,-1.57080,2.62751,0.11070
6.23,pregrasp,-0.59339,-2.13978,1.29986,-1.36527,-1.57080,2.62751,-0.59358,-2.13863,1.35319,-1.36521,-1.57080,2.62751,0.11070
6.24,pregrasp,-0.59339,-2.13978,1.29288,-1.36527,-1.57080,2.62751,-0.59358,-2.13862,1.34620,-1.36521,-1.57080,2.62751,0.11070
6.25,pregrasp,-0.59339,-2.13978,1.28589,-1.36527,-1.57080,2.62751,-0.59358,-2.13861,1.33921,-1.36521,-1.57080,2.62751,0.11070
6.26,pregrasp,-0.59339,-2.13978,1.27890,-1.36527,-1.57080,2.62751,-0.59358,-2.13861,1.33222,-1.36521,-1.57080,2.62751,0.11070
6.27,pregrasp,-0.59339,-2.13978,1.27191,-1.36527,-1.57080,2.62751,-0.59358,-2.13860,1.32524,-1.36521,-1.57080,2.62751,0.11070
6.28,pregrasp,-0.59339,-2.13978,1.26492,-1.36527,-1.57080,2.62751,-0.59358,-2.13860,1.31825,-1.36521,-1.57080,2.62751,0.11070
6.29,pregrasp,-0.59339,-2.13978,1.25794,-1.36527,-1.57080,2.62751,-0.59358,-2.13859,1.31126,-1.36521,-1.57080,2.62751,0.11070
6.30,pregrasp,-0.59339,-2.13978,1.25095,-1.36527,-1.57080,2.62751,-0.59359,-2.13859,1.30427,-1.36521,-1.57080,2.62751,0.11070
6.31,pregrasp,-0.59339,-2.13978,1.24396,-1.36527,-1.57080,2.62751,-0.59359,-2.13858,1.29728,-1.36521,-1.57080,2.62751,0.11070
6.32,pregrasp,-0.59339,-2.13978,1.23697,-1.36527,-1.57080,2.62751,-0.59359,-2.13857,1.29030,-1.36521,-1.57080,2.62751,0.11070
6.33,pregrasp,-0.59339,-2.13978,1.22998,-1.36527,-1.57080,2.62751,-0.59359,-2.13857,1.28331,-1.36521,-1.57080,2.62751,0.11070
6.34,pregrasp,-0.59339,-2.13978,1.22300,-1.36527,-1.57080,2.62751,-0.59359,-2.13856,1.27632,-1.36521,-1.57080,2.62751,0.11070
6.35,pregrasp,-0.59339,-2.13978,1.21601,-1.36527,-1.57080,2.62751,-0.59359,-2.13856,1.26933,-1.36521,-1.57080,2.62751,0.11070
6.36,pregrasp,-0.59339,-2.13978,1.20902,-1.36527,-1.57080,2.62751,-0.59359,-2.13855,1.26235,-1.36521,-1.57080,2.62751,0.11070
6.37,pregrasp,-0.59339,-2.13978,1.20203,-1.36527,-1.57080,2.62751,-0.59359,-2.13855,1.25536,-1.36521,-1.57080,2.62751,0.11070
6.38,pregrasp,-0.59339,-2.13978,1.19504,-1.36527,-1.57080,2.62751,-0.59359,-2.13854,1.24837,-1.36521,-1.57080,2.62751,0.11070
6.39,pregrasp,-0.59339,-2.13978,1.18806,-1.36527,-1.57080,2.62751,-0.59359,-2.13854,1.24138,-1.36521,-1.57080,2.62751,0.11070
6.40,pregrasp,-0.59339,-2.13978,1.18107,-1.36527,-1.57080,2.62751,-0.59359,-2.13853,1.23440,-1.36521,-1.57080,2.62751,0.11070
6.41,pregrasp,-0.59339,-2.13978,1.17408,-1.36527,-1.57080,2.62751,-0.59359,-2.13853,1.22741,-1.36521,-1.57080,2.62751,0.11070
6.42,pregrasp,-0.59339,-2.13978,1.16709,-1.36527,-1.57080,2.62751,-0.59359,-2.13852,1.22042,-1.36521,-1.57080,2.62751,0.11070
6.43,pregrasp,-0.59339,-2.13978,1.16011,-1.36527,-1.57080,2.62751,-0.59360,-2.13852,1.21343,-1.36521,-1.57080,2.62751,0.11070
6.44,pregrasp,-0.59339,-2.13978,1.15312,-1.36527,-1.57080,2.62751,-0.59360,-2.13851,1.20644,-1.36521,-1.57080,2.62751,0.11070
6.45,pregrasp,-0.59339,-2.13978,1.14613,-1.36527,-1.57080,2.62751,-0.59360,-2.13851,1.19946,-1.36521,-1.57080,2.62751,0.11070
6.46,pregrasp,-0.59339,-2.13978,1.13914,-1.36527,-1.57080,2.62751,-0.59360,-2.13850,1.19247,-1.36521,-1.57080,2.62751,0.11070
6.47,pregrasp,-0.59339,-2.13978,1.13215,-1.36527,-1.57080,2.62751,-0.59360,-2.13850,1.18548,-1.36521,-1.57080,2.62751,0.11070
6.48,pregrasp,-0.59339,-2.13978,1.12517,-1.36527,-1.57080,2.62751,-0.59360,-2.13849,1.17849,-1.36521,-1.57080,2.62751,0.11070
6.49,pregrasp,-0.59339,-2.13978,1.11818,-1.36527,-1.57080,2.62751,-0.59360,-2.13849,1.17151,-1.36521,-1.57080,2.62751,0.11070
6.50,pregrasp,-0.59339,-2.13978,1.11119,-1.36527,-1.57080,2.62751,-0.59360,-2.13848,1.16452,-1.36521,-1.57080,2.62751,0.11070
6.51,pregrasp,-0.59339,-2.13978,1.10420,-1.36527,-1.57080,2.62751,-0.59360,-2.13848,1.15753,-1.36521,-1.57080,2.62751,0.11070
6.52,pregrasp,-0.59339,-2.13978,1.09721,-1.36527,-1.57080,2.62751,-0.59360,-2.13847,1.15054,-1.36521,-1.57080,2.62751,0.11070
6.53,pregrasp,-0.59339,-2.13978,1.09023,-1.36527,-1.57080,2.62751,-0.59360,-2.13847,1.14355,-1.36521,-1.57080,2.62751,0.11070
6.54,pregrasp,-0.59339,-2.13978,1.08324,-1.36527,-1.57080,2.62751,-0.59360,-2.13846,1.13657,-1.36521,-1.57080,2.62751,0.11070
6.55,pregrasp,-0.59339,-2.13978,1.07625,-1.36527,-1.57080,2.62751,-0.59361,-2.13846,1.12958,-1.36521,-1.57080,2.62751,0.11070
6.56,pregrasp,-0.59339,-2.13978,1.06926,-1.36527,-1.57080,2.62751,-0.59361,-2.13845,1.12259,-1.36521,-1.57080,2.62751,0.11070
6.57,pregrasp,-0.59339,-2.13978,1.06227,-1.36527,-1.57080,2.62751,-0.59361,-2.13845,1.11560,-1.36521,-1.57080,2.62751,0.11070
6.58,pregrasp,-0.59339,-2.13978,1.05529,-1.36527,-1.57080,2.62751,-0.59361,-2.13844,1.10862,-1.36521,-1.57080,2.62751,0.11070
6.59,pregrasp,-0.59339,-2.13978,1.04830,-1.36527,-1.57080,2.62751,-0.59361,-2.13844,1.10163,-1.36521,-1.57080,2.62751,0.11070
6.60,pregrasp,-0.59339,-2.13978,1.04131,-1.36527,-1.57080,2.62751,-0.59361,-2.13843,1.09464,-1.36521,-1.57080,2.62751,0.11070
6.61,pregrasp,-0.59339,-2.13978,1.03432,-1.36527,-1.57080,2.62751,-0.59361,-2.13842,1.08765,-1.36521,-1.57080,2.62751,0.11070
6.62,pregrasp,-0.59339,-2.13978,1.02733,-1.36527,-1.57080,2.62751,-0.59361,-2.13842,1.08066,-1.36521,-1.57080,2.62751,0.11070
6.63,pregrasp,-0.59339,-2.13978,1.02035,-1.36527,-1.57080,2.62751,-0.59361,-2.13841,1.07368,-1.36521,-1.57080,2.62751,0.11070
6.64,pregrasp,-0.59339,-2.13978,1.01336,-1.36527,-1.57080,2.62751,-0.59361,-2.13841,1.06669,-1.36521,-1.57080,2.62751,0.11070
6.65,pregrasp,-0.59339,-2.13978,1.00637,-1.36527,-1.57080,2.62751,-0.59361,-2.13840,1.05970,-1.36521,-1.57080,2.62751,0.11070
6.66,pregrasp,-0.59339,-2.13978,0.99938,-1.36527,-1.57080,2.62751,-0.59361,-2.13840,1.05271,-1.36521,-1.57080,2.62751,0.11070
6.67,pregrasp,-0.59339,-2.13978,0.99239,-1.36527,-1.57080,2.62751,-0.59361,-2.13839,1.04573,-1.36521,-1.57080,2.62751,0.11070
6.68,pregrasp,-0.59339,-2.13978,0.98541,-1.36527,-1.57080,2.62751,-0.59361,-2.13839,1.03874,-1.36521,-1.57080,2.62751,0.11070
6.69,pregrasp,-0.59339,-2.13978,0.97842,-1.36527,-1.57080,2.62751,-0.59361,-2.13839,1.03175,-1.36521,-1.57080,2.62751,0.11070
6.70,pregrasp,-0.59339,-2.13978,0.97143,-1.36527,-1.57080,2.62751,-0.59361,-2.13838,1.02476,-1.36521,-1.57080,2.62751,0.11070
6.71,pregrasp,-0.59339,-2.13978,0.96444,-1.36527,-1.57080,2.62751,-0.59361,-2.13838,1.01778,-1.36521,-1.57080,2.62751,0.11070
6.72,pregrasp,-0.59339,-2.13978,0.95745,-1.36527,-1.57080,2.62751,-0.59361,-2.13837,1.01079,-1.36521,-1.57080,2.62751,0.11070
6.73,pregrasp,-0.59339,-2.13978,0.95047,-1.36527,-1.57080,2.62751,-0.59361,-2.13837,1.00380,-1.36521,-1.57080,2.62751,0.11070
6.74,pregrasp,-0.59339,-2.13978,0.94348,-1.36527,-1.57080,2.62751,-0.59361,-2.13837,0.99681,-1.36521,-1.57080,2.62751,0.11070
6.75,pregrasp,-0.59339,-2.13978,0.93649,-1.36527,-1.57080,2.62751,-0.59361,-2.13836,0.98982,-1.36521,-1.57080,2.62751,0.11070
6.76,pregrasp,-0.59339,-2.13978,0.92950,-1.36527,-1.57080,2.62751,-0.59361,-2.13836,0.98284,-1.36521,-1.57080,2.62751,0.11070
6.77,pregrasp,-0.59339,-2.13978,0.92251,-1.36527,-1.57080,2.62751,-0.59361,-2.13836,0.97585,-1.36521,-1.57080,2.62751,0.11070
6.78,pregrasp,-0.59339,-2.13978,0.91553,-1.36527,-1.57080,2.62751,-0.59361,-2.13835,0.96886,-1.36521,-1.57080,2.62751,0.11070
6.79,pregrasp,-0.59339,-2.13978,0.90854,-1.36527,-1.57080,2.62751,-0.59361,-2.13835,0.96187,-1.36521,-1.57080,2.62751,0.11070
6.80,pregrasp,-0.59339,-2.13978,0.90155,-1.36527,-1.57080,2.62751,-0.59361,-2.13834,0.95488,-1.36521,-1.57080,2.62751,0.11070
6.81,pregrasp,-0.59339,-2.13978,0.89456,-1.36527,-1.57080,2.62751,-0.59361,-2.13834,0.94790,-1.36521,-1.57080,2.62751,0.11070
6.82,pregrasp,-0.59339,-2.13978,0.88758,-1.36527,-1.57080,2.62751,-0.59362,-2.13834,0.94091,-1.36521,-1.57080,2.62751,0.11070
6.83,pregrasp,-0.59339,-2.13978,0.88059,-1.36527,-1.57080,2.62751,-0.59362,-2.13833,0.93392,-1.36521,-1.57080,2.62751,0.11070
6.84,pregrasp,-0.59339,-2.13978,0.87360,-1.36527,-1.57080,2.62751,-0.59362,-2.13833,0.92693,-1.36521,-1.57080,2.62751,0.11070
6.85,pregrasp,-0.59339,-2.13978,0.86661,-1.36527,-1.57080,2.62751,-0.59362,-2.13832,0.91995,-1.36521,-1.57080,2.62751,0.11070
6.86,pregrasp,-0.59339,-2.13978,0.85962,-1.36527,-1.57080,2.62751,-0.59362,-2.13832,0.91296,-1.36521,-1.57080,2.62751,0.11070
6.87,pregrasp,-0.59339,-2.13978,0.85264,-1.36527,-1.57080,2.62751,-0.59362,-2.13832,0.90597,-1.36521,-1.57080,2.62751,0.11070
6.88,pregrasp,-0.59339,-2.13978,0.84565,-1.36527,-1.57080,2.62751,-0.59362,-2.13831,0.89898,-1.36521,-1.57080,2.62751,0.11070
6.89,pregrasp,-0.59339,-2.13978,0.83866,-1.36527,-1.57080,2.62751,-0.59362,-2.13831,0.89200,-1.36521,-1.57080,2.62751,0.11070
6.90,pregrasp,-0.59339,-2.13978,0.83167,-1.36527,-1.57080,2.62751,-0.59362,-2.13830,0.88501,-1.36521,-1.57080,2.62751,0.11070
6.91,pregrasp,-0.59339,-2.13978,0.82468,-1.36527,-1.57080,2.62751,-0.59362,-2.13830,0.87802,-1.36521,-1.57080,2.62751,0.11070
6.92,pregrasp,-0.59339,-2.13978,0.81770,-1.36527,-1.57080,2.62751,-0.59362,-2.13829,0.87103,-1.36521,-1.57080,2.62751,0.11070
6.93,pregrasp,-0.59339,-2.13978,0.81071,-1.36527,-1.57080,2.62751,-0.59362,-2.13829,0.86405,-1.36521,-1.57080,2.62751,0.11070
6.94,pregrasp,-0.59339,-2.13978,0.80372,-1.36527,-1.57080,2.62751,-0.59362,-2.13829,0.85706,-1.36521,-1.57080,2.62751,0.11070
6.95,pregrasp,-0.59339,-2.13978,0.79673,-1.36527,-1.57080,2.62751,-0.59362,-2.13828,0.85007,-1.36521,-1.57080,2.62751,0.11070
6.96,pregrasp,-0.59339,-2.13978,0.78974,-1.36527,-1.57080,2.62751,-0.59362,-2.13828,0.84308,-1.36521,-1.57080,2.62751,0.11070
6.97,pregrasp,-0.59339,-2.13978,0.78276,-1.36527,-1.57080,2.62751,-0.59362,-2.13827,0.83609,-1.36521,-1.57080,2.62751,0.11070
6.98,pregrasp,-0.59339,-2.13978,0.77577,-1.36527,-1.57080,2.62751,-0.59362,-2.13827,0.82911,-1.36521,-1.57080,2.62751,0.11070
6.99,pregrasp,-0.59339,-2.13978,0.76878,-1.36527,-1.57080,2.62751,-0.59362,-2.13826,0.82212,-1.36521,-1.57080,2.62751,0.11070
7.00,pregrasp,-0.59339,-2.13978,0.76179,-1.36527,-1.57080,2.62751,-0.59362,-2.13826,0.81513,-1.36521,-1.57080,2.62751,0.11070
7.01,pregrasp,-0.59339,-2.13978,0.75480,-1.36527,-1.57080,2.62751,-0.59362,-2.13825,0.80814,-1.36521,-1.57080,2.62751,0.11070
7.02,pregrasp,-0.59339,-2.13978,0.74782,-1.36527,-1.57080,2.62751,-0.59362,-2.13825,0.80116,-1.36521,-1.57080,2.62751,0.11070
7.03,pregrasp,-0.59339,-2.13978,0.74083,-1.36527,-1.57080,2.62751,-0.59362,-2.13825,0.79417,-1.36521,-1.57080,2.62751,0.11070
7.04,pregrasp,-0.59339,-2.13978,0.73384,-1.36527,-1.57080,2.62751,-0.59362,-2.13824,0.78718,-1.36521,-1.57080,2.62751,0.11070
7.05,pregrasp,-0.59339,-2.13978,0.72685,-1.36527,-1.57080,2.62751,-0.59362,-2.13824,0.78019,-1.36521,-1.57080,2.62751,0.11070
7.06,pregrasp,-0.59339,-2.13978,0.71986,-1.36527,-1.57080,2.62751,-0.59362,-2.13824,0.77321,-1.36521,-1.57080,2.62751,0.11070
7.07,pregrasp,-0.59339,-2.13978,0.71288,-1.36527,-1.57080,2.62751,-0.59362,-2.13823,0.76622,-1.36521,-1.57080,2.62751,0.11070
7.08,pregrasp,-0.59339,-2.13978,0.70589,-1.36527,-1.57080,2.62751,-0.59362,-2.13823,0.75923,-1.36521,-1.57080,2.62751,0.11070
7.09,pregrasp,-0.59339,-2.13978,0.69890,-1.36527,-1.57080,2.62751,-0.59362,-2.13822,0.75224,-1.36521,-1.57080,2.62751,0.11070
7.10,pregrasp,-0.59339,-2.13978,0.69191,-1.36527,-1.57080,2.62751,-0.59362,-2.13822,0.74526,-1.36521,-1.57080,2.62751,0.11070
7.11,pregrasp,-0.59339,-2.13978,0.68492,-1.36527,-1.57080,2.62751,-0.59362,-2.13822,0.73827,-1.36521,-1.57080,2.62751,0.11070
7.12,pregrasp,-0.59339,-2.13978,0.67794,-1.36527,-1.57080,2.62751,-0.59362,-2.13821,0.73128,-1.36521,-1.57080,2.62751,0.11070
7.13,pregrasp,-0.59339,-2.13978,0.67095,-1.36527,-1.57080,2.62751,-0.59362,-2.13821,0.72429,-1.36521,-1.57080,2.62751,0.11070
7.14,pregrasp,-0.59339,-2.13978,0.66396,-1.36527,-1.57080,2.62751,-0.59362,-2.13821,0.71730,-1.36521,-1.57080,2.62751,0.11070
7.15,pregrasp,-0.59339,-2.13978,0.65697,-1.36527,-1.57080,2.62751,-0.59362,-2.13820,0.71032,-1.36521,-1.57080,2.62751,0.11070
7.16,pregrasp,-0.59339,-2.13978,0.64998,-1.36527,-1.57080,2.62751,-0.59362,-2.13820,0.70333,-1.36521,-1.57080,2.62751,0.11070
7.17,pregrasp,-0.59339,-2.13978,0.64300,-1.36527,-1.57080,2.62751,-0.59362,-2.13820,0.69634,-1.36521,-1.57080,2.62751,0.11070
7.18,pregrasp,-0.59339,-2.13978,0.63601,-1.36527,-1.57080,2.62751,-0.59362,-2.13819,0.68935,-1.36521,-1.57080,2.62751,0.11070
7.19,pregrasp,-0.59339,-2.13978,0.62902,-1.36527,-1.57080,2.62751,-0.59361,-2.13819,0.68237,-1.36521,-1.57080,2.62751,0.11070
7.20,pregrasp,-0.59339,-2.13978,0.62203,-1.36527,-1.57080,2.62751,-0.59361,-2.13819,0.67538,-1.36521,-1.57080,2.62751,0.11070
7.21,pregrasp,-0.59339,-2.13978,0.61505,-1.36527,-1.57080,2.62751,-0.59361,-2.13819,0.66839,-1.36521,-1.57080,2.62751,0.11070
7.22,pregrasp,-0.59339,-2.13978,0.60806,-1.36527,-1.57080,2.62751,-0.59361,-2.13818,0.66140,-1.36521,-1.57080,2.62751,0.11070
7.23,pregrasp,-0.59339,-2.13978,0.60107,-1.36527,-1.57080,2.62751,-0.59361,-2.13818,0.65442,-1.36521,-1.57080,2.62751,0.11070
7.24,pregrasp,-0.59339,-2.13978,0.59408,-1.36527,-1.57080,2.62751,-0.59361,-2.13818,0.64743,-1.36521,-1.57080,2.62751,0.11070
7.25,pregrasp,-0.59339,-2.13978,0.58709,-1.36527,-1.57080,2.62751,-0.59361,-2.13817,0.64044,-1.36521,-1.57080,2.62751,0.11070
7.26,pregrasp,-0.59339,-2.13978,0.58011,-1.36527,-1.57080,2.62751,-0.59361,-2.13817,0.63345,-1.36521,-1.57080,2.62751,0.11070
7.27,pregrasp,-0.59339,-2.13978,0.57312,-1.36527,-1.57080,2.62751,-0.59361,-2.13817,0.62646,-1.36521,-1.57080,2.62751,0.11070
7.28,pregrasp,-0.59339,-2.13978,0.56613,-1.36527,-1.57080,2.62751,-0.59361,-2.13817,0.61948,-1.36521,-1.57080,2.62751,0.11070
7.29,pregrasp,-0.59339,-2.13978,0.55914,-1.36527,-1.57080,2.62751,-0.59361,-2.13816,0.61249,-1.36521,-1.57080,2.62751,0.11070
7.30,pregrasp,-0.59339,-2.13978,0.55215,-1.36527,-1.57080,2.62751,-0.59361,-2.13816,0.60550,-1.36521,-1.57080,2.62751,0.11070
7.31,pregrasp,-0.59339,-2.13978,0.54517,-1.36527,-1.57080,2.62751,-0.59361,-2.13816,0.59851,-1.36521,-1.57080,2.62751,0.11070
7.32,pregrasp,-0.59339,-2.13978,0.53818,-1.36527,-1.57080,2.62751,-0.59361,-2.13815,0.59153,-1.36521,-1.57080,2.62751,0.11070
7.33,pregrasp,-0.59339,-2.13978,0.53119,-1.36527,-1.57080,2.62751,-0.59361,-2.13815,0.58454,-1.36521,-1.57080,2.62751,0.11070
7.34,pregrasp,-0.59339,-2.13978,0.52420,-1.36527,-1.57080,2.62751,-0.59361,-2.13815,0.57755,-1.36521,-1.57080,2.62751,0.11070
7.35,pregrasp,-0.59339,-2.13978,0.51721,-1.36527,-1.57080,2.62751,-0.59361,-2.13815,0.57056,-1.36521,-1.57080,2.62751,0.11070
7.36,pregrasp,-0.59339,-2.13978,0.51023,-1.36527,-1.57080,2.62751,-0.59361,-2.13814,0.56358,-1.36521,-1.57080,2.62751,0.11070
7.37,pregrasp,-0.59339,-2.13978,0.50324,-1.36527,-1.57080,2.62751,-0.59361,-2.13814,0.55659,-1.36521,-1.57080,2.62751,0.11070
7.38,pregrasp,-0.59339,-2.13978,0.49625,-1.36527,-1.57080,2.62751,-0.59361,-2.13814,0.54960,-1.36521,-1.57080,2.62751,0.11070
7.39,pregrasp,-0.59339,-2.13978,0.48926,-1.36527,-1.57080,2.62751,-0.59361,-2.13813,0.54261,-1.36521,-1.57080,2.62751,0.11070
7.40,pregrasp,-0.59339,-2.13978,0.48227,-1.36527,-1.57080,2.62751,-0.59361,-2.13813,0.53563,-1.36521,-1.57080,2.62751,0.11070
7.41,pregrasp,-0.59339,-2.13978,0.47529,-1.36527,-1.57080,2.62751,-0.59361,-2.13813,0.52864,-1.36521,-1.57080,2.62751,0.11070
7.42,pregrasp,-0.59339,-2.13978,0.46830,-1.36527,-1.57080,2.62751,-0.59361,-2.13812,0.52165,-1.36521,-1.57080,2.62751,0.11070
7.43,pregrasp,-0.59339,-2.13978,0.46131,-1.36527,-1.57080,2.62751,-0.59361,-2.13812,0.51466,-1.36521,-1.57080,2.62751,0.11070
7.44,pregrasp,-0.59339,-2.13978,0.45432,-1.36527,-1.57080,2.62751,-0.59361,-2.13812,0.50767,-1.36521,-1.57080,2.62751,0.11070
7.45,pregrasp,-0.59339,-2.13978,0.44733,-1.36527,-1.57080,2.62751,-0.59361,-2.13812,0.50069,-1.36521,-1.57080,2.62751,0.11070
7.46,pregrasp,-0.59339,-2.13978,0.44035,-1.36527,-1.57080,2.62751,-0.59361,-2.13812,0.49370,-1.36521,-1.57080,2.62751,0.11070
7.47,pregrasp,-0.59339,-2.13978,0.43336,-1.36527,-1.57080,2.62751,-0.59360,-2.13811,0.48671,-1.36521,-1.57080,2.62751,0.11070
7.48,pregrasp,-0.59339,-2.13978,0.42637,-1.36527,-1.57080,2.62751,-0.59360,-2.13811,0.47972,-1.36521,-1.57080,2.62751,0.11070
7.49,pregrasp,-0.59339,-2.13978,0.41938,-1.36527,-1.57080,2.62751,-0.59360,-2.13811,0.47274,-1.36521,-1.57080,2.62751,0.11070
7.50,pregrasp,-0.59339,-2.13978,0.41239,-1.36527,-1.57080,2.62751,-0.59360,-2.13811,0.46575,-1.36521,-1.57080,2.62751,0.11070
7.51,pregrasp,-0.59339,-2.13978,0.40541,-1.36527,-1.57080,2.62751,-0.59360,-2.13811,0.45876,-1.36521,-1.57080,2.62751,0.11070
7.52,pregrasp,-0.59339,-2.13978,0.39842,-1.36527,-1.57080,2.62751,-0.59360,-2.13811,0.45177,-1.36521,-1.57080,2.62751,0.11070
7.53,pregrasp,-0.59339,-2.13978,0.39143,-1.36527,-1.57080,2.62751,-0.59360,-2.13810,0.44479,-1.36521,-1.57080,2.62751,0.11070
7.54,pregrasp,-0.59339,-2.13978,0.38444,-1.36527,-1.57080,2.62751,-0.59360,-2.13810,0.43780,-1.36521,-1.57080,2.62751,0.11070
7.55,pregrasp,-0.59339,-2.13978,0.37745,-1.36527,-1.57080,2.62751,-0.59360,-2.13810,0.43081,-1.36521,-1.57080,2.62751,0.11070
7.56,pregrasp,-0.59339,-2.13978,0.37047,-1.36527,-1.57080,2.62751,-0.59360,-2.13810,0.42382,-1.36521,-1.57080,2.62751,0.11070
7.57,pregrasp,-0.59339,-2.13978,0.36348,-1.36527,-1.57080,2.62751,-0.59360,-2.13810,0.41683,-1.36521,-1.57080,2.62751,0.11070
7.58,pregrasp,-0.59339,-2.13978,0.35649,-1.36527,-1.57080,2.62751,-0.59360,-2.13809,0.40985,-1.36521,-1.57080,2.62751,0.11070
7.59,pregrasp,-0.59339,-2.13978,0.34950,-1.36527,-1.57080,2.62751,-0.59360,-2.13809,0.40286,-1.36521,-1.57080,2.62751,0.11070
7.60,pregrasp,-0.59339,-2.13978,0.34251,-1.36527,-1.57080,2.62751,-0.59360,-2.13809,0.39587,-1.36521,-1.57080,2.62751,0.11070
7.61,pregrasp,-0.59339,-2.13978,0.33553,-1.36527,-1.57080,2.62751,-0.59360,-2.13809,0.38888,-1.36521,-1.57080,2.62751,0.11070
7.62,pregrasp,-0.59339,-2.13978,0.32854,-1.36527,-1.57080,2.62751,-0.59360,-2.13809,0.38190,-1.36521,-1.57080,2.62751,0.11070
7.63,pregrasp,-0.59339,-2.13978,0.32155,-1.36527,-1.57080,2.62751,-0.59359,-2.13808,0.37491,-1.36521,-1.57080,2.62751,0.11070
7.64,pregrasp,-0.59339,-2.13978,0.31456,-1.36527,-1.57080,2.62751,-0.59359,-2.13808,0.36792,-1.36521,-1.57080,2.62751,0.11070
7.65,pregrasp,-0.59339,-2.13978,0.30758,-1.36527,-1.57080,2.62751,-0.59359,-2.13808,0.36093,-1.36521,-1.57080,2.62751,0.11070
7.66,pregrasp,-0.59339,-2.13978,0.30059,-1.36527,-1.57080,2.62751,-0.59359,-2.13808,0.35395,-1.36521,-1.57080,2.62751,0.11070
7.67,pregrasp,-0.59339,-2.13978,0.29360,-1.36527,-1.57080,2.62751,-0.59359,-2.13808,0.34696,-1.36521,-1.57080,2.62751,0.11070
7.68,pregrasp,-0.59339,-2.13978,0.28661,-1.36527,-1.57080,2.62751,-0.59359,-2.13808,0.33997,-1.36521,-1.57080,2.62751,0.11070
7.69,pregrasp,-0.59339,-2.13978,0.27962,-1.36527,-1.57080,2.62751,-0.59359,-2.13808,0.33298,-1.36521,-1.57080,2.62751,0.11070
7.70,pregrasp,-0.59339,-2.13978,0.27264,-1.36527,-1.57080,2.62751,-0.59359,-2.13808,0.32599,-1.36521,-1.57080,2.62751,0.11070
7.71,pregrasp,-0.59339,-2.13978,0.26565,-1.36527,-1.57080,2.62751,-0.59359,-2.13808,0.31901,-1.36521,-1.57080,2.62751,0.11070
7.72,pregrasp,-0.59339,-2.13978,0.25866,-1.36527,-1.57080,2.62751,-0.59359,-2.13807,0.31202,-1.36521,-1.57080,2.62751,0.11070
7.73,pregrasp,-0.59339,-2.13978,0.25167,-1.36527,-1.57080,2.62751,-0.59359,-2.13807,0.30503,-1.36521,-1.57080,2.62751,0.11070
7.74,pregrasp,-0.59339,-2.13978,0.24468,-1.36527,-1.57080,2.62751,-0.59359,-2.13807,0.29804,-1.36521,-1.57080,2.62751,0.11070
7.75,pregrasp,-0.59339,-2.13978,0.23770,-1.36527,-1.57080,2.62751,-0.59359,-2.13807,0.29106,-1.36521,-1.57080,2.62751,0.11070
7.76,pregrasp,-0.59339,-2.13978,0.23071,-1.36527,-1.57080,2.62751,-0.59358,-2.13807,0.28407,-1.36521,-1.57080,2.62751,0.11070
7.77,pregrasp,-0.59339,-2.13978,0.22372,-1.36527,-1.57080,2.62751,-0.59358,-2.13807,0.27708,-1.36521,-1.57080,2.62751,0.11070
7.78,pregrasp,-0.59339,-2.13978,0.21673,-1.36527,-1.57080,2.62751,-0.59358,-2.13807,0.27009,-1.36521,-1.57080,2.62751,0.11070
7.79,pregrasp,-0.59339,-2.13978,0.20974,-1.36527,-1.57080,2.62751,-0.59358,-2.13807,0.26310,-1.36521,-1.57080,2.62751,0.11070
7.80,pregrasp,-0.59339,-2.13978,0.20276,-1.36527,-1.57080,2.62751,-0.59358,-2.13807,0.25612,-1.36521,-1.57080,2.62751,0.11070
7.81,pregrasp,-0.59339,-2.13978,0.19577,-1.36527,-1.57080,2.62751,-0.59358,-2.13807,0.24913,-1.36521,-1.57080,2.62751,0.11070
7.82,pregrasp,-0.59339,-2.13978,0.18878,-1.36527,-1.57080,2.62751,-0.59358,-2.13807,0.24214,-1.36521,-1.57080,2.62751,0.11070
7.83,pregrasp,-0.59339,-2.13978,0.18179,-1.36527,-1.57080,2.62751,-0.59358,-2.13807,0.23515,-1.36521,-1.57080,2.62751,0.11070
7.84,pregrasp,-0.59339,-2.13978,0.17480,-1.36527,-1.57080,2.62751,-0.59358,-2.13806,0.22817,-1.36521,-1.57080,2.62751,0.11070
7.85,pregrasp,-0.59339,-2.13978,0.16782,-1.36527,-1.57080,2.62751,-0.59358,-2.13806,0.22118,-1.36521,-1.57080,2.62751,0.11070
7.86,pregrasp,-0.59339,-2.13978,0.16083,-1.36527,-1.57080,2.62751,-0.59358,-2.13806,0.21419,-1.36521,-1.57080,2.62751,0.11070
7.87,pregrasp,-0.59339,-2.13978,0.15384,-1.36527,-1.57080,2.62751,-0.59358,-2.13806,0.20720,-1.36521,-1.57080,2.62751,0.11070
7.88,pregrasp,-0.59339,-2.13978,0.14685,-1.36527,-1.57080,2.62751,-0.59358,-2.13806,0.20021,-1.36520,-1.57080,2.62751,0.11070
7.89,pregrasp,-0.59339,-2.13978,0.13986,-1.36527,-1.57080,2.62751,-0.59358,-2.13806,0.19323,-1.36520,-1.57080,2.62751,0.11070
7.90,pregrasp,-0.59339,-2.13978,0.13288,-1.36527,-1.57080,2.62751,-0.59357,-2.13806,0.18624,-1.36520,-1.57080,2.62751,0.11070
7.91,pregrasp,-0.59339,-2.13978,0.12589,-1.36527,-1.57080,2.62751,-0.59357,-2.13806,0.17925,-1.36520,-1.57080,2.62751,0.11070
7.92,pregrasp,-0.59339,-2.13978,0.11890,-1.36527,-1.57080,2.62751,-0.59357,-2.13806,0.17226,-1.36520,-1.57080,2.62751,0.11070
7.93,pregrasp,-0.59339,-2.13978,0.11191,-1.36527,-1.57080,2.62751,-0.59357,-2.13806,0.16527,-1.36520,-1.57080,2.62751,0.11070
7.94,pregrasp,-0.59339,-2.13978,0.10492,-1.36527,-1.57080,2.62751,-0.59357,-2.13806,0.15829,-1.36520,-1.57080,2.62751,0.11070
7.95,pregrasp,-0.59339,-2.13978,0.09794,-1.36527,-1.57080,2.62751,-0.59357,-2.13806,0.15130,-1.36520,-1.57080,2.62751,0.11070
7.96,pregrasp,-0.59339,-2.13978,0.09095,-1.36527,-1.57080,2.62751,-0.59357,-2.13806,0.14431,-1.36520,-1.57080,2.62751,0.11070
7.97,pregrasp,-0.59339,-2.13978,0.08396,-1.36527,-1.57080,2.62751,-0.59357,-2.13806,0.13732,-1.36520,-1.57080,2.62751,0.11070
7.98,pregrasp,-0.59339,-2.13978,0.07697,-1.36527,-1.57080,2.62751,-0.59357,-2.13806,0.13034,-1.36520,-1.57080,2.62751,0.11070
7.99,pregrasp,-0.59339,-2.13978,0.06998,-1.36527,-1.57080,2.62751,-0.59357,-2.13806,0.12335,-1.36520,-1.57080,2.62751,0.11070
8.00,pregrasp,-0.59339,-2.13978,0.06300,-1.36527,-1.57080,2.62751,-0.59357,-2.13806,0.11636,-1.36520,-1.57080,2.62751,0.11070
8.01,pregrasp,-0.59339,-2.13978,0.05601,-1.36527,-1.57080,2.62751,-0.59356,-2.13806,0.10937,-1.36520,-1.57080,2.62751,0.11070
8.02,pregrasp,-0.59339,-2.13978,0.04902,-1.36527,-1.57080,2.62751,-0.59356,-2.13807,0.10238,-1.36520,-1.57080,2.62751,0.11070
8.03,pregrasp,-0.59339,-2.13978,0.04203,-1.36527,-1.57080,2.62751,-0.59356,-2.13807,0.09540,-1.36520,-1.57080,2.62751,0.11070
8.04,pregrasp,-0.59339,-2.13978,0.03505,-1.36527,-1.57080,2.62751,-0.59356,-2.13807,0.08841,-1.36520,-1.57080,2.62751,0.11070
8.05,pregrasp,-0.59339,-2.13978,0.02806,-1.36527,-1.57080,2.62751,-0.59356,-2.13807,0.08142,-1.36520,-1.57080,2.62751,0.11070
8.06,pregrasp,-0.59339,-2.13978,0.02107,-1.36527,-1.57080,2.62751,-0.59356,-2.13807,0.07443,-1.36520,-1.57080,2.62751,0.11070
8.07,pregrasp,-0.59339,-2.13978,0.01408,-1.36527,-1.57080,2.62751,-0.59356,-2.13807,0.06744,-1.36520,-1.57080,2.62751,0.11070
8.08,pregrasp,-0.59339,-2.13978,0.00709,-1.36527,-1.57080,2.62751,-0.59356,-2.13807,0.06046,-1.36520,-1.57080,2.62751,0.11070
8.09,pregrasp,-0.59339,-2.13978,0.00011,-1.36527,-1.57080,2.62751,-0.59356,-2.13807,0.05347,-1.36520,-1.57080,2.62751,0.11070
8.10,pregrasp,-0.59339,-2.13978,-0.00688,-1.36527,-1.57080,2.62751,-0.59356,-2.13807,0.04648,-1.36520,-1.57080,2.62751,0.11070
8.11,pregrasp,-0.59339,-2.13978,-0.01387,-1.36527,-1.57080,2.62751,-0.59355,-2.13807,0.03949,-1.36520,-1.57080,2.62751,0.11070
8.12,pregrasp,-0.59339,-2.13978,-0.02086,-1.36527,-1.57080,2.62751,-0.59355,-2.13807,0.03250,-1.36520,-1.57080,2.62751,0.11070
8.13,pregrasp,-0.59339,-2.13978,-0.02785,-1.36527,-1.57080,2.62751,-0.59355,-2.13807,0.02552,-1.36520,-1.57080,2.62751,0.11070
8.14,pregrasp,-0.59339,-2.13978,-0.03483,-1.36527,-1.57080,2.62751,-0.59355,-2.13807,0.01853,-1.36520,-1.57080,2.62751,0.11070
8.15,pregrasp,-0.59339,-2.13978,-0.04182,-1.36527,-1.57080,2.62751,-0.59355,-2.13807,0.01154,-1.36520,-1.57080,2.62751,0.11070
8.16,pregrasp,-0.59339,-2.13978,-0.04881,-1.36527,-1.57080,2.62751,-0.59355,-2.13807,0.00455,-1.36520,-1.57080,2.62751,0.11070
8.17,pregrasp,-0.59339,-2.13978,-0.05580,-1.36527,-1.57080,2.62751,-0.59355,-2.13807,-0.00244,-1.36520,-1.57080,2.62751,0.11070
8.18,pregrasp,-0.59339,-2.13978,-0.06279,-1.36527,-1.57080,2.62751,-0.59355,-2.13807,-0.00942,-1.36520,-1.57080,2.62751,0.11070
8.19,pregrasp,-0.59339,-2.13978,-0.06977,-1.36527,-1.57080,2.62751,-0.59355,-2.13807,-0.01641,-1.36520,-1.57080,2.62751,0.11070
8.20,pregrasp,-0.59339,-2.13978,-0.07676,-1.36527,-1.57080,2.62751,-0.59355,-2.13807,-0.02340,-1.36520,-1.57080,2.62751,0.11070
8.21,pregrasp,-0.59339,-2.13978,-0.08375,-1.36527,-1.57080,2.62751,-0.59354,-2.13807,-0.03039,-1.36520,-1.57080,2.62751,0.11070
8.22,pregrasp,-0.59339,-2.13978,-0.09074,-1.36527,-1.57080,2.62751,-0.59354,-2.13808,-0.03738,-1.36520,-1.57080,2.62751,0.11070
8.23,pregrasp,-0.59339,-2.13978,-0.09773,-1.36527,-1.57080,2.62751,-0.59354,-2.13808,-0.04436,-1.36520,-1.57080,2.62751,0.11070
8.24,pregrasp,-0.59339,-2.13978,-0.10471,-1.36527,-1.57080,2.62751,-0.59354,-2.13808,-0.05135,-1.36520,-1.57080,2.62751,0.11070
8.25,pregrasp,-0.59339,-2.13978,-0.11170,-1.36527,-1.57080,2.62751,-0.59354,-2.13808,-0.05834,-1.36520,-1.57080,2.62751,0.11070
8.26,pregrasp,-0.59339,-2.13978,-0.11869,-1.36527,-1.57080,2.62751,-0.59354,-2.13808,-0.06533,-1.36520,-1.57080,2.62751,0.11070
8.27,pregrasp,-0.59339,-2.13978,-0.12568,-1.36527,-1.57080,2.62751,-0.59354,-2.13808,-0.07232,-1.36520,-1.57080,2.62751,0.11070
8.28,pregrasp,-0.59339,-2.13978,-0.13267,-1.36527,-1.57080,2.62751,-0.59354,-2.13809,-0.07930,-1.36520,-1.57080,2.62751,0.11070
8.29,pregrasp,-0.59339,-2.13978,-0.13965,-1.36527,-1.57080,2.62751,-0.59354,-2.13809,-0.08629,-1.36520,-1.57080,2.62751,0.11070
8.30,pregrasp,-0.59339,-2.13978,-0.14664,-1.36527,-1.57080,2.62751,-0.59353,-2.13809,-0.09328,-1.36520,-1.57080,2.62751,0.11070
8.31,pregrasp,-0.59339,-2.13978,-0.15363,-1.36527,-1.57080,2.62751,-0.59353,-2.13809,-0.10027,-1.36520,-1.57080,2.62751,0.11070
8.32,pregrasp,-0.59339,-2.13978,-0.16062,-1.36527,-1.57080,2.62751,-0.59353,-2.13809,-0.10726,-1.36520,-1.57080,2.62751,0.11070
8.33,pregrasp,-0.59339,-2.13978,-0.16761,-1.36527,-1.57080,2.62751,-0.59353,-2.13810,-0.11425,-1.36520,-1.57080,2.62751,0.11070
8.34,pregrasp,-0.59339,-2.13978,-0.17459,-1.36527,-1.57080,2.62751,-0.59353,-2.13810,-0.12123,-1.36520,-1.57080,2.62751,0.11070
8.35,pregrasp,-0.59339,-2.13978,-0.18158,-1.36527,-1.57080,2.62751,-0.59353,-2.13810,-0.12822,-1.36520,-1.57080,2.62751,0.11070
8.36,pregrasp,-0.59339,-2.13978,-0.18857,-1.36527,-1.57080,2.62751,-0.59353,-2.13810,-0.13521,-1.36520,-1.57080,2.62751,0.11070
8.37,pregrasp,-0.59339,-2.13978,-0.19556,-1.36527,-1.57080,2.62751,-0.59353,-2.13811,-0.14220,-1.36520,-1.57080,2.62751,0.11070
8.38,pregrasp,-0.59339,-2.13978,-0.20255,-1.36527,-1.57080,2.62751,-0.59353,-2.13811,-0.14919,-1.36520,-1.57080,2.62751,0.11070
8.39,pregrasp,-0.59339,-2.13978,-0.20953,-1.36527,-1.57080,2.62751,-0.59352,-2.13811,-0.15617,-1.36520,-1.57080,2.62751,0.11070
8.40,pregrasp,-0.59339,-2.13978,-0.21652,-1.36527,-1.57080,2.62751,-0.59352,-2.13811,-0.16316,-1.36520,-1.57080,2.62751,0.11070
8.41,pregrasp,-0.59339,-2.13978,-0.22351,-1.36527,-1.57080,2.62751,-0.59352,-2.13812,-0.17015,-1.36520,-1.57080,2.62751,0.11070
8.42,pregrasp,-0.59339,-2.13978,-0.23050,-1.36527,-1.57080,2.62751,-0.59352,-2.13812,-0.17714,-1.36520,-1.57080,2.62751,0.11070
8.43,pregrasp,-0.59339,-2.13978,-0.23748,-1.36527,-1.57080,2.62751,-0.59352,-2.13812,-0.18413,-1.36520,-1.57080,2.62751,0.11070
8.44,pregrasp,-0.59339,-2.13978,-0.24447,-1.36527,-1.57080,2.62751,-0.59352,-2.13812,-0.19111,-1.36520,-1.57080,2.62751,0.11070
8.45,pregrasp,-0.59339,-2.13978,-0.25146,-1.36527,-1.57080,2.62751,-0.59352,-2.13812,-0.19810,-1.36520,-1.57080,2.62751,0.11070
8.46,pregrasp,-0.59339,-2.13978,-0.25845,-1.36527,-1.57080,2.62751,-0.59352,-2.13813,-0.20509,-1.36520,-1.57080,2.62751,0.11070
8.47,pregrasp,-0.59339,-2.13978,-0.26544,-1.36527,-1.57080,2.62751,-0.59351,-2.13813,-0.21208,-1.36520,-1.57080,2.62751,0.11070
8.48,pregrasp,-0.59339,-2.13978,-0.27242,-1.36527,-1.57080,2.62751,-0.59351,-2.13813,-0.21907,-1.36520,-1.57080,2.62751,0.11070
8.49,pregrasp,-0.59339,-2.13978,-0.27941,-1.36527,-1.57080,2.62751,-0.59351,-2.13813,-0.22606,-1.36520,-1.57080,2.62751,0.11070
8.50,pregrasp,-0.59339,-2.13978,-0.28640,-1.36527,-1.57080,2.62751,-0.59351,-2.13813,-0.23304,-1.36520,-1.57080,2.62751,0.11070
8.51,pregrasp,-0.59339,-2.13978,-0.29339,-1.36527,-1.57080,2.62751,-0.59351,-2.13814,-0.24003,-1.36520,-1.57080,2.62751,0.11070
8.52,pregrasp,-0.59339,-2.13978,-0.30038,-1.36527,-1.57080,2.62751,-0.59351,-2.13814,-0.24702,-1.36520,-1.57080,2.62751,0.11070
8.53,pregrasp,-0.59339,-2.13978,-0.30736,-1.36527,-1.57080,2.62751,-0.59351,-2.13814,-0.25401,-1.36520,-1.57080,2.62751,0.11070
8.54,pregrasp,-0.59339,-2.13978,-0.31435,-1.36527,-1.57080,2.62751,-0.59351,-2.13814,-0.26100,-1.36520,-1.57080,2.62751,0.11070
8.55,pregrasp,-0.59339,-2.13978,-0.32134,-1.36527,-1.57080,2.62751,-0.59351,-2.13815,-0.26798,-1.36520,-1.57080,2.62751,0.11070
8.56,pregrasp,-0.59339,-2.13978,-0.32833,-1.36527,-1.57080,2.62751,-0.59350,-2.13815,-0.27497,-1.36520,-1.57080,2.62751,0.11070
8.57,pregrasp,-0.59339,-2.13978,-0.33532,-1.36527,-1.57080,2.62751,-0.59350,-2.13815,-0.28196,-1.36520,-1.57080,2.62751,0.11070
8.58,pregrasp,-0.59339,-2.13978,-0.34230,-1.36527,-1.57080,2.62751,-0.59350,-2.13815,-0.28895,-1.36520,-1.57080,2.62751,0.11070
8.59,pregrasp,-0.59339,-2.13978,-0.34929,-1.36527,-1.57080,2.62751,-0.59350,-2.13816,-0.29594,-1.36520,-1.57080,2.62751,0.11070
8.60,pregrasp,-0.59339,-2.13978,-0.35628,-1.36527,-1.57080,2.62751,-0.59350,-2.13816,-0.30293,-1.36520,-1.57080,2.62751,0.11070
8.61,pregrasp,-0.59339,-2.13978,-0.36327,-1.36527,-1.57080,2.62751,-0.59350,-2.13816,-0.30991,-1.36520,-1.57080,2.62751,0.11070
8.62,pregrasp,-0.59339,-2.13978,-0.37026,-1.36527,-1.57080,2.62751,-0.59350,-2.13817,-0.31690,-1.36520,-1.57080,2.62751,0.11070
8.63,pregrasp,-0.59339,-2.13978,-0.37724,-1.36527,-1.57080,2.62751,-0.59350,-2.13817,-0.32389,-1.36520,-1.57080,2.62751,0.11070
8.64,pregrasp,-0.59339,-2.13978,-0.38423,-1.36527,-1.57080,2.62751,-0.59349,-2.13817,-0.33088,-1.36520,-1.57080,2.62751,0.11070
8.65,pregrasp,-0.59339,-2.13978,-0.39122,-1.36527,-1.57080,2.62751,-0.59349,-2.13818,-0.33787,-1.36520,-1.57080,2.62751,0.11070
8.66,pregrasp,-0.59339,-2.13978,-0.39821,-1.36527,-1.57080,2.62751,-0.59349,-2.13818,-0.34485,-1.36520,-1.57080,2.62751,0.11070
8.67,pregrasp,-0.59339,-2.13978,-0.40520,-1.36527,-1.57080,2.62751,-0.59349,-2.13818,-0.35184,-1.36520,-1.57080,2.62751,0.11070
8.68,pregrasp,-0.59339,-2.13978,-0.41218,-1.36527,-1.57080,2.62751,-0.59349,-2.13819,-0.35883,-1.36520,-1.57080,2.62751,0.11070
8.69,pregrasp,-0.59339,-2.13978,-0.41917,-1.36527,-1.57080,2.62751,-0.59349,-2.13819,-0.36582,-1.36520,-1.57080,2.62751,0.11070
8.70,pregrasp,-0.59339,-2.13978,-0.42616,-1.36527,-1.57080,2.62751,-0.59349,-2.13819,-0.37281,-1.36520,-1.57080,2.62751,0.11070
8.71,pregrasp,-0.59339,-2.13978,-0.43315,-1.36527,-1.57080,2.62751,-0.59348,-2.13820,-0.37980,-1.36520,-1.57080,2.62751,0.11070
8.72,pregrasp,-0.59339,-2.13978,-0.44014,-1.36527,-1.57080,2.62751,-0.59348,-2.13820,-0.38678,-1.36520,-1.57080,2.62751,0.11070
8.73,pregrasp,-0.59339,-2.13978,-0.44712,-1.36527,-1.57080,2.62751,-0.59348,-2.13820,-0.39377,-1.36520,-1.57080,2.62751,0.11070
8.74,pregrasp,-0.59339,-2.13978,-0.45411,-1.36527,-1.57080,2.62751,-0.59348,-2.13821,-0.40076,-1.36520,-1.57080,2.62751,0.11070
8.75,pregrasp,-0.59339,-2.13978,-0.46110,-1.36527,-1.57080,2.62751,-0.59348,-2.13821,-0.40775,-1.36520,-1.57080,2.62751,0.11070
8.76,pregrasp,-0.59339,-2.13978,-0.46809,-1.36527,-1.57080,2.62751,-0.59348,-2.13821,-0.41474,-1.36520,-1.57080,2.62751,0.11070
8.77,pregrasp,-0.59339,-2.13978,-0.47508,-1.36527,-1.57080,2.62751,-0.59348,-2.13822,-0.42173,-1.36520,-1.57080,2.62751,0.11070
8.78,pregrasp,-0.59339,-2.13978,-0.48206,-1.36527,-1.57080,2.62751,-0.59348,-2.13822,-0.42871,-1.36520,-1.57080,2.62751,0.11070
8.79,pregrasp,-0.59339,-2.13978,-0.48905,-1.36527,-1.57080,2.62751,-0.59347,-2.13823,-0.43570,-1.36520,-1.57080,2.62751,0.11070
8.80,pregrasp,-0.59339,-2.13978,-0.49604,-1.36527,-1.57080,2.62751,-0.59347,-2.13823,-0.44269,-1.36520,-1.57080,2.62751,0.11070
8.81,pregrasp,-0.59339,-2.13978,-0.50303,-1.36527,-1.57080,2.62751,-0.59347,-2.13824,-0.44968,-1.36520,-1.57080,2.62751,0.11070
8.82,pregrasp,-0.59339,-2.13978,-0.51001,-1.36527,-1.57080,2.62751,-0.59347,-2.13824,-0.45667,-1.36520,-1.57080,2.62751,0.11070
8.83,pregrasp,-0.59339,-2.13978,-0.51700,-1.36527,-1.57080,2.62751,-0.59347,-2.13824,-0.46366,-1.36520,-1.57080,2.62751,0.11070
8.84,pregrasp,-0.59339,-2.13978,-0.52399,-1.36527,-1.57080,2.62751,-0.59347,-2.13825,-0.47064,-1.36520,-1.57080,2.62751,0.11070
8.85,pregrasp,-0.59339,-2.13978,-0.53098,-1.36527,-1.57080,2.62751,-0.59347,-2.13825,-0.47763,-1.36520,-1.57080,2.62751,0.11070
8.86,pregrasp,-0.59339,-2.13978,-0.53797,-1.36527,-1.57080,2.62751,-0.59346,-2.13826,-0.48462,-1.36520,-1.57080,2.62751,0.11070
8.87,pregrasp,-0.59339,-2.13978,-0.54495,-1.36527,-1.57080,2.62751,-0.59346,-2.13826,-0.49161,-1.36520,-1.57080,2.62751,0.11070
8.88,pregrasp,-0.59339,-2.13978,-0.55194,-1.36527,-1.57080,2.62751,-0.59346,-2.13826,-0.49860,-1.36520,-1.57080,2.62751,0.11070
8.89,pregrasp,-0.59339,-2.13978,-0.55893,-1.36527,-1.57080,2.62751,-0.59346,-2.13827,-0.50559,-1.36520,-1.57080,2.62751,0.11070
8.90,pregrasp,-0.59339,-2.13978,-0.56592,-1.36527,-1.57080,2.62751,-0.59346,-2.13827,-0.51257,-1.36520,-1.57080,2.62751,0.11070
8.91,pregrasp,-0.59339,-2.13978,-0.57291,-1.36527,-1.57080,2.62751,-0.59346,-2.13828,-0.51956,-1.36520,-1.57080,2.62751,0.11070
8.92,pregrasp,-0.59339,-2.13978,-0.57989,-1.36527,-1.57080,2.62751,-0.59346,-2.13828,-0.52655,-1.36520,-1.57080,2.62751,0.11070
8.93,pregrasp,-0.59339,-2.13978,-0.58688,-1.36527,-1.57080,2.62751,-0.59345,-2.13828,-0.53354,-1.36520,-1.57080,2.62751,0.11070
8.94,pregrasp,-0.59339,-2.13978,-0.59387,-1.36527,-1.57080,2.62751,-0.59345,-2.13829,-0.54053,-1.36520,-1.57080,2.62751,0.11070
8.95,pregrasp,-0.59339,-2.13978,-0.60086,-1.36527,-1.57080,2.62751,-0.59345,-2.13829,-0.54752,-1.36520,-1.57080,2.62751,0.11070
8.96,pregrasp,-0.59339,-2.13978,-0.60785,-1.36527,-1.57080,2.62751,-0.59345,-2.13830,-0.55450,-1.36520,-1.57080,2.62751,0.11070
8.97,pregrasp,-0.59339,-2.13978,-0.61483,-1.36527,-1.57080,2.62751,-0.59345,-2.13830,-0.56149,-1.36520,-1.57080,2.62751,0.11070
8.98,pregrasp,-0.59339,-2.13978,-0.62182,-1.36527,-1.57080,2.62751,-0.59345,-2.13830,-0.56848,-1.36520,-1.57080,2.62751,0.11070
8.99,pregrasp,-0.59339,-2.13978,-0.62881,-1.36527,-1.57080,2.62751,-0.59345,-2.13831,-0.57547,-1.36520,-1.57080,2.62751,0.11070
9.00,pregrasp,-0.59339,-2.13978,-0.63580,-1.36527,-1.57080,2.62751,-0.59345,-2.13831,-0.58246,-1.36520,-1.57080,2.62751,0.11070
9.01,pregrasp,-0.59339,-2.13978,-0.64279,-1.36527,-1.57080,2.62751,-0.59344,-2.13832,-0.58944,-1.36520,-1.57080,2.62751,0.11070
9.02,pregrasp,-0.59339,-2.13978,-0.64977,-1.36527,-1.57080,2.62751,-0.59344,-2.13832,-0.59643,-1.36520,-1.57080,2.62751,0.11070
9.03,pregrasp,-0.59339,-2.13978,-0.65676,-1.36527,-1.57080,2.62751,-0.59344,-2.13833,-0.60342,-1.36520,-1.57080,2.62751,0.11070
9.04,pregrasp,-0.59339,-2.13978,-0.66375,-1.36527,-1.57080,2.62751,-0.59344,-2.13833,-0.61041,-1.36520,-1.57080,2.62751,0.11070
9.05,pregrasp,-0.59339,-2.13978,-0.67074,-1.36527,-1.57080,2.62751,-0.59344,-2.13834,-0.61740,-1.36520,-1.57080,2.62751,0.11070
9.06,pregrasp,-0.59339,-2.13978,-0.67773,-1.36527,-1.57080,2.62751,-0.59344,-2.13834,-0.62439,-1.36520,-1.57080,2.62751,0.11070
9.07,pregrasp,-0.59339,-2.13978,-0.68471,-1.36527,-1.57080,2.62751,-0.59344,-2.13835,-0.63137,-1.36520,-1.57080,2.62751,0.11070
9.08,pregrasp,-0.59339,-2.13978,-0.69170,-1.36527,-1.57080,2.62751,-0.59343,-2.13835,-0.63836,-1.36520,-1.57080,2.62751,0.11070
9.09,pregrasp,-0.59339,-2.13978,-0.69869,-1.36527,-1.57080,2.62751,-0.59343,-2.13836,-0.64535,-1.36520,-1.57080,2.62751,0.11070
9.10,pregrasp,-0.59339,-2.13978,-0.70568,-1.36527,-1.57080,2.62751,-0.59343,-2.13836,-0.65234,-1.36520,-1.57080,2.62751,0.11070
9.11,pregrasp,-0.59339,-2.13978,-0.71267,-1.36527,-1.57080,2.62751,-0.59343,-2.13837,-0.65933,-1.36520,-1.57080,2.62751,0.11070
9.12,pregrasp,-0.59339,-2.13978,-0.71965,-1.36527,-1.57080,2.62751,-0.59343,-2.13837,-0.66632,-1.36520,-1.57080,2.62751,0.11070
9.13,pregrasp,-0.59339,-2.13978,-0.72664,-1.36527,-1.57080,2.62751,-0.59343,-2.13838,-0.67330,-1.36520,-1.57080,2.62751,0.11070
9.14,pregrasp,-0.59339,-2.13978,-0.73363,-1.36527,-1.57080,2.62751,-0.59343,-2.13838,-0.68029,-1.36520,-1.57080,2.62751,0.11070
9.15,pregrasp,-0.59339,-2.13978,-0.74062,-1.36527,-1.57080,2.62751,-0.59342,-2.13839,-0.68728,-1.36520,-1.57080,2.62751,0.11070
9.16,pregrasp,-0.59339,-2.13978,-0.74761,-1.36527,-1.57080,2.62751,-0.59342,-2.13839,-0.69427,-1.36520,-1.57080,2.62751,0.11070
9.17,pregrasp,-0.59339,-2.13978,-0.75459,-1.36527,-1.57080,2.62751,-0.59342,-2.13840,-0.70126,-1.36520,-1.57080,2.62751,0.11070
9.18,pregrasp,-0.59339,-2.13978,-0.76158,-1.36527,-1.57080,2.62751,-0.59342,-2.13840,-0.70825,-1.36520,-1.57080,2.62751,0.11070
9.19,pregrasp,-0.59339,-2.13978,-0.76857,-1.36527,-1.57080,2.62751,-0.59342,-2.13841,-0.71523,-1.36520,-1.57080,2.62751,0.11070
9.20,pregrasp,-0.59339,-2.13978,-0.77556,-1.36527,-1.57080,2.62751,-0.59342,-2.13841,-0.72222,-1.36520,-1.57080,2.62751,0.11070
9.21,pregrasp,-0.59339,-2.13978,-0.78255,-1.36527,-1.57080,2.62751,-0.59341,-2.13842,-0.72921,-1.36520,-1.57080,2.62751,0.11070
9.22,pregrasp,-0.59339,-2.13978,-0.78953,-1.36527,-1.57080,2.62751,-0.59341,-2.13842,-0.73620,-1.36520,-1.57080,2.62751,0.11070
9.23,pregrasp,-0.59339,-2.13978,-0.79652,-1.36527,-1.57080,2.62751,-0.59341,-2.13843,-0.74319,-1.36520,-1.57080,2.62751,0.11070
9.24,pregrasp,-0.59339,-2.13978,-0.80351,-1.36527,-1.57080,2.62751,-0.59341,-2.13843,-0.75018,-1.36520,-1.57080,2.62751,0.11070
9.25,pregrasp,-0.59339,-2.13978,-0.81050,-1.36527,-1.57080,2.62751,-0.59341,-2.13844,-0.75716,-1.36520,-1.57080,2.62751,0.11070
9.26,pregrasp,-0.59339,-2.13978,-0.81748,-1.36527,-1.57080,2.62751,-0.59341,-2.13844,-0.76415,-1.36520,-1.57080,2.62751,0.11070
9.27,pregrasp,-0.59339,-2.13978,-0.82447,-1.36527,-1.57080,2.62751,-0.59341,-2.13845,-0.77114,-1.36520,-1.57080,2.62751,0.11070
9.28,pregrasp,-0.59339,-2.13978,-0.83146,-1.36527,-1.57080,2.62751,-0.59340,-2.13845,-0.77813,-1.36520,-1.57080,2.62751,0.11070
9.29,pregrasp,-0.59339,-2.13978,-0.83845,-1.36527,-1.57080,2.62751,-0.59340,-2.13846,-0.78512,-1.36520,-1.57080,2.62751,0.11070
9.30,pregrasp,-0.59339,-2.13978,-0.84544,-1.36527,-1.57080,2.62751,-0.59340,-2.13846,-0.79210,-1.36520,-1.57080,2.62751,0.11070
9.31,pregrasp,-0.59339,-2.13978,-0.85242,-1.36527,-1.57080,2.62751,-0.59340,-2.13847,-0.79909,-1.36520,-1.57080,2.62751,0.11070
9.32,pregrasp,-0.59339,-2.13978,-0.85941,-1.36527,-1.57080,2.62751,-0.59340,-2.13847,-0.80608,-1.36520,-1.57080,2.62751,0.11070
9.33,pregrasp,-0.59339,-2.13978,-0.86640,-1.36527,-1.57080,2.62751,-0.59340,-2.13848,-0.81307,-1.36520,-1.57080,2.62751,0.11070
9.34,pregrasp,-0.59339,-2.13978,-0.87339,-1.36527,-1.57080,2.62751,-0.59340,-2.13848,-0.82006,-1.36520,-1.57080,2.62751,0.11070
9.35,pregrasp,-0.59339,-2.13978,-0.88038,-1.36527,-1.57080,2.62751,-0.59339,-2.13849,-0.82705,-1.36520,-1.57080,2.62751,0.11070
9.36,pregrasp,-0.59339,-2.13978,-0.88736,-1.36527,-1.57080,2.62751,-0.59339,-2.13849,-0.83403,-1.36520,-1.57080,2.62751,0.11070
9.37,pregrasp,-0.59339,-2.13978,-0.89435,-1.36527,-1.57080,2.62751,-0.59339,-2.13850,-0.84102,-1.36520,-1.57080,2.62751,0.11070
9.38,pregrasp,-0.59339,-2.13978,-0.90134,-1.36527,-1.57080,2.62751,-0.59339,-2.13850,-0.84801,-1.36520,-1.57080,2.62751,0.11070
9.39,pregrasp,-0.59339,-2.13978,-0.90833,-1.36527,-1.57080,2.62751,-0.59339,-2.13851,-0.85500,-1.36520,-1.57080,2.62751,0.11070
9.40,pregrasp,-0.59339,-2.13978,-0.91532,-1.36527,-1.57080,2.62751,-0.59339,-2.13852,-0.86199,-1.36520,-1.57080,2.62751,0.11070
9.41,pregrasp,-0.59339,-2.13978,-0.92230,-1.36527,-1.57080,2.62751,-0.59339,-2.13852,-0.86898,-1.36520,-1.57080,2.62751,0.11070
9.42,pregrasp,-0.59339,-2.13978,-0.92929,-1.36527,-1.57080,2.62751,-0.59338,-2.13853,-0.87596,-1.36520,-1.57080,2.62751,0.11070
9.43,pregrasp,-0.59339,-2.13978,-0.93628,-1.36527,-1.57080,2.62751,-0.59338,-2.13853,-0.88295,-1.36520,-1.57080,2.62751,0.11070
9.44,pregrasp,-0.59339,-2.13978,-0.94327,-1.36527,-1.57080,2.62751,-0.59338,-2.13854,-0.88994,-1.36520,-1.57080,2.62751,0.11070
9.45,pregrasp,-0.59339,-2.13978,-0.95026,-1.36527,-1.57080,2.62751,-0.59338,-2.13854,-0.89693,-1.36520,-1.57080,2.62751,0.11070
9.46,pregrasp,-0.59339,-2.13978,-0.95724,-1.36527,-1.57080,2.62751,-0.59338,-2.13855,-0.90392,-1.36520,-1.57080,2.62751,0.11070
9.47,pregrasp,-0.59339,-2.13978,-0.96423,-1.36527,-1.57080,2.62751,-0.59338,-2.13856,-0.91090,-1.36520,-1.57080,2.62751,0.11070
9.48,pregrasp,-0.59339,-2.13978,-0.97122,-1.36527,-1.57080,2.62751,-0.59338,-2.13856,-0.91789,-1.36520,-1.57080,2.62751,0.11070
9.49,pregrasp,-0.59339,-2.13978,-0.97821,-1.36527,-1.57080,2.62751,-0.59337,-2.13857,-0.92488,-1.36520,-1.57080,2.62751,0.11070
9.50,pregrasp,-0.59339,-2.13978,-0.98520,-1.36527,-1.57080,2.62751,-0.59337,-2.13857,-0.93187,-1.36520,-1.57080,2.62751,0.11070
9.51,pregrasp,-0.59339,-2.13978,-0.99218,-1.36527,-1.57080,2.62751,-0.59337,-2.13858,-0.93886,-1.36520,-1.57080,2.62751,0.11070
9.52,pregrasp,-0.59339,-2.13978,-0.99917,-1.36527,-1.57080,2.62751,-0.59337,-2.13858,-0.94585,-1.36520,-1.57080,2.62751,0.11070
9.53,pregrasp,-0.59339,-2.13978,-1.00616,-1.36527,-1.57080,2.62751,-0.59337,-2.13859,-0.95283,-1.36520,-1.57080,2.62751,0.11070
9.54,pregrasp,-0.59339,-2.13978,-1.01315,-1.36527,-1.57080,2.62751,-0.59337,-2.13859,-0.95982,-1.36520,-1.57080,2.62751,0.11070
9.55,pregrasp,-0.59339,-2.13978,-1.02014,-1.36527,-1.57080,2.62751,-0.59337,-2.13860,-0.96681,-1.36520,-1.57080,2.62751,0.11070
9.56,pregrasp,-0.59339,-2.13978,-1.02712,-1.36527,-1.57080,2.62751,-0.59336,-2.13860,-0.97380,-1.36520,-1.57080,2.62751,0.11070
9.57,pregrasp,-0.59339,-2.13978,-1.03411,-1.36527,-1.57080,2.62751,-0.59336,-2.13861,-0.98079,-1.36520,-1.57080,2.62751,0.11070
9.58,pregrasp,-0.59339,-2.13978,-1.04110,-1.36527,-1.57080,2.62751,-0.59336,-2.13862,-0.98777,-1.36520,-1.57080,2.62751,0.11070
9.59,pregrasp,-0.59339,-2.13978,-1.04809,-1.36527,-1.57080,2.62751,-0.59336,-2.13862,-0.99476,-1.36520,-1.57080,2.62751,0.11070
9.60,pregrasp,-0.59339,-2.13978,-1.05508,-1.36527,-1.57080,2.62751,-0.59336,-2.13863,-1.00175,-1.36520,-1.57080,2.62751,0.11070
9.61,pregrasp,-0.59339,-2.13978,-1.06206,-1.36527,-1.57080,2.62751,-0.59336,-2.13864,-1.00874,-1.36520,-1.57080,2.62751,0.11070
9.62,pregrasp,-0.59339,-2.13978,-1.06905,-1.36527,-1.57080,2.62751,-0.59336,-2.13864,-1.01573,-1.36520,-1.57080,2.62751,0.11070
9.63,pregrasp,-0.59339,-2.13978,-1.07604,-1.36527,-1.57080,2.62751,-0.59335,-2.13865,-1.02272,-1.36520,-1.57080,2.62751,0.11070
9.64,pregrasp,-0.59339,-2.13978,-1.08303,-1.36527,-1.57080,2.62751,-0.59335,-2.13866,-1.02970,-1.36520,-1.57080,2.62751,0.11070
9.65,pregrasp,-0.59339,-2.13978,-1.09001,-1.36527,-1.57080,2.62751,-0.59335,-2.13866,-1.03669,-1.36520,-1.57080,2.62751,0.11070
9.66,pregrasp,-0.59339,-2.13978,-1.09700,-1.36527,-1.57080,2.62751,-0.59335,-2.13867,-1.04368,-1.36520,-1.57080,2.62751,0.11070
9.67,pregrasp,-0.59339,-2.13978,-1.10399,-1.36527,-1.57080,2.62751,-0.59335,-2.13867,-1.05067,-1.36520,-1.57080,2.62751,0.11070
9.68,pregrasp,-0.59339,-2.13978,-1.11098,-1.36527,-1.57080,2.62751,-0.59335,-2.13868,-1.05766,-1.36520,-1.57080,2.62751,0.11070
9.69,pregrasp,-0.59339,-2.13978,-1.11797,-1.36527,-1.57080,2.62751,-0.59335,-2.13869,-1.06464,-1.36520,-1.57080,2.62751,0.11070
9.70,pregrasp,-0.59339,-2.13978,-1.12495,-1.36527,-1.57080,2.62751,-0.59334,-2.13869,-1.07163,-1.36520,-1.57080,2.62751,0.11070
9.71,pregrasp,-0.59339,-2.13978,-1.13194,-1.36527,-1.57080,2.62751,-0.59334,-2.13870,-1.07862,-1.36520,-1.57080,2.62751,0.11070
9.72,pregrasp,-0.59339,-2.13978,-1.13893,-1.36527,-1.57080,2.62751,-0.59334,-2.13870,-1.08561,-1.36520,-1.57080,2.62751,0.11070
9.73,pregrasp,-0.59339,-2.13978,-1.14592,-1.36527,-1.57080,2.62751,-0.59334,-2.13871,-1.09260,-1.36520,-1.57080,2.62751,0.11070
9.74,pregrasp,-0.59339,-2.13978,-1.15291,-1.36527,-1.57080,2.62751,-0.59334,-2.13872,-1.09959,-1.36520,-1.57080,2.62751,0.11070
9.75,pregrasp,-0.59339,-2.13978,-1.15989,-1.36527,-1.57080,2.62751,-0.59334,-2.13872,-1.10657,-1.36520,-1.57080,2.62751,0.11070
9.76,pregrasp,-0.59339,-2.13978,-1.16688,-1.36527,-1.57080,2.62751,-0.59334,-2.13873,-1.11356,-1.36520,-1.57080,2.62751,0.11070
9.77,pregrasp,-0.59339,-2.13978,-1.17387,-1.36527,-1.57080,2.62751,-0.59333,-2.13873,-1.12055,-1.36520,-1.57080,2.62751,0.11070
9.78,pregrasp,-0.59339,-2.13978,-1.18086,-1.36527,-1.57080,2.62751,-0.59333,-2.13874,-1.12754,-1.36520,-1.57080,2.62751,0.11070
9.79,pregrasp,-0.59339,-2.13978,-1.18785,-1.36527,-1.57080,2.62751,-0.59333,-2.13875,-1.13453,-1.36520,-1.57080,2.62751,0.11070
9.80,pregrasp,-0.59339,-2.13978,-1.19483,-1.36527,-1.57080,2.62751,-0.59333,-2.13875,-1.14151,-1.36520,-1.57080,2.62751,0.11070
9.81,pregrasp,-0.59339,-2.13978,-1.20182,-1.36527,-1.57080,2.62751,-0.59333,-2.13876,-1.14850,-1.36520,-1.57080,2.62751,0.11070
9.82,pregrasp,-0.59339,-2.13978,-1.20881,-1.36527,-1.57080,2.62751,-0.59333,-2.13877,-1.15549,-1.36520,-1.57080,2.62751,0.11070
9.83,pregrasp,-0.59339,-2.13978,-1.21580,-1.36527,-1.57080,2.62751,-0.59333,-2.13877,-1.16248,-1.36520,-1.57080,2.62751,0.11070
9.84,pregrasp,-0.59339,-2.13978,-1.22279,-1.36527,-1.57080,2.62751,-0.59332,-2.13878,-1.16947,-1.36520,-1.57080,2.62751,0.11070
9.85,pregrasp,-0.59339,-2.13978,-1.22977,-1.36527,-1.57080,2.62751,-0.59332,-2.13878,-1.17645,-1.36520,-1.57080,2.62751,0.11070
9.86,pregrasp,-0.59339,-2.13978,-1.23676,-1.36527,-1.57080,2.62751,-0.59332,-2.13879,-1.18344,-1.36520,-1.57080,2.62751,0.11070
9.87,pregrasp,-0.59339,-2.13978,-1.24375,-1.36527,-1.57080,2.62751,-0.59332,-2.13879,-1.19043,-1.36520,-1.57080,2.62751,0.11070
9.88,pregrasp,-0.59339,-2.13978,-1.25074,-1.36527,-1.57080,2.62751,-0.59332,-2.13880,-1.19742,-1.36520,-1.57080,2.62751,0.11070
9.89,pregrasp,-0.59339,-2.13978,-1.25773,-1.36527,-1.57080,2.62751,-0.59332,-2.13880,-1.20441,-1.36520,-1.57080,2.62751,0.11070
9.90,pregrasp,-0.59339,-2.13978,-1.26471,-1.36527,-1.57080,2.62751,-0.59332,-2.13881,-1.21139,-1.36520,-1.57080,2.62751,0.11070
9.91,pregrasp,-0.59339,-2.13978,-1.27170,-1.36527,-1.57080,2.62751,-0.59332,-2.13882,-1.21838,-1.36520,-1.57080,2.62751,0.11070
9.92,pregrasp,-0.59339,-2.13978,-1.27869,-1.36527,-1.57080,2.62751,-0.59331,-2.13882,-1.22537,-1.36520,-1.57080,2.62751,0.11070
9.93,pregrasp,-0.59339,-2.13978,-1.28568,-1.36527,-1.57080,2.62751,-0.59331,-2.13883,-1.23236,-1.36520,-1.57080,2.62751,0.11070
9.94,pregrasp,-0.59339,-2.13978,-1.29267,-1.36527,-1.57080,2.62751,-0.59331,-2.13883,-1.23935,-1.36520,-1.57080,2.62751,0.11070
9.95,pregrasp,-0.59339,-2.13978,-1.29965,-1.36527,-1.57080,2.62751,-0.59331,-2.13884,-1.24634,-1.36520,-1.57080,2.62751,0.11070
9.96,pregrasp,-0.59339,-2.13978,-1.30664,-1.36527,-1.57080,2.62751,-0.59331,-2.13884,-1.25332,-1.36520,-1.57080,2.62751,0.11070
9.97,pregrasp,-0.59339,-2.13978,-1.31363,-1.36527,-1.57080,2.62751,-0.59331,-2.13885,-1.26031,-1.36520,-1.57080,2.62751,0.11070
9.98,pregrasp,-0.59339,-2.13978,-1.32062,-1.36527,-1.57080,2.62751,-0.59331,-2.13886,-1.26730,-1.36520,-1.57080,2.62751,0.11070
9.99,pregrasp,-0.59339,-2.13978,-1.32761,-1.36527,-1.57080,2.62751,-0.59330,-2.13886,-1.27429,-1.36520,-1.57080,2.62751,0.11070
10.00,pregrasp,-0.59339,-2.13978,-1.33459,-1.36527,-1.57080,2.62751,-0.59330,-2.13887,-1.28128,-1.36520,-1.57080,2.62751,0.11070
10.01,pregrasp,-0.59339,-2.13978,-1.34158,-1.36527,-1.57080,2.62751,-0.59330,-2.13887,-1.28826,-1.36520,-1.57080,2.62751,0.11070
10.02,pregrasp,-0.59339,-2.13978,-1.34857,-1.36527,-1.57080,2.62751,-0.59330,-2.13888,-1.29525,-1.36520,-1.57080,2.62751,0.11070
10.03,pregrasp,-0.59339,-2.13978,-1.35556,-1.36527,-1.57080,2.62751,-0.59330,-2.13889,-1.30224,-1.36520,-1.57080,2.62751,0.11070
10.04,pregrasp,-0.59339,-2.13978,-1.36254,-1.36527,-1.57080,2.62751,-0.59330,-2.13889,-1.30923,-1.36520,-1.57080,2.62751,0.11070
10.05,pregrasp,-0.59339,-2.13978,-1.36953,-1.36527,-1.57080,2.62751,-0.59330,-2.13890,-1.31622,-1.36520,-1.57080,2.62751,0.11070
10.06,pregrasp,-0.59339,-2.13978,-1.37652,-1.36527,-1.57080,2.62751,-0.59330,-2.13891,-1.32321,-1.36520,-1.57080,2.62751,0.11070
10.07,pregrasp,-0.59339,-2.13978,-1.38351,-1.36527,-1.57080,2.62751,-0.59329,-2.13892,-1.33019,-1.36520,-1.57080,2.62751,0.11070
10.08,pregrasp,-0.59339,-2.13978,-1.39050,-1.36527,-1.57080,2.62751,-0.59329,-2.13892,-1.33718,-1.36520,-1.57080,2.62751,0.11070
10.09,pregrasp,-0.59339,-2.13978,-1.39748,-1.36527,-1.57080,2.62751,-0.59329,-2.13893,-1.34417,-1.36520,-1.57080,2.62751,0.11070
10.10,pregrasp,-0.59339,-2.13978,-1.40447,-1.36527,-1.57080,2.62751,-0.59329,-2.13893,-1.35116,-1.36520,-1.57080,2.62751,0.11070
10.11,pregrasp,-0.59339,-2.13978,-1.41146,-1.36527,-1.57080,2.62751,-0.59329,-2.13894,-1.35815,-1.36520,-1.57080,2.62751,0.11070
10.12,pregrasp,-0.59339,-2.13978,-1.41845,-1.36527,-1.57080,2.62751,-0.59329,-2.13895,-1.36513,-1.36520,-1.57080,2.62751,0.11070
10.13,pregrasp,-0.59339,-2.13978,-1.42544,-1.36527,-1.57080,2.62751,-0.59329,-2.13895,-1.37212,-1.36520,-1.57080,2.62751,0.11070
10.14,pregrasp,-0.59339,-2.13978,-1.43242,-1.36527,-1.57080,2.62751,-0.59329,-2.13896,-1.37911,-1.36520,-1.57080,2.62751,0.11070
10.15,pregrasp,-0.59339,-2.13978,-1.43941,-1.36527,-1.57080,2.62751,-0.59328,-2.13896,-1.38610,-1.36520,-1.57080,2.62751,0.11070
10.16,pregrasp,-0.59339,-2.13978,-1.44640,-1.36527,-1.57080,2.62751,-0.59328,-2.13897,-1.39309,-1.36520,-1.57080,2.62751,0.11070
10.17,pregrasp,-0.59339,-2.13978,-1.45339,-1.36527,-1.57080,2.62751,-0.59328,-2.13897,-1.40007,-1.36520,-1.57080,2.62751,0.11070
10.18,pregrasp,-0.59339,-2.13978,-1.46038,-1.36527,-1.57080,2.62751,-0.59328,-2.13898,-1.40706,-1.36520,-1.57080,2.62751,0.11070
10.19,pregrasp,-0.59339,-2.13978,-1.46736,-1.36527,-1.57080,2.62751,-0.59328,-2.13899,-1.41405,-1.36520,-1.57080,2.62751,0.11070
10.20,pregrasp,-0.59339,-2.13978,-1.47435,-1.36527,-1.57080,2.62751,-0.59328,-2.13899,-1.42104,-1.36520,-1.57080,2.62751,0.11070
10.21,pregrasp,-0.59339,-2.13978,-1.48134,-1.36527,-1.57080,2.62751,-0.59328,-2.13900,-1.42803,-1.36520,-1.57080,2.62751,0.11070
10.22,pregrasp,-0.59339,-2.13978,-1.48833,-1.36527,-1.57080,2.62751,-0.59328,-2.13901,-1.43501,-1.36520,-1.57080,2.62751,0.11070
10.23,pregrasp,-0.59339,-2.13978,-1.49532,-1.36527,-1.57080,2.62751,-0.59327,-2.13901,-1.44200,-1.36520,-1.57080,2.62751,0.11070
10.24,pregrasp,-0.59339,-2.13978,-1.50230,-1.36527,-1.57080,2.62751,-0.59327,-2.13902,-1.44899,-1.36520,-1.57080,2.62751,0.11070
10.25,pregrasp,-0.59339,-2.13978,-1.50929,-1.36527,-1.57080,2.62751,-0.59327,-2.13903,-1.45598,-1.36520,-1.57080,2.62751,0.11070
10.26,pregrasp,-0.59339,-2.13978,-1.51628,-1.36527,-1.57080,2.62751,-0.59327,-2.13903,-1.46297,-1.36520,-1.57080,2.62751,0.11070
10.27,pregrasp,-0.59339,-2.13978,-1.52327,-1.36527,-1.57080,2.62751,-0.59327,-2.13904,-1.46995,-1.36520,-1.57080,2.62751,0.11070
10.28,pregrasp,-0.59339,-2.13978,-1.53026,-1.36527,-1.57080,2.62751,-0.59327,-2.13904,-1.47694,-1.36520,-1.57080,2.62751,0.11070
10.29,pregrasp,-0.59339,-2.13978,-1.53724,-1.36527,-1.57080,2.62751,-0.59327,-2.13905,-1.48393,-1.36520,-1.57080,2.62751,0.11070
10.30,pregrasp,-0.59339,-2.13978,-1.54423,-1.36527,-1.57080,2.62751,-0.59327,-2.13906,-1.49092,-1.36520,-1.57080,2.62751,0.11070
10.31,pregrasp,-0.59339,-2.13978,-1.55122,-1.36527,-1.57080,2.62751,-0.59326,-2.13906,-1.49791,-1.36520,-1.57080,2.62751,0.11070
10.32,pregrasp,-0.59339,-2.13978,-1.55821,-1.36527,-1.57080,2.62751,-0.59326,-2.13907,-1.50489,-1.36520,-1.57080,2.62751,0.11070
10.33,pregrasp,-0.59339,-2.13978,-1.56520,-1.36527,-1.57080,2.62751,-0.59326,-2.13907,-1.51188,-1.36520,-1.57080,2.62751,0.11070
10.34,pregrasp,-0.59339,-2.13978,-1.57218,-1.36527,-1.57080,2.62751,-0.59326,-2.13908,-1.51887,-1.36520,-1.57080,2.62751,0.11070
10.35,pregrasp,-0.59339,-2.13978,-1.57917,-1.36527,-1.57080,2.62751,-0.59326,-2.13909,-1.52586,-1.36520,-1.57080,2.62751,0.11070
10.36,pregrasp,-0.59339,-2.13978,-1.58616,-1.36527,-1.57080,2.62751,-0.59326,-2.13909,-1.53285,-1.36520,-1.57080,2.62751,0.11070
10.37,pregrasp,-0.59339,-2.13978,-1.59315,-1.36527,-1.57080,2.62751,-0.59326,-2.13910,-1.53984,-1.36520,-1.57080,2.62751,0.11070
10.38,pregrasp,-0.59339,-2.13978,-1.60014,-1.36527,-1.57080,2.62751,-0.59326,-2.13910,-1.54682,-1.36520,-1.57080,2.62751,0.11070
10.39,pregrasp,-0.59339,-2.13978,-1.60712,-1.36527,-1.57080,2.62751,-0.59326,-2.13911,-1.55381,-1.36520,-1.57080,2.62751,0.11070
10.40,pregrasp,-0.59339,-2.13978,-1.61411,-1.36527,-1.57080,2.62751,-0.59325,-2.13912,-1.56080,-1.36520,-1.57080,2.62751,0.11070
10.41,pregrasp,-0.59339,-2.13978,-1.62110,-1.36527,-1.57080,2.62751,-0.59325,-2.13912,-1.56779,-1.36520,-1.57080,2.62751,0.11070
10.42,pregrasp,-0.59339,-2.13978,-1.62809,-1.36527,-1.57080,2.62751,-0.59325,-2.13913,-1.57478,-1.36520,-1.57080,2.62751,0.11070
10.43,pregrasp,-0.59339,-2.13978,-1.63507,-1.36527,-1.57080,2.62751,-0.59325,-2.13914,-1.58176,-1.36520,-1.57080,2.62751,0.11070
10.44,pregrasp,-0.59339,-2.13978,-1.64206,-1.36527,-1.57080,2.62751,-0.59325,-2.13914,-1.58875,-1.36520,-1.57080,2.62751,0.11070
10.45,pregrasp,-0.59339,-2.13978,-1.64905,-1.36527,-1.57080,2.62751,-0.59325,-2.13915,-1.59574,-1.36520,-1.57081,2.62751,0.11070
10.46,pregrasp,-0.59339,-2.13978,-1.65604,-1.36527,-1.57080,2.62751,-0.59325,-2.13915,-1.60273,-1.36520,-1.57081,2.62751,0.11070
10.47,pregrasp,-0.59339,-2.13978,-1.66303,-1.36527,-1.57080,2.62751,-0.59325,-2.13916,-1.60972,-1.36520,-1.57081,2.62751,0.11070
10.48,pregrasp,-0.59339,-2.13978,-1.67001,-1.36527,-1.57080,2.62751,-0.59325,-2.13916,-1.61670,-1.36520,-1.57081,2.62751,0.11070
10.49,pregrasp,-0.59339,-2.13978,-1.67700,-1.36527,-1.57080,2.62751,-0.59324,-2.13917,-1.62369,-1.36520,-1.57081,2.62751,0.11070
10.50,pregrasp,-0.59339,-2.13978,-1.68399,-1.36527,-1.57080,2.62751,-0.59324,-2.13918,-1.63068,-1.36520,-1.57081,2.62751,0.11070
10.51,pregrasp,-0.59339,-2.13978,-1.69098,-1.36527,-1.57080,2.62751,-0.59324,-2.13918,-1.63767,-1.36520,-1.57081,2.62751,0.11070
10.52,pregrasp,-0.59339,-2.13978,-1.69797,-1.36527,-1.57080,2.62751,-0.59324,-2.13919,-1.64466,-1.36520,-1.57081,2.62751,0.11070
10.53,pregrasp,-0.59339,-2.13978,-1.70495,-1.36527,-1.57080,2.62751,-0.59324,-2.13919,-1.65164,-1.36520,-1.57081,2.62751,0.11070
10.54,pregrasp,-0.59339,-2.13978,-1.71194,-1.36527,-1.57080,2.62751,-0.59324,-2.13920,-1.65863,-1.36520,-1.57081,2.62751,0.11070
10.55,pregrasp,-0.59339,-2.13978,-1.71893,-1.36527,-1.57080,2.62751,-0.59324,-2.13920,-1.66562,-1.36520,-1.57081,2.62751,0.11070
10.56,pregrasp,-0.59339,-2.13978,-1.72592,-1.36527,-1.57080,2.62751,-0.59324,-2.13921,-1.67261,-1.36520,-1.57081,2.62751,0.11070
10.57,pregrasp,-0.59339,-2.13978,-1.73291,-1.36527,-1.57080,2.62751,-0.59324,-2.13922,-1.67960,-1.36520,-1.57081,2.62751,0.11070
10.58,pregrasp,-0.59339,-2.13978,-1.73989,-1.36527,-1.57080,2.62751,-0.59324,-2.13922,-1.68658,-1.36520,-1.57081,2.62751,0.11070
10.59,pregrasp,-0.59339,-2.13978,-1.74688,-1.36527,-1.57080,2.62751,-0.59323,-2.13923,-1.69357,-1.36520,-1.57081,2.62751,0.11070
10.60,pregrasp,-0.59339,-2.13978,-1.75387,-1.36527,-1.57080,2.62751,-0.59323,-2.13923,-1.70056,-1.36520,-1.57081,2.62751,0.11070
10.61,pregrasp,-0.59339,-2.13978,-1.76086,-1.36527,-1.57080,2.62751,-0.59323,-2.13924,-1.70755,-1.36520,-1.57081,2.62751,0.11070
10.62,pregrasp,-0.59339,-2.13978,-1.76785,-1.36527,-1.57080,2.62751,-0.59323,-2.13925,-1.71454,-1.36520,-1.57081,2.62751,0.11070
10.63,pregrasp,-0.59339,-2.13978,-1.77483,-1.36527,-1.57080,2.62751,-0.59323,-2.13925,-1.72152,-1.36520,-1.57081,2.62751,0.11070
10.64,pregrasp,-0.59339,-2.13978,-1.78182,-1.36527,-1.57080,2.62751,-0.59323,-2.13926,-1.72851,-1.36520,-1.57081,2.62751,0.11070
10.65,pregrasp,-0.59339,-2.13978,-1.78881,-1.36527,-1.57080,2.62751,-0.59323,-2.13926,-1.73550,-1.36520,-1.57081,2.62751,0.11070
10.66,pregrasp,-0.59339,-2.13978,-1.79580,-1.36527,-1.57080,2.62751,-0.59323,-2.13927,-1.74249,-1.36520,-1.57081,2.62751,0.11070
10.67,pregrasp,-0.59339,-2.13978,-1.80279,-1.36527,-1.57080,2.62751,-0.59323,-2.13927,-1.74947,-1.36520,-1.57081,2.62751,0.11070
10.68,pregrasp,-0.59339,-2.13978,-1.80977,-1.36527,-1.57080,2.62751,-0.59323,-2.13928,-1.75646,-1.36520,-1.57081,2.62751,0.11070
10.69,pregrasp,-0.59339,-2.13978,-1.81676,-1.36527,-1.57080,2.62751,-0.59323,-2.13929,-1.76345,-1.36520,-1.57081,2.62751,0.11070
10.70,pregrasp,-0.59339,-2.13978,-1.82375,-1.36527,-1.57080,2.62751,-0.59323,-2.13929,-1.77044,-1.36520,-1.57081,2.62751,0.11070
10.71,pregrasp,-0.59339,-2.13978,-1.83074,-1.36527,-1.57080,2.62751,-0.59322,-2.13930,-1.77743,-1.36520,-1.57081,2.62751,0.11070
10.72,pregrasp,-0.59339,-2.13978,-1.83773,-1.36527,-1.57080,2.62751,-0.59322,-2.13930,-1.78442,-1.36520,-1.57081,2.62751,0.11070
10.73,pregrasp,-0.59339,-2.13978,-1.84471,-1.36527,-1.57080,2.62751,-0.59322,-2.13931,-1.79140,-1.36520,-1.57081,2.62751,0.11070
10.74,pregrasp,-0.59339,-2.13978,-1.85170,-1.36527,-1.57080,2.62751,-0.59322,-2.13932,-1.79839,-1.36520,-1.57081,2.62751,0.11070
10.75,pregrasp,-0.59339,-2.13978,-1.85869,-1.36527,-1.57080,2.62751,-0.59322,-2.13932,-1.80538,-1.36520,-1.57081,2.62751,0.11070
10.76,pregrasp,-0.59339,-2.13978,-1.86568,-1.36527,-1.57080,2.62751,-0.59322,-2.13933,-1.81237,-1.36520,-1.57081,2.62751,0.11070
10.77,pregrasp,-0.59339,-2.13978,-1.87267,-1.36527,-1.57080,2.62751,-0.59322,-2.13933,-1.81935,-1.36520,-1.57081,2.62751,0.11070
10.78,pregrasp,-0.59339,-2.13978,-1.87965,-1.36527,-1.57080,2.62751,-0.59322,-2.13934,-1.82634,-1.36520,-1.57081,2.62751,0.11070
10.79,pregrasp,-0.59339,-2.13978,-1.88664,-1.36527,-1.57080,2.62751,-0.59322,-2.13934,-1.83333,-1.36520,-1.57081,2.62751,0.11070
10.80,pregrasp,-0.59339,-2.13978,-1.89363,-1.36527,-1.57080,2.62751,-0.59322,-2.13935,-1.84032,-1.36520,-1.57081,2.62751,0.11070
10.81,pregrasp,-0.59339,-2.13978,-1.90062,-1.36527,-1.57080,2.62751,-0.59322,-2.13935,-1.84731,-1.36520,-1.57081,2.62751,0.11070
10.82,pregrasp,-0.59339,-2.13978,-1.90761,-1.36527,-1.57080,2.62751,-0.59322,-2.13936,-1.85429,-1.36520,-1.57081,2.62751,0.11070
10.83,pregrasp,-0.59339,-2.13978,-1.91459,-1.36527,-1.57080,2.62751,-0.59322,-2.13937,-1.86128,-1.36520,-1.57081,2.62751,0.11070
10.84,pregrasp,-0.59339,-2.13978,-1.92158,-1.36527,-1.57080,2.62751,-0.59322,-2.13937,-1.86827,-1.36520,-1.57081,2.62751,0.11070
10.85,pregrasp,-0.59339,-2.13978,-1.92857,-1.36527,-1.57080,2.62751,-0.59321,-2.13938,-1.87526,-1.36520,-1.57081,2.62751,0.11070
10.86,pregrasp,-0.59339,-2.13978,-1.93556,-1.36527,-1.57080,2.62751,-0.59321,-2.13938,-1.88225,-1.36520,-1.57081,2.62751,0.11070
10.87,pregrasp,-0.59339,-2.13978,-1.94254,-1.36527,-1.57080,2.62751,-0.59321,-2.13939,-1.88923,-1.36520,-1.57081,2.62751,0.11070
10.88,pregrasp,-0.59339,-2.13978,-1.94953,-1.36527,-1.57080,2.62751,-0.59321,-2.13939,-1.89622,-1.36520,-1.57081,2.62751,0.11070
10.89,pregrasp,-0.59339,-2.13978,-1.95652,-1.36527,-1.57080,2.62751,-0.59321,-2.13940,-1.90321,-1.36520,-1.57081,2.62751,0.11070
10.90,pregrasp,-0.59339,-2.13978,-1.96351,-1.36527,-1.57080,2.62751,-0.59321,-2.13941,-1.91020,-1.36520,-1.57081,2.62751,0.10902
10.91,pregrasp,-0.59339,-2.13978,-1.97050,-1.36527,-1.57080,2.62751,-0.59321,-2.13941,-1.91719,-1.36520,-1.57081,2.62751,0.10593
10.92,pregrasp,-0.59339,-2.13978,-1.97748,-1.36527,-1.57080,2.62751,-0.59321,-2.13942,-1.92417,-1.36520,-1.57081,2.62751,0.10287
10.93,pregrasp,-0.59339,-2.13978,-1.98447,-1.36527,-1.57080,2.62751,-0.59321,-2.13942,-1.93116,-1.36520,-1.57081,2.62751,0.09983
10.94,pregrasp,-0.59339,-2.13978,-1.99146,-1.36527,-1.57080,2.62751,-0.59321,-2.13943,-1.93815,-1.36520,-1.57081,2.62751,0.09682
10.95,pregrasp,-0.59339,-2.13978,-1.99845,-1.36527,-1.57080,2.62751,-0.59321,-2.13943,-1.94514,-1.36520,-1.57081,2.62751,0.09384
10.96,pregrasp,-0.59339,-2.13978,-2.00544,-1.36527,-1.57080,2.62751,-0.59321,-2.13943,-1.95213,-1.36520,-1.57081,2.62751,0.09089
10.97,pregrasp,-0.59339,-2.13978,-2.00544,-1.36527,-1.57080,2.62751,-0.59325,-2.13955,-1.95866,-1.36524,-1.57081,2.62751,0.08806
10.98,pregrasp,-0.59339,-2.13978,-2.00544,-1.36527,-1.57080,2.62751,-0.59332,-2.13977,-1.96450,-1.36528,-1.57081,2.62751,0.08546
10.99,pregrasp,-0.59339,-2.13978,-2.00544,-1.36527,-1.57080,2.62751,-0.59340,-2.14002,-1.96967,-1.36533,-1.57080,2.62751,0.08314
11.00,pregrasp,-0.59339,-2.13978,-2.00544,-1.36527,-1.57080,2.62751,-0.59347,-2.14027,-1.97421,-1.36537,-1.57080,2.62751,0.08110
11.01,pregrasp,-0.59339,-2.13978,-2.00544,-1.36527,-1.57080,2.62751,-0.59353,-2.14048,-1.97819,-1.36540,-1.57080,2.62751,0.07932
11.02,pregrasp,-0.59339,-2.13978,-2.00544,-1.36527,-1.57080,2.62751,-0.59357,-2.14065,-1.98168,-1.36542,-1.57080,2.62751,0.07778
11.03,pregrasp,-0.59339,-2.13978,-2.00544,-1.36527,-1.57080,2.62751,-0.59360,-2.14078,-1.98472,-1.36544,-1.57080,2.62751,0.07647
11.04,pregrasp,-0.59339,-2.13978,-2.00544,-1.36527,-1.57080,2.62751,-0.59362,-2.14086,-1.98738,-1.36545,-1.57080,2.62751,0.07534
11.05,pregrasp,-0.59339,-2.13978,-2.00544,-1.36527,-1.57080,2.62751,-0.59363,-2.14091,-1.98969,-1.36545,-1.57080,2.62751,0.07438
11.06,pregrasp,-0.59339,-2.13978,-2.00544,-1.36527,-1.57080,2.62751,-0.59363,-2.14092,-1.99171,-1.36545,-1.57080,2.62751,0.07356
11.07,pregrasp,-0.59339,-2.13978,-2.00544,-1.36527,-1.57080,2.62751,-0.59363,-2.14091,-1.99347,-1.36545,-1.57080,2.62751,0.07287
11.08,pregrasp,-0.59339,-2.13978,-2.00544,-1.36527,-1.57080,2.62751,-0.59363,-2.14089,-1.99501,-1.36545,-1.57080,2.62751,0.07228
11.09,pregrasp,-0.59339,-2.13978,-2.00544,-1.36527,-1.57080,2.62751,-0.59362,-2.14085,-1.99634,-1.36544,-1.57080,2.62751,0.07178
11.10,pregrasp,-0.59339,-2.13978,-2.00544,-1.36527,-1.57080,2.62751,-0.59361,-2.14080,-1.99751,-1.36543,-1.57080,2.62751,0.07136
11.11,pregrasp,-0.59339,-2.13978,-2.00544,-1.36527,-1.57080,2.62751,-0.59360,-2.14074,-1.99852,-1.36543,-1.57080,2.62751,0.07100
11.12,pregrasp,-0.59339,-2.13978,-2.00544,-1.36527,-1.57080,2.62751,-0.59359,-2.14068,-1.99940,-1.36542,-1.57080,2.62751,0.07070
11.13,pregrasp,-0.59339,-2.13978,-2.00544,-1.36527,-1.57080,2.62751,-0.59358,-2.14062,-2.00017,-1.36541,-1.57080,2.62751,0.07044
11.14,pregrasp,-0.59339,-2.13978,-2.00544,-1.36527,-1.57080,2.62751,-0.59357,-2.14056,-2.00084,-1.36540,-1.57080,2.62751,0.07022
11.15,pregrasp,-0.59339,-2.13978,-2.00544,-1.36527,-1.57080,2.62751,-0.59356,-2.14050,-2.00143,-1.36539,-1.57080,2.62751,0.07004
11.16,pregrasp,-0.59339,-2.13978,-2.00544,-1.36527,-1.57080,2.62751,-0.59355,-2.14043,-2.00194,-1.36538,-1.57080,2.62751,0.06988
11.17,pregrasp,-0.59339,-2.13978,-2.00544,-1.36527,-1.57080,2.62751,-0.59353,-2.14038,-2.00238,-1.36537,-1.57080,2.62751,0.06975
11.18,pregrasp,-0.59339,-2.13978,-2.00544,-1.36527,-1.57080,2.62751,-0.59352,-2.14033,-2.00277,-1.36537,-1.57080,2.62751,0.06964
11.19,pregrasp,-0.59339,-2.13978,-2.00544,-1.36527,-1.57080,2.62751,-0.59351,-2.14027,-2.00311,-1.36536,-1.57080,2.62751,0.06954
11.20,pregrasp,-0.59339,-2.13978,-2.00544,-1.36527,-1.57080,2.62751,-0.59350,-2.14023,-2.00340,-1.36535,-1.57080,2.62751,0.06946
11.21,pregrasp,-0.59339,-2.13978,-2.00544,-1.36527,-1.57080,2.62751,-0.59349,-2.14018,-2.00366,-1.36534,-1.57080,2.62751,0.06939
11.22,pregrasp,-0.59339,-2.13978,-2.00544,-1.36527,-1.57080,2.62751,-0.59348,-2.14014,-2.00388,-1.36534,-1.57080,2.62751,0.06933
11.23,pregrasp,-0.59339,-2.13978,-2.00544,-1.36527,-1.57080,2.62751,-0.59348,-2.14011,-2.00408,-1.36533,-1.57080,2.62751,0.06928
11.24,pregrasp,-0.59339,-2.13978,-2.00544,-1.36527,-1.57080,2.62751,-0.59347,-2.14008,-2.00425,-1.36533,-1.57080,2.62751,0.06924
11.25,pregrasp,-0.59339,-2.13978,-2.00544,-1.36527,-1.57080,2.62751,-0.59346,-2.14004,-2.00440,-1.36532,-1.57080,2.62751,0.06920
11.26,pregrasp,-0.59339,-2.13978,-2.00544,-1.36527,-1.57080,2.62751,-0.59346,-2.14001,-2.00453,-1.36532,-1.57080,2.62751,0.06917
11.27,pregrasp,-0.59339,-2.13978,-2.00544,-1.37223,-1.57080,2.62751,-0.59345,-2.13995,-2.00461,-1.36611,-1.57080,2.62751,0.06912
11.28,pregrasp,-0.59339,-2.13978,-2.00544,-1.37919,-1.57080,2.62751,-0.59344,-2.13988,-2.00466,-1.36763,-1.57079,2.62751,0.06903
11.29,pregrasp,-0.59339,-2.13978,-2.00544,-1.38616,-1.57080,2.62751,-0.59343,-2.13980,-2.00470,-1.36978,-1.57079,2.62751,0.06889
11.30,pregrasp,-0.59339,-2.13978,-2.00544,-1.39312,-1.57080,2.62751,-0.59342,-2.13972,-2.00473,-1.37250,-1.57079,2.62751,0.06871
11.31,pregrasp,-0.59339,-2.13978,-2.00544,-1.40008,-1.57080,2.62751,-0.59341,-2.13966,-2.00477,-1.37572,-1.57079,2.62751,0.06847
11.32,pregrasp,-0.59339,-2.13978,-2.00544,-1.40704,-1.57080,2.62751,-0.59341,-2.13961,-2.00480,-1.37938,-1.57079,2.62751,0.06820
11.33,pregrasp,-0.59339,-2.13978,-2.00544,-1.41400,-1.57080,2.62751,-0.59340,-2.13956,-2.00483,-1.38343,-1.57079,2.62751,0.06788
11.34,pregrasp,-0.59339,-2.13978,-2.00544,-1.42096,-1.57080,2.62751,-0.59340,-2.13953,-2.00486,-1.38782,-1.57079,2.62751,0.06753
11.35,pregrasp,-0.59339,-2.13978,-2.00544,-1.42792,-1.57080,2.62751,-0.59340,-2.13951,-2.00489,-1.39251,-1.57079,2.62751,0.06715
11.36,pregrasp,-0.59339,-2.13978,-2.00544,-1.43488,-1.57080,2.62751,-0.59339,-2.13949,-2.00492,-1.39747,-1.57079,2.62751,0.06675
11.37,pregrasp,-0.59339,-2.13978,-2.00544,-1.44185,-1.57080,2.62751,-0.59339,-2.13948,-2.00495,-1.40267,-1.57079,2.62751,0.06633
11.38,pregrasp,-0.59339,-2.13978,-2.00544,-1.44881,-1.57080,2.62751,-0.59339,-2.13948,-2.00498,-1.40807,-1.57079,2.62751,0.06588
11.39,pregrasp,-0.59339,-2.13978,-2.00544,-1.45577,-1.57080,2.62751,-0.59339,-2.13948,-2.00501,-1.41366,-1.57079,2.62751,0.06543
11.40,pregrasp,-0.59339,-2.13978,-2.00544,-1.46273,-1.57080,2.62751,-0.59339,-2.13948,-2.00503,-1.41940,-1.57079,2.62751,0.06496
11.41,pregrasp,-0.59339,-2.13978,-2.00544,-1.46969,-1.57080,2.62751,-0.59339,-2.13949,-2.00506,-1.42530,-1.57079,2.62751,0.06448
11.42,pregrasp,-0.59339,-2.13978,-2.00544,-1.47665,-1.57080,2.62751,-0.59338,-2.13950,-2.00508,-1.43131,-1.57079,2.62751,0.06400
11.43,pregrasp,-0.59339,-2.13978,-2.00544,-1.48361,-1.57080,2.62751,-0.59338,-2.13951,-2.00510,-1.43744,-1.57079,2.62751,0.06351
11.44,pregrasp,-0.59339,-2.13978,-2.00544,-1.49057,-1.57080,2.62751,-0.59338,-2.13952,-2.00512,-1.44367,-1.57079,2.62751,0.06302
11.45,pregrasp,-0.59339,-2.13978,-2.00544,-1.49754,-1.57080,2.62751,-0.59338,-2.13952,-2.00514,-1.44998,-1.57079,2.62751,0.06252
11.46,pregrasp,-0.59339,-2.13978,-2.00544,-1.50450,-1.57080,2.62751,-0.59338,-2.13953,-2.00516,-1.45637,-1.57080,2.62751,0.06202
11.47,pregrasp,-0.59339,-2.13978,-2.00544,-1.51146,-1.57080,2.62751,-0.59338,-2.13954,-2.00517,-1.46283,-1.57080,2.62751,0.06152
11.48,pregrasp,-0.59339,-2.13978,-2.00544,-1.51842,-1.57080,2.62751,-0.59338,-2.13955,-2.00518,-1.46934,-1.57080,2.62751,0.06102
11.49,pregrasp,-0.59339,-2.13978,-2.00544,-1.52538,-1.57080,2.62751,-0.59338,-2.13956,-2.00520,-1.47591,-1.57080,2.62751,0.06053
11.50,pregrasp,-0.59339,-2.13978,-2.00544,-1.53234,-1.57080,2.62751,-0.59338,-2.13957,-2.00521,-1.48253,-1.57080,2.62751,0.06003
11.51,pregrasp,-0.59339,-2.13978,-2.00544,-1.53930,-1.57080,2.62751,-0.59338,-2.13958,-2.00522,-1.48918,-1.57080,2.62751,0.05953
11.52,pregrasp,-0.59339,-2.13978,-2.00544,-1.54626,-1.57080,2.62751,-0.59337,-2.13959,-2.00523,-1.49587,-1.57080,2.62751,0.05904
11.53,pregrasp,-0.59339,-2.13978,-2.00544,-1.55323,-1.57080,2.62751,-0.59337,-2.13960,-2.00524,-1.50260,-1.57080,2.62751,0.05855
11.54,pregrasp,-0.59339,-2.13978,-2.00544,-1.56019,-1.57080,2.62751,-0.59337,-2.13960,-2.00525,-1.50935,-1.57080,2.62751,0.05807
11.55,pregrasp,-0.59339,-2.13978,-2.00544,-1.56715,-1.57080,2.62751,-0.59337,-2.13961,-2.00525,-1.51612,-1.57080,2.62751,0.05759
11.56,pregrasp,-0.59339,-2.13978,-2.00544,-1.57411,-1.57080,2.62751,-0.59337,-2.13961,-2.00526,-1.52292,-1.57080,2.62751,0.05711
11.57,pregrasp,-0.59339,-2.13978,-2.00544,-1.58107,-1.57080,2.62751,-0.59337,-2.13962,-2.00527,-1.52974,-1.57080,2.62751,0.05663
11.58,pregrasp,-0.59339,-2.13978,-2.00544,-1.58803,-1.57080,2.62751,-0.59337,-2.13962,-2.00527,-1.53657,-1.57080,2.62751,0.05616
11.59,pregrasp,-0.59339,-2.13978,-2.00544,-1.59499,-1.57080,2.62751,-0.59337,-2.13963,-2.00528,-1.54342,-1.57080,2.62751,0.05569
11.60,pregrasp,-0.59339,-2.13978,-2.00544,-1.60195,-1.57080,2.62751,-0.59337,-2.13963,-2.00528,-1.55028,-1.57080,2.62751,0.05523
11.61,pregrasp,-0.59339,-2.13978,-2.00544,-1.60892,-1.57080,2.62751,-0.59337,-2.13964,-2.00528,-1.55716,-1.57080,2.62751,0.05477
11.62,pregrasp,-0.59339,-2.13978,-2.00544,-1.61588,-1.57080,2.62751,-0.59337,-2.13964,-2.00529,-1.56404,-1.57080,2.62751,0.05432
11.63,pregrasp,-0.59339,-2.13978,-2.00544,-1.62284,-1.57080,2.62751,-0.59337,-2.13964,-2.00529,-1.57093,-1.57080,2.62751,0.05387
11.64,pregrasp,-0.59339,-2.13978,-2.00544,-1.62980,-1.57080,2.62751,-0.59337,-2.13965,-2.00529,-1.57783,-1.57080,2.62751,0.05342
11.65,pregrasp,-0.59339,-2.13978,-2.00544,-1.63676,-1.57080,2.62751,-0.59337,-2.13965,-2.00530,-1.58474,-1.57080,2.62751,0.05298
11.66,pregrasp,-0.59339,-2.13978,-2.00544,-1.64372,-1.57080,2.62751,-0.59337,-2.13965,-2.00530,-1.59166,-1.57080,2.62751,0.05254
11.67,pregrasp,-0.59339,-2.13978,-2.00544,-1.65068,-1.57080,2.62751,-0.59337,-2.13966,-2.00530,-1.59858,-1.57080,2.62751,0.05211
11.68,pregrasp,-0.59339,-2.13978,-2.00544,-1.65764,-1.57080,2.62751,-0.59337,-2.13966,-2.00530,-1.60550,-1.57080,2.62751,0.05169
11.69,pregrasp,-0.59339,-2.13978,-2.00544,-1.66461,-1.57080,2.62751,-0.59337,-2.13966,-2.00530,-1.61243,-1.57080,2.62751,0.05127
11.70,pregrasp,-0.59339,-2.13978,-2.00544,-1.67157,-1.57080,2.62751,-0.59337,-2.13966,-2.00530,-1.61936,-1.57080,2.62751,0.05085
11.71,pregrasp,-0.59339,-2.13978,-2.00544,-1.67853,-1.57080,2.62751,-0.59337,-2.13966,-2.00531,-1.62630,-1.57080,2.62751,0.05044
11.72,pregrasp,-0.59339,-2.13978,-2.00544,-1.68549,-1.57080,2.62751,-0.59337,-2.13967,-2.00531,-1.63324,-1.57080,2.62751,0.05003
11.73,pregrasp,-0.59339,-2.13978,-2.00544,-1.69245,-1.57080,2.62751,-0.59337,-2.13967,-2.00531,-1.64018,-1.57080,2.62751,0.04963
11.74,pregrasp,-0.59339,-2.13978,-2.00544,-1.69941,-1.57080,2.62751,-0.59337,-2.13967,-2.00531,-1.64713,-1.57080,2.62751,0.04923
11.75,pregrasp,-0.59339,-2.13978,-2.00544,-1.70637,-1.57080,2.62751,-0.59337,-2.13967,-2.00531,-1.65407,-1.57080,2.62751,0.04884
11.76,pregrasp,-0.59339,-2.13978,-2.00544,-1.71333,-1.57080,2.62751,-0.59337,-2.13967,-2.00531,-1.66102,-1.57080,2.62751,0.04846
11.77,pregrasp,-0.59339,-2.13978,-2.00544,-1.72030,-1.57080,2.62751,-0.59337,-2.13967,-2.00531,-1.66797,-1.57080,2.62751,0.04807
11.78,pregrasp,-0.59339,-2.13978,-2.00544,-1.72726,-1.57080,2.62751,-0.59337,-2.13967,-2.00531,-1.67492,-1.57080,2.62751,0.04770
11.79,pregrasp,-0.59339,-2.13978,-2.00544,-1.73422,-1.57080,2.62751,-0.59337,-2.13967,-2.00531,-1.68187,-1.57080,2.62751,0.04733
11.80,pregrasp,-0.59339,-2.13978,-2.00544,-1.74118,-1.57080,2.62751,-0.59337,-2.13968,-2.00531,-1.68882,-1.57080,2.62751,0.04696
11.81,pregrasp,-0.59339,-2.13978,-2.00544,-1.74814,-1.57080,2.62751,-0.59337,-2.13968,-2.00531,-1.69578,-1.57080,2.62751,0.04660
11.82,pregrasp,-0.59339,-2.13978,-2.00544,-1.75510,-1.57080,2.62751,-0.59337,-2.13968,-2.00531,-1.70273,-1.57080,2.62751,0.04625
11.83,pregrasp,-0.59339,-2.13978,-2.00544,-1.76206,-1.57080,2.62751,-0.59337,-2.13968,-2.00531,-1.70969,-1.57080,2.62751,0.04590
11.84,pregrasp,-0.59339,-2.13978,-2.00544,-1.76903,-1.57080,2.62751,-0.59337,-2.13968,-2.00531,-1.71665,-1.57080,2.62751,0.04555
11.85,pregrasp,-0.59339,-2.13978,-2.00544,-1.77599,-1.57080,2.62751,-0.59337,-2.13968,-2.00531,-1.72360,-1.57080,2.62751,0.04521
11.86,pregrasp,-0.59339,-2.13978,-2.00544,-1.78295,-1.57080,2.62751,-0.59337,-2.13968,-2.00531,-1.73056,-1.57080,2.62751,0.04488
11.87,pregrasp,-0.59339,-2.13978,-2.00544,-1.78991,-1.57080,2.62751,-0.59337,-2.13968,-2.00531,-1.73752,-1.57080,2.62751,0.04455
11.88,pregrasp,-0.59339,-2.13978,-2.00544,-1.79687,-1.57080,2.62751,-0.59337,-2.13968,-2.00531,-1.74448,-1.57080,2.62751,0.04423
11.89,pregrasp,-0.59339,-2.13978,-2.00544,-1.80383,-1.57080,2.62751,-0.59337,-2.13968,-2.00531,-1.75144,-1.57080,2.62751,0.04391
11.90,pregrasp,-0.59339,-2.13978,-2.00544,-1.81079,-1.57080,2.62751,-0.59336,-2.13954,-2.00499,-1.75735,-1.57081,2.62735,0.04386
11.91,pregrasp,-0.59339,-2.13978,-2.00544,-1.81775,-1.57080,2.62751,-0.59323,-2.13868,-2.00384,-1.76360,-1.57083,2.62746,0.04457
11.92,pregrasp,-0.59339,-2.13978,-2.00544,-1.82472,-1.57080,2.62751,-0.59310,-2.13771,-2.00288,-1.76994,-1.57081,2.62705,0.04530
11.93,pregrasp,-0.59339,-2.13978,-2.00544,-1.83168,-1.57080,2.62751,-0.59300,-2.13671,-2.00195,-1.77626,-1.57082,2.62701,0.04603
11.94,pregrasp,-0.59339,-2.13978,-2.00544,-1.83864,-1.57080,2.62751,-0.59290,-2.13572,-2.00104,-1.78259,-1.57081,2.62685,0.04676
11.95,pregrasp,-0.59339,-2.13978,-2.00544,-1.84560,-1.57080,2.62751,-0.59280,-2.13472,-2.00013,-1.78891,-1.57083,2.62683,0.04749
11.96,pregrasp,-0.59339,-2.13978,-2.00544,-1.85256,-1.57080,2.62751,-0.59273,-2.13375,-1.99922,-1.79524,-1.57080,2.62640,0.04821
11.97,pregrasp,-0.59339,-2.13978,-2.00544,-1.85952,-1.57080,2.62751,-0.59265,-2.13277,-1.99831,-1.80156,-1.57082,2.62645,0.04894
11.98,pregrasp,-0.59339,-2.13978,-2.00544,-1.86648,-1.57080,2.62751,-0.59260,-2.13181,-1.99741,-1.80788,-1.57076,2.62572,0.04966
11.99,pregrasp,-0.59339,-2.13978,-2.00544,-1.87344,-1.57080,2.62751,-0.59254,-2.13084,-1.99650,-1.81419,-1.57079,2.62591,0.05038
12.00,pregrasp,-0.59339,-2.13978,-2.00544,-1.88041,-1.57080,2.62751,-0.59248,-2.12989,-1.99560,-1.82052,-1.57074,2.62520,0.05110
12.01,pregrasp,-0.59339,-2.13978,-2.00544,-1.88737,-1.57080,2.62751,-0.59243,-2.12893,-1.99470,-1.82683,-1.57076,2.62527,0.05182
12.02,pregrasp,-0.59339,-2.13978,-2.00544,-1.89433,-1.57080,2.62751,-0.59240,-2.12800,-1.99379,-1.83316,-1.57067,2.62426,0.05254
12.03,pregrasp,-0.59339,-2.13978,-2.00544,-1.90129,-1.57080,2.62751,-0.59232,-2.12704,-1.99290,-1.83947,-1.57075,2.62494,0.05326
12.04,pregrasp,-0.59339,-2.13978,-2.00544,-1.90825,-1.57080,2.62751,-0.59222,-2.12611,-1.99200,-1.84580,-1.57072,2.62443,0.05398
12.05,pregrasp,-0.59339,-2.13978,-2.00544,-1.91521,-1.57080,2.62751,-0.59221,-2.12520,-1.99110,-1.85214,-1.57063,2.62334,0.05469
12.06,pregrasp,-0.59339,-2.13978,-2.00544,-1.92217,-1.57080,2.62751,-0.59213,-2.12426,-1.99021,-1.85845,-1.57072,2.62412,0.05541
12.07,pregrasp,-0.59339,-2.13978,-2.00544,-1.92913,-1.57080,2.62751,-0.59204,-2.12334,-1.98932,-1.86479,-1.57067,2.62342,0.05612
12.08,pregrasp,-0.59339,-2.13978,-2.00544,-1.93610,-1.57080,2.62751,-0.59201,-2.12244,-1.98842,-1.87112,-1.57062,2.62275,0.05683
12.09,pregrasp,-0.59339,-2.13978,-2.00544,-1.94306,-1.57080,2.62751,-0.59194,-2.12152,-1.98754,-1.87745,-1.57067,2.62301,0.05755
12.10,pregrasp,-0.59339,-2.13978,-2.00544,-1.95002,-1.57080,2.62751,-0.59191,-2.12063,-1.98665,-1.88381,-1.57057,2.62176,0.05826
12.11,pregrasp,-0.59339,-2.13978,-2.00544,-1.95698,-1.57080,2.62751,-0.59182,-2.11971,-1.98577,-1.89014,-1.57067,2.62264,0.05898
12.12,pregrasp,-0.59339,-2.13978,-2.00544,-1.96394,-1.57080,2.62751,-0.59173,-2.11882,-1.98489,-1.89650,-1.57061,2.62175,0.05968
12.13,pregrasp,-0.59339,-2.13978,-2.00544,-1.97090,-1.57080,2.62751,-0.59168,-2.11794,-1.98401,-1.90285,-1.57059,2.62139,0.06039
12.14,pregrasp,-0.59339,-2.13978,-2.00544,-1.97786,-1.57080,2.62751,-0.59165,-2.11707,-1.98313,-1.90921,-1.57054,2.62065,0.06110
12.15,pregrasp,-0.59339,-2.13978,-2.00544,-1.98482,-1.57080,2.62751,-0.59157,-2.11618,-1.98226,-1.91556,-1.57060,2.62102,0.06181
12.16,pregrasp,-0.59339,-2.13978,-2.00544,-1.99179,-1.57080,2.62751,-0.59155,-2.11531,-1.98139,-1.92195,-1.57048,2.61956,0.06251
12.17,pregrasp,-0.59339,-2.13978,-2.00544,-1.99875,-1.57080,2.62751,-0.59145,-2.11442,-1.98053,-1.92830,-1.57060,2.62060,0.06323
12.18,pregrasp,-0.59339,-2.13978,-2.00544,-2.00571,-1.57080,2.62751,-0.59137,-2.11356,-1.97967,-1.93469,-1.57051,2.61942,0.06393
12.19,pregrasp,-0.59339,-2.13978,-2.00544,-2.01267,-1.57080,2.62751,-0.59129,-2.11270,-1.97881,-1.94106,-1.57056,2.61962,0.06463
12.20,pregrasp,-0.59339,-2.13978,-2.00544,-2.01963,-1.57080,2.62751,-0.59128,-2.11186,-1.97795,-1.94747,-1.57043,2.61801,0.06533
12.21,pregrasp,-0.59339,-2.13978,-2.00544,-2.02659,-1.57080,2.62751,-0.59119,-2.11098,-1.97710,-1.95385,-1.57056,2.61916,0.06604
12.22,pregrasp,-0.59339,-2.13978,-2.00544,-2.03355,-1.57080,2.62751,-0.59113,-2.11014,-1.97625,-1.96027,-1.57044,2.61766,0.06674
12.23,pregrasp,-0.59339,-2.13978,-2.00544,-2.04051,-1.57080,2.62751,-0.59103,-2.10929,-1.97540,-1.96664,-1.57054,2.61843,0.06745
12.24,pregrasp,-0.59339,-2.13978,-2.00544,-2.04748,-1.57080,2.62751,-0.59098,-2.10846,-1.97456,-1.97307,-1.57042,2.61682,0.06814
12.25,pregrasp,-0.59339,-2.13978,-2.00544,-2.05444,-1.57080,2.62751,-0.59088,-2.10762,-1.97372,-1.97946,-1.57054,2.61778,0.06885
12.26,pregrasp,-0.59339,-2.13978,-2.00544,-2.06140,-1.57080,2.62751,-0.59082,-2.10680,-1.97288,-1.98590,-1.57041,2.61615,0.06953
12.27,pregrasp,-0.59339,-2.13978,-2.00544,-2.06836,-1.57080,2.62751,-0.59073,-2.10596,-1.97205,-1.99230,-1.57053,2.61700,0.07024
12.28,pregrasp,-0.59339,-2.13978,-2.00544,-2.07532,-1.57080,2.62751,-0.59069,-2.10516,-1.97122,-1.99875,-1.57039,2.61523,0.07092
12.29,pregrasp,-0.59339,-2.13978,-2.00544,-2.08228,-1.57080,2.62751,-0.59059,-2.10433,-1.97039,-2.00516,-1.57052,2.61633,0.07163
12.30,pregrasp,-0.59339,-2.13978,-2.00544,-2.08924,-1.57080,2.62751,-0.59053,-2.10353,-1.96957,-2.01163,-1.57039,2.61454,0.07231
12.31,pregrasp,-0.59339,-2.13978,-2.00544,-2.09620,-1.57080,2.62751,-0.59044,-2.10271,-1.96875,-2.01804,-1.57050,2.61539,0.07302
12.32,pregrasp,-0.59339,-2.13978,-2.00544,-2.10317,-1.57080,2.62751,-0.59041,-2.10193,-1.96793,-2.02454,-1.57034,2.61347,0.07369
12.33,pregrasp,-0.59339,-2.13978,-2.00544,-2.11013,-1.57080,2.62751,-0.59030,-2.10111,-1.96712,-2.03098,-1.57051,2.61486,0.07441
12.34,pregrasp,-0.59339,-2.13978,-2.00544,-2.11709,-1.57080,2.62751,-0.59024,-2.10033,-1.96632,-2.03747,-1.57036,2.61291,0.07508
12.35,pregrasp,-0.59339,-2.13978,-2.00544,-2.12405,-1.57080,2.62751,-0.59016,-2.09954,-1.96551,-2.04390,-1.57046,2.61359,0.07577
12.36,pregrasp,-0.59339,-2.13978,-2.00544,-2.13101,-1.57080,2.62751,-0.59014,-2.09878,-1.96471,-2.05046,-1.57029,2.61164,0.07645
12.37,pregrasp,-0.59339,-2.13978,-2.00544,-2.13797,-1.57080,2.62751,-0.59007,-2.09797,-1.96389,-2.05695,-1.57043,2.61286,0.07716
12.38,pregrasp,-0.59339,-2.13978,-2.00544,-2.13797,-1.57080,2.62751,-0.59004,-2.09727,-1.96325,-2.06269,-1.57029,2.61067,0.07775
12.39,pregrasp,-0.59339,-2.13978,-2.00544,-2.13797,-1.57080,2.62751,-0.59009,-2.09668,-1.96270,-2.06769,-1.57028,2.61004,0.07826
12.40,pregrasp,-0.59339,-2.13978,-2.00544,-2.13797,-1.57080,2.62751,-0.59003,-2.09611,-1.96217,-2.07219,-1.57037,2.61068,0.07876
12.41,pregrasp,-0.59339,-2.13978,-2.00544,-2.13797,-1.57080,2.62751,-0.59003,-2.09565,-1.96173,-2.07614,-1.57026,2.60891,0.07916
12.42,pregrasp,-0.59339,-2.13978,-2.00544,-2.13797,-1.57080,2.62751,-0.59010,-2.09527,-1.96135,-2.07955,-1.57022,2.60795,0.07949
12.43,pregrasp,-0.59339,-2.13978,-2.00544,-2.13797,-1.57080,2.62751,-0.59005,-2.09488,-1.96098,-2.08266,-1.57033,2.60884,0.07983
12.44,pregrasp,-0.59339,-2.13978,-2.00544,-2.13797,-1.57080,2.62751,-0.59003,-2.09457,-1.96065,-2.08548,-1.57023,2.60770,0.08011
12.45,pregrasp,-0.59339,-2.13978,-2.00544,-2.13797,-1.57080,2.62751,-0.58996,-2.09428,-1.96034,-2.08792,-1.57033,2.60861,0.08038
12.46,pregrasp,-0.59339,-2.13978,-2.00544,-2.13797,-1.57080,2.62751,-0.58993,-2.09404,-1.96008,-2.09012,-1.57025,2.60766,0.08060
12.47,pregrasp,-0.59339,-2.13978,-2.00544,-2.13797,-1.57080,2.62751,-0.58988,-2.09382,-1.95984,-2.09202,-1.57032,2.60814,0.08081
12.48,pregrasp,-0.59339,-2.13978,-2.00544,-2.13797,-1.57080,2.62751,-0.58987,-2.09364,-1.95963,-2.09373,-1.57025,2.60732,0.08097
12.49,pregrasp,-0.59339,-2.13978,-2.00544,-2.13797,-1.57080,2.62751,-0.58982,-2.09348,-1.95943,-2.09521,-1.57032,2.60788,0.08114
12.50,pregrasp,-0.59339,-2.13978,-2.00544,-2.13797,-1.57080,2.62751,-0.58980,-2.09334,-1.95927,-2.09656,-1.57026,2.60719,0.08126
12.51,pregrasp,-0.59339,-2.13978,-2.00544,-2.13797,-1.57080,2.62751,-0.58977,-2.09321,-1.95912,-2.09771,-1.57031,2.60757,0.08139
12.52,pregrasp,-0.59339,-2.13978,-2.00544,-2.13797,-1.57080,2.62751,-0.58976,-2.09311,-1.95899,-2.09876,-1.57026,2.60697,0.08149
12.53,pregrasp,-0.59339,-2.13978,-2.00544,-2.13797,-1.57080,2.62751,-0.58973,-2.09300,-1.95886,-2.09966,-1.57030,2.60731,0.08159
12.54,pregrasp,-0.59339,-2.13978,-2.00544,-2.13797,-1.57080,2.62751,-0.58973,-2.09293,-1.95876,-2.10047,-1.57026,2.60681,0.08167
12.55,pregrasp,-0.59339,-2.13978,-2.00544,-2.13797,-1.57080,2.62751,-0.58971,-2.09285,-1.95865,-2.10118,-1.57029,2.60705,0.08174
12.56,pregrasp,-0.59339,-2.13978,-2.00544,-2.13797,-1.57080,2.62751,-0.58970,-2.09280,-1.95857,-2.10181,-1.57026,2.60666,0.08180
12.57,pregrasp,-0.59339,-2.13978,-2.00544,-2.13797,-1.57080,2.62751,-0.58969,-2.09274,-1.95849,-2.10236,-1.57029,2.60682,0.08186
12.58,pregrasp,-0.59339,-2.13978,-2.00544,-2.13797,-1.57080,2.62751,-0.58968,-2.09269,-1.95843,-2.10286,-1.57026,2.60653,0.08191
12.59,pregrasp,-0.59339,-2.13978,-2.00544,-2.13797,-1.57080,2.62751,-0.58967,-2.09264,-1.95837,-2.10329,-1.57028,2.60664,0.08196
12.60,pregrasp,-0.59339,-2.13978,-2.00544,-2.13797,-1.57080,2.62751,-0.58966,-2.09261,-1.95832,-2.10368,-1.57027,2.60647,0.08199
12.61,pregrasp,-0.59339,-2.13978,-2.00544,-2.13797,-1.57080,2.62751,-0.58965,-2.09257,-1.95827,-2.10402,-1.57028,2.60647,0.08203
12.62,pregrasp,-0.59339,-2.13978,-2.00544,-2.13797,-1.57080,2.62751,-0.58964,-2.09253,-1.95825,-2.10432,-1.57028,2.60650,0.08206
12.63,pregrasp,-0.59339,-2.13978,-2.00544,-2.13797,-1.57080,2.62751,-0.58963,-2.09250,-1.95823,-2.10459,-1.57029,2.60651,0.08209
12.64,pregrasp,-0.59339,-2.13978,-2.00544,-2.13797,-1.57080,2.62751,-0.58962,-2.09246,-1.95820,-2.10483,-1.57029,2.60651,0.08211
12.65,pregrasp,-0.59339,-2.13978,-2.00544,-2.13797,-1.57080,2.62751,-0.58961,-2.09243,-1.95818,-2.10506,-1.57029,2.60652,0.08214
12.66,pregrasp,-0.59339,-2.13978,-2.00544,-2.13797,-1.57080,2.62751,-0.58960,-2.09240,-1.95817,-2.10527,-1.57030,2.60653,0.08216
12.67,pregrasp,-0.59339,-2.13978,-2.00544,-2.13797,-1.57080,2.62751,-0.58959,-2.09237,-1.95816,-2.10546,-1.57030,2.60655,0.08218
12.68,pregrasp,-0.59339,-2.13978,-2.00544,-2.13797,-1.56382,2.62751,-0.58952,-2.09233,-1.95816,-2.10564,-1.56963,2.60682,0.08221
12.69,pregrasp,-0.59339,-2.13978,-2.00544,-2.13797,-1.55683,2.62751,-0.58937,-2.09227,-1.95819,-2.10583,-1.56831,2.60723,0.08224
12.70,pregrasp,-0.59339,-2.13978,-2.00544,-2.13797,-1.54985,2.62751,-0.58917,-2.09218,-1.95823,-2.10601,-1.56638,2.60787,0.08227
12.71,pregrasp,-0.59339,-2.13978,-2.00544,-2.13797,-1.54287,2.62751,-0.58893,-2.09208,-1.95830,-2.10620,-1.56389,2.60876,0.08232
12.72,pregrasp,-0.59339,-2.13978,-2.00544,-2.13797,-1.53589,2.62751,-0.58865,-2.09195,-1.95839,-2.10638,-1.56091,2.60987,0.08237
12.73,pregrasp,-0.59339,-2.13978,-2.00544,-2.13797,-1.52891,2.62751,-0.58835,-2.09182,-1.95849,-2.10657,-1.55750,2.61118,0.08242
12.74,pregrasp,-0.59339,-2.13978,-2.00544,-2.13797,-1.52193,2.62751,-0.58803,-2.09167,-1.95860,-2.10677,-1.55371,2.61260,0.08248
12.75,pregrasp,-0.59339,-2.13978,-2.00544,-2.13797,-1.51495,2.62751,-0.58770,-2.09151,-1.95872,-2.10696,-1.54958,2.61415,0.08253
12.76,pregrasp,-0.59339,-2.13978,-2.00544,-2.13797,-1.50796,2.62751,-0.58736,-2.09137,-1.95882,-2.10712,-1.54513,2.61586,0.08259
12.77,pregrasp,-0.59339,-2.13978,-2.00544,-2.13797,-1.50098,2.62751,-0.58701,-2.09124,-1.95890,-2.10725,-1.54041,2.61770,0.08264
12.78,pregrasp,-0.59339,-2.13978,-2.00544,-2.13797,-1.49400,2.62751,-0.58666,-2.09112,-1.95897,-2.10737,-1.53544,2.61968,0.08270
12.79,pregrasp,-0.59339,-2.13978,-2.00544,-2.13797,-1.48702,2.62751,-0.58629,-2.09100,-1.95903,-2.10748,-1.53026,2.62173,0.08275
12.80,pregrasp,-0.59339,-2.13978,-2.00544,-2.13797,-1.48004,2.62751,-0.58593,-2.09088,-1.95909,-2.10758,-1.52489,2.62387,0.08281
12.81,pregrasp,-0.59339,-2.13978,-2.00544,-2.13797,-1.47306,2.62751,-0.58555,-2.09078,-1.95914,-2.10767,-1.51936,2.62607,0.08286
12.82,pregrasp,-0.59339,-2.13978,-2.00544,-2.13797,-1.46608,2.62751,-0.58518,-2.09067,-1.95919,-2.10775,-1.51367,2.62837,0.08291
12.83,pregrasp,-0.59339,-2.13978,-2.00544,-2.13797,-1.45910,2.62751,-0.58481,-2.09056,-1.95924,-2.10783,-1.50785,2.63070,0.08297
12.84,pregrasp,-0.59339,-2.13978,-2.00544,-2.13797,-1.45211,2.62751,-0.58443,-2.09046,-1.95928,-2.10790,-1.50192,2.63307,0.08302
12.85,pregrasp,-0.59339,-2.13978,-2.00544,-2.13797,-1.44513,2.62751,-0.58407,-2.09036,-1.95932,-2.10797,-1.49588,2.63547,0.08307
12.86,pregrasp,-0.59339,-2.13978,-2.00544,-2.13797,-1.43815,2.62751,-0.58370,-2.09026,-1.95936,-2.10804,-1.48975,2.63795,0.08312
12.87,pregrasp,-0.59339,-2.13978,-2.00544,-2.13797,-1.43117,2.62751,-0.58333,-2.09016,-1.95940,-2.10810,-1.48353,2.64044,0.08317
12.88,pregrasp,-0.59339,-2.13978,-2.00544,-2.13797,-1.42419,2.62751,-0.58297,-2.09007,-1.95944,-2.10816,-1.47725,2.64295,0.08322
12.89,pregrasp,-0.59339,-2.13978,-2.00544,-2.13797,-1.41721,2.62751,-0.58261,-2.08998,-1.95948,-2.10821,-1.47090,2.64550,0.08327
12.90,pregrasp,-0.59339,-2.13978,-2.00544,-2.13797,-1.41023,2.62751,-0.58225,-2.08988,-1.95951,-2.10827,-1.46449,2.64806,0.08331
12.91,pregrasp,-0.59339,-2.13978,-2.00544,-2.13797,-1.40324,2.62751,-0.58190,-2.08979,-1.95955,-2.10832,-1.45803,2.65063,0.08336
12.92,pregrasp,-0.59339,-2.13978,-2.00544,-2.13797,-1.39626,2.62751,-0.58155,-2.08971,-1.95959,-2.10836,-1.45153,2.65324,0.08340
12.93,pregrasp,-0.59339,-2.13978,-2.00544,-2.13797,-1.38928,2.62751,-0.58120,-2.08962,-1.95962,-2.10841,-1.44498,2.65584,0.08345
12.94,pregrasp,-0.59339,-2.13978,-2.00544,-2.13797,-1.38230,2.62751,-0.58086,-2.08953,-1.95966,-2.10846,-1.43840,2.65845,0.08349
12.95,pregrasp,-0.59339,-2.13978,-2.00544,-2.13797,-1.37532,2.62751,-0.58052,-2.08945,-1.95970,-2.10850,-1.43179,2.66109,0.08353
12.96,pregrasp,-0.59339,-2.13978,-2.00544,-2.13797,-1.36834,2.62751,-0.58018,-2.08937,-1.95974,-2.10854,-1.42515,2.66372,0.08358
12.97,pregrasp,-0.59339,-2.13978,-2.00544,-2.13797,-1.36136,2.62751,-0.57984,-2.08928,-1.95978,-2.10858,-1.41848,2.66635,0.08362
12.98,pregrasp,-0.59339,-2.13978,-2.00544,-2.13797,-1.35437,2.62751,-0.57951,-2.08920,-1.95981,-2.10861,-1.41179,2.66902,0.08365
12.99,pregrasp,-0.59339,-2.13978,-2.00544,-2.13797,-1.34739,2.62751,-0.57918,-2.08912,-1.95986,-2.10865,-1.40508,2.67166,0.08369
13.00,pregrasp,-0.59339,-2.13978,-2.00544,-2.13797,-1.34041,2.62751,-0.57885,-2.08904,-1.95990,-2.10869,-1.39835,2.67430,0.08373
13.01,pregrasp,-0.59339,-2.13978,-2.00544,-2.13797,-1.33343,2.62751,-0.57852,-2.08896,-1.95994,-2.10872,-1.39161,2.67698,0.08377
13.02,pregrasp,-0.59339,-2.13978,-2.00544,-2.13797,-1.32645,2.62751,-0.57820,-2.08889,-1.95998,-2.10875,-1.38485,2.67963,0.08380
13.03,pregrasp,-0.59339,-2.13978,-2.00544,-2.13797,-1.31947,2.62751,-0.57787,-2.08881,-1.96002,-2.10879,-1.37808,2.68227,0.08384
13.04,pregrasp,-0.59339,-2.13978,-2.00544,-2.13797,-1.31249,2.62751,-0.57755,-2.08874,-1.96006,-2.10882,-1.37130,2.68495,0.08387
13.05,pregrasp,-0.59339,-2.13978,-2.00544,-2.13797,-1.30551,2.62751,-0.57723,-2.08867,-1.96011,-2.10885,-1.36451,2.68761,0.08390
13.06,pregrasp,-0.59339,-2.13978,-2.00544,-2.13797,-1.29852,2.62751,-0.57691,-2.08859,-1.96016,-2.10888,-1.35771,2.69025,0.08393
13.07,pregrasp,-0.59339,-2.13978,-2.00544,-2.13797,-1.29154,2.62751,-0.57659,-2.08852,-1.96020,-2.10890,-1.35090,2.69292,0.08396
13.08,pregrasp,-0.59339,-2.13978,-2.00544,-2.13797,-1.28456,2.62751,-0.57626,-2.08846,-1.96025,-2.10893,-1.34409,2.69558,0.08399
13.09,pregrasp,-0.59339,-2.13978,-2.00544,-2.13797,-1.27758,2.62751,-0.57594,-2.08839,-1.96029,-2.10896,-1.33727,2.69821,0.08402
13.10,pregrasp,-0.59339,-2.13978,-2.00544,-2.13797,-1.27060,2.62751,-0.57562,-2.08832,-1.96034,-2.10898,-1.33044,2.70088,0.08405
13.11,pregrasp,-0.59339,-2.13978,-2.00544,-2.13797,-1.26362,2.62751,-0.57530,-2.08825,-1.96039,-2.10900,-1.32361,2.70352,0.08407
13.12,pregrasp,-0.59339,-2.13978,-2.00544,-2.13797,-1.25664,2.62751,-0.57499,-2.08819,-1.96044,-2.10903,-1.31677,2.70614,0.08410
13.13,pregrasp,-0.59339,-2.13978,-2.00544,-2.13797,-1.24965,2.62751,-0.57467,-2.08813,-1.96048,-2.10905,-1.30993,2.70880,0.08412
13.14,pregrasp,-0.59339,-2.13978,-2.00544,-2.13797,-1.24267,2.62751,-0.57435,-2.08806,-1.96053,-2.10907,-1.30309,2.71142,0.08415
13.15,pregrasp,-0.59339,-2.13978,-2.00544,-2.13797,-1.23569,2.62751,-0.57403,-2.08800,-1.96059,-2.10909,-1.29624,2.71401,0.08417
13.16,pregrasp,-0.59339,-2.13978,-2.00544,-2.13797,-1.22871,2.62751,-0.57371,-2.08794,-1.96064,-2.10911,-1.28940,2.71665,0.08419
13.17,pregrasp,-0.59339,-2.13978,-2.00544,-2.13797,-1.22173,2.62751,-0.57339,-2.08788,-1.96069,-2.10913,-1.28255,2.71923,0.08421
13.18,pregrasp,-0.59339,-2.13978,-2.00544,-2.13797,-1.21475,2.62751,-0.57307,-2.08782,-1.96074,-2.10915,-1.27569,2.72178,0.08423
13.19,pregrasp,-0.59339,-2.13978,-2.00544,-2.13797,-1.20777,2.62751,-0.57275,-2.08776,-1.96080,-2.10917,-1.26884,2.72438,0.08425
13.20,pregrasp,-0.59339,-2.13978,-2.00544,-2.13797,-1.20078,2.62751,-0.57244,-2.08771,-1.96085,-2.10919,-1.26199,2.72691,0.08427
13.21,pregrasp,-0.59339,-2.13978,-2.00544,-2.13797,-1.19380,2.62751,-0.57212,-2.08765,-1.96091,-2.10921,-1.25513,2.72946,0.08429
13.22,pregrasp,-0.59339,-2.13978,-2.00544,-2.13797,-1.18682,2.62751,-0.57180,-2.08759,-1.96097,-2.10923,-1.24827,2.73195,0.08430
13.23,pregrasp,-0.59339,-2.13978,-2.00544,-2.13797,-1.17984,2.62751,-0.57149,-2.08753,-1.96103,-2.10925,-1.24141,2.73445,0.08432
13.24,pregrasp,-0.59339,-2.13978,-2.00544,-2.13797,-1.17286,2.62751,-0.57118,-2.08747,-1.96109,-2.10928,-1.23455,2.73688,0.08433
13.25,pregrasp,-0.59339,-2.13978,-2.00544,-2.13797,-1.16588,2.62751,-0.57087,-2.08741,-1.96116,-2.10930,-1.22769,2.73932,0.08435
13.26,pregrasp,-0.59339,-2.13978,-2.00544,-2.13797,-1.15890,2.62751,-0.57056,-2.08735,-1.96123,-2.10933,-1.22083,2.74169,0.08437
13.27,pregrasp,-0.59339,-2.13978,-2.00544,-2.13797,-1.15191,2.62751,-0.57026,-2.08729,-1.96130,-2.10936,-1.21396,2.74405,0.08438
13.28,pregrasp,-0.59339,-2.13978,-2.00544,-2.13797,-1.14493,2.62751,-0.56996,-2.08722,-1.96138,-2.10939,-1.20710,2.74633,0.08440
13.29,pregrasp,-0.59339,-2.13978,-2.00544,-2.13797,-1.13795,2.62751,-0.56967,-2.08715,-1.96145,-2.10943,-1.20023,2.74860,0.08441
13.30,pregrasp,-0.59339,-2.13978,-2.00544,-2.13797,-1.13097,2.62751,-0.56938,-2.08708,-1.96154,-2.10947,-1.19335,2.75078,0.08443
13.31,pregrasp,-0.59339,-2.13978,-2.00544,-2.13797,-1.12399,2.62751,-0.56909,-2.08701,-1.96162,-2.10951,-1.18648,2.75296,0.08445
13.32,pregrasp,-0.59339,-2.13978,-2.00544,-2.13797,-1.11701,2.62751,-0.56882,-2.08693,-1.96171,-2.10956,-1.17960,2.75503,0.08446
13.33,pregrasp,-0.59339,-2.13978,-2.00544,-2.13797,-1.11003,2.62751,-0.56854,-2.08685,-1.96181,-2.10960,-1.17273,2.75708,0.08448
13.34,pregrasp,-0.59339,-2.13978,-2.00544,-2.13797,-1.10305,2.62751,-0.56828,-2.08677,-1.96190,-2.10966,-1.16585,2.75902,0.08450
13.35,pregrasp,-0.59339,-2.13978,-2.00544,-2.13797,-1.09606,2.62751,-0.56802,-2.08668,-1.96201,-2.10972,-1.15896,2.76096,0.08452
13.36,pregrasp,-0.59339,-2.13978,-2.00544,-2.13797,-1.08908,2.62751,-0.56778,-2.08659,-1.96211,-2.10978,-1.15207,2.76277,0.08454
13.37,pregrasp,-0.59339,-2.13978,-2.00544,-2.13797,-1.08210,2.62751,-0.56754,-2.08650,-1.96222,-2.10984,-1.14518,2.76456,0.08456
13.38,pregrasp,-0.59339,-2.13978,-2.00544,-2.13797,-1.07512,2.62751,-0.56730,-2.08640,-1.96233,-2.10991,-1.13829,2.76623,0.08459
13.39,pregrasp,-0.59339,-2.13978,-2.00544,-2.13797,-1.06814,2.62751,-0.56708,-2.08630,-1.96245,-2.10998,-1.13139,2.76787,0.08461
13.40,pregrasp,-0.59339,-2.13978,-2.00544,-2.13797,-1.06116,2.62751,-0.56687,-2.08619,-1.96257,-2.11006,-1.12448,2.76939,0.08464
13.41,pregrasp,-0.59339,-2.13978,-2.00544,-2.13797,-1.05418,2.62751,-0.56666,-2.08609,-1.96269,-2.11014,-1.11758,2.77090,0.08467
13.42,pregrasp,-0.59339,-2.13978,-2.00544,-2.13797,-1.04719,2.62751,-0.56646,-2.08597,-1.96281,-2.11022,-1.11067,2.77227,0.08469
13.43,pregrasp,-0.59339,-2.13978,-2.00544,-2.13797,-1.04021,2.62751,-0.56627,-2.08586,-1.96294,-2.11030,-1.10375,2.77363,0.08472
13.44,pregrasp,-0.59339,-2.13978,-2.00544,-2.13797,-1.03323,2.62751,-0.56609,-2.08574,-1.96306,-2.11039,-1.09683,2.77486,0.08475
13.45,pregrasp,-0.59339,-2.13978,-2.00544,-2.13797,-1.02625,2.62751,-0.56592,-2.08562,-1.96319,-2.11047,-1.08991,2.77607,0.08479
13.46,pregrasp,-0.59339,-2.13978,-2.00544,-2.13797,-1.01927,2.62751,-0.56575,-2.08550,-1.96332,-2.11056,-1.08298,2.77715,0.08482
13.47,pregrasp,-0.59339,-2.13978,-2.00544,-2.13797,-1.01229,2.62751,-0.56559,-2.08538,-1.96345,-2.11064,-1.07605,2.77822,0.08485
13.48,pregrasp,-0.59339,-2.13978,-2.00544,-2.13797,-1.00531,2.62751,-0.56544,-2.08525,-1.96358,-2.11073,-1.06911,2.77917,0.08489
13.49,pregrasp,-0.59339,-2.13978,-2.00544,-2.13797,-0.99832,2.62751,-0.56530,-2.08512,-1.96370,-2.11082,-1.06218,2.78010,0.08493
13.50,pregrasp,-0.59339,-2.13978,-2.00544,-2.13797,-0.99134,2.62751,-0.56516,-2.08500,-1.96383,-2.11091,-1.05523,2.78096,0.08496
13.51,pregrasp,-0.59339,-2.13978,-2.00544,-2.13797,-0.98436,2.62751,-0.56503,-2.08487,-1.96395,-2.11099,-1.04828,2.78176,0.08500
13.52,pregrasp,-0.59339,-2.13978,-2.00544,-2.13797,-0.97738,2.62751,-0.56490,-2.08474,-1.96408,-2.11108,-1.04133,2.78249,0.08504
13.53,pregrasp,-0.59339,-2.13978,-2.00544,-2.13797,-0.97040,2.62751,-0.56478,-2.08461,-1.96420,-2.11116,-1.03437,2.78316,0.08508
13.54,pregrasp,-0.59339,-2.13978,-2.00544,-2.13797,-0.96342,2.62751,-0.56466,-2.08448,-1.96432,-2.11124,-1.02741,2.78377,0.08512
13.55,pregrasp,-0.59339,-2.13978,-2.00544,-2.13797,-0.95644,2.62751,-0.56456,-2.08435,-1.96443,-2.11133,-1.02045,2.78432,0.08517
13.56,pregrasp,-0.59339,-2.13978,-2.00544,-2.13797,-0.94946,2.62751,-0.56446,-2.08422,-1.96455,-2.11140,-1.01348,2.78482,0.08521
13.57,pregrasp,-0.59339,-2.13978,-2.00544,-2.13797,-0.94247,2.62751,-0.56436,-2.08409,-1.96466,-2.11148,-1.00650,2.78526,0.08526
13.58,pregrasp,-0.59339,-2.13978,-2.00544,-2.13797,-0.93549,2.62751,-0.56427,-2.08396,-1.96477,-2.11156,-0.99953,2.78564,0.08530
13.59,pregrasp,-0.59339,-2.13978,-2.00544,-2.13797,-0.92851,2.62751,-0.56418,-2.08383,-1.96487,-2.11163,-0.99254,2.78598,0.08535
13.60,pregrasp,-0.59339,-2.13978,-2.00544,-2.13797,-0.92153,2.62751,-0.56410,-2.08370,-1.96497,-2.11170,-0.98556,2.78627,0.08540
13.61,pregrasp,-0.59339,-2.13978,-2.00544,-2.13797,-0.91455,2.62751,-0.56403,-2.08357,-1.96507,-2.11177,-0.97857,2.78652,0.08545
13.62,pregrasp,-0.59339,-2.13978,-2.00544,-2.13797,-0.90757,2.62751,-0.56395,-2.08345,-1.96517,-2.11184,-0.97158,2.78673,0.08549
13.63,pregrasp,-0.59339,-2.13978,-2.00544,-2.13797,-0.90059,2.62751,-0.56389,-2.08332,-1.96526,-2.11190,-0.96458,2.78689,0.08555
13.64,pregrasp,-0.59339,-2.13978,-2.00544,-2.13797,-0.89360,2.62751,-0.56382,-2.08319,-1.96534,-2.11195,-0.95758,2.78702,0.08560
13.65,pregrasp,-0.59339,-2.13978,-2.00544,-2.13797,-0.88662,2.62751,-0.56376,-2.08307,-1.96542,-2.11201,-0.95057,2.78710,0.08565
13.66,pregrasp,-0.59339,-2.13978,-2.00544,-2.13797,-0.87964,2.62751,-0.56370,-2.08295,-1.96550,-2.11206,-0.94357,2.78716,0.08570
13.67,pregrasp,-0.59339,-2.13978,-2.00544,-2.13797,-0.87266,2.62751,-0.56365,-2.08283,-1.96558,-2.11210,-0.93656,2.78718,0.08575
13.68,pregrasp,-0.59339,-2.13978,-2.00544,-2.13797,-0.86568,2.62751,-0.56360,-2.08272,-1.96564,-2.11215,-0.92954,2.78717,0.08580
13.69,pregrasp,-0.59339,-2.13978,-2.00544,-2.13797,-0.85870,2.62751,-0.56355,-2.08260,-1.96571,-2.11218,-0.92253,2.78714,0.08586
13.70,pregrasp,-0.59339,-2.13978,-2.00544,-2.13797,-0.85172,2.62751,-0.56350,-2.08249,-1.96577,-2.11222,-0.91551,2.78708,0.08591
13.71,pregrasp,-0.59339,-2.13978,-2.00544,-2.13797,-0.84473,2.62751,-0.56346,-2.08238,-1.96582,-2.11224,-0.90849,2.78699,0.08596
13.72,pregrasp,-0.59339,-2.13978,-2.00544,-2.13797,-0.83775,2.62751,-0.56341,-2.08227,-1.96587,-2.11227,-0.90146,2.78689,0.08602
13.73,pregrasp,-0.59339,-2.13978,-2.00544,-2.13797,-0.83077,2.62751,-0.56337,-2.08216,-1.96592,-2.11229,-0.89444,2.78676,0.08607
13.74,pregrasp,-0.59339,-2.13978,-2.00544,-2.13797,-0.82379,2.62751,-0.56334,-2.08206,-1.96596,-2.11230,-0.88741,2.78661,0.08612
13.75,pregrasp,-0.59339,-2.13978,-2.00544,-2.13797,-0.81681,2.62751,-0.56330,-2.08196,-1.96599,-2.11231,-0.88038,2.78645,0.08618
13.76,pregrasp,-0.59339,-2.13978,-2.00544,-2.13797,-0.80983,2.62751,-0.56326,-2.08186,-1.96603,-2.11232,-0.87335,2.78627,0.08623
13.77,pregrasp,-0.59339,-2.13978,-2.00544,-2.13797,-0.80285,2.62751,-0.56323,-2.08176,-1.96605,-2.11232,-0.86631,2.78608,0.08629
13.78,pregrasp,-0.59339,-2.13978,-2.00544,-2.13797,-0.79586,2.62751,-0.56320,-2.08167,-1.96608,-2.11231,-0.85928,2.78587,0.08634
13.79,pregrasp,-0.59339,-2.13978,-2.00544,-2.13797,-0.78888,2.62751,-0.56316,-2.08157,-1.96609,-2.11230,-0.85224,2.78566,0.08640
13.80,pregrasp,-0.59339,-2.13978,-2.00544,-2.13797,-0.78190,2.62751,-0.56313,-2.08148,-1.96611,-2.11229,-0.84520,2.78543,0.08645
13.81,pregrasp,-0.59339,-2.13978,-2.00544,-2.13797,-0.77492,2.62751,-0.56310,-2.08139,-1.96612,-2.11227,-0.83816,2.78520,0.08651
13.82,pregrasp,-0.59339,-2.13978,-2.00544,-2.13797,-0.76794,2.62751,-0.56307,-2.08131,-1.96612,-2.11225,-0.83112,2.78496,0.08656
13.83,pregrasp,-0.59339,-2.13978,-2.00544,-2.13797,-0.76096,2.62751,-0.56304,-2.08122,-1.96612,-2.11222,-0.82407,2.78471,0.08662
13.84,pregrasp,-0.59339,-2.13978,-2.00544,-2.13797,-0.75398,2.62751,-0.56301,-2.08114,-1.96612,-2.11218,-0.81703,2.78446,0.08668
13.85,pregrasp,-0.59339,-2.13978,-2.00544,-2.13797,-0.74700,2.62751,-0.56299,-2.08107,-1.96611,-2.11215,-0.80998,2.78421,0.08673
13.86,pregrasp,-0.59339,-2.13978,-2.00544,-2.13797,-0.74001,2.62751,-0.56296,-2.08099,-1.96610,-2.11210,-0.80294,2.78395,0.08679
13.87,pregrasp,-0.59339,-2.13978,-2.00544,-2.13797,-0.73303,2.62751,-0.56293,-2.08091,-1.96608,-2.11206,-0.79589,2.78370,0.08684
13.88,pregrasp,-0.59339,-2.13978,-2.00544,-2.13797,-0.72605,2.62751,-0.56291,-2.08084,-1.96606,-2.11200,-0.78884,2.78344,0.08690
13.89,pregrasp,-0.59339,-2.13978,-2.00544,-2.13797,-0.71907,2.62751,-0.56288,-2.08077,-1.96604,-2.11195,-0.78179,2.78318,0.08696
13.90,pregrasp,-0.59339,-2.13978,-2.00544,-2.13797,-0.71209,2.62751,-0.56285,-2.08070,-1.96602,-2.11189,-0.77474,2.78292,0.08701
13.91,pregrasp,-0.59339,-2.13978,-2.00544,-2.13797,-0.70511,2.62751,-0.56283,-2.08063,-1.96599,-2.11182,-0.76769,2.78266,0.08707
13.92,pregrasp,-0.59339,-2.13978,-2.00544,-2.13797,-0.69813,2.62751,-0.56280,-2.08057,-1.96595,-2.11175,-0.76064,2.78241,0.08713
13.93,pregrasp,-0.59339,-2.13978,-2.00544,-2.13797,-0.69114,2.62751,-0.56278,-2.08051,-1.96592,-2.11167,-0.75359,2.78215,0.08718
13.94,pregrasp,-0.59339,-2.13978,-2.00544,-2.13797,-0.68416,2.62751,-0.56275,-2.08045,-1.96588,-2.11159,-0.74653,2.78190,0.08724
13.95,pregrasp,-0.59339,-2.13978,-2.00544,-2.13797,-0.67718,2.62751,-0.56273,-2.08039,-1.96583,-2.11151,-0.73948,2.78166,0.08730
13.96,pregrasp,-0.59339,-2.13978,-2.00544,-2.13797,-0.67020,2.62751,-0.56270,-2.08033,-1.96579,-2.11142,-0.73242,2.78141,0.08735
13.97,pregrasp,-0.59339,-2.13978,-2.00544,-2.13797,-0.66322,2.62751,-0.56268,-2.08027,-1.96574,-2.11133,-0.72537,2.78117,0.08741
13.98,pregrasp,-0.59339,-2.13978,-2.00544,-2.13797,-0.65624,2.62751,-0.56265,-2.08022,-1.96569,-2.11123,-0.71831,2.78094,0.08747
13.99,pregrasp,-0.59339,-2.13978,-2.00544,-2.13797,-0.64926,2.62751,-0.56263,-2.08016,-1.96563,-2.11113,-0.71126,2.78071,0.08752
14.00,pregrasp,-0.59339,-2.13978,-2.00544,-2.13797,-0.64227,2.62751,-0.56260,-2.08011,-1.96558,-2.11102,-0.70420,2.78049,0.08758
14.01,pregrasp,-0.59339,-2.13978,-2.00544,-2.13797,-0.63529,2.62751,-0.56258,-2.08006,-1.96552,-2.11091,-0.69714,2.78027,0.08764
14.02,pregrasp,-0.59339,-2.13978,-2.00544,-2.13797,-0.62831,2.62751,-0.56255,-2.08001,-1.96545,-2.11080,-0.69009,2.78005,0.08770
14.03,pregrasp,-0.59339,-2.13978,-2.00544,-2.13797,-0.62133,2.62751,-0.56253,-2.07996,-1.96539,-2.11068,-0.68303,2.77985,0.08775
14.04,pregrasp,-0.59339,-2.13978,-2.00544,-2.13797,-0.61435,2.62751,-0.56250,-2.07991,-1.96533,-2.11056,-0.67597,2.77965,0.08781
14.05,pregrasp,-0.59339,-2.13978,-2.00544,-2.13797,-0.60737,2.62751,-0.56248,-2.07987,-1.96526,-2.11044,-0.66891,2.77945,0.08787
14.06,pregrasp,-0.59339,-2.13978,-2.00544,-2.13797,-0.60039,2.62751,-0.56245,-2.07982,-1.96519,-2.11031,-0.66185,2.77926,0.08793
14.07,pregrasp,-0.59339,-2.13978,-2.00544,-2.13797,-0.59341,2.62751,-0.56243,-2.07978,-1.96511,-2.11017,-0.65479,2.77908,0.08799
14.08,pregrasp,-0.59339,-2.13978,-2.00544,-2.13797,-0.58642,2.62751,-0.56240,-2.07973,-1.96504,-2.11004,-0.64773,2.77891,0.08805
14.09,pregrasp,-0.59339,-2.13978,-2.00544,-2.13797,-0.57944,2.62751,-0.56238,-2.07969,-1.96496,-2.10990,-0.64067,2.77874,0.08811
14.10,pregrasp,-0.59339,-2.13978,-2.00544,-2.13797,-0.57246,2.62751,-0.56235,-2.07965,-1.96489,-2.10975,-0.63361,2.77858,0.08817
14.11,pregrasp,-0.59339,-2.13978,-2.00544,-2.13797,-0.56548,2.62751,-0.56233,-2.07960,-1.96481,-2.10960,-0.62655,2.77842,0.08822
14.12,pregrasp,-0.59339,-2.13978,-2.00544,-2.13797,-0.55850,2.62751,-0.56231,-2.07956,-1.96473,-2.10945,-0.61949,2.77828,0.08828
14.13,pregrasp,-0.59339,-2.13978,-2.00544,-2.13797,-0.55152,2.62751,-0.56228,-2.07952,-1.96464,-2.10930,-0.61243,2.77813,0.08834
14.14,pregrasp,-0.59339,-2.13978,-2.00544,-2.13797,-0.54454,2.62751,-0.56226,-2.07948,-1.96456,-2.10914,-0.60537,2.77800,0.08840
14.15,pregrasp,-0.59339,-2.13978,-2.00544,-2.13797,-0.53755,2.62751,-0.56223,-2.07945,-1.96447,-2.10898,-0.59830,2.77787,0.08846
14.16,pregrasp,-0.59339,-2.13978,-2.00544,-2.13797,-0.53057,2.62751,-0.56221,-2.07941,-1.96439,-2.10881,-0.59124,2.77775,0.08853
14.17,pregrasp,-0.59339,-2.13978,-2.00544,-2.13797,-0.52359,2.62751,-0.56218,-2.07937,-1.96430,-2.10865,-0.58418,2.77763,0.08859
14.18,pregrasp,-0.59339,-2.13978,-2.00544,-2.13797,-0.51661,2.62751,-0.56216,-2.07933,-1.96421,-2.10848,-0.57711,2.77752,0.08865
14.19,pregrasp,-0.59339,-2.13978,-2.00544,-2.13797,-0.50963,2.62751,-0.56213,-2.07929,-1.96412,-2.10830,-0.57005,2.77742,0.08871
14.20,pregrasp,-0.59339,-2.13978,-2.00544,-2.13797,-0.50265,2.62751,-0.56211,-2.07925,-1.96403,-2.10812,-0.56299,2.77732,0.08877
14.21,pregrasp,-0.59339,-2.13978,-2.00544,-2.13797,-0.49567,2.62751,-0.56208,-2.07922,-1.96393,-2.10794,-0.55592,2.77723,0.08883
14.22,pregrasp,-0.59339,-2.13978,-2.00544,-2.13797,-0.48868,2.62751,-0.56206,-2.07918,-1.96384,-2.10776,-0.54886,2.77715,0.08890
14.23,pregrasp,-0.59339,-2.13978,-2.00544,-2.13797,-0.48170,2.62751,-0.56203,-2.07914,-1.96374,-2.10758,-0.54179,2.77708,0.08896
14.24,pregrasp,-0.59339,-2.13978,-2.00544,-2.13797,-0.47472,2.62751,-0.56201,-2.07910,-1.96365,-2.10739,-0.53472,2.77700,0.08902
14.25,pregrasp,-0.59339,-2.13978,-2.00544,-2.13797,-0.46774,2.62751,-0.56198,-2.07906,-1.96355,-2.10720,-0.52766,2.77694,0.08909
14.26,pregrasp,-0.59339,-2.13978,-2.00544,-2.13797,-0.46076,2.62751,-0.56196,-2.07903,-1.96345,-2.10700,-0.52059,2.77688,0.08915
14.27,pregrasp,-0.59339,-2.13978,-2.00544,-2.13797,-0.45378,2.62751,-0.56193,-2.07899,-1.96336,-2.10681,-0.51352,2.77683,0.08922
14.28,pregrasp,-0.59339,-2.13978,-2.00544,-2.13797,-0.44680,2.62751,-0.56191,-2.07895,-1.96326,-2.10661,-0.50646,2.77678,0.08928
14.29,pregrasp,-0.59339,-2.13978,-2.00544,-2.13797,-0.43981,2.62751,-0.56188,-2.07891,-1.96316,-2.10641,-0.49939,2.77674,0.08935
14.30,pregrasp,-0.59339,-2.13978,-2.00544,-2.13797,-0.43283,2.62751,-0.56186,-2.07887,-1.96306,-2.10620,-0.49232,2.77670,0.08942
14.31,pregrasp,-0.59339,-2.13978,-2.00544,-2.13797,-0.42585,2.62751,-0.56184,-2.07884,-1.96295,-2.10600,-0.48525,2.77667,0.08948
14.32,pregrasp,-0.59339,-2.13978,-2.00544,-2.13797,-0.41887,2.62751,-0.56181,-2.07880,-1.96285,-2.10579,-0.47818,2.77664,0.08955
14.33,pregrasp,-0.59339,-2.13978,-2.00544,-2.13797,-0.41189,2.62751,-0.56179,-2.07876,-1.96275,-2.10558,-0.47111,2.77662,0.08962
14.34,pregrasp,-0.59339,-2.13978,-2.00544,-2.13797,-0.40491,2.62751,-0.56176,-2.07872,-1.96265,-2.10537,-0.46404,2.77661,0.08969
14.35,pregrasp,-0.59339,-2.13978,-2.00544,-2.13797,-0.39793,2.62751,-0.56174,-2.07868,-1.96254,-2.10516,-0.45697,2.77660,0.08976
14.36,pregrasp,-0.59339,-2.13978,-2.00544,-2.13797,-0.39095,2.62751,-0.56171,-2.07864,-1.96244,-2.10494,-0.44990,2.77659,0.08982
14.37,pregrasp,-0.59339,-2.13978,-2.00544,-2.13797,-0.38396,2.62751,-0.56169,-2.07859,-1.96233,-2.10473,-0.44283,2.77659,0.08990
14.38,pregrasp,-0.59339,-2.13978,-2.00544,-2.13797,-0.37698,2.62751,-0.56166,-2.07855,-1.96223,-2.10451,-0.43576,2.77659,0.08997
14.39,pregrasp,-0.59339,-2.13978,-2.00544,-2.13797,-0.37000,2.62751,-0.56164,-2.07851,-1.96212,-2.10429,-0.42869,2.77660,0.09004
14.40,pregrasp,-0.59339,-2.13978,-2.00544,-2.13797,-0.36302,2.62751,-0.56161,-2.07847,-1.96202,-2.10407,-0.42162,2.77661,0.09011
14.41,pregrasp,-0.59339,-2.13978,-2.00544,-2.13797,-0.35604,2.62751,-0.56159,-2.07843,-1.96191,-2.10385,-0.41455,2.77663,0.09018
14.42,pregrasp,-0.59339,-2.13978,-2.00544,-2.13797,-0.34906,2.62751,-0.56156,-2.07838,-1.96180,-2.10363,-0.40747,2.77665,0.09025
14.43,pregrasp,-0.59339,-2.13978,-2.00544,-2.13797,-0.34208,2.62751,-0.56153,-2.07834,-1.96169,-2.10340,-0.40040,2.77668,0.09033
14.44,pregrasp,-0.59339,-2.13978,-2.00544,-2.13797,-0.33509,2.62751,-0.56151,-2.07829,-1.96158,-2.10318,-0.39333,2.77671,0.09040
14.45,pregrasp,-0.59339,-2.13978,-2.00544,-2.13797,-0.32811,2.62751,-0.56148,-2.07825,-1.96148,-2.10295,-0.38626,2.77674,0.09048
14.46,pregrasp,-0.59339,-2.13978,-2.00544,-2.13797,-0.32113,2.62751,-0.56146,-2.07820,-1.96137,-2.10273,-0.37918,2.77678,0.09055
14.47,pregrasp,-0.59339,-2.13978,-2.00544,-2.13797,-0.31415,2.62751,-0.56143,-2.07816,-1.96126,-2.10250,-0.37211,2.77682,0.09063
14.48,pregrasp,-0.59339,-2.13978,-2.00544,-2.13797,-0.30717,2.62751,-0.56140,-2.07811,-1.96114,-2.10228,-0.36504,2.77687,0.09071
14.49,pregrasp,-0.59339,-2.13978,-2.00544,-2.13797,-0.30019,2.62751,-0.56137,-2.07806,-1.96103,-2.10205,-0.35797,2.77691,0.09078
14.50,pregrasp,-0.59339,-2.13978,-2.00544,-2.13797,-0.29321,2.62751,-0.56135,-2.07801,-1.96092,-2.10183,-0.35089,2.77696,0.09086
14.51,pregrasp,-0.59339,-2.13978,-2.00544,-2.13797,-0.28622,2.62751,-0.56132,-2.07796,-1.96081,-2.10160,-0.34382,2.77702,0.09094
14.52,pregrasp,-0.59339,-2.13978,-2.00544,-2.13797,-0.27924,2.62751,-0.56129,-2.07791,-1.96070,-2.10138,-0.33675,2.77708,0.09102
14.53,pregrasp,-0.59339,-2.13978,-2.00544,-2.13797,-0.27226,2.62751,-0.56126,-2.07786,-1.96059,-2.10115,-0.32967,2.77714,0.09110
14.54,pregrasp,-0.59339,-2.13978,-2.00544,-2.13797,-0.26528,2.62751,-0.56124,-2.07781,-1.96047,-2.10093,-0.32260,2.77720,0.09118
14.55,pregrasp,-0.59339,-2.13978,-2.00544,-2.13797,-0.25830,2.62751,-0.56121,-2.07775,-1.96036,-2.10070,-0.31553,2.77727,0.09126
14.56,pregrasp,-0.59339,-2.13978,-2.00544,-2.13797,-0.25132,2.62751,-0.56118,-2.07770,-1.96025,-2.10048,-0.30846,2.77734,0.09135
14.57,pregrasp,-0.59339,-2.13978,-2.00544,-2.13797,-0.24434,2.62751,-0.56115,-2.07764,-1.96013,-2.10026,-0.30138,2.77741,0.09143
14.58,pregrasp,-0.59339,-2.13978,-2.00544,-2.13797,-0.23736,2.62751,-0.56112,-2.07759,-1.96002,-2.10004,-0.29431,2.77748,0.09152
14.59,pregrasp,-0.59339,-2.13978,-2.00544,-2.13797,-0.23037,2.62751,-0.56109,-2.07753,-1.95990,-2.09982,-0.28724,2.77756,0.09160
14.60,pregrasp,-0.59339,-2.13978,-2.00544,-2.13797,-0.22339,2.62751,-0.56106,-2.07747,-1.95978,-2.09961,-0.28017,2.77764,0.09169
14.61,pregrasp,-0.59339,-2.13978,-2.00544,-2.13797,-0.21641,2.62751,-0.56103,-2.07742,-1.95967,-2.09939,-0.27310,2.77772,0.09177
14.62,pregrasp,-0.59339,-2.13978,-2.00544,-2.13797,-0.20943,2.62751,-0.56100,-2.07736,-1.95955,-2.09918,-0.26603,2.77780,0.09186
14.63,pregrasp,-0.59339,-2.13978,-2.00544,-2.13797,-0.20245,2.62751,-0.56097,-2.07730,-1.95943,-2.09897,-0.25896,2.77789,0.09195
14.64,pregrasp,-0.59339,-2.13978,-2.00544,-2.13797,-0.19547,2.62751,-0.56093,-2.07724,-1.95931,-2.09876,-0.25189,2.77797,0.09204
14.65,pregrasp,-0.59339,-2.13978,-2.00544,-2.13797,-0.18849,2.62751,-0.56090,-2.07717,-1.95920,-2.09856,-0.24482,2.77806,0.09213
14.66,pregrasp,-0.59339,-2.13978,-2.00544,-2.13797,-0.18150,2.62751,-0.56087,-2.07711,-1.95908,-2.09836,-0.23776,2.77815,0.09222
14.67,pregrasp,-0.59339,-2.13978,-2.00544,-2.13797,-0.17452,2.62751,-0.56084,-2.07705,-1.95896,-2.09816,-0.23069,2.77824,0.09231
14.68,pregrasp,-0.59339,-2.13978,-2.00544,-2.13797,-0.16754,2.62751,-0.56080,-2.07698,-1.95883,-2.09796,-0.22363,2.77834,0.09240
14.69,pregrasp,-0.59339,-2.13978,-2.00544,-2.13797,-0.16056,2.62751,-0.56077,-2.07692,-1.95871,-2.09777,-0.21656,2.77843,0.09250
14.70,pregrasp,-0.59339,-2.13978,-2.00544,-2.13797,-0.15358,2.62751,-0.56074,-2.07685,-1.95859,-2.09758,-0.20950,2.77853,0.09259
14.71,pregrasp,-0.59339,-2.13978,-2.00544,-2.13797,-0.14660,2.62751,-0.56071,-2.07678,-1.95847,-2.09739,-0.20244,2.77863,0.09269
14.72,pregrasp,-0.59339,-2.13978,-2.00544,-2.13797,-0.13962,2.62751,-0.56067,-2.07671,-1.95834,-2.09721,-0.19537,2.77872,0.09278
14.73,pregrasp,-0.59339,-2.13978,-2.00544,-2.13797,-0.13263,2.62751,-0.56064,-2.07665,-1.95822,-2.09703,-0.18831,2.77882,0.09288
14.74,pregrasp,-0.59339,-2.13978,-2.00544,-2.13797,-0.12565,2.62751,-0.56061,-2.07657,-1.95809,-2.09686,-0.18126,2.77892,0.09298
14.75,pregrasp,-0.59339,-2.13978,-2.00544,-2.13797,-0.11867,2.62751,-0.56057,-2.07650,-1.95796,-2.09669,-0.17420,2.77902,0.09307
14.76,pregrasp,-0.59339,-2.13978,-2.00544,-2.13797,-0.11169,2.62751,-0.56054,-2.07643,-1.95784,-2.09653,-0.16714,2.77913,0.09317
14.77,pregrasp,-0.59339,-2.13978,-2.00544,-2.13797,-0.10471,2.62751,-0.56050,-2.07636,-1.95771,-2.09637,-0.16009,2.77923,0.09327
14.78,pregrasp,-0.59339,-2.13978,-2.00544,-2.13797,-0.09773,2.62751,-0.56047,-2.07629,-1.95758,-2.09621,-0.15304,2.77933,0.09337
14.79,pregrasp,-0.59339,-2.13978,-2.00544,-2.13797,-0.09075,2.62751,-0.56044,-2.07621,-1.95745,-2.09606,-0.14599,2.77944,0.09348
14.80,pregrasp,-0.59339,-2.13978,-2.00544,-2.13797,-0.08376,2.62751,-0.56040,-2.07614,-1.95731,-2.09591,-0.13894,2.77954,0.09358
14.81,pregrasp,-0.59339,-2.13978,-2.00544,-2.13797,-0.07678,2.62751,-0.56037,-2.07607,-1.95718,-2.09577,-0.13189,2.77965,0.09368
14.82,pregrasp,-0.59339,-2.13978,-2.00544,-2.13797,-0.06980,2.62751,-0.56034,-2.07599,-1.95705,-2.09563,-0.12484,2.77976,0.09378
14.83,pregrasp,-0.59339,-2.13978,-2.00544,-2.13797,-0.06282,2.62751,-0.56030,-2.07592,-1.95691,-2.09550,-0.11780,2.77987,0.09389
14.84,pregrasp,-0.59339,-2.13978,-2.00544,-2.13797,-0.05584,2.62751,-0.56027,-2.07584,-1.95677,-2.09537,-0.11076,2.77998,0.09400
14.85,pregrasp,-0.59339,-2.13978,-2.00544,-2.13797,-0.04886,2.62751,-0.56024,-2.07576,-1.95664,-2.09525,-0.10372,2.78009,0.09410
14.86,pregrasp,-0.59339,-2.13978,-2.00544,-2.13797,-0.04188,2.62751,-0.56021,-2.07568,-1.95650,-2.09514,-0.09669,2.78021,0.09421
14.87,pregrasp,-0.59339,-2.13978,-2.00544,-2.13797,-0.03490,2.62751,-0.56018,-2.07561,-1.95635,-2.09502,-0.08965,2.78032,0.09432
14.88,pregrasp,-0.59339,-2.13978,-2.00544,-2.13797,-0.02791,2.62751,-0.56014,-2.07553,-1.95621,-2.09492,-0.08262,2.78044,0.09442
14.89,pregrasp,-0.59339,-2.13978,-2.00544,-2.13797,-0.02093,2.62751,-0.56011,-2.07545,-1.95607,-2.09482,-0.07559,2.78056,0.09453
14.90,pregrasp,-0.59339,-2.13978,-2.00544,-2.13797,-0.01395,2.62751,-0.56008,-2.07537,-1.95592,-2.09473,-0.06856,2.78068,0.09464
14.91,pregrasp,-0.59339,-2.13978,-2.00544,-2.13797,-0.00697,2.62751,-0.56006,-2.07529,-1.95578,-2.09464,-0.06154,2.78080,0.09475
14.92,pregrasp,-0.59339,-2.13978,-2.00544,-2.13797,0.00001,2.62751,-0.56003,-2.07521,-1.95563,-2.09455,-0.05452,2.78092,0.09487
14.93,pregrasp,-0.59339,-2.13978,-2.00544,-2.13797,0.00699,2.62751,-0.56000,-2.07513,-1.95548,-2.09448,-0.04750,2.78105,0.09498
14.94,pregrasp,-0.59339,-2.13978,-2.00544,-2.13797,0.01397,2.62751,-0.55998,-2.07505,-1.95533,-2.09440,-0.04049,2.78118,0.09509
14.95,pregrasp,-0.59339,-2.13978,-2.00544,-2.13797,0.02096,2.62751,-0.55995,-2.07498,-1.95518,-2.09434,-0.03348,2.78131,0.09520
14.96,pregrasp,-0.59339,-2.13978,-2.00544,-2.13797,0.02794,2.62751,-0.55993,-2.07490,-1.95502,-2.09427,-0.02647,2.78145,0.09531
14.97,pregrasp,-0.59339,-2.13978,-2.00544,-2.13797,0.03492,2.62751,-0.55991,-2.07482,-1.95486,-2.09421,-0.01946,2.78160,0.09543
14.98,pregrasp,-0.59339,-2.13978,-2.00544,-2.13797,0.04190,2.62751,-0.55988,-2.07474,-1.95470,-2.09415,-0.01246,2.78176,0.09554
14.99,pregrasp,-0.59339,-2.13978,-2.00544,-2.13797,0.04888,2.62751,-0.55986,-2.07467,-1.95454,-2.09409,-0.00547,2.78194,0.09565
15.00,pregrasp,-0.59339,-2.13978,-2.00544,-2.13797,0.05586,2.62751,-0.55984,-2.07459,-1.95444,-2.09398,0.00056,2.78296,0.09575
15.01,pregrasp,-0.59339,-2.13978,-2.00544,-2.13797,0.06284,2.62751,-0.55987,-2.07461,-1.95413,-2.09355,0.00615,2.78396,0.09586
15.02,pregrasp,-0.59339,-2.13978,-2.00544,-2.13797,0.06983,2.62751,-0.55985,-2.07454,-1.95382,-2.09323,0.01202,2.78484,0.09603
15.03,pregrasp,-0.59339,-2.13978,-2.00544,-2.13797,0.07681,2.62751,-0.55981,-2.07451,-1.95351,-2.09289,0.01800,2.78598,0.09618
15.04,pregrasp,-0.59339,-2.13978,-2.00544,-2.13797,0.08379,2.62751,-0.55977,-2.07448,-1.95319,-2.09254,0.02407,2.78727,0.09633
15.05,pregrasp,-0.59339,-2.13978,-2.00544,-2.13797,0.09077,2.62751,-0.55972,-2.07445,-1.95286,-2.09222,0.03022,2.78863,0.09648
15.06,pregrasp,-0.59339,-2.13978,-2.00544,-2.13797,0.09775,2.62751,-0.55967,-2.07441,-1.95253,-2.09194,0.03644,2.79002,0.09664
15.07,pregrasp,-0.59339,-2.13978,-2.00544,-2.13797,0.10473,2.62751,-0.55963,-2.07436,-1.95222,-2.09170,0.04273,2.79141,0.09680
15.08,pregrasp,-0.59339,-2.13978,-2.00544,-2.13797,0.11171,2.62751,-0.55958,-2.07429,-1.95191,-2.09150,0.04909,2.79280,0.09696
15.09,pregrasp,-0.59339,-2.13978,-2.00544,-2.13797,0.11870,2.62751,-0.55953,-2.07422,-1.95161,-2.09135,0.05550,2.79419,0.09713
15.10,pregrasp,-0.59339,-2.13978,-2.00544,-2.13797,0.12568,2.62751,-0.55948,-2.07413,-1.95133,-2.09123,0.06195,2.79556,0.09730
15.11,pregrasp,-0.59339,-2.13978,-2.00544,-2.13797,0.13266,2.62751,-0.55942,-2.07403,-1.95104,-2.09115,0.06845,2.79693,0.09748
15.12,pregrasp,-0.59339,-2.13978,-2.00544,-2.13797,0.13964,2.62751,-0.55937,-2.07392,-1.95076,-2.09111,0.07498,2.79829,0.09766
15.13,pregrasp,-0.59339,-2.13978,-2.00544,-2.13797,0.14662,2.62751,-0.55932,-2.07381,-1.95049,-2.09109,0.08154,2.79963,0.09784
15.14,pregrasp,-0.59339,-2.13978,-2.00544,-2.13797,0.15360,2.62751,-0.55926,-2.07369,-1.95023,-2.09111,0.08814,2.80096,0.09782
15.15,pregrasp,-0.59339,-2.13978,-2.00544,-2.13797,0.16058,2.62751,-0.55921,-2.07356,-1.94996,-2.09116,0.09475,2.80229,0.09763
15.16,pregrasp,-0.59339,-2.13978,-2.00544,-2.13797,0.16756,2.62751,-0.55915,-2.07343,-1.94970,-2.09123,0.10139,2.80360,0.09744
15.17,pregrasp,-0.59339,-2.13978,-2.00544,-2.13797,0.17455,2.62751,-0.55910,-2.07329,-1.94945,-2.09133,0.10805,2.80490,0.09725
15.18,pregrasp,-0.59339,-2.13978,-2.00544,-2.13797,0.18153,2.62751,-0.55904,-2.07314,-1.94919,-2.09145,0.11472,2.80619,0.09706
15.19,pregrasp,-0.59339,-2.13978,-2.00544,-2.13797,0.18851,2.62751,-0.55899,-2.07300,-1.94894,-2.09160,0.12140,2.80746,0.09687
15.20,pregrasp,-0.59339,-2.13978,-2.00544,-2.13797,0.19549,2.62751,-0.55893,-2.07285,-1.94869,-2.09176,0.12810,2.80873,0.09669
15.21,pregrasp,-0.59339,-2.13978,-2.00544,-2.13797,0.20247,2.62751,-0.55888,-2.07269,-1.94844,-2.09194,0.13481,2.80998,0.09650
15.22,pregrasp,-0.59339,-2.13978,-2.00544,-2.13797,0.20945,2.62751,-0.55883,-2.07254,-1.94819,-2.09213,0.14153,2.81123,0.09632
15.23,pregrasp,-0.59339,-2.13978,-2.00544,-2.13797,0.21643,2.62751,-0.55877,-2.07238,-1.94794,-2.09235,0.14825,2.81246,0.09613
15.24,pregrasp,-0.59339,-2.13978,-2.00544,-2.13797,0.22342,2.62751,-0.55872,-2.07222,-1.94769,-2.09257,0.15499,2.81368,0.09595
15.25,pregrasp,-0.59339,-2.13978,-2.00544,-2.13797,0.23040,2.62751,-0.55867,-2.07206,-1.94744,-2.09282,0.16172,2.81490,0.09576
15.26,pregrasp,-0.59339,-2.13978,-2.00544,-2.13797,0.23738,2.62751,-0.55862,-2.07190,-1.94719,-2.09307,0.16847,2.81611,0.09558
15.27,pregrasp,-0.59339,-2.13978,-2.00544,-2.13797,0.24436,2.62751,-0.55857,-2.07173,-1.94694,-2.09334,0.17522,2.81730,0.09540
15.28,pregrasp,-0.59339,-2.13978,-2.00544,-2.13797,0.25134,2.62751,-0.55853,-2.07157,-1.94669,-2.09362,0.18197,2.81848,0.09522
15.29,pregrasp,-0.59339,-2.13978,-2.00544,-2.13797,0.25832,2.62751,-0.55848,-2.07140,-1.94644,-2.09390,0.18872,2.81966,0.09504
15.30,pregrasp,-0.59339,-2.13978,-2.00544,-2.13797,0.26530,2.62751,-0.55844,-2.07123,-1.94619,-2.09420,0.19548,2.82083,0.09486
15.31,pregrasp,-0.59339,-2.13978,-2.00544,-2.13797,0.27229,2.62751,-0.55839,-2.07107,-1.94594,-2.09451,0.20224,2.82199,0.09468
15.32,pregrasp,-0.59339,-2.13978,-2.00544,-2.13797,0.27927,2.62751,-0.55835,-2.07090,-1.94569,-2.09482,0.20900,2.82315,0.09450
15.33,pregrasp,-0.59339,-2.13978,-2.00544,-2.13797,0.28625,2.62751,-0.55831,-2.07074,-1.94544,-2.09514,0.21576,2.82429,0.09433
15.34,pregrasp,-0.59339,-2.13978,-2.00544,-2.13797,0.29323,2.62751,-0.55828,-2.07057,-1.94519,-2.09547,0.22252,2.82544,0.09415
15.35,pregrasp,-0.59339,-2.13978,-2.00544,-2.13797,0.30021,2.62751,-0.55824,-2.07040,-1.94493,-2.09580,0.22929,2.82657,0.09398
15.36,pregrasp,-0.59339,-2.13978,-2.00544,-2.13797,0.30719,2.62751,-0.55821,-2.07023,-1.94468,-2.09614,0.23605,2.82769,0.09380
15.37,pregrasp,-0.59339,-2.13978,-2.00544,-2.13797,0.31417,2.62751,-0.55818,-2.07007,-1.94443,-2.09649,0.24282,2.82881,0.09363
15.38,pregrasp,-0.59339,-2.13978,-2.00544,-2.13797,0.32115,2.62751,-0.55815,-2.06990,-1.94417,-2.09684,0.24958,2.82992,0.09346
15.39,pregrasp,-0.59339,-2.13978,-2.00544,-2.13797,0.32814,2.62751,-0.55813,-2.06973,-1.94392,-2.09719,0.25635,2.83102,0.09328
15.40,pregrasp,-0.59339,-2.13978,-2.00544,-2.13797,0.33512,2.62751,-0.55810,-2.06957,-1.94366,-2.09755,0.26311,2.83212,0.09311
15.41,pregrasp,-0.59339,-2.13978,-2.00544,-2.13797,0.34210,2.62751,-0.55808,-2.06940,-1.94341,-2.09791,0.26988,2.83321,0.09294
15.42,pregrasp,-0.59339,-2.13978,-2.00544,-2.13797,0.34908,2.62751,-0.55806,-2.06924,-1.94315,-2.09828,0.27665,2.83431,0.09277
15.43,pregrasp,-0.59339,-2.13978,-2.00544,-2.13797,0.35606,2.62751,-0.55805,-2.06907,-1.94289,-2.09864,0.28341,2.83539,0.09260
15.44,pregrasp,-0.59339,-2.13978,-2.00544,-2.13797,0.36304,2.62751,-0.55803,-2.06890,-1.94264,-2.09901,0.29018,2.83647,0.09243
15.45,pregrasp,-0.59339,-2.13978,-2.00544,-2.13797,0.37002,2.62751,-0.55802,-2.06874,-1.94238,-2.09939,0.29694,2.83753,0.09226
15.46,pregrasp,-0.59339,-2.13978,-2.00544,-2.13797,0.37701,2.62751,-0.55801,-2.06858,-1.94212,-2.09976,0.30371,2.83860,0.09209
15.47,pregrasp,-0.59339,-2.13978,-2.00544,-2.13797,0.38399,2.62751,-0.55801,-2.06841,-1.94186,-2.10014,0.31048,2.83966,0.09193
15.48,pregrasp,-0.59339,-2.13978,-2.00544,-2.13797,0.39097,2.62751,-0.55801,-2.06825,-1.94161,-2.10052,0.31724,2.84071,0.09176
15.49,pregrasp,-0.59339,-2.13978,-2.00544,-2.13797,0.39795,2.62751,-0.55801,-2.06808,-1.94135,-2.10090,0.32401,2.84176,0.09159
15.50,pregrasp,-0.59339,-2.13978,-2.00544,-2.13797,0.40493,2.62751,-0.55801,-2.06792,-1.94109,-2.10128,0.33078,2.84280,0.09143
15.51,pregrasp,-0.59339,-2.13978,-2.00544,-2.13797,0.41191,2.62751,-0.55802,-2.06776,-1.94083,-2.10166,0.33754,2.84384,0.09126
15.52,pregrasp,-0.59339,-2.13978,-2.00544,-2.13797,0.41889,2.62751,-0.55802,-2.06760,-1.94057,-2.10204,0.34431,2.84487,0.09110
15.53,pregrasp,-0.59339,-2.13978,-2.00544,-2.13797,0.42588,2.62751,-0.55804,-2.06743,-1.94031,-2.10242,0.35107,2.84591,0.09094
15.54,pregrasp,-0.59339,-2.13978,-2.00544,-2.13797,0.43286,2.62751,-0.55805,-2.06727,-1.94006,-2.10281,0.35784,2.84693,0.09077
15.55,pregrasp,-0.59339,-2.13978,-2.00544,-2.13797,0.43984,2.62751,-0.55807,-2.06712,-1.93979,-2.10319,0.36460,2.84796,0.09061
15.56,pregrasp,-0.59339,-2.13978,-2.00544,-2.13797,0.44682,2.62751,-0.55809,-2.06696,-1.93953,-2.10357,0.37136,2.84899,0.09045
15.57,pregrasp,-0.59339,-2.13978,-2.00544,-2.13797,0.45380,2.62751,-0.55811,-2.06680,-1.93927,-2.10395,0.37813,2.85000,0.09029
15.58,pregrasp,-0.59339,-2.13978,-2.00544,-2.13797,0.46078,2.62751,-0.55814,-2.06664,-1.93901,-2.10433,0.38489,2.85103,0.09013
15.59,pregrasp,-0.59339,-2.13978,-2.00544,-2.13797,0.46776,2.62751,-0.55817,-2.06649,-1.93875,-2.10471,0.39166,2.85204,0.08996
15.60,pregrasp,-0.59339,-2.13978,-2.00544,-2.13797,0.47475,2.62751,-0.55820,-2.06633,-1.93849,-2.10508,0.39842,2.85305,0.08980
15.61,pregrasp,-0.59339,-2.13978,-2.00544,-2.13797,0.48173,2.62751,-0.55824,-2.06617,-1.93823,-2.10546,0.40518,2.85406,0.08965
15.62,pregrasp,-0.59339,-2.13978,-2.00544,-2.13797,0.48871,2.62751,-0.55828,-2.06602,-1.93797,-2.10584,0.41195,2.85507,0.08949
15.63,pregrasp,-0.59339,-2.13978,-2.00544,-2.13797,0.49569,2.62751,-0.55832,-2.06586,-1.93771,-2.10622,0.41871,2.85607,0.08933
15.64,pregrasp,-0.59339,-2.13978,-2.00544,-2.13797,0.50267,2.62751,-0.55837,-2.06571,-1.93745,-2.10659,0.42548,2.85707,0.08917
15.65,pregrasp,-0.59339,-2.13978,-2.00544,-2.13797,0.50965,2.62751,-0.55841,-2.06555,-1.93719,-2.10697,0.43224,2.85806,0.08901
15.66,pregrasp,-0.59339,-2.13978,-2.00544,-2.13797,0.51663,2.62751,-0.55847,-2.06540,-1.93693,-2.10734,0.43900,2.85905,0.08886
15.67,pregrasp,-0.59339,-2.13978,-2.00544,-2.13797,0.52361,2.62751,-0.55852,-2.06524,-1.93668,-2.10772,0.44577,2.86005,0.08870
15.68,pregrasp,-0.59339,-2.13978,-2.00544,-2.13797,0.53060,2.62751,-0.55858,-2.06509,-1.93642,-2.10809,0.45253,2.86104,0.08855
15.69,pregrasp,-0.59339,-2.13978,-2.00544,-2.13797,0.53758,2.62751,-0.55864,-2.06494,-1.93616,-2.10845,0.45929,2.86204,0.08839
15.70,pregrasp,-0.59339,-2.13978,-2.00544,-2.13797,0.54456,2.62751,-0.55873,-2.06479,-1.93583,-2.10905,0.46575,2.86224,0.08830
15.71,pregrasp,-0.59339,-2.13978,-2.00544,-2.13797,0.55154,2.62751,-0.55904,-2.06471,-1.93551,-2.10969,0.47200,2.86279,0.08818
15.72,pregrasp,-0.59339,-2.13978,-2.00544,-2.13797,0.55852,2.62751,-0.55957,-2.06466,-1.93509,-2.11047,0.47776,2.86317,0.08812
15.73,pregrasp,-0.59339,-2.13978,-2.00544,-2.13797,0.56550,2.62751,-0.56020,-2.06466,-1.93476,-2.11099,0.48412,2.86428,0.08795
15.74,pregrasp,-0.59339,-2.13978,-2.00544,-2.13797,0.57248,2.62751,-0.56077,-2.06451,-1.93427,-2.11177,0.48990,2.86481,0.08796
15.75,pregrasp,-0.59339,-2.13978,-2.00544,-2.13797,0.57947,2.62751,-0.56142,-2.06454,-1.93396,-2.11254,0.49601,2.86466,0.08782
15.76,pregrasp,-0.59339,-2.13978,-2.00544,-2.13797,0.58645,2.62751,-0.56200,-2.06442,-1.93354,-2.11319,0.50208,2.86562,0.08777
15.77,pregrasp,-0.59339,-2.13978,-2.00544,-2.13797,0.59343,2.62751,-0.56263,-2.06439,-1.93316,-2.11417,0.50792,2.86474,0.08772
15.78,pregrasp,-0.59339,-2.13978,-2.00544,-2.13797,0.60041,2.62751,-0.56319,-2.06427,-1.93280,-2.11474,0.51403,2.86612,0.08764
15.79,pregrasp,-0.59339,-2.13978,-2.00544,-2.13797,0.60739,2.62751,-0.56384,-2.06426,-1.93248,-2.11567,0.51999,2.86539,0.08756
15.80,pregrasp,-0.59339,-2.13978,-2.00544,-2.13797,0.61437,2.62751,-0.56439,-2.06410,-1.93209,-2.11632,0.52594,2.86666,0.08754
15.81,pregrasp,-0.59339,-2.13978,-2.00544,-2.13797,0.62135,2.62751,-0.56502,-2.06412,-1.93189,-2.11701,0.53233,2.86702,0.08737
15.82,pregrasp,-0.59339,-2.13978,-2.00544,-2.13797,0.62834,2.62751,-0.56552,-2.06400,-1.93163,-2.11749,0.53879,2.86831,0.08725
15.83,pregrasp,-0.59339,-2.13978,-2.00544,-2.13797,0.63532,2.62751,-0.56604,-2.06379,-1.93117,-2.11839,0.54434,2.86873,0.08733
15.84,pregrasp,-0.59339,-2.13978,-2.00544,-2.13797,0.64230,2.62751,-0.56635,-2.06361,-1.93077,-2.11930,0.55048,2.86708,0.08736
15.85,pregrasp,-0.59339,-2.13978,-2.00544,-2.13797,0.64928,2.62751,-0.56653,-2.06344,-1.93053,-2.12020,0.55678,2.86522,0.08733
15.86,pregrasp,-0.59339,-2.13978,-2.00544,-2.13797,0.65626,2.62751,-0.56667,-2.06328,-1.93027,-2.12096,0.56319,2.86427,0.08729
15.87,pregrasp,-0.59339,-2.13978,-2.00544,-2.13797,0.66324,2.62751,-0.56695,-2.06317,-1.93007,-2.12155,0.56965,2.86495,0.08718
15.88,pregrasp,-0.59339,-2.13978,-2.00544,-2.13797,0.67022,2.62751,-0.56739,-2.06315,-1.92999,-2.12179,0.57660,2.86716,0.08692
15.89,pregrasp,-0.59339,-2.13978,-2.00544,-2.13797,0.67720,2.62751,-0.56787,-2.06292,-1.92962,-2.12256,0.58245,2.86860,0.08697
15.90,pregrasp,-0.59339,-2.13978,-2.00544,-2.13797,0.68419,2.62751,-0.56821,-2.06274,-1.92926,-2.12329,0.58876,2.86799,0.08697
15.91,pregrasp,-0.59339,-2.13978,-2.00544,-2.13797,0.69117,2.62751,-0.56839,-2.06256,-1.92904,-2.12404,0.59529,2.86674,0.08693
15.92,pregrasp,-0.59339,-2.13978,-2.00544,-2.13797,0.69815,2.62751,-0.56851,-2.06238,-1.92881,-2.12475,0.60184,2.86573,0.08689
15.93,pregrasp,-0.59339,-2.13978,-2.00544,-2.13797,0.70513,2.62751,-0.56861,-2.06221,-1.92859,-2.12543,0.60844,2.86500,0.08684
15.94,pregrasp,-0.59339,-2.13978,-2.00544,-2.13797,0.71211,2.62751,-0.56877,-2.06205,-1.92836,-2.12602,0.61502,2.86515,0.08677
15.95,pregrasp,-0.59339,-2.13978,-2.00544,-2.13797,0.71909,2.62751,-0.56906,-2.06193,-1.92817,-2.12665,0.62150,2.86574,0.08668
15.96,pregrasp,-0.59339,-2.13978,-2.00544,-2.13797,0.72607,2.62751,-0.56941,-2.06179,-1.92793,-2.12730,0.62791,2.86624,0.08663
15.97,pregrasp,-0.59339,-2.13978,-2.00544,-2.13797,0.73306,2.62751,-0.56960,-2.06159,-1.92771,-2.12791,0.63462,2.86561,0.08658
15.98,pregrasp,-0.59339,-2.13978,-2.00544,-2.13797,0.74004,2.62751,-0.56974,-2.06140,-1.92751,-2.12843,0.64139,2.86563,0.08651
15.99,pregrasp,-0.59339,-2.13978,-2.00544,-2.13797,0.74702,2.62751,-0.57000,-2.06128,-1.92736,-2.12899,0.64799,2.86653,0.08641
16.00,pregrasp,-0.59339,-2.13978,-2.00544,-2.13797,0.75400,2.62751,-0.57038,-2.06115,-1.92716,-2.12961,0.65443,2.86751,0.08635
16.01,pregrasp,-0.59339,-2.13978,-2.00544,-2.13797,0.76098,2.62751,-0.57060,-2.06094,-1.92692,-2.13017,0.66118,2.86720,0.08631
16.02,pregrasp,-0.59339,-2.13978,-2.00544,-2.13797,0.76796,2.62751,-0.57072,-2.06075,-1.92674,-2.13072,0.66797,2.86681,0.08625
16.03,pregrasp,-0.59339,-2.13978,-2.00544,-2.13797,0.77494,2.62751,-0.57083,-2.06057,-1.92654,-2.13126,0.67475,2.86654,0.08618
16.04,pregrasp,-0.59339,-2.13978,-2.00544,-2.13797,0.78193,2.62751,-0.57093,-2.06038,-1.92634,-2.13178,0.68155,2.86645,0.08612
16.05,pregrasp,-0.59339,-2.13978,-2.00544,-2.13797,0.78891,2.62751,-0.57108,-2.06022,-1.92616,-2.13230,0.68829,2.86670,0.08605
16.06,pregrasp,-0.59339,-2.13978,-2.00544,-2.13797,0.79589,2.62751,-0.57126,-2.06006,-1.92597,-2.13283,0.69502,2.86693,0.08598
16.07,pregrasp,-0.59339,-2.13978,-2.00544,-2.13797,0.80287,2.62751,-0.57140,-2.05987,-1.92578,-2.13332,0.70187,2.86688,0.08592
16.08,pregrasp,-0.59339,-2.13978,-2.00544,-2.13797,0.80985,2.62751,-0.57158,-2.05971,-1.92560,-2.13384,0.70862,2.86717,0.08585
16.09,pregrasp,-0.59339,-2.13978,-2.00544,-2.13797,0.81683,2.62751,-0.57173,-2.05953,-1.92541,-2.13432,0.71548,2.86718,0.08578
16.10,pregrasp,-0.59339,-2.13978,-2.00544,-2.13797,0.82381,2.62751,-0.57192,-2.05937,-1.92525,-2.13483,0.72222,2.86758,0.08572
16.11,pregrasp,-0.59339,-2.13978,-2.00544,-2.13797,0.83080,2.62751,-0.57207,-2.05919,-1.92506,-2.13530,0.72910,2.86754,0.08565
16.12,pregrasp,-0.59339,-2.13978,-2.00544,-2.13797,0.83778,2.62751,-0.57225,-2.05903,-1.92489,-2.13580,0.73589,2.86780,0.08559
16.13,pregrasp,-0.59339,-2.13978,-2.00544,-2.13797,0.84476,2.62751,-0.57240,-2.05885,-1.92472,-2.13625,0.74277,2.86789,0.08552
16.14,pregrasp,-0.59339,-2.13978,-2.00544,-2.13797,0.85174,2.62751,-0.57260,-2.05870,-1.92456,-2.13675,0.74953,2.86839,0.08545
16.15,pregrasp,-0.59339,-2.13978,-2.00544,-2.13797,0.85872,2.62751,-0.57277,-2.05852,-1.92438,-2.13721,0.75642,2.86835,0.08539
16.16,pregrasp,-0.59339,-2.13978,-2.00544,-2.13797,0.86570,2.62751,-0.57294,-2.05836,-1.92422,-2.13768,0.76327,2.86856,0.08532
16.17,pregrasp,-0.59339,-2.13978,-2.00544,-2.13797,0.87268,2.62751,-0.57312,-2.05819,-1.92406,-2.13815,0.77011,2.86880,0.08526
16.18,pregrasp,-0.59339,-2.13978,-2.00544,-2.13797,0.87966,2.62751,-0.57330,-2.05803,-1.92390,-2.13859,0.77699,2.86899,0.08519
16.19,pregrasp,-0.59339,-2.13978,-2.00544,-2.13797,0.88665,2.62751,-0.57351,-2.05787,-1.92375,-2.13907,0.78379,2.86940,0.08513
16.20,pregrasp,-0.59339,-2.13978,-2.00544,-2.13797,0.89363,2.62751,-0.57369,-2.05770,-1.92359,-2.13951,0.79070,2.86950,0.08507
16.21,pregrasp,-0.59339,-2.13978,-2.00544,-2.13797,0.90061,2.62751,-0.57390,-2.05755,-1.92344,-2.13998,0.79751,2.86989,0.08501
16.22,pregrasp,-0.59339,-2.13978,-2.00544,-2.13797,0.90759,2.62751,-0.57409,-2.05738,-1.92329,-2.14040,0.80442,2.87004,0.08494
16.23,pregrasp,-0.59339,-2.13978,-2.00544,-2.13797,0.91457,2.62751,-0.57432,-2.05724,-1.92315,-2.14087,0.81122,2.87056,0.08489
16.24,pregrasp,-0.59339,-2.13978,-2.00544,-2.13797,0.92155,2.62751,-0.57452,-2.05707,-1.92300,-2.14129,0.81814,2.87067,0.08380
16.25,pregrasp,-0.59339,-2.13978,-2.00544,-2.13797,0.92853,2.62751,-0.57474,-2.05692,-1.92287,-2.14176,0.82496,2.87109,0.08257
16.26,pregrasp,-0.59339,-2.13978,-2.00544,-2.13797,0.93552,2.62751,-0.57495,-2.05676,-1.92272,-2.14217,0.83188,2.87129,0.08140
16.27,pregrasp,-0.59339,-2.13978,-2.00544,-2.13797,0.94250,2.62751,-0.57520,-2.05662,-1.92261,-2.14264,0.83868,2.87188,0.08024
16.28,pregrasp,-0.59339,-2.13978,-2.00544,-2.13797,0.94948,2.62751,-0.57542,-2.05646,-1.92246,-2.14305,0.84560,2.87202,0.07914
16.29,pregrasp,-0.59339,-2.13978,-2.00544,-2.13797,0.95646,2.62751,-0.57567,-2.05632,-1.92235,-2.14350,0.85243,2.87253,0.07806
16.30,pregrasp,-0.59339,-2.13978,-2.00544,-2.13797,0.96344,2.62751,-0.57591,-2.05617,-1.92221,-2.14392,0.85933,2.87280,0.07704
16.31,pregrasp,-0.59339,-2.13978,-2.00544,-2.13797,0.97042,2.62751,-0.57617,-2.05603,-1.92211,-2.14437,0.86616,2.87333,0.07604
16.32,pregrasp,-0.59339,-2.13978,-2.00544,-2.13797,0.97740,2.62751,-0.57643,-2.05588,-1.92199,-2.14479,0.87304,2.87367,0.07509
16.33,pregrasp,-0.59339,-2.13978,-2.00544,-2.13797,0.97740,2.62751,-0.57667,-2.05574,-1.92191,-2.14517,0.87918,2.87406,0.07427
16.34,pregrasp,-0.59339,-2.13978,-2.00544,-2.13797,0.97740,2.62751,-0.57695,-2.05565,-1.92189,-2.14556,0.88457,2.87485,0.07351
16.35,pregrasp,-0.59339,-2.13978,-2.00544,-2.13797,0.97740,2.62751,-0.57725,-2.05559,-1.92189,-2.14592,0.88936,2.87574,0.07281
16.36,pregrasp,-0.59339,-2.13978,-2.00544,-2.13797,0.97740,2.62751,-0.57756,-2.05554,-1.92191,-2.14623,0.89366,2.87671,0.07218
16.37,pregrasp,-0.59339,-2.13978,-2.00544,-2.13797,0.97740,2.62751,-0.57785,-2.05552,-1.92198,-2.14637,0.89771,2.87814,0.07160
16.38,pregrasp,-0.59339,-2.13978,-2.00544,-2.13797,0.97740,2.62751,-0.57805,-2.05546,-1.92209,-2.14615,0.90171,2.88103,0.07112
16.39,pregrasp,-0.59339,-2.13978,-2.00544,-2.13797,0.97740,2.62751,-0.57825,-2.05532,-1.92198,-2.14677,0.90417,2.88161,0.07078
16.40,pregrasp,-0.59339,-2.13978,-2.00544,-2.13797,0.97740,2.62751,-0.57844,-2.05524,-1.92181,-2.14713,0.90656,2.88110,0.07053
16.41,pregrasp,-0.59339,-2.13978,-2.00544,-2.13797,0.97740,2.62751,-0.57850,-2.05520,-1.92177,-2.14743,0.90892,2.87949,0.07029
16.42,pregrasp,-0.59339,-2.13978,-2.00544,-2.13797,0.97740,2.62751,-0.57856,-2.05519,-1.92176,-2.14776,0.91090,2.87848,0.07006
16.43,pregrasp,-0.59339,-2.13978,-2.00544,-2.13797,0.97740,2.62751,-0.57860,-2.05517,-1.92173,-2.14799,0.91273,2.87785,0.06989
16.44,pregrasp,-0.59339,-2.13978,-2.00544,-2.13797,0.97740,2.62751,-0.57869,-2.05517,-1.92177,-2.14809,0.91447,2.87848,0.06968
16.45,pregrasp,-0.59339,-2.13978,-2.00544,-2.13797,0.97740,2.62751,-0.57871,-2.05524,-1.92204,-2.14734,0.91726,2.88119,0.06944
16.46,pregrasp,-0.59339,-2.13978,-2.00544,-2.13797,0.97740,2.62751,-0.57857,-2.05493,-1.92204,-2.14799,0.91816,2.88238,0.06937
16.47,pregrasp,-0.59339,-2.13978,-2.00544,-2.13797,0.97740,2.62751,-0.57876,-2.05500,-1.92186,-2.14824,0.91887,2.88130,0.06928
16.48,pregrasp,-0.59339,-2.13978,-2.00544,-2.13797,0.97740,2.62751,-0.57886,-2.05503,-1.92179,-2.14850,0.91971,2.87996,0.06917
16.49,pregrasp,-0.59339,-2.13978,-2.00544,-2.13797,0.97740,2.62751,-0.57888,-2.05504,-1.92176,-2.14869,0.92055,2.87898,0.06909
16.50,pregrasp,-0.59339,-2.13978,-2.00544,-2.13797,0.97740,2.62751,-0.57892,-2.05504,-1.92183,-2.14872,0.92173,2.87959,0.06895
16.51,pregrasp,-0.59339,-2.13978,-2.00544,-2.13797,0.97740,2.62751,-0.57887,-2.05514,-1.92210,-2.14774,0.92390,2.88206,0.06884
16.52,pregrasp,-0.59339,-2.13978,-2.00544,-2.13797,0.97740,2.62751,-0.57861,-2.05477,-1.92213,-2.14851,0.92400,2.88285,0.06886
16.53,pregrasp,-0.59339,-2.13978,-2.00544,-2.13797,0.97740,2.62751,-0.57877,-2.05486,-1.92194,-2.14869,0.92415,2.88118,0.06884
16.54,pregrasp,-0.59339,-2.13978,-2.00544,-2.13797,0.97740,2.62751,-0.57888,-2.05491,-1.92194,-2.14901,0.92434,2.87987,0.06872
16.55,pregrasp,-0.59339,-2.13978,-2.00544,-2.13797,0.97740,2.62751,-0.57900,-2.05495,-1.92191,-2.14914,0.92463,2.87983,0.06864
16.56,pregrasp,-0.59339,-2.13978,-2.00544,-2.13797,0.97740,2.62751,-0.57902,-2.05497,-1.92206,-2.14883,0.92604,2.88109,0.06851
16.57,pregrasp,-0.59339,-2.13978,-2.00544,-2.13797,0.97740,2.62751,-0.57893,-2.05487,-1.92216,-2.14868,0.92719,2.88267,0.06846
16.58,pregrasp,-0.59339,-2.13978,-2.00544,-2.13797,0.97740,2.62751,-0.57899,-2.05490,-1.92206,-2.14902,0.92685,2.88162,0.06845
16.59,pregrasp,-0.59339,-2.13978,-2.00544,-2.13797,0.97740,2.62751,-0.57905,-2.05492,-1.92194,-2.14929,0.92669,2.88056,0.06845
16.60,pregrasp,-0.59339,-2.13978,-2.00544,-2.13797,0.97740,2.62751,-0.57908,-2.05494,-1.92188,-2.14934,0.92682,2.88013,0.06845
16.61,pregrasp,-0.59339,-2.13978,-2.00544,-2.13797,0.97740,2.62751,-0.57902,-2.05498,-1.92209,-2.14880,0.92826,2.88174,0.06837
16.62,pregrasp,-0.59339,-2.13978,-2.00544,-2.13797,0.97740,2.62751,-0.57889,-2.05476,-1.92222,-2.14909,0.92906,2.88314,0.06829
16.63,pregrasp,-0.59339,-2.13978,-2.00544,-2.13797,0.97740,2.63449,-0.57894,-2.05494,-1.92222,-2.14887,0.92931,2.88231,0.06828
16.64,pregrasp,-0.59339,-2.13978,-2.00544,-2.13797,0.97740,2.64147,-0.57878,-2.05481,-1.92232,-2.14910,0.93029,2.88405,0.06823
16.65,pregrasp,-0.59339,-2.13978,-2.00544,-2.13797,0.97740,2.64845,-0.57874,-2.05489,-1.92227,-2.14935,0.92995,2.88344,0.06826
16.66,pregrasp,-0.59339,-2.13978,-2.00544,-2.13797,0.97740,2.65543,-0.57864,-2.05489,-1.92226,-2.14989,0.92976,2.88377,0.06825
16.67,pregrasp,-0.59339,-2.13978,-2.00544,-2.13797,0.97740,2.66241,-0.57848,-2.05497,-1.92223,-2.15008,0.92974,2.88414,0.06832
16.68,pregrasp,-0.59339,-2.13978,-2.00544,-2.13797,0.97740,2.66939,-0.57835,-2.05504,-1.92233,-2.15040,0.92979,2.88481,0.06828
16.69,pregrasp,-0.59339,-2.13978,-2.00544,-2.13797,0.97740,2.67637,-0.57816,-2.05511,-1.92242,-2.15072,0.92993,2.88585,0.06828
16.70,pregrasp,-0.59339,-2.13978,-2.00544,-2.13797,0.97740,2.68335,-0.57796,-2.05516,-1.92257,-2.15107,0.93013,2.88720,0.06824
16.71,pregrasp,-0.59339,-2.13978,-2.00544,-2.13797,0.97740,2.69033,-0.57770,-2.05522,-1.92272,-2.15139,0.93045,2.88871,0.06824
16.72,pregrasp,-0.59339,-2.13978,-2.00544,-2.13797,0.97740,2.69730,-0.57744,-2.05526,-1.92294,-2.15179,0.93080,2.89031,0.06818
16.73,pregrasp,-0.59339,-2.13978,-2.00544,-2.13797,0.97740,2.70428,-0.57716,-2.05533,-1.92313,-2.15215,0.93117,2.89224,0.06816
16.74,pregrasp,-0.59339,-2.13978,-2.00544,-2.13797,0.97740,2.71126,-0.57682,-2.05536,-1.92333,-2.15253,0.93165,2.89439,0.06816
16.75,pregrasp,-0.59339,-2.13978,-2.00544,-2.13797,0.97740,2.71824,-0.57651,-2.05540,-1.92359,-2.15293,0.93214,2.89671,0.06811
16.76,pregrasp,-0.59339,-2.13978,-2.00544,-2.13797,0.97740,2.72522,-0.57613,-2.05544,-1.92383,-2.15328,0.93271,2.89910,0.06810
16.77,pregrasp,-0.59339,-2.13978,-2.00544,-2.13797,0.97740,2.73220,-0.57577,-2.05548,-1.92413,-2.15370,0.93330,2.90155,0.06805
16.78,pregrasp,-0.59339,-2.13978,-2.00544,-2.13797,0.97740,2.73918,-0.57539,-2.05553,-1.92439,-2.15409,0.93389,2.90423,0.06803
16.79,pregrasp,-0.59339,-2.13978,-2.00544,-2.13797,0.97740,2.74616,-0.57496,-2.05555,-1.92466,-2.15447,0.93458,2.90698,0.06803
16.80,pregrasp,-0.59339,-2.13978,-2.00544,-2.13797,0.97740,2.75314,-0.57457,-2.05558,-1.92500,-2.15489,0.93528,2.90975,0.06798
16.81,pregrasp,-0.59339,-2.13978,-2.00544,-2.13797,0.97740,2.76012,-0.57415,-2.05564,-1.92529,-2.15530,0.93593,2.91272,0.06796
16.82,pregrasp,-0.59339,-2.13978,-2.00544,-2.13797,0.97740,2.76710,-0.57369,-2.05566,-1.92559,-2.15568,0.93672,2.91568,0.06797
16.83,pregrasp,-0.59339,-2.13978,-2.00544,-2.13797,0.97740,2.77408,-0.57326,-2.05570,-1.92593,-2.15607,0.93752,2.91860,0.06793
16.84,pregrasp,-0.59339,-2.13978,-2.00544,-2.13797,0.97740,2.78106,-0.57283,-2.05576,-1.92625,-2.15650,0.93822,2.92174,0.06791
16.85,pregrasp,-0.59339,-2.13978,-2.00544,-2.13797,0.97740,2.78804,-0.57233,-2.05578,-1.92657,-2.15692,0.93904,2.92490,0.06792
16.86,pregrasp,-0.59339,-2.13978,-2.00544,-2.13797,0.97740,2.79502,-0.57188,-2.05582,-1.92694,-2.15731,0.93989,2.92803,0.06788
16.87,pregrasp,-0.59339,-2.13978,-2.00544,-2.13797,0.97740,2.80200,-0.57140,-2.05589,-1.92721,-2.15765,0.94058,2.93147,0.06793
16.88,pregrasp,-0.59339,-2.13978,-2.00544,-2.13797,0.97740,2.80898,-0.57089,-2.05592,-1.92755,-2.15807,0.94148,2.93480,0.06794
16.89,pregrasp,-0.59339,-2.13978,-2.00544,-2.13797,0.97740,2.81596,-0.57043,-2.05598,-1.92793,-2.15848,0.94233,2.93812,0.06790
16.90,pregrasp,-0.59339,-2.13978,-2.00544,-2.13797,0.97740,2.82294,-0.56991,-2.05604,-1.92820,-2.15881,0.94310,2.94164,0.06797
16.91,pregrasp,-0.59339,-2.13978,-2.00544,-2.13797,0.97740,2.82992,-0.56940,-2.05607,-1.92858,-2.15923,0.94404,2.94507,0.06797
16.92,pregrasp,-0.59339,-2.13978,-2.00544,-2.13797,0.97740,2.83690,-0.56892,-2.05615,-1.92890,-2.15955,0.94481,2.94865,0.06799
16.93,pregrasp,-0.59339,-2.13978,-2.00544,-2.13797,0.97740,2.84388,-0.56839,-2.05620,-1.92925,-2.15995,0.94572,2.95219,0.06802
16.94,pregrasp,-0.59339,-2.13978,-2.00544,-2.13797,0.97740,2.85086,-0.56792,-2.05625,-1.92963,-2.16035,0.94660,2.95581,0.06800
16.95,pregrasp,-0.59339,-2.13978,-2.00544,-2.13797,0.97740,2.85784,-0.56740,-2.05632,-1.92999,-2.16070,0.94749,2.95940,0.06803
16.96,pregrasp,-0.59339,-2.13978,-2.00544,-2.13797,0.97740,2.86482,-0.56688,-2.05637,-1.93034,-2.16104,0.94841,2.96303,0.06807
16.97,pregrasp,-0.59339,-2.13978,-2.00544,-2.13797,0.97740,2.87180,-0.56635,-2.05643,-1.93069,-2.16138,0.94936,2.96658,0.06810
16.98,pregrasp,-0.59339,-2.13978,-2.00544,-2.13797,0.97740,2.87878,-0.56588,-2.05650,-1.93108,-2.16178,0.95027,2.97026,0.06809
16.99,pregrasp,-0.59339,-2.13978,-2.00544,-2.13797,0.97740,2.88576,-0.56530,-2.05657,-1.93139,-2.16206,0.95117,2.97381,0.06820
17.00,pregrasp,-0.59339,-2.13978,-2.00544,-2.13797,0.97740,2.89273,-0.56476,-2.05664,-1.93174,-2.16241,0.95212,2.97746,0.06824
17.01,pregrasp,-0.59339,-2.13978,-2.00544,-2.13797,0.97740,2.89971,-0.56428,-2.05672,-1.93213,-2.16278,0.95302,2.98126,0.06824
17.02,pregrasp,-0.59339,-2.13978,-2.00544,-2.13797,0.97740,2.90669,-0.56374,-2.05680,-1.93251,-2.16313,0.95399,2.98490,0.06828
17.03,pregrasp,-0.59339,-2.13978,-2.00544,-2.13797,0.97740,2.91367,-0.56324,-2.05690,-1.93286,-2.16346,0.95483,2.98869,0.06831
17.04,pregrasp,-0.59339,-2.13978,-2.00544,-2.13797,0.97740,2.92065,-0.56282,-2.05701,-1.93328,-2.16391,0.95633,2.99346,0.06824
17.05,pregrasp,-0.59339,-2.13978,-2.00544,-2.13797,0.97740,2.92763,-0.56254,-2.05716,-1.93370,-2.16425,0.95805,2.99817,0.06810
17.06,pregrasp,-0.59339,-2.13978,-2.00544,-2.13797,0.97740,2.93461,-0.56227,-2.05730,-1.93407,-2.16458,0.95962,3.00278,0.06799
17.07,pregrasp,-0.59339,-2.13978,-2.00544,-2.13797,0.97740,2.94159,-0.56198,-2.05742,-1.93445,-2.16495,0.96120,3.00782,0.06789
17.08,pregrasp,-0.59339,-2.13978,-2.00544,-2.13797,0.97740,2.94857,-0.56165,-2.05751,-1.93487,-2.16537,0.96273,3.01239,0.06777
17.09,pregrasp,-0.59339,-2.13978,-2.00544,-2.13797,0.97740,2.95555,-0.56135,-2.05767,-1.93527,-2.16562,0.96416,3.01689,0.06768
17.10,pregrasp,-0.59339,-2.13978,-2.00544,-2.13797,0.97740,2.96253,-0.56099,-2.05779,-1.93564,-2.16596,0.96559,3.02180,0.06762
17.11,pregrasp,-0.59339,-2.13978,-2.00544,-2.13797,0.97740,2.96951,-0.56064,-2.05790,-1.93608,-2.16634,0.96699,3.02659,0.06751
17.12,pregrasp,-0.59339,-2.13978,-2.00544,-2.13797,0.97740,2.97649,-0.56027,-2.05804,-1.93647,-2.16656,0.96835,3.03118,0.06746
17.13,pregrasp,-0.59339,-2.13978,-2.00544,-2.13797,0.97740,2.98347,-0.55990,-2.05817,-1.93691,-2.16694,0.96970,3.03589,0.06737
17.14,pregrasp,-0.59339,-2.13978,-2.00544,-2.13797,0.97740,2.99045,-0.55952,-2.05833,-1.93730,-2.16715,0.97096,3.04050,0.06733
17.15,pregrasp,-0.59339,-2.13978,-2.00544,-2.13797,0.97740,2.99743,-0.55914,-2.05846,-1.93774,-2.16751,0.97222,3.04534,0.06724
17.16,pregrasp,-0.59339,-2.13978,-2.00544,-2.13797,0.97740,3.00441,-0.55873,-2.05861,-1.93818,-2.16780,0.97347,3.04958,0.06718
17.17,pregrasp,-0.59339,-2.13978,-2.00544,-2.13797,0.97740,3.01139,-0.55835,-2.05878,-1.93861,-2.16808,0.97465,3.05406,0.06711
17.18,pregrasp,-0.59339,-2.13978,-2.00544,-2.13797,0.97740,3.01837,-0.55790,-2.05892,-1.93900,-2.16837,0.97583,3.05839,0.06710
17.19,pregrasp,-0.59339,-2.13978,-2.00544,-2.13797,0.97740,3.02535,-0.55746,-2.05907,-1.93940,-2.16864,0.97710,3.06289,0.06707
17.20,pregrasp,-0.59339,-2.13978,-2.00544,-2.13797,0.97740,3.03233,-0.55704,-2.05922,-1.93984,-2.16894,0.97838,3.06725,0.06702
17.21,pregrasp,-0.59339,-2.13978,-2.00544,-2.13797,0.97740,3.03931,-0.55666,-2.05940,-1.94028,-2.16919,0.97952,3.07168,0.06694
17.22,pregrasp,-0.59339,-2.13978,-2.00544,-2.13797,0.97740,3.04629,-0.55626,-2.05958,-1.94068,-2.16942,0.98060,3.07634,0.06691
17.23,pregrasp,-0.59339,-2.13978,-2.00544,-2.13797,0.97740,3.05327,-0.55587,-2.05973,-1.94113,-2.16974,0.98187,3.08078,0.06683
17.24,pregrasp,-0.59339,-2.13978,-2.00544,-2.13797,0.97740,3.06025,-0.55547,-2.05991,-1.94158,-2.17001,0.98306,3.08513,0.06676
17.25,pregrasp,-0.59339,-2.13978,-2.00544,-2.13797,0.97740,3.06723,-0.55516,-2.06014,-1.94202,-2.17017,0.98393,3.09074,0.06666
17.26,pregrasp,-0.59339,-2.13978,-2.00544,-2.13797,0.97740,3.07421,-0.55495,-2.06039,-1.94249,-2.17040,0.98478,3.09628,0.06649
17.27,pregrasp,-0.59339,-2.13978,-2.00544,-2.13797,0.97740,3.08118,-0.55474,-2.06055,-1.94262,-2.17072,0.98505,3.09835,0.06649
17.28,pregrasp,-0.59339,-2.13978,-2.00544,-2.13797,0.97740,3.08816,-0.55467,-2.06068,-1.94265,-2.17112,0.98492,3.09889,0.06646
17.29,pregrasp,-0.59339,-2.13978,-2.00544,-2.13797,0.97740,3.09514,-0.55469,-2.06082,-1.94256,-2.17137,0.98473,3.09907,0.06646
17.30,pregrasp,-0.59339,-2.13978,-2.00544,-2.13797,0.97740,3.10212,-0.55458,-2.06091,-1.94259,-2.17171,0.98471,3.09939,0.06645
17.31,pregrasp,-0.59339,-2.13978,-2.00544,-2.13797,0.97740,3.10910,-0.55456,-2.06105,-1.94252,-2.17194,0.98454,3.09954,0.06646
17.32,pregrasp,-0.59339,-2.13978,-2.00544,-2.13797,0.97740,3.11608,-0.55453,-2.06116,-1.94252,-2.17226,0.98449,3.09981,0.06643
17.33,pregrasp,-0.59339,-2.13978,-2.00544,-2.13797,0.97740,3.12306,-0.55451,-2.06128,-1.94246,-2.17248,0.98433,3.09996,0.06644
17.34,pregrasp,-0.59339,-2.13978,-2.00544,-2.13797,0.97740,3.13004,-0.55447,-2.06139,-1.94247,-2.17280,0.98428,3.10024,0.06641
17.35,pregrasp,-0.59339,-2.13978,-2.00544,-2.13797,0.97740,3.13702,-0.55446,-2.06151,-1.94240,-2.17302,0.98411,3.10040,0.06642
17.36,pregrasp,-0.59339,-2.13978,-2.00544,-2.13797,0.97740,3.14400,-0.55442,-2.06161,-1.94241,-2.17334,0.98406,3.10068,0.06640
17.37,pregrasp,-0.59339,-2.13978,-2.00544,-2.13797,0.97740,3.15098,-0.55440,-2.06174,-1.94235,-2.17356,0.98390,3.10083,0.06641
17.38,pregrasp,-0.59339,-2.13978,-2.00544,-2.13797,0.97740,3.15098,-0.55437,-2.06183,-1.94236,-2.17386,0.98384,3.10107,0.06638
17.39,pregrasp,-0.59339,-2.13978,-2.00544,-2.13797,0.97740,3.15098,-0.55436,-2.06194,-1.94231,-2.17404,0.98368,3.10117,0.06638
17.40,pregrasp,-0.59339,-2.13978,-2.00544,-2.13797,0.97740,3.15098,-0.55434,-2.06201,-1.94234,-2.17430,0.98363,3.10138,0.06634
17.41,pregrasp,-0.59339,-2.13978,-2.00544,-2.13797,0.97740,3.15098,-0.55434,-2.06210,-1.94229,-2.17444,0.98347,3.10145,0.06634
17.42,pregrasp,-0.59339,-2.13978,-2.00544,-2.13797,0.97740,3.15098,-0.55432,-2.06215,-1.94233,-2.17466,0.98343,3.10164,0.06630
17.43,pregrasp,-0.59339,-2.13978,-2.00544,-2.13797,0.97740,3.15098,-0.55434,-2.06222,-1.94230,-2.17477,0.98328,3.10168,0.06630
17.44,pregrasp,-0.59339,-2.13978,-2.00544,-2.13797,0.97740,3.15098,-0.55433,-2.06226,-1.94235,-2.17497,0.98325,3.10187,0.06625
17.45,pregrasp,-0.59339,-2.13978,-2.00544,-2.13797,0.97740,3.15098,-0.55434,-2.06232,-1.94232,-2.17505,0.98311,3.10189,0.06625
17.46,pregrasp,-0.59339,-2.13978,-2.00544,-2.13797,0.97740,3.15098,-0.55434,-2.06235,-1.94238,-2.17522,0.98308,3.10206,0.06620
17.47,pregrasp,-0.59339,-2.13978,-2.00544,-2.13797,0.97740,3.15098,-0.55437,-2.06240,-1.94236,-2.17529,0.98294,3.10207,0.06619
17.48,pregrasp,-0.59339,-2.13978,-2.00544,-2.13797,0.97740,3.15098,-0.55440,-2.06243,-1.94242,-2.17546,0.98280,3.10222,0.06612
17.49,pregrasp,-0.59339,-2.13978,-2.00544,-2.13797,0.97740,3.15098,-0.55443,-2.06247,-1.94241,-2.17550,0.98269,3.10222,0.06611
17.50,pregrasp,-0.59339,-2.13978,-2.00544,-2.13797,0.97740,3.15098,-0.55446,-2.06249,-1.94247,-2.17566,0.98259,3.10237,0.06604
17.51,pregrasp,-0.59339,-2.13978,-2.00544,-2.13797,0.97740,3.15098,-0.55451,-2.06253,-1.94245,-2.17569,0.98247,3.10237,0.06602
17.52,pregrasp,-0.59339,-2.13978,-2.00544,-2.13797,0.97740,3.15098,-0.55456,-2.06254,-1.94251,-2.17584,0.98235,3.10252,0.06594
17.53,pregrasp,-0.59339,-2.13978,-2.00544,-2.13797,0.97740,3.15098,-0.55458,-2.06257,-1.94251,-2.17586,0.98225,3.10251,0.06593
17.54,pregrasp,-0.59339,-2.13978,-2.00544,-2.13797,0.97740,3.15098,-0.55461,-2.06258,-1.94258,-2.17600,0.98219,3.10264,0.06586
17.55,pregrasp,-0.59339,-2.13978,-2.00544,-2.13797,0.97740,3.15098,-0.55469,-2.06261,-1.94256,-2.17602,0.98207,3.10264,0.06583
17.56,pregrasp,-0.59339,-2.13978,-2.00544,-2.13797,0.97740,3.15098,-0.55473,-2.06262,-1.94263,-2.17616,0.98198,3.10279,0.06575
17.57,pregrasp,-0.59339,-2.13978,-2.00544,-2.13797,0.97740,3.15098,-0.55477,-2.06264,-1.94263,-2.17617,0.98188,3.10277,0.06574
17.58,pregrasp,-0.59339,-2.13978,-2.00544,-2.13797,0.97740,3.15098,-0.55481,-2.06265,-1.94270,-2.17630,0.98180,3.10290,0.06567
17.59,pregrasp,-0.59339,-2.13978,-2.00544,-2.13797,0.97740,3.15098,-0.55486,-2.06267,-1.94269,-2.17631,0.98170,3.10288,0.06564
17.60,pregrasp,-0.59339,-2.13978,-2.00544,-2.13797,0.97740,3.15098,-0.55492,-2.06268,-1.94275,-2.17643,0.98161,3.10302,0.06557
17.61,pregrasp,-0.59339,-2.13978,-2.00544,-2.13797,0.97740,3.15098,-0.55495,-2.06272,-1.94277,-2.17642,0.98154,3.10304,0.06554
17.62,pregrasp,-0.59339,-2.13978,-2.00544,-2.13797,0.97740,3.15098,-0.55497,-2.06272,-1.94284,-2.17653,0.98153,3.10315,0.06549
17.63,pregrasp,-0.59339,-2.13978,-2.00544,-2.13797,0.97740,3.15098,-0.55509,-2.06275,-1.94282,-2.17654,0.98143,3.10313,0.06543
17.64,pregrasp,-0.59339,-2.13978,-2.00544,-2.13797,0.97740,3.15098,-0.55511,-2.06274,-1.94290,-2.17666,0.98137,3.10327,0.06537
17.65,pregrasp,-0.59339,-2.13978,-2.00544,-2.13797,0.97740,3.15098,-0.55519,-2.06277,-1.94288,-2.17666,0.98126,3.10324,0.06533
17.66,pregrasp,-0.59339,-2.13978,-2.00544,-2.13797,0.97740,3.15098,-0.55525,-2.06277,-1.94295,-2.17677,0.98116,3.10337,0.06526
17.67,pregrasp,-0.59339,-2.13978,-2.00544,-2.13797,0.97740,3.15098,-0.55528,-2.06278,-1.94296,-2.17677,0.98108,3.10333,0.06524
17.68,wait_pre,-0.59339,-2.13978,-2.00544,-2.13797,0.97740,3.15098,-0.55530,-2.06278,-1.94304,-2.17687,0.98107,3.10346,0.06517
17.69,wait_pre,-0.59339,-2.13978,-2.00544,-2.13797,0.97740,3.15098,-0.55541,-2.06281,-1.94301,-2.17688,0.98097,3.10343,0.06513
17.70,wait_pre,-0.59339,-2.13978,-2.00544,-2.13797,0.97740,3.15098,-0.55545,-2.06280,-1.94309,-2.17699,0.98091,3.10357,0.06506
17.71,wait_pre,-0.59339,-2.13978,-2.00544,-2.13797,0.97740,3.15098,-0.55550,-2.06282,-1.94309,-2.17698,0.98082,3.10354,0.06503
17.72,wait_pre,-0.59339,-2.13978,-2.00544,-2.13797,0.97740,3.15098,-0.55557,-2.06282,-1.94315,-2.17709,0.98074,3.10366,0.06496
17.73,wait_pre,-0.59339,-2.13978,-2.00544,-2.13797,0.97740,3.15098,-0.55560,-2.06283,-1.94316,-2.17708,0.98067,3.10362,0.06494
17.74,wait_pre,-0.59339,-2.13978,-2.00544,-2.13797,0.97740,3.15098,-0.55564,-2.06283,-1.94323,-2.17718,0.98064,3.10374,0.06487
17.75,wait_pre,-0.59339,-2.13978,-2.00544,-2.13797,0.97740,3.15098,-0.55573,-2.06286,-1.94321,-2.17718,0.98055,3.10372,0.06483
17.76,wait_pre,-0.59339,-2.13978,-2.00544,-2.13797,0.97740,3.15098,-0.55578,-2.06285,-1.94328,-2.17729,0.98048,3.10386,0.06476
17.77,wait_pre,-0.59339,-2.13978,-2.00544,-2.13797,0.97740,3.15098,-0.55582,-2.06286,-1.94329,-2.17728,0.98040,3.10382,0.06474
17.78,wait_pre,-0.59339,-2.13978,-2.00544,-2.13797,0.97740,3.15098,-0.55587,-2.06286,-1.94336,-2.17738,0.98036,3.10394,0.06467
17.79,wait_pre,-0.59339,-2.13978,-2.00544,-2.13797,0.97740,3.15098,-0.55594,-2.06288,-1.94335,-2.17738,0.98027,3.10391,0.06464
17.80,wait_pre,-0.59339,-2.13978,-2.00544,-2.13797,0.97740,3.15098,-0.55600,-2.06288,-1.94341,-2.17748,0.98019,3.10404,0.06456
17.81,wait_pre,-0.59339,-2.13978,-2.00544,-2.13797,0.97740,3.15098,-0.55603,-2.06289,-1.94342,-2.17748,0.98012,3.10401,0.06454
17.82,wait_pre,-0.59339,-2.13978,-2.00544,-2.13797,0.97740,3.15098,-0.55604,-2.06288,-1.94350,-2.17757,0.98012,3.10412,0.06449
17.83,wait_pre,-0.59339,-2.13978,-2.00544,-2.13797,0.97740,3.15098,-0.55616,-2.06291,-1.94348,-2.17758,0.98004,3.10411,0.06443
17.84,wait_pre,-0.59339,-2.13978,-2.00544,-2.13797,0.97740,3.15098,-0.55618,-2.06290,-1.94356,-2.17769,0.97999,3.10425,0.06437
17.85,wait_pre,-0.59339,-2.13978,-2.00544,-2.13797,0.97740,3.15098,-0.55627,-2.06292,-1.94355,-2.17768,0.97989,3.10422,0.06433
17.86,wait_pre,-0.59339,-2.13978,-2.00544,-2.13797,0.97740,3.15098,-0.55631,-2.06292,-1.94362,-2.17779,0.97981,3.10435,0.06426
17.87,wait_pre,-0.59339,-2.13978,-2.00544,-2.13797,0.97740,3.15098,-0.55636,-2.06293,-1.94362,-2.17778,0.97972,3.10431,0.06424
17.88,wait_pre,-0.59339,-2.13978,-2.00544,-2.13797,0.97740,3.15098,-0.55640,-2.06293,-1.94369,-2.17788,0.97968,3.10443,0.06417
17.89,wait_pre,-0.59339,-2.13978,-2.00544,-2.13797,0.97740,3.15098,-0.55646,-2.06295,-1.94368,-2.17788,0.97959,3.10439,0.06414
17.90,wait_pre,-0.59339,-2.13978,-2.00544,-2.13797,0.97740,3.15098,-0.55652,-2.06295,-1.94375,-2.17798,0.97952,3.10452,0.06407
17.91,wait_pre,-0.59339,-2.13978,-2.00544,-2.13797,0.97740,3.15098,-0.55656,-2.06296,-1.94375,-2.17797,0.97945,3.10449,0.06405
17.92,wait_pre,-0.59339,-2.13978,-2.00544,-2.13797,0.97740,3.15098,-0.55658,-2.06295,-1.94383,-2.17806,0.97944,3.10459,0.06399
17.93,wait_pre,-0.59339,-2.13978,-2.00544,-2.13797,0.97740,3.15098,-0.55668,-2.06298,-1.94381,-2.17807,0.97935,3.10459,0.06394
17.94,wait_pre,-0.59339,-2.13978,-2.00544,-2.13797,0.97740,3.15098,-0.55672,-2.06296,-1.94389,-2.17818,0.97930,3.10472,0.06387
17.95,wait_pre,-0.59339,-2.13978,-2.00544,-2.13797,0.97740,3.15098,-0.55678,-2.06299,-1.94388,-2.17815,0.97921,3.10468,0.06385
17.96,wait_pre,-0.59339,-2.13978,-2.00544,-2.13797,0.97740,3.15098,-0.55684,-2.06299,-1.94395,-2.17826,0.97913,3.10481,0.06377
17.97,wait_pre,-0.59339,-2.13978,-2.00544,-2.13797,0.97740,3.15098,-0.55688,-2.06300,-1.94395,-2.17825,0.97906,3.10477,0.06375
17.98,wait_pre,-0.59339,-2.13978,-2.00544,-2.13797,0.97740,3.15098,-0.55687,-2.06299,-1.94402,-2.17833,0.97910,3.10488,0.06371
17.99,wait_pre,-0.59339,-2.13978,-2.00544,-2.13797,0.97740,3.15098,-0.55696,-2.06302,-1.94401,-2.17833,0.97901,3.10486,0.06367
18.00,wait_pre,-0.59339,-2.13978,-2.00544,-2.13797,0.97740,3.15098,-0.55701,-2.06301,-1.94407,-2.17844,0.97895,3.10498,0.06360
18.01,wait_pre,-0.59339,-2.13978,-2.00544,-2.13797,0.97740,3.15098,-0.55706,-2.06303,-1.94408,-2.17843,0.97887,3.10494,0.06358
18.02,wait_pre,-0.59339,-2.13978,-2.00544,-2.13797,0.97740,3.15098,-0.55707,-2.06302,-1.94414,-2.17851,0.97891,3.10506,0.06353
18.03,wait_pre,-0.59339,-2.13978,-2.00544,-2.13797,0.97740,3.15098,-0.55713,-2.06304,-1.94413,-2.17851,0.97882,3.10503,0.06350
18.04,wait_pre,-0.59339,-2.13978,-2.00544,-2.13797,0.97740,3.15098,-0.55718,-2.06303,-1.94420,-2.17861,0.97876,3.10515,0.06343
18.05,wait_pre,-0.59339,-2.13978,-2.00544,-2.13797,0.97740,3.15098,-0.55723,-2.06305,-1.94420,-2.17860,0.97869,3.10511,0.06341
18.06,wait_pre,-0.59339,-2.13978,-2.00544,-2.13797,0.97740,3.15098,-0.55723,-2.06304,-1.94427,-2.17868,0.97873,3.10523,0.06336
18.07,wait_pre,-0.59339,-2.13978,-2.00544,-2.13797,0.97740,3.15098,-0.55731,-2.06306,-1.94425,-2.17868,0.97865,3.10520,0.06333
18.08,wait_pre,-0.59339,-2.13978,-2.00544,-2.13797,0.97740,3.15098,-0.55736,-2.06305,-1.94432,-2.17878,0.97858,3.10532,0.06326
18.09,wait_pre,-0.59339,-2.13978,-2.00544,-2.13797,0.97740,3.15098,-0.55740,-2.06307,-1.94432,-2.17877,0.97851,3.10529,0.06324
18.10,wait_pre,-0.59339,-2.13978,-2.00544,-2.13797,0.97740,3.15098,-0.55741,-2.06306,-1.94439,-2.17885,0.97855,3.10540,0.06319
18.11,wait_pre,-0.59339,-2.13978,-2.00544,-2.13797,0.97740,3.15098,-0.55748,-2.06308,-1.94437,-2.17885,0.97847,3.10537,0.06316
18.12,wait_pre,-0.59339,-2.13978,-2.00544,-2.13797,0.97740,3.15098,-0.55753,-2.06307,-1.94444,-2.17895,0.97840,3.10549,0.06309
18.13,wait_pre,-0.59339,-2.13978,-2.00544,-2.13797,0.97740,3.15098,-0.55757,-2.06309,-1.94444,-2.17894,0.97833,3.10546,0.06307
18.14,wait_pre,-0.59339,-2.13978,-2.00544,-2.13797,0.97740,3.15098,-0.55757,-2.06308,-1.94451,-2.17902,0.97838,3.10556,0.06303
18.15,wait_pre,-0.59339,-2.13978,-2.00544,-2.13797,0.97740,3.15098,-0.55766,-2.06310,-1.94449,-2.17902,0.97829,3.10554,0.06299
18.16,wait_pre,-0.59339,-2.13978,-2.00544,-2.13797,0.97740,3.15098,-0.55770,-2.06309,-1.94456,-2.17913,0.97824,3.10567,0.06292
18.17,wait_pre,-0.59339,-2.13978,-2.00544,-2.13797,0.97740,3.15098,-0.55769,-2.06310,-1.94450,-2.17903,0.97822,3.10556,0.06297
18.18,approach,-0.59999,-2.13978,-2.00544,-2.13797,0.97740,3.15098,-0.55791,-2.06310,-1.94445,-2.17904,0.97850,3.10536,0.08405
18.19,approach,-0.60659,-2.13978,-2.00544,-2.13797,0.97740,3.15098,-0.55854,-2.06311,-1.94419,-2.17876,0.97912,3.10501,0.08399
18.20,approach,-0.61319,-2.13978,-2.00544,-2.13797,0.97740,3.15098,-0.55955,-2.06307,-1.94389,-2.17844,0.98014,3.10454,0.08394
18.21,approach,-0.61980,-2.13978,-2.00544,-2.13797,0.97740,3.15098,-0.56119,-2.06307,-1.94361,-2.17817,0.98075,3.10457,0.08389
18.22,approach,-0.62640,-2.13978,-2.00544,-2.13797,0.97740,3.15098,-0.56347,-2.06307,-1.94345,-2.17806,0.98160,3.10427,0.08386
18.23,approach,-0.63300,-2.13978,-2.00544,-2.13797,0.97740,3.15098,-0.56626,-2.06305,-1.94354,-2.17817,0.98275,3.10424,0.08387
18.24,approach,-0.63960,-2.13978,-2.00544,-2.13797,0.97740,3.15098,-0.56950,-2.06299,-1.94378,-2.17837,0.98390,3.10447,0.08389
18.25,approach,-0.64620,-2.13978,-2.00544,-2.13797,0.97740,3.15098,-0.57317,-2.06294,-1.94403,-2.17855,0.98490,3.10478,0.08392
18.26,approach,-0.65280,-2.13978,-2.00544,-2.13797,0.97740,3.15098,-0.57722,-2.06289,-1.94428,-2.17874,0.98585,3.10504,0.08394
18.27,approach,-0.65940,-2.13978,-2.00544,-2.13797,0.97740,3.15098,-0.58161,-2.06284,-1.94455,-2.17894,0.98673,3.10532,0.08397
18.28,approach,-0.66600,-2.13978,-2.00544,-2.13797,0.97740,3.15098,-0.58629,-2.06279,-1.94482,-2.17915,0.98756,3.10560,0.08400
18.29,approach,-0.67260,-2.13978,-2.00544,-2.13797,0.97740,3.15098,-0.59122,-2.06275,-1.94509,-2.17936,0.98833,3.10588,0.08403
18.30,approach,-0.67920,-2.13978,-2.00544,-2.13797,0.97740,3.15098,-0.59638,-2.06270,-1.94536,-2.17958,0.98905,3.10617,0.08406
18.31,approach,-0.68580,-2.13978,-2.00544,-2.13797,0.97740,3.15098,-0.60172,-2.06266,-1.94562,-2.17979,0.98972,3.10644,0.08410
18.32,approach,-0.69241,-2.13978,-2.00544,-2.13797,0.97740,3.15098,-0.60723,-2.06263,-1.94588,-2.18000,0.99034,3.10672,0.08413
18.33,approach,-0.69241,-2.13978,-2.00544,-2.13797,0.97740,3.15098,-0.61259,-2.06257,-1.94618,-2.18019,0.99088,3.10700,0.08416
18.34,approach,-0.69241,-2.13978,-2.00544,-2.13797,0.97740,3.15098,-0.61750,-2.06249,-1.94650,-2.18035,0.99135,3.10727,0.08419
18.35,approach,-0.69241,-2.13978,-2.00544,-2.13797,0.97740,3.15098,-0.62189,-2.06242,-1.94681,-2.18049,0.99176,3.10751,0.08422
18.36,approach,-0.69241,-2.13978,-2.00544,-2.13797,0.97740,3.15098,-0.62575,-2.06235,-1.94709,-2.18063,0.99214,3.10773,0.08425
18.37,approach,-0.69241,-2.13978,-2.00544,-2.13797,0.97740,3.15098,-0.62913,-2.06230,-1.94734,-2.18077,0.99249,3.10793,0.08427
18.38,approach,-0.69241,-2.13978,-2.00544,-2.13797,0.97740,3.15098,-0.63206,-2.06226,-1.94756,-2.18090,0.99282,3.10812,0.08429
18.39,approach,-0.69241,-2.13978,-2.00544,-2.13797,0.97740,3.15098,-0.63460,-2.06222,-1.94776,-2.18103,0.99314,3.10829,0.08432
18.40,approach,-0.69241,-2.13978,-2.00544,-2.13797,0.97740,3.15098,-0.63680,-2.06220,-1.94795,-2.18116,0.99344,3.10848,0.08434
18.41,approach,-0.69241,-2.13978,-2.00544,-2.13797,0.97740,3.15098,-0.63870,-2.06217,-1.94811,-2.18129,0.99373,3.10864,0.08436
18.42,approach,-0.69241,-2.13978,-2.00544,-2.13797,0.97740,3.15098,-0.64035,-2.06216,-1.94822,-2.18138,0.99394,3.10877,0.08437
18.43,approach,-0.69241,-2.13978,-2.00544,-2.13797,0.97740,3.15098,-0.64179,-2.06216,-1.94824,-2.18140,0.99405,3.10886,0.08438
18.44,approach,-0.69241,-2.13978,-2.00544,-2.13797,0.97740,3.15098,-0.64305,-2.06216,-1.94816,-2.18133,0.99398,3.10885,0.08436
18.45,approach,-0.69241,-2.13978,-2.00544,-2.13797,0.97740,3.15098,-0.64417,-2.06218,-1.94799,-2.18119,0.99379,3.10874,0.08434
18.46,approach,-0.69241,-2.13978,-2.00544,-2.13797,0.97740,3.15098,-0.64515,-2.06220,-1.94779,-2.18103,0.99357,3.10858,0.08431
18.47,approach,-0.69241,-2.13978,-2.00544,-2.13797,0.97740,3.15098,-0.64601,-2.06222,-1.94759,-2.18088,0.99333,3.10839,0.08429
18.48,approach,-0.69241,-2.13978,-2.00544,-2.13797,0.97740,3.15098,-0.64677,-2.06225,-1.94741,-2.18073,0.99311,3.10821,0.08427
18.49,approach,-0.69241,-2.13978,-2.00544,-2.13797,0.97740,3.15098,-0.64743,-2.06227,-1.94723,-2.18060,0.99289,3.10804,0.08424
18.50,approach,-0.69241,-2.13978,-2.00544,-2.13797,0.97740,3.15098,-0.64800,-2.06228,-1.94708,-2.18048,0.99272,3.10788,0.08422
18.51,approach,-0.69241,-2.13978,-2.00544,-2.13797,0.97740,3.15098,-0.64850,-2.06230,-1.94694,-2.18036,0.99255,3.10773,0.08420
18.52,approach,-0.69241,-2.13978,-2.00544,-2.13797,0.97740,3.15098,-0.64892,-2.06231,-1.94681,-2.18026,0.99241,3.10760,0.08419
18.53,approach,-0.69241,-2.13978,-2.00544,-2.13797,0.97740,3.15098,-0.64929,-2.06232,-1.94670,-2.18016,0.99227,3.10748,0.08417
18.54,approach,-0.69241,-2.13978,-2.00544,-2.13797,0.97740,3.15098,-0.64961,-2.06233,-1.94660,-2.18008,0.99215,3.10737,0.08416
18.55,approach,-0.69241,-2.13978,-2.00544,-2.13797,0.97740,3.15098,-0.64989,-2.06234,-1.94651,-2.18001,0.99205,3.10726,0.08415
18.56,approach,-0.69241,-2.13978,-2.00544,-2.13797,0.97740,3.15098,-0.65014,-2.06235,-1.94644,-2.17994,0.99195,3.10717,0.08414
18.57,approach,-0.69241,-2.13978,-2.00544,-2.13797,0.97740,3.15098,-0.65035,-2.06235,-1.94637,-2.17989,0.99186,3.10708,0.08413
18.58,approach,-0.69241,-2.13978,-2.00544,-2.13797,0.97740,3.15098,-0.65053,-2.06236,-1.94632,-2.17983,0.99178,3.10701,0.08412
18.59,approach,-0.69241,-2.13978,-2.00544,-2.13797,0.97740,3.15098,-0.65068,-2.06236,-1.94627,-2.17979,0.99170,3.10695,0.08411
18.60,approach,-0.69241,-2.13978,-2.00544,-2.13797,0.97740,3.15098,-0.65082,-2.06237,-1.94622,-2.17974,0.99163,3.10690,0.08411
18.61,approach,-0.69241,-2.13978,-2.00544,-2.13797,0.97740,3.15098,-0.65092,-2.06236,-1.94620,-2.17972,0.99160,3.10689,0.08410
18.62,approach,-0.69241,-2.13978,-2.00544,-2.13797,0.97740,3.15098,-0.65102,-2.06237,-1.94616,-2.17969,0.99153,3.10684,0.08410
18.63,approach,-0.69241,-2.13316,-2.00544,-2.13797,0.97740,3.15098,-0.65113,-2.06220,-1.94631,-2.17940,0.99134,3.10687,0.08408
18.64,approach,-0.69241,-2.12655,-2.00544,-2.13797,0.97740,3.15098,-0.65143,-2.06182,-1.94664,-2.17872,0.99074,3.10667,0.08402
18.65,approach,-0.69241,-2.11994,-2.00544,-2.13797,0.97740,3.15098,-0.65199,-2.06124,-1.94721,-2.17778,0.99000,3.10617,0.08395
18.66,approach,-0.69241,-2.11332,-2.00544,-2.13797,0.97740,3.15098,-0.65278,-2.06048,-1.94809,-2.17666,0.98923,3.10561,0.08388
18.67,approach,-0.69241,-2.10671,-2.00544,-2.13797,0.97740,3.15098,-0.65377,-2.05955,-1.94937,-2.17550,0.98868,3.10501,0.08382
18.68,approach,-0.69241,-2.10010,-2.00544,-2.13797,0.97740,3.15098,-0.65494,-2.05845,-1.95090,-2.17418,0.98791,3.10459,0.08375
18.69,approach,-0.69241,-2.09348,-2.00544,-2.13797,0.97740,3.15098,-0.65630,-2.05723,-1.95256,-2.17267,0.98694,3.10407,0.08368
18.70,approach,-0.69241,-2.08687,-2.00544,-2.13797,0.97740,3.15098,-0.65783,-2.05590,-1.95444,-2.17109,0.98605,3.10343,0.08360
18.71,approach,-0.69241,-2.08026,-2.00544,-2.13797,0.97740,3.15098,-0.65948,-2.05446,-1.95650,-2.16943,0.98510,3.10285,0.08353
18.72,approach,-0.69241,-2.08026,-2.00544,-2.13797,0.97740,3.15098,-0.66120,-2.05311,-1.95851,-2.16792,0.98423,3.10226,0.08346
18.73,approach,-0.69241,-2.08026,-2.00544,-2.13797,0.97740,3.15098,-0.66285,-2.05189,-1.96035,-2.16660,0.98348,3.10185,0.08341
18.74,approach,-0.69241,-2.08026,-2.00544,-2.13797,0.97740,3.15098,-0.66434,-2.05082,-1.96197,-2.16545,0.98282,3.10139,0.08337
18.75,approach,-0.69241,-2.08026,-2.00544,-2.13797,0.97740,3.15098,-0.66565,-2.04988,-1.96340,-2.16442,0.98224,3.10110,0.08332
18.76,approach,-0.69241,-2.08026,-2.00544,-2.13797,0.97740,3.15098,-0.66679,-2.04905,-1.96465,-2.16352,0.98174,3.10079,0.08329
18.77,approach,-0.69241,-2.08026,-2.00544,-2.13797,0.97740,3.15098,-0.66778,-2.04832,-1.96574,-2.16273,0.98129,3.10051,0.08326
18.78,approach,-0.69241,-2.08026,-2.00544,-2.13797,0.97740,3.15098,-0.66862,-2.04769,-1.96669,-2.16204,0.98090,3.10026,0.08323
18.79,approach,-0.69241,-2.08026,-2.00544,-2.13797,0.97740,3.15098,-0.66935,-2.04713,-1.96751,-2.16142,0.98054,3.09997,0.08320
18.80,approach,-0.69241,-2.08026,-2.00544,-2.13797,0.97740,3.15098,-0.66997,-2.04665,-1.96823,-2.16088,0.98025,3.09983,0.08318
18.81,approach,-0.69241,-2.08026,-2.00544,-2.13797,0.97740,3.15098,-0.67050,-2.04622,-1.96885,-2.16041,0.98000,3.09965,0.08316
18.82,approach,-0.69241,-2.08026,-2.00544,-2.13797,0.97740,3.15098,-0.67095,-2.04585,-1.96940,-2.15999,0.97977,3.09949,0.08314
18.83,approach,-0.69241,-2.08026,-2.00544,-2.13797,0.97740,3.15098,-0.67133,-2.04553,-1.96987,-2.15963,0.97958,3.09928,0.08313
18.84,approach,-0.69241,-2.08026,-2.00544,-2.13797,0.97740,3.15098,-0.67166,-2.04524,-1.97030,-2.15931,0.97942,3.09916,0.08311
18.85,approach,-0.69241,-2.08026,-2.00544,-2.13797,0.97740,3.15098,-0.67193,-2.04499,-1.97067,-2.15904,0.97933,3.09913,0.08310
18.86,approach,-0.69241,-2.08026,-2.00544,-2.13797,0.97740,3.15098,-0.67216,-2.04477,-1.97101,-2.15881,0.97926,3.09904,0.08309
18.87,approach,-0.69241,-2.08026,-2.00544,-2.13797,0.97740,3.15098,-0.67234,-2.04458,-1.97131,-2.15861,0.97922,3.09898,0.08308
18.88,approach,-0.69241,-2.08026,-2.00544,-2.13797,0.97740,3.15098,-0.67249,-2.04440,-1.97159,-2.15846,0.97922,3.09893,0.08308
18.89,approach,-0.69241,-2.08026,-2.00544,-2.13797,0.97740,3.15098,-0.67261,-2.04425,-1.97184,-2.15832,0.97924,3.09891,0.08307
18.90,approach,-0.69241,-2.08026,-2.00544,-2.13797,0.97740,3.15098,-0.67273,-2.04412,-1.97203,-2.15817,0.97916,3.09888,0.08307
18.91,approach,-0.69241,-2.08026,-2.00544,-2.13797,0.97740,3.15098,-0.67285,-2.04401,-1.97215,-2.15802,0.97904,3.09880,0.08306
18.92,approach,-0.69241,-2.08026,-2.00544,-2.13797,0.97740,3.15098,-0.67296,-2.04392,-1.97227,-2.15789,0.97896,3.09873,0.08305
18.93,approach,-0.69241,-2.08026,-2.00544,-2.13797,0.97740,3.15098,-0.67305,-2.04384,-1.97236,-2.15776,0.97885,3.09866,0.08304
18.94,approach,-0.69241,-2.08026,-2.00544,-2.13797,0.97740,3.15098,-0.67311,-2.04377,-1.97246,-2.15766,0.97879,3.09863,0.08303
18.95,approach,-0.69241,-2.08026,-2.00544,-2.13797,0.97740,3.15098,-0.67318,-2.04370,-1.97254,-2.15758,0.97873,3.09858,0.08303
18.96,approach,-0.69241,-2.08026,-2.00544,-2.13797,0.97740,3.15098,-0.67323,-2.04364,-1.97260,-2.15750,0.97866,3.09847,0.08303
18.97,approach,-0.69241,-2.08026,-2.00544,-2.13797,0.97740,3.15098,-0.67328,-2.04360,-1.97266,-2.15744,0.97862,3.09843,0.08302
18.98,approach,-0.69241,-2.08026,-2.00544,-2.13797,0.97740,3.15098,-0.67332,-2.04355,-1.97272,-2.15738,0.97858,3.09840,0.08302
18.99,approach,-0.69241,-2.08026,-2.00544,-2.13797,0.97740,3.15098,-0.67335,-2.04351,-1.97276,-2.15733,0.97855,3.09838,0.08302
19.00,approach,-0.69241,-2.08026,-2.00544,-2.13797,0.97740,3.15098,-0.67338,-2.04348,-1.97281,-2.15728,0.97853,3.09835,0.08301
19.01,approach,-0.69241,-2.08026,-2.00544,-2.13797,0.97740,3.15098,-0.67341,-2.04345,-1.97284,-2.15725,0.97850,3.09833,0.08301
19.02,approach,-0.69241,-2.08026,-2.01231,-2.13797,0.97740,3.15098,-0.67336,-2.04330,-1.97319,-2.15718,0.97823,3.09855,0.08302
19.03,approach,-0.69241,-2.08026,-2.01919,-2.13797,0.97740,3.15098,-0.67331,-2.04298,-1.97392,-2.15707,0.97747,3.09887,0.08305
19.04,approach,-0.69241,-2.08026,-2.02607,-2.13797,0.97740,3.15098,-0.67336,-2.04253,-1.97505,-2.15698,0.97624,3.09944,0.08311
19.05,approach,-0.69241,-2.08026,-2.03294,-2.13797,0.97740,3.15098,-0.67344,-2.04191,-1.97655,-2.15696,0.97494,3.10038,0.08321
19.06,approach,-0.69241,-2.08026,-2.03982,-2.13797,0.97740,3.15098,-0.67354,-2.04114,-1.97848,-2.15699,0.97363,3.10152,0.08333
19.07,approach,-0.69241,-2.08026,-2.04670,-2.13797,0.97740,3.15098,-0.67362,-2.04025,-1.98080,-2.15710,0.97228,3.10286,0.08348
19.08,approach,-0.69241,-2.08026,-2.05357,-2.13797,0.97740,3.15098,-0.67367,-2.03926,-1.98343,-2.15727,0.97091,3.10432,0.08366
19.09,approach,-0.69241,-2.08026,-2.06045,-2.13797,0.97740,3.15098,-0.67371,-2.03819,-1.98637,-2.15752,0.96953,3.10594,0.08385
19.10,approach,-0.69241,-2.08026,-2.06732,-2.13797,0.97740,3.15098,-0.67372,-2.03703,-1.98956,-2.15782,0.96814,3.10760,0.08406
19.11,approach,-0.69241,-2.08026,-2.07420,-2.13797,0.97740,3.15098,-0.67370,-2.03583,-1.99300,-2.15819,0.96676,3.10935,0.08428
19.12,approach,-0.69241,-2.08026,-2.08108,-2.13797,0.97740,3.15098,-0.67366,-2.03458,-1.99665,-2.15862,0.96538,3.11111,0.08452
19.13,approach,-0.69241,-2.08026,-2.08795,-2.13797,0.97740,3.15098,-0.67360,-2.03330,-2.00049,-2.15911,0.96400,3.11288,0.08477
19.14,approach,-0.69241,-2.08026,-2.09483,-2.13797,0.97740,3.15098,-0.67351,-2.03199,-2.00450,-2.15965,0.96264,3.11463,0.08502
19.15,approach,-0.69241,-2.08026,-2.10171,-2.13797,0.97740,3.15098,-0.67339,-2.03066,-2.00867,-2.16024,0.96129,3.11636,0.08529
19.16,approach,-0.69241,-2.08026,-2.10858,-2.13797,0.97740,3.15098,-0.67325,-2.02931,-2.01298,-2.16088,0.95996,3.11805,0.08556
19.17,approach,-0.69241,-2.08026,-2.11546,-2.13797,0.97740,3.15098,-0.67310,-2.02797,-2.01741,-2.16158,0.95864,3.11970,0.08583
19.18,approach,-0.69241,-2.08026,-2.12234,-2.13797,0.97740,3.15098,-0.67292,-2.02663,-2.02197,-2.16231,0.95735,3.12128,0.08611
19.19,approach,-0.69241,-2.08026,-2.12921,-2.13797,0.97740,3.15098,-0.67272,-2.02529,-2.02663,-2.16310,0.95607,3.12280,0.08639
19.20,approach,-0.69241,-2.08026,-2.12921,-2.13797,0.97740,3.15098,-0.67257,-2.02409,-2.03102,-2.16389,0.95493,3.12416,0.08666
19.21,approach,-0.69241,-2.08026,-2.12921,-2.13797,0.97740,3.15098,-0.67244,-2.02301,-2.03487,-2.16467,0.95397,3.12598,0.08692
19.22,approach,-0.69241,-2.08026,-2.12921,-2.13797,0.97740,3.15098,-0.67223,-2.02205,-2.03827,-2.16535,0.95335,3.12770,0.08716
19.23,approach,-0.69241,-2.08026,-2.12921,-2.13797,0.97740,3.15098,-0.67196,-2.02121,-2.04127,-2.16597,0.95288,3.12927,0.08737
19.24,approach,-0.69241,-2.08026,-2.12921,-2.13797,0.97740,3.15098,-0.67164,-2.02048,-2.04388,-2.16654,0.95253,3.13056,0.08756
19.25,approach,-0.69241,-2.08026,-2.12921,-2.13797,0.97740,3.15098,-0.67128,-2.01986,-2.04622,-2.16704,0.95244,3.13190,0.08737
19.26,approach,-0.69241,-2.08026,-2.12921,-2.13797,0.97740,3.15098,-0.67088,-2.01931,-2.04825,-2.16752,0.95234,3.13292,0.08661
19.27,approach,-0.69241,-2.08026,-2.12921,-2.13797,0.97740,3.15098,-0.67045,-2.01885,-2.05008,-2.16793,0.95249,3.13402,0.08596
19.28,approach,-0.69241,-2.08026,-2.12921,-2.13797,0.97740,3.15098,-0.67003,-2.01844,-2.05166,-2.16834,0.95257,3.13482,0.08542
19.29,approach,-0.69241,-2.08026,-2.12921,-2.13797,0.97740,3.15098,-0.66958,-2.01809,-2.05309,-2.16869,0.95287,3.13574,0.08497
19.30,approach,-0.69241,-2.08026,-2.12921,-2.13797,0.97740,3.15098,-0.66916,-2.01778,-2.05433,-2.16905,0.95305,3.13637,0.08459
19.31,approach,-0.69241,-2.08026,-2.12921,-2.13797,0.97740,3.15098,-0.66874,-2.01752,-2.05542,-2.16934,0.95336,3.13704,0.08428
19.32,approach,-0.69241,-2.08026,-2.12921,-2.13797,0.97740,3.15098,-0.66833,-2.01730,-2.05643,-2.16962,0.95372,3.13774,0.08400
19.33,approach,-0.69241,-2.08026,-2.12921,-2.13797,0.97740,3.15098,-0.66795,-2.01710,-2.05729,-2.16989,0.95400,3.13830,0.08378
19.34,approach,-0.69241,-2.08026,-2.12921,-2.13797,0.97740,3.15098,-0.66761,-2.01693,-2.05804,-2.17014,0.95428,3.13866,0.08359
19.35,approach,-0.69241,-2.08026,-2.12921,-2.13797,0.97740,3.15098,-0.66728,-2.01679,-2.05872,-2.17036,0.95458,3.13911,0.08343
19.36,approach,-0.69241,-2.08026,-2.12921,-2.13797,0.97740,3.15098,-0.66697,-2.01667,-2.05935,-2.17056,0.95495,3.13961,0.08328
19.37,approach,-0.69241,-2.08026,-2.12921,-2.13797,0.97740,3.15098,-0.66669,-2.01656,-2.05988,-2.17076,0.95522,3.14000,0.08316
19.38,approach,-0.69241,-2.08026,-2.12921,-2.13797,0.97740,3.15098,-0.66645,-2.01647,-2.06035,-2.17094,0.95546,3.14019,0.08306
19.39,approach,-0.69241,-2.08026,-2.12921,-2.13797,0.97740,3.15098,-0.66621,-2.01639,-2.06077,-2.17110,0.95572,3.14050,0.08297
19.40,approach,-0.69241,-2.08026,-2.12921,-2.13797,0.97740,3.15098,-0.66600,-2.01632,-2.06113,-2.17125,0.95596,3.14077,0.08290
19.41,approach,-0.69241,-2.08026,-2.12921,-2.13797,0.97740,3.15098,-0.66581,-2.01627,-2.06146,-2.17138,0.95619,3.14102,0.08284
19.42,approach,-0.69241,-2.08026,-2.12921,-2.13797,0.97740,3.15098,-0.66564,-2.01622,-2.06174,-2.17149,0.95639,3.14123,0.08278
19.43,approach,-0.69241,-2.08026,-2.12921,-2.13797,0.97740,3.15098,-0.66547,-2.01618,-2.06203,-2.17161,0.95670,3.14151,0.08272
19.44,approach,-0.69241,-2.08026,-2.12921,-2.13797,0.97740,3.15098,-0.66532,-2.01615,-2.06228,-2.17173,0.95688,3.14173,0.08268
19.45,approach,-0.69241,-2.08026,-2.12921,-2.13797,0.97740,3.15098,-0.66520,-2.01612,-2.06247,-2.17184,0.95703,3.14176,0.08264
19.46,approach,-0.69241,-2.08026,-2.12921,-2.13797,0.97740,3.15098,-0.66509,-2.01609,-2.06267,-2.17193,0.95722,3.14192,0.08260
19.47,approach,-0.69241,-2.08026,-2.12921,-2.13797,0.97740,3.15098,-0.66498,-2.01607,-2.06284,-2.17202,0.95738,3.14206,0.08257
19.48,approach,-0.69241,-2.08026,-2.12921,-2.13797,0.97740,3.15098,-0.66489,-2.01605,-2.06298,-2.17209,0.95753,3.14218,0.08254
19.49,approach,-0.69241,-2.08026,-2.12921,-2.13797,0.97740,3.15098,-0.66481,-2.01604,-2.06310,-2.17216,0.95765,3.14229,0.08252
19.50,approach,-0.69241,-2.08026,-2.12921,-2.13155,0.97740,3.15098,-0.66476,-2.01591,-2.06326,-2.17201,0.95764,3.14223,0.08249
19.51,approach,-0.69241,-2.08026,-2.12921,-2.12512,0.97740,3.15098,-0.66494,-2.01564,-2.06347,-2.17161,0.95763,3.14185,0.08235
19.52,approach,-0.69241,-2.08026,-2.12921,-2.11870,0.97740,3.15098,-0.66508,-2.01521,-2.06377,-2.17087,0.95754,3.14134,0.08223
19.53,approach,-0.69241,-2.08026,-2.12921,-2.11227,0.97740,3.15098,-0.66516,-2.01458,-2.06421,-2.16995,0.95754,3.14079,0.08209
19.54,approach,-0.69241,-2.08026,-2.12921,-2.10584,0.97740,3.15098,-0.66549,-2.01390,-2.06465,-2.16882,0.95749,3.13980,0.08185
19.55,approach,-0.69241,-2.08026,-2.12921,-2.09942,0.97740,3.15098,-0.66571,-2.01307,-2.06512,-2.16737,0.95735,3.13868,0.08169
19.56,approach,-0.69241,-2.08026,-2.12921,-2.09299,0.97740,3.15098,-0.66603,-2.01213,-2.06574,-2.16595,0.95743,3.13787,0.08141
19.57,approach,-0.69241,-2.08026,-2.12921,-2.08657,0.97740,3.15098,-0.66639,-2.01115,-2.06628,-2.16416,0.95720,3.13627,0.08118
19.58,approach,-0.69241,-2.08026,-2.12921,-2.08014,0.97740,3.15098,-0.66678,-2.01004,-2.06698,-2.16245,0.95730,3.13526,0.08086
19.59,approach,-0.69241,-2.08026,-2.12921,-2.07372,0.97740,3.15098,-0.66720,-2.00891,-2.06761,-2.16042,0.95708,3.13344,0.08059
19.60,approach,-0.69241,-2.08026,-2.12921,-2.07372,0.97740,3.15098,-0.66764,-2.00780,-2.06828,-2.15866,0.95719,3.13244,0.08027
19.61,approach,-0.69241,-2.08026,-2.12921,-2.07372,0.97740,3.15098,-0.66792,-2.00682,-2.06890,-2.15695,0.95707,3.13093,0.08004
19.62,approach,-0.69241,-2.08026,-2.12921,-2.07372,0.97740,3.15098,-0.66826,-2.00595,-2.06944,-2.15556,0.95725,3.13008,0.07978
19.63,approach,-0.69241,-2.08026,-2.12921,-2.07372,0.97740,3.15098,-0.66861,-2.00522,-2.06982,-2.15422,0.95715,3.12894,0.07959
19.64,approach,-0.69241,-2.08026,-2.12921,-2.07372,0.97740,3.15098,-0.66870,-2.00452,-2.07032,-2.15313,0.95708,3.12820,0.07943
19.65,approach,-0.69241,-2.08026,-2.12921,-2.07372,0.97740,3.15098,-0.66898,-2.00394,-2.07068,-2.15218,0.95724,3.12752,0.07924
19.66,approach,-0.69241,-2.08026,-2.12921,-2.07372,0.97740,3.15098,-0.66926,-2.00345,-2.07091,-2.15126,0.95722,3.12678,0.07910
19.67,approach,-0.69241,-2.08026,-2.12921,-2.07372,0.97740,3.15098,-0.66929,-2.00295,-2.07127,-2.15051,0.95716,3.12627,0.07901
19.68,approach,-0.69241,-2.08026,-2.12921,-2.07372,0.97740,3.15098,-0.66952,-2.00257,-2.07152,-2.14987,0.95734,3.12585,0.07886
19.69,approach,-0.69241,-2.08026,-2.12921,-2.07372,0.97740,3.15098,-0.66974,-2.00224,-2.07164,-2.14922,0.95733,3.12530,0.07877
19.70,approach,-0.69241,-2.08026,-2.12921,-2.07372,0.97740,3.15098,-0.66973,-2.00189,-2.07192,-2.14872,0.95730,3.12497,0.07870
19.71,approach,-0.69241,-2.08026,-2.12921,-2.07372,0.97740,3.15098,-0.66996,-2.00165,-2.07206,-2.14830,0.95745,3.12471,0.07857
19.72,approach,-0.69241,-2.08026,-2.12921,-2.07372,0.97740,3.15098,-0.67003,-2.00140,-2.07216,-2.14782,0.95742,3.12421,0.07854
19.73,approach,-0.69241,-2.08026,-2.12921,-2.07372,0.97740,3.15098,-0.67016,-2.00118,-2.07233,-2.14754,0.95763,3.12430,0.07844
19.74,approach,-0.69241,-2.08026,-2.12921,-2.07372,0.97740,3.15098,-0.67030,-2.00102,-2.07234,-2.14712,0.95756,3.12374,0.07841
19.75,approach,-0.69241,-2.08026,-2.12921,-2.07372,0.97740,3.15098,-0.67030,-2.00082,-2.07252,-2.14690,0.95764,3.12371,0.07836
19.76,approach,-0.69241,-2.08026,-2.12921,-2.07372,0.97740,3.15098,-0.67041,-2.00071,-2.07255,-2.14662,0.95753,3.12340,0.07832
19.77,approach,-0.69241,-2.08026,-2.12921,-2.07372,0.97740,3.15098,-0.67036,-2.00056,-2.07269,-2.14644,0.95757,3.12331,0.07830
19.78,approach,-0.69241,-2.08026,-2.12921,-2.07372,0.97740,3.15098,-0.67052,-2.00048,-2.07273,-2.14628,0.95765,3.12321,0.07822
19.79,approach,-0.69241,-2.08026,-2.12921,-2.07372,0.97740,3.15098,-0.67053,-2.00036,-2.07278,-2.14606,0.95771,3.12293,0.07822
19.80,approach,-0.69241,-2.08026,-2.12921,-2.07372,0.97740,3.15098,-0.67063,-2.00028,-2.07285,-2.14598,0.95788,3.12314,0.07815
19.81,approach,-0.69241,-2.08026,-2.12921,-2.07372,0.97740,3.15098,-0.67067,-2.00021,-2.07283,-2.14577,0.95785,3.12270,0.07816
19.82,approach,-0.69241,-2.08026,-2.12921,-2.07372,0.97740,3.15098,-0.67065,-2.00012,-2.07291,-2.14567,0.95782,3.12280,0.07815
19.83,approach,-0.69241,-2.08026,-2.12921,-2.07372,0.97740,3.15098,-0.67065,-2.00006,-2.07298,-2.14558,0.95784,3.12266,0.07812
19.84,approach,-0.69241,-2.08026,-2.12921,-2.07372,0.97740,3.15098,-0.67079,-2.00004,-2.07294,-2.14550,0.95787,3.12257,0.07808
19.85,approach,-0.69241,-2.08026,-2.12921,-2.07372,0.97740,3.15098,-0.67072,-1.99996,-2.07300,-2.14538,0.95783,3.12242,0.07810
19.86,approach,-0.69241,-2.08026,-2.12921,-2.07372,0.97740,3.15098,-0.67080,-1.99993,-2.07305,-2.14539,0.95803,3.12270,0.07804
19.87,approach,-0.69241,-2.08026,-2.12921,-2.07372,0.97740,3.15098,-0.67087,-1.99991,-2.07298,-2.14524,0.95798,3.12233,0.07805
19.88,approach,-0.69241,-2.08026,-2.12921,-2.07372,0.97740,3.15098,-0.67082,-1.99985,-2.07308,-2.14524,0.95807,3.12249,0.07803
19.89,approach,-0.69241,-2.08026,-2.12921,-2.07372,0.97740,3.15098,-0.67092,-1.99986,-2.07302,-2.14516,0.95800,3.12231,0.07802
19.90,approach,-0.69241,-2.08026,-2.12921,-2.07372,0.97080,3.15098,-0.67079,-1.99980,-2.07313,-2.14513,0.95786,3.12219,0.07803
19.91,approach,-0.69241,-2.08026,-2.12921,-2.07372,0.96420,3.15098,-0.67072,-1.99976,-2.07323,-2.14513,0.95741,3.12215,0.07802
19.92,approach,-0.69241,-2.08026,-2.12921,-2.07372,0.95760,3.15098,-0.67057,-1.99970,-2.07335,-2.14507,0.95737,3.12214,0.07805
19.93,approach,-0.69241,-2.08026,-2.12921,-2.07372,0.95100,3.15098,-0.67047,-1.99965,-2.07348,-2.14503,0.95683,3.12189,0.07804
19.94,approach,-0.69241,-2.08026,-2.12921,-2.07372,0.94440,3.15098,-0.67014,-1.99956,-2.07384,-2.14506,0.95605,3.12181,0.07803
19.95,approach,-0.69241,-2.08026,-2.12921,-2.07372,0.93780,3.15098,-0.66975,-1.99948,-2.07419,-2.14513,0.95527,3.12189,0.07804
19.96,approach,-0.69241,-2.08026,-2.12921,-2.07372,0.93120,3.15098,-0.66936,-1.99941,-2.07463,-2.14529,0.95388,3.12195,0.07801
19.97,approach,-0.69241,-2.08026,-2.12921,-2.07372,0.92460,3.15098,-0.66893,-1.99936,-2.07511,-2.14555,0.95155,3.12120,0.07795
19.98,approach,-0.69241,-2.08026,-2.12921,-2.07372,0.91800,3.15098,-0.66820,-1.99926,-2.07581,-2.14579,0.94988,3.12204,0.07795
19.99,approach,-0.69241,-2.08026,-2.12921,-2.07372,0.91139,3.15098,-0.66747,-1.99919,-2.07649,-2.14602,0.94767,3.12213,0.07796
20.00,approach,-0.69241,-2.08026,-2.12921,-2.07372,0.90479,3.15098,-0.66665,-1.99912,-2.07729,-2.14638,0.94534,3.12251,0.07794
20.01,approach,-0.69241,-2.08026,-2.12921,-2.07372,0.89819,3.15098,-0.66576,-1.99904,-2.07805,-2.14673,0.94275,3.12281,0.07798
20.02,approach,-0.69241,-2.08026,-2.12921,-2.07372,0.89159,3.15098,-0.66485,-1.99895,-2.07885,-2.14706,0.94001,3.12309,0.07801
20.03,approach,-0.69241,-2.08026,-2.12921,-2.07372,0.88499,3.15098,-0.66390,-1.99885,-2.07968,-2.14744,0.93720,3.12343,0.07805
20.04,approach,-0.69241,-2.08026,-2.12921,-2.07372,0.87839,3.15098,-0.66281,-1.99873,-2.08063,-2.14778,0.93490,3.12474,0.07810
20.05,approach,-0.69241,-2.08026,-2.12921,-2.07372,0.87839,3.15098,-0.66185,-1.99865,-2.08150,-2.14823,0.93259,3.12541,0.07812
20.06,approach,-0.69241,-2.08026,-2.12921,-2.07372,0.87839,3.15098,-0.66115,-1.99860,-2.08222,-2.14872,0.93033,3.12620,0.07808
20.07,approach,-0.69241,-2.08026,-2.12921,-2.07372,0.87839,3.15098,-0.66043,-1.99854,-2.08283,-2.14903,0.92847,3.12654,0.07812
20.08,approach,-0.69241,-2.08026,-2.12921,-2.07372,0.87839,3.15098,-0.66000,-1.99853,-2.08326,-2.14929,0.92643,3.12681,0.07810
20.09,approach,-0.69241,-2.08026,-2.12921,-2.07372,0.87839,3.15098,-0.65960,-1.99852,-2.08369,-2.14952,0.92449,3.12713,0.07807
20.10,approach,-0.69241,-2.08026,-2.12921,-2.07372,0.87839,3.15098,-0.65925,-1.99851,-2.08413,-2.14975,0.92281,3.12754,0.07801
20.11,approach,-0.69241,-2.08026,-2.12921,-2.07372,0.87839,3.15098,-0.65877,-1.99845,-2.08455,-2.15000,0.92168,3.12774,0.07803
20.12,approach,-0.69241,-2.08026,-2.12921,-2.07372,0.87839,3.15098,-0.65839,-1.99846,-2.08487,-2.15008,0.92085,3.12813,0.07806
20.13,approach,-0.69241,-2.08026,-2.12921,-2.07372,0.87839,3.15098,-0.65819,-1.99846,-2.08511,-2.15032,0.91973,3.12791,0.07802
20.14,approach,-0.69241,-2.08026,-2.12921,-2.07372,0.87839,3.15098,-0.65783,-1.99843,-2.08539,-2.15046,0.91912,3.12866,0.07806
20.15,approach,-0.69241,-2.08026,-2.12921,-2.07372,0.87839,3.15098,-0.65764,-1.99842,-2.08553,-2.15057,0.91832,3.12871,0.07807
20.16,approach,-0.69241,-2.08026,-2.12921,-2.07372,0.87839,3.15098,-0.65739,-1.99839,-2.08573,-2.15064,0.91773,3.12883,0.07810
20.17,approach,-0.69241,-2.08026,-2.12921,-2.07372,0.87839,3.15098,-0.65720,-1.99837,-2.08597,-2.15077,0.91712,3.12893,0.07807
20.18,approach,-0.69241,-2.08026,-2.12921,-2.07372,0.87839,3.15098,-0.65710,-1.99839,-2.08599,-2.15079,0.91647,3.12900,0.07811
20.19,approach,-0.69241,-2.08026,-2.12921,-2.07372,0.87839,3.15098,-0.65699,-1.99839,-2.08611,-2.15088,0.91581,3.12920,0.07810
20.20,approach,-0.69241,-2.08026,-2.12921,-2.07372,0.87839,3.15098,-0.65696,-1.99840,-2.08618,-2.15093,0.91509,3.12922,0.07807
20.21,approach,-0.69241,-2.08026,-2.12921,-2.07372,0.87839,3.15098,-0.65695,-1.99841,-2.08629,-2.15103,0.91447,3.12933,0.07802
20.22,approach,-0.69241,-2.08026,-2.12921,-2.07372,0.87839,3.15098,-0.65687,-1.99840,-2.08647,-2.15116,0.91385,3.12942,0.07796
20.23,approach,-0.69241,-2.08026,-2.12921,-2.07372,0.87839,3.15098,-0.65668,-1.99839,-2.08651,-2.15116,0.91378,3.12954,0.07803
20.24,approach,-0.69241,-2.08026,-2.12921,-2.07372,0.87839,3.15098,-0.65661,-1.99839,-2.08667,-2.15125,0.91335,3.12951,0.07799
20.25,approach,-0.69241,-2.08026,-2.12921,-2.07372,0.87839,3.15098,-0.65656,-1.99840,-2.08662,-2.15122,0.91307,3.12957,0.07803
20.26,approach,-0.69241,-2.08026,-2.12921,-2.07372,0.87839,3.15098,-0.65654,-1.99841,-2.08665,-2.15126,0.91268,3.12959,0.07803
20.27,approach,-0.69241,-2.08026,-2.12921,-2.07372,0.87839,3.15098,-0.65659,-1.99842,-2.08668,-2.15127,0.91226,3.12962,0.07799
20.28,approach,-0.69241,-2.08026,-2.12921,-2.07372,0.87839,3.15098,-0.65661,-1.99843,-2.08681,-2.15141,0.91172,3.12978,0.07790
20.29,approach,-0.69241,-2.08026,-2.12921,-2.07372,0.87839,3.15098,-0.65639,-1.99838,-2.08688,-2.15143,0.91173,3.12981,0.07798
20.30,approach,-0.69241,-2.08026,-2.12921,-2.07372,0.87839,3.15098,-0.65635,-1.99840,-2.08692,-2.15141,0.91166,3.12977,0.07798
20.31,approach,-0.69241,-2.08026,-2.12921,-2.07372,0.87839,3.15098,-0.65645,-1.99844,-2.08695,-2.15145,0.91129,3.12983,0.07791
20.32,approach,-0.69241,-2.08026,-2.12921,-2.07372,0.87839,3.15098,-0.65624,-1.99838,-2.08710,-2.15161,0.91119,3.12996,0.07794
20.33,approach,-0.69241,-2.08026,-2.12921,-2.07372,0.87839,3.15098,-0.65616,-1.99840,-2.08707,-2.15151,0.91123,3.12996,0.07800
20.34,approach,-0.69241,-2.08026,-2.12921,-2.07372,0.87839,3.15098,-0.65618,-1.99841,-2.08715,-2.15159,0.91095,3.12993,0.07794
20.35,wait_grasp,-0.69241,-2.08026,-2.12921,-2.07372,0.87839,3.15098,-0.65614,-1.99841,-2.08719,-2.15162,0.91067,3.13003,0.07794
20.36,wait_grasp,-0.69241,-2.08026,-2.12921,-2.07372,0.87839,3.15098,-0.65620,-1.99843,-2.08716,-2.15165,0.91061,3.13008,0.07792
20.37,wait_grasp,-0.69241,-2.08026,-2.12921,-2.07372,0.87839,3.15098,-0.65630,-1.99845,-2.08721,-2.15171,0.91018,3.13014,0.07784
20.38,wait_grasp,-0.69241,-2.08026,-2.12921,-2.07372,0.87839,3.15098,-0.65615,-1.99841,-2.08732,-2.15179,0.91017,3.13016,0.07786
20.39,wait_grasp,-0.69241,-2.08026,-2.12921,-2.07372,0.87839,3.15098,-0.65607,-1.99842,-2.08727,-2.15170,0.91023,3.13016,0.07793
20.40,wait_grasp,-0.69241,-2.08026,-2.12921,-2.07372,0.87839,3.15098,-0.65616,-1.99844,-2.08722,-2.15166,0.90997,3.13003,0.07791
20.41,wait_grasp,-0.69241,-2.08026,-2.12921,-2.07372,0.87839,3.15098,-0.65616,-1.99843,-2.08730,-2.15176,0.90983,3.13024,0.07786
20.42,wait_grasp,-0.69241,-2.08026,-2.12921,-2.07372,0.87839,3.15098,-0.65609,-1.99841,-2.08741,-2.15184,0.90977,3.13028,0.07784
20.43,wait_grasp,-0.69241,-2.08026,-2.12921,-2.07372,0.87839,3.15098,-0.65594,-1.99840,-2.08740,-2.15178,0.90985,3.13026,0.07793
20.44,wait_grasp,-0.69241,-2.08026,-2.12921,-2.07372,0.87839,3.15098,-0.65609,-1.99845,-2.08737,-2.15180,0.90973,3.13025,0.07786
20.45,wait_grasp,-0.69241,-2.08026,-2.12921,-2.07372,0.87839,3.15098,-0.65604,-1.99843,-2.08745,-2.15189,0.90946,3.13030,0.07784
20.46,wait_grasp,-0.69241,-2.08026,-2.12921,-2.07372,0.87839,3.15098,-0.65601,-1.99843,-2.08751,-2.15190,0.90936,3.13033,0.07783
20.47,wait_grasp,-0.69241,-2.08026,-2.12921,-2.07372,0.87839,3.15098,-0.65604,-1.99845,-2.08741,-2.15183,0.90941,3.13031,0.07787
20.48,wait_grasp,-0.69241,-2.08026,-2.12921,-2.07372,0.87839,3.15098,-0.65616,-1.99847,-2.08736,-2.15182,0.90914,3.13023,0.07783
20.49,wait_grasp,-0.69241,-2.08026,-2.12921,-2.07372,0.87839,3.15098,-0.65614,-1.99847,-2.08748,-2.15188,0.90900,3.13040,0.07778
20.50,wait_grasp,-0.69241,-2.08026,-2.12921,-2.07372,0.87839,3.15098,-0.65598,-1.99844,-2.08755,-2.15194,0.90905,3.13042,0.07782
20.51,wait_grasp,-0.69241,-2.08026,-2.12921,-2.07372,0.87839,3.15098,-0.65597,-1.99848,-2.08746,-2.15183,0.90909,3.13034,0.07788
20.52,wait_grasp,-0.69241,-2.08026,-2.12921,-2.07372,0.87839,3.15098,-0.65611,-1.99851,-2.08739,-2.15184,0.90885,3.13024,0.07784
20.53,wait_grasp,-0.69241,-2.08026,-2.12921,-2.07372,0.87839,3.15098,-0.65609,-1.99849,-2.08750,-2.15195,0.90872,3.13046,0.07779
20.54,wait_grasp,-0.69241,-2.08026,-2.12921,-2.07372,0.87839,3.15098,-0.65593,-1.99847,-2.08758,-2.15200,0.90876,3.13048,0.07782
20.55,wait_grasp,-0.69241,-2.08026,-2.12921,-2.07372,0.87839,3.15098,-0.65591,-1.99850,-2.08749,-2.15189,0.90879,3.13039,0.07788
20.56,wait_grasp,-0.69241,-2.08026,-2.12921,-2.07372,0.87839,3.15098,-0.65607,-1.99853,-2.08741,-2.15191,0.90880,3.13035,0.07784
20.57,wait_grasp,-0.69241,-2.08026,-2.12921,-2.07372,0.87839,3.15098,-0.65608,-1.99851,-2.08751,-2.15201,0.90872,3.13051,0.07778
20.58,wait_grasp,-0.69241,-2.08026,-2.12921,-2.07372,0.87839,3.15098,-0.65589,-1.99848,-2.08756,-2.15201,0.90878,3.13050,0.07785
20.59,wait_grasp,-0.69241,-2.08026,-2.12921,-2.07372,0.87839,3.15098,-0.65586,-1.99851,-2.08752,-2.15192,0.90878,3.13040,0.07789
20.60,wait_grasp,-0.69241,-2.08026,-2.12921,-2.07372,0.87839,3.15098,-0.65604,-1.99854,-2.08749,-2.15198,0.90869,3.13043,0.07781
20.61,wait_grasp,-0.69241,-2.08026,-2.12921,-2.07372,0.87839,3.15098,-0.65589,-1.99849,-2.08755,-2.15203,0.90878,3.13051,0.07785
20.62,wait_grasp,-0.69241,-2.08026,-2.12921,-2.07372,0.87839,3.15098,-0.65585,-1.99851,-2.08753,-2.15194,0.90878,3.13041,0.07789
20.63,wait_grasp,-0.69241,-2.08026,-2.12921,-2.07372,0.87839,3.15098,-0.65591,-1.99852,-2.08756,-2.15199,0.90876,3.13043,0.07784
20.64,wait_grasp,-0.69241,-2.08026,-2.12921,-2.07372,0.87839,3.15098,-0.65597,-1.99853,-2.08743,-2.15194,0.90881,3.13042,0.07788
20.65,wait_grasp,-0.69241,-2.08026,-2.12921,-2.07372,0.87839,3.15098,-0.65607,-1.99854,-2.08741,-2.15195,0.90880,3.13041,0.07784
20.66,wait_grasp,-0.69241,-2.08026,-2.12921,-2.07372,0.87839,3.15098,-0.65606,-1.99852,-2.08751,-2.15204,0.90871,3.13054,0.07778
20.67,wait_grasp,-0.69241,-2.08026,-2.12921,-2.07372,0.87839,3.15098,-0.65588,-1.99849,-2.08755,-2.15203,0.90878,3.13052,0.07786
20.68,wait_grasp,-0.69241,-2.08026,-2.12921,-2.07372,0.87839,3.15098,-0.65585,-1.99852,-2.08753,-2.15195,0.90878,3.13042,0.07789
20.69,wait_grasp,-0.69241,-2.08026,-2.12921,-2.07372,0.87839,3.15098,-0.65589,-1.99853,-2.08756,-2.15200,0.90877,3.13042,0.07786
20.70,wait_grasp,-0.69241,-2.08026,-2.12921,-2.07372,0.87839,3.15098,-0.65599,-1.99854,-2.08742,-2.15194,0.90881,3.13041,0.07788
20.71,wait_grasp,-0.69241,-2.08026,-2.12921,-2.07372,0.87839,3.15098,-0.65608,-1.99854,-2.08742,-2.15197,0.90878,3.13043,0.07783
20.72,wait_grasp,-0.69241,-2.08026,-2.12921,-2.07372,0.87839,3.15098,-0.65604,-1.99852,-2.08753,-2.15206,0.90873,3.13056,0.07778
20.73,wait_grasp,-0.69241,-2.08026,-2.12921,-2.07372,0.87839,3.15098,-0.65587,-1.99850,-2.08754,-2.15202,0.90878,3.13051,0.07787
20.74,wait_grasp,-0.69241,-2.08026,-2.12921,-2.07372,0.87839,3.15098,-0.65587,-1.99853,-2.08757,-2.15200,0.90874,3.13045,0.07786
20.75,wait_grasp,-0.69241,-2.08026,-2.12921,-2.07372,0.87839,3.15098,-0.65598,-1.99855,-2.08742,-2.15196,0.90881,3.13043,0.07788
20.76,wait_grasp,-0.69241,-2.08026,-2.12921,-2.07372,0.87839,3.15098,-0.65608,-1.99855,-2.08741,-2.15198,0.90879,3.13043,0.07783
20.77,wait_grasp,-0.69241,-2.08026,-2.12921,-2.07372,0.87839,3.15098,-0.65604,-1.99853,-2.08753,-2.15207,0.90873,3.13057,0.07778
20.78,wait_grasp,-0.69241,-2.08026,-2.12921,-2.07372,0.87839,3.15098,-0.65587,-1.99851,-2.08754,-2.15203,0.90878,3.13052,0.07787
20.79,wait_grasp,-0.69241,-2.08026,-2.12921,-2.07372,0.87839,3.15098,-0.65586,-1.99853,-2.08757,-2.15201,0.90875,3.13045,0.07786
20.80,wait_grasp,-0.69241,-2.08026,-2.12921,-2.07372,0.87839,3.15098,-0.65598,-1.99855,-2.08741,-2.15196,0.90881,3.13043,0.07788
20.81,wait_grasp,-0.69241,-2.08026,-2.12921,-2.07372,0.87839,3.15098,-0.65608,-1.99855,-2.08741,-2.15199,0.90878,3.13045,0.07783
20.82,wait_grasp,-0.69241,-2.08026,-2.12921,-2.07372,0.87839,3.15098,-0.65603,-1.99853,-2.08753,-2.15208,0.90873,3.13057,0.07779
20.83,wait_grasp,-0.69241,-2.08026,-2.12921,-2.07372,0.87839,3.15098,-0.65587,-1.99851,-2.08753,-2.15202,0.90879,3.13051,0.07788
20.84,wait_grasp,-0.69241,-2.08026,-2.12921,-2.07372,0.87839,3.15098,-0.65589,-1.99854,-2.08756,-2.15202,0.90874,3.13046,0.07785
20.85,close,-0.69241,-2.08026,-2.12921,-2.07372,0.87839,3.15098,-0.65596,-1.99855,-2.08742,-2.15198,0.90881,3.13045,0.07788
20.86,close,-0.69241,-2.08026,-2.12921,-2.07372,0.87839,3.15098,-0.65607,-1.99856,-2.08740,-2.15197,0.90880,3.13042,0.07784
20.87,close,-0.69241,-2.08026,-2.12921,-2.07372,0.87839,3.15098,-0.65607,-1.99854,-2.08750,-2.15206,0.90872,3.13055,0.07779
20.88,close,-0.69241,-2.08026,-2.12921,-2.07372,0.87839,3.15098,-0.65588,-1.99850,-2.08755,-2.15206,0.90878,3.13053,0.07786
20.89,close,-0.69241,-2.08026,-2.12921,-2.07372,0.87839,3.15098,-0.65586,-1.99853,-2.08751,-2.15196,0.90879,3.13043,0.07790
20.90,close,-0.69241,-2.08026,-2.12921,-2.07372,0.87839,3.15098,-0.65604,-1.99856,-2.08748,-2.15201,0.90870,3.13045,0.07782
20.91,close,-0.69241,-2.08026,-2.12921,-2.07372,0.87839,3.15098,-0.65589,-1.99851,-2.08754,-2.15206,0.90879,3.13053,0.07786
20.92,close,-0.69241,-2.08026,-2.12921,-2.07372,0.87839,3.15098,-0.65584,-1.99852,-2.08753,-2.15197,0.90883,3.13051,0.07789
20.93,close,-0.69241,-2.08026,-2.12921,-2.07372,0.87839,3.15098,-0.65587,-1.99852,-2.08753,-2.15198,0.90880,3.13041,0.07788
20.94,close,-0.69241,-2.08026,-2.12921,-2.07372,0.87839,3.15098,-0.65598,-1.99855,-2.08741,-2.15195,0.90883,3.13040,0.07788
20.95,close,-0.69241,-2.08026,-2.12921,-2.07372,0.87839,3.15098,-0.65607,-1.99855,-2.08741,-2.15198,0.90880,3.13045,0.07784
20.96,close,-0.69241,-2.08026,-2.12921,-2.07372,0.87839,3.15098,-0.65604,-1.99853,-2.08753,-2.15206,0.90873,3.13058,0.07779
20.97,close,-0.69241,-2.08026,-2.12921,-2.07372,0.87839,3.15098,-0.65586,-1.99850,-2.08754,-2.15203,0.90879,3.13054,0.07787
20.98,close,-0.69241,-2.08026,-2.12921,-2.07372,0.87839,3.15098,-0.65585,-1.99851,-2.08756,-2.15198,0.90878,3.13045,0.07788
20.99,close,-0.69241,-2.08026,-2.12921,-2.07372,0.87839,3.15098,-0.65598,-1.99854,-2.08742,-2.15194,0.90884,3.13043,0.07788
21.00,close,-0.69241,-2.08026,-2.12921,-2.07372,0.87839,3.15098,-0.65612,-1.99855,-2.08739,-2.15198,0.90857,3.13045,0.07782
21.01,close,-0.69241,-2.08026,-2.12921,-2.07372,0.87839,3.15098,-0.65605,-1.99854,-2.08752,-2.15208,0.90850,3.13058,0.07778
21.02,close,-0.69241,-2.08026,-2.12921,-2.07372,0.87839,3.15098,-0.65591,-1.99851,-2.08752,-2.15201,0.90854,3.13051,0.07786
21.03,close,-0.69241,-2.08026,-2.12921,-2.07372,0.87839,3.15098,-0.65593,-1.99852,-2.08756,-2.15199,0.90851,3.13045,0.07784
21.04,close,-0.69241,-2.08026,-2.12921,-2.07372,0.87839,3.15098,-0.65601,-1.99853,-2.08742,-2.15194,0.90857,3.13045,0.07786
21.05,close,-0.69241,-2.08026,-2.12921,-2.07372,0.87839,3.15098,-0.65610,-1.99854,-2.08741,-2.15197,0.90854,3.13046,0.07782
21.06,close,-0.69241,-2.08026,-2.12921,-2.07372,0.87839,3.15098,-0.65606,-1.99853,-2.08753,-2.15205,0.90848,3.13057,0.07778
21.07,close,-0.69241,-2.08026,-2.12921,-2.07372,0.87839,3.15098,-0.65591,-1.99850,-2.08753,-2.15199,0.90854,3.13050,0.07786
21.08,close,-0.69241,-2.08026,-2.12921,-2.07372,0.87839,3.15098,-0.65592,-1.99850,-2.08757,-2.15196,0.90850,3.13043,0.07784
21.09,close,-0.69241,-2.08026,-2.12921,-2.07372,0.87839,3.15098,-0.65602,-1.99852,-2.08743,-2.15191,0.90857,3.13043,0.07786
21.10,close,-0.69241,-2.08026,-2.12921,-2.07372,0.87839,3.15098,-0.65611,-1.99852,-2.08743,-2.15194,0.90853,3.13044,0.07781
21.11,close,-0.69241,-2.08026,-2.12921,-2.07372,0.87839,3.15098,-0.65607,-1.99849,-2.08755,-2.15201,0.90848,3.13052,0.07777
21.12,close,-0.69241,-2.08026,-2.12921,-2.07372,0.87839,3.15098,-0.65592,-1.99847,-2.08755,-2.15193,0.90854,3.13045,0.07785
21.13,close,-0.69241,-2.08026,-2.12921,-2.07372,0.87839,3.15098,-0.65595,-1.99847,-2.08759,-2.15192,0.90849,3.13040,0.07782
21.14,close,-0.69241,-2.08026,-2.12921,-2.07372,0.87839,3.15098,-0.65601,-1.99848,-2.08746,-2.15186,0.90856,3.13040,0.07785
21.15,close,-0.69241,-2.08026,-2.12921,-2.07372,0.87839,3.15098,-0.65611,-1.99848,-2.08745,-2.15186,0.90853,3.13038,0.07781
21.16,close,-0.69241,-2.08026,-2.12921,-2.07372,0.87839,3.15098,-0.65610,-1.99846,-2.08755,-2.15193,0.90847,3.13049,0.07776
21.17,close,-0.69241,-2.08026,-2.12921,-2.07372,0.87839,3.15098,-0.65593,-1.99843,-2.08758,-2.15190,0.90852,3.13043,0.07784
21.18,close,-0.69241,-2.08026,-2.12921,-2.07372,0.87839,3.15098,-0.65590,-1.99844,-2.08760,-2.15184,0.90850,3.13034,0.07784
21.19,close,-0.69241,-2.08026,-2.12921,-2.07372,0.87839,3.15098,-0.65604,-1.99846,-2.08747,-2.15178,0.90856,3.13031,0.07784
21.20,close,-0.69241,-2.08026,-2.12921,-2.07372,0.87839,3.15098,-0.65613,-1.99845,-2.08747,-2.15182,0.90852,3.13036,0.07779
21.21,close,-0.69241,-2.08026,-2.12921,-2.07372,0.87839,3.15098,-0.65608,-1.99844,-2.08759,-2.15191,0.90847,3.13045,0.07776
21.22,close,-0.69241,-2.08026,-2.12921,-2.07372,0.87839,3.15098,-0.65593,-1.99842,-2.08758,-2.15184,0.90852,3.13038,0.07784
21.23,close,-0.69241,-2.08026,-2.12921,-2.07372,0.87839,3.15098,-0.65597,-1.99843,-2.08762,-2.15184,0.90848,3.13034,0.07781
21.24,close,-0.69241,-2.08026,-2.12921,-2.07372,0.87839,3.15098,-0.65601,-1.99843,-2.08750,-2.15178,0.90855,3.13034,0.07784
21.25,close,-0.69241,-2.08026,-2.12921,-2.07372,0.87839,3.15098,-0.65612,-1.99843,-2.08747,-2.15177,0.90853,3.13030,0.07781
21.26,close,-0.69241,-2.08026,-2.12921,-2.07372,0.87839,3.15098,-0.65612,-1.99842,-2.08757,-2.15184,0.90846,3.13042,0.07775
21.27,close,-0.69241,-2.08026,-2.12921,-2.07372,0.87839,3.15098,-0.65595,-1.99839,-2.08761,-2.15184,0.90851,3.13038,0.07782
21.28,close,-0.69241,-2.08026,-2.12921,-2.07372,0.87839,3.15098,-0.65591,-1.99840,-2.08760,-2.15176,0.90850,3.13029,0.07785
21.29,close,-0.69241,-2.08026,-2.12921,-2.07372,0.87839,3.15098,-0.65594,-1.99839,-2.08760,-2.15175,0.90853,3.13025,0.07784
21.30,close,-0.69241,-2.08026,-2.12921,-2.07372,0.87839,3.15098,-0.65600,-1.99839,-2.08753,-2.15170,0.90855,3.13022,0.07784
21.31,close,-0.69241,-2.08026,-2.12921,-2.07372,0.87839,3.15098,-0.65613,-1.99840,-2.08749,-2.15170,0.90853,3.13024,0.07780
21.32,close,-0.69241,-2.08026,-2.12921,-2.07372,0.87839,3.15098,-0.65613,-1.99839,-2.08759,-2.15179,0.90845,3.13038,0.07774
21.33,close,-0.69241,-2.08026,-2.12921,-2.07372,0.87839,3.15098,-0.65595,-1.99836,-2.08763,-2.15179,0.90851,3.13035,0.07782
21.34,close,-0.69241,-2.08026,-2.12921,-2.07372,0.87839,3.15098,-0.65592,-1.99837,-2.08762,-2.15171,0.90850,3.13025,0.07784
21.35,close,-0.69241,-2.08026,-2.12921,-2.07372,0.87839,3.15098,-0.65595,-1.99837,-2.08760,-2.15170,0.90853,3.13022,0.07784
21.36,close,-0.69241,-2.08026,-2.12921,-2.07372,0.87839,3.15098,-0.65597,-1.99836,-2.08764,-2.15171,0.90852,3.13023,0.07781
21.37,close,-0.69241,-2.08026,-2.12921,-2.07372,0.87839,3.15098,-0.65606,-1.99837,-2.08752,-2.15166,0.90854,3.13024,0.07782
21.38,close,-0.69241,-2.08026,-2.12921,-2.07372,0.87839,3.15098,-0.65615,-1.99837,-2.08753,-2.15170,0.90849,3.13027,0.07777
21.39,close,-0.69241,-2.08026,-2.12921,-2.07372,0.87839,3.15098,-0.65609,-1.99836,-2.08764,-2.15179,0.90847,3.13034,0.07774
21.40,close,-0.69241,-2.08026,-2.12921,-2.07372,0.87839,3.15098,-0.65595,-1.99837,-2.08761,-2.15173,0.90852,3.13030,0.07783
21.41,close,-0.69241,-2.08026,-2.12921,-2.07372,0.87839,3.15098,-0.65599,-1.99840,-2.08763,-2.15180,0.90845,3.13027,0.07779
21.42,close,-0.69241,-2.08026,-2.12921,-2.07372,0.87839,3.15098,-0.65600,-1.99843,-2.08751,-2.15178,0.90852,3.13030,0.07785
21.43,close,-0.69241,-2.08026,-2.12921,-2.07372,0.87839,3.15098,-0.65612,-1.99846,-2.08745,-2.15181,0.90852,3.13029,0.07781
21.44,close,-0.69241,-2.08026,-2.12921,-2.07372,0.87839,3.15098,-0.65612,-1.99847,-2.08753,-2.15193,0.90844,3.13044,0.07776
21.45,close,-0.69241,-2.08026,-2.12921,-2.07372,0.87839,3.15098,-0.65592,-1.99846,-2.08757,-2.15196,0.90851,3.13046,0.07784
21.46,close,-0.69241,-2.08026,-2.12921,-2.07372,0.87839,3.15098,-0.65591,-1.99850,-2.08751,-2.15190,0.90852,3.13037,0.07788
21.47,close,-0.69241,-2.08026,-2.12921,-2.07372,0.87839,3.15098,-0.65608,-1.99854,-2.08749,-2.15198,0.90843,3.13041,0.07779
21.48,close,-0.69241,-2.08026,-2.12921,-2.07372,0.87839,3.15098,-0.65592,-1.99850,-2.08754,-2.15203,0.90854,3.13052,0.07785
21.49,close,-0.69241,-2.08026,-2.12921,-2.07372,0.87839,3.15098,-0.65589,-1.99853,-2.08751,-2.15197,0.90852,3.13041,0.07788
21.50,close,-0.69241,-2.08026,-2.12921,-2.07372,0.87839,3.15098,-0.65594,-1.99854,-2.08754,-2.15202,0.90851,3.13042,0.07784
21.51,close,-0.69241,-2.08026,-2.12921,-2.07372,0.87839,3.15098,-0.65600,-1.99856,-2.08741,-2.15197,0.90855,3.13043,0.07787
21.52,close,-0.69241,-2.08026,-2.12921,-2.07372,0.87839,3.15098,-0.65610,-1.99857,-2.08739,-2.15200,0.90852,3.13043,0.07782
21.53,close,-0.69241,-2.08026,-2.12921,-2.07372,0.87839,3.15098,-0.65607,-1.99856,-2.08750,-2.15210,0.90847,3.13057,0.07778
21.54,close,-0.69241,-2.08026,-2.12921,-2.07372,0.87839,3.15098,-0.65589,-1.99855,-2.08750,-2.15209,0.90854,3.13057,0.07787
21.55,close,-0.69241,-2.08026,-2.12921,-2.07372,0.87839,3.15098,-0.65587,-1.99857,-2.08751,-2.15207,0.90851,3.13049,0.07788
21.56,close,-0.69241,-2.08026,-2.12921,-2.07372,0.87839,3.15098,-0.65601,-1.99860,-2.08737,-2.15203,0.90856,3.13045,0.07788
21.57,close,-0.69241,-2.08026,-2.12921,-2.07372,0.87839,3.15098,-0.65611,-1.99860,-2.08737,-2.15206,0.90853,3.13047,0.07783
21.58,close,-0.69241,-2.08026,-2.12921,-2.07372,0.87839,3.15098,-0.65605,-1.99858,-2.08749,-2.15214,0.90850,3.13060,0.07779
21.59,close,-0.69241,-2.08026,-2.12921,-2.07372,0.87839,3.15098,-0.65589,-1.99857,-2.08749,-2.15210,0.90854,3.13056,0.07788
21.60,close,-0.69241,-2.08026,-2.12921,-2.07372,0.87839,3.15098,-0.65590,-1.99859,-2.08751,-2.15210,0.90851,3.13049,0.07786
21.61,close,-0.69241,-2.08026,-2.12921,-2.07372,0.87839,3.15098,-0.65600,-1.99861,-2.08737,-2.15205,0.90855,3.13048,0.07788
21.62,close,-0.69241,-2.08026,-2.12921,-2.07372,0.87839,3.15098,-0.65610,-1.99861,-2.08737,-2.15208,0.90852,3.13049,0.07783
21.63,close,-0.69241,-2.08026,-2.12921,-2.07372,0.87839,3.15098,-0.65604,-1.99859,-2.08748,-2.15217,0.90850,3.13062,0.07779
21.64,close,-0.69241,-2.08026,-2.12921,-2.07372,0.87839,3.15098,-0.65589,-1.99858,-2.08747,-2.15211,0.90856,3.13057,0.07788
21.65,close,-0.69241,-2.08026,-2.12921,-2.07372,0.87839,3.15098,-0.65593,-1.99860,-2.08750,-2.15213,0.90850,3.13052,0.07785
21.66,close,-0.69241,-2.08026,-2.12921,-2.07372,0.87839,3.15098,-0.65597,-1.99861,-2.08738,-2.15207,0.90855,3.13051,0.07789
21.67,close,-0.69241,-2.08026,-2.12921,-2.07372,0.87839,3.15098,-0.65608,-1.99862,-2.08735,-2.15207,0.90857,3.13049,0.07785
21.68,close,-0.69241,-2.08026,-2.12921,-2.07372,0.87839,3.15098,-0.65607,-1.99860,-2.08745,-2.15216,0.90849,3.13066,0.07779
21.69,close,-0.69241,-2.08026,-2.12921,-2.07372,0.87839,3.15098,-0.65588,-1.99858,-2.08750,-2.15217,0.90855,3.13066,0.07787
21.70,close,-0.69241,-2.08026,-2.12921,-2.07372,0.87839,3.15098,-0.65588,-1.99860,-2.08746,-2.15208,0.90856,3.13055,0.07790
21.71,close,-0.69241,-2.08026,-2.12921,-2.07372,0.87839,3.15098,-0.65603,-1.99862,-2.08746,-2.15213,0.90846,3.13053,0.07781
21.72,close,-0.69241,-2.08026,-2.12921,-2.07372,0.87839,3.15098,-0.65590,-1.99859,-2.08747,-2.15214,0.90858,3.13062,0.07787
21.73,close,-0.69241,-2.08026,-2.12921,-2.07372,0.87839,3.15098,-0.65588,-1.99860,-2.08747,-2.15211,0.90853,3.13049,0.07789
21.74,close,-0.69241,-2.08026,-2.12921,-2.07372,0.87839,3.15098,-0.65597,-1.99861,-2.08738,-2.15205,0.90857,3.13045,0.07789
21.75,close,-0.69241,-2.08026,-2.12921,-2.07372,0.87839,3.15098,-0.65608,-1.99861,-2.08735,-2.15205,0.90855,3.13045,0.07785
21.76,close,-0.69241,-2.08026,-2.12921,-2.07372,0.87839,3.15098,-0.65609,-1.99860,-2.08745,-2.15214,0.90848,3.13059,0.07779
21.77,close,-0.69241,-2.08026,-2.12921,-2.07372,0.87839,3.15098,-0.65590,-1.99857,-2.08749,-2.15214,0.90854,3.13059,0.07786
21.78,close,-0.69241,-2.08026,-2.12921,-2.07372,0.87839,3.15098,-0.65588,-1.99860,-2.08745,-2.15207,0.90854,3.13051,0.07790
21.79,close,-0.69241,-2.08026,-2.12921,-2.07372,0.87839,3.15098,-0.65605,-1.99863,-2.08743,-2.15213,0.90845,3.13053,0.07782
21.80,close,-0.69241,-2.08026,-2.12921,-2.07372,0.87839,3.15098,-0.65590,-1.99859,-2.08748,-2.15217,0.90855,3.13062,0.07787
21.81,close,-0.69241,-2.08026,-2.12921,-2.07372,0.87839,3.15098,-0.65586,-1.99860,-2.08747,-2.15211,0.90853,3.13052,0.07790
21.82,close,-0.69241,-2.08026,-2.12921,-2.07372,0.87839,3.15098,-0.65589,-1.99861,-2.08745,-2.15210,0.90856,3.13048,0.07789
21.83,close,-0.69241,-2.08026,-2.12921,-2.07372,0.87839,3.15098,-0.65590,-1.99860,-2.08747,-2.15211,0.90855,3.13048,0.07788
21.84,close,-0.69241,-2.08026,-2.12921,-2.07372,0.87839,3.15098,-0.65600,-1.99862,-2.08736,-2.15206,0.90857,3.13046,0.07788
21.85,lift,-0.69241,-2.07336,-2.12921,-2.07372,0.87839,3.15098,-0.65611,-1.99841,-2.08751,-2.15177,0.90848,3.13034,0.08816
21.86,lift,-0.69241,-2.06646,-2.12921,-2.07372,0.87839,3.15098,-0.65618,-1.99791,-2.08794,-2.15105,0.90834,3.12990,0.08811
21.87,lift,-0.69241,-2.05957,-2.12921,-2.07372,0.87839,3.15098,-0.65618,-1.99713,-2.08846,-2.14977,0.90832,3.12913,0.08800
21.88,lift,-0.69241,-2.05267,-2.12921,-2.07372,0.87839,3.15098,-0.65645,-1.99610,-2.08912,-2.14799,0.90812,3.12774,0.08784
21.89,lift,-0.69241,-2.04577,-2.12921,-2.07372,0.87839,3.15098,-0.65690,-1.99485,-2.08983,-2.14585,0.90784,3.12611,0.08766
21.90,lift,-0.69241,-2.03887,-2.12921,-2.07372,0.87839,3.15098,-0.65740,-1.99341,-2.09074,-2.14344,0.90738,3.12437,0.08746
21.91,lift,-0.69241,-2.03198,-2.12921,-2.07372,0.87839,3.15098,-0.65800,-1.99183,-2.09173,-2.14071,0.90676,3.12256,0.08722
21.92,lift,-0.69241,-2.02508,-2.12921,-2.07372,0.87839,3.15098,-0.65882,-1.99016,-2.09270,-2.13775,0.90568,3.12041,0.08696
21.93,lift,-0.69241,-2.01818,-2.12921,-2.07372,0.87839,3.15098,-0.65985,-1.98841,-2.09374,-2.13463,0.90438,3.11813,0.08669
21.94,lift,-0.69241,-2.01129,-2.12921,-2.07372,0.87839,3.15098,-0.66100,-1.98658,-2.09485,-2.13137,0.90306,3.11578,0.08640
21.95,lift,-0.69241,-2.00439,-2.12921,-2.07372,0.87839,3.15098,-0.66226,-1.98468,-2.09606,-2.12805,0.90163,3.11292,0.08612
21.96,lift,-0.69241,-1.99749,-2.12921,-2.07372,0.87839,3.15098,-0.66364,-1.98273,-2.09751,-2.12472,0.90010,3.11093,0.08584
21.97,lift,-0.69241,-1.99059,-2.12921,-2.07372,0.87839,3.15098,-0.66509,-1.98068,-2.09900,-2.12131,0.89851,3.10843,0.08557
21.98,lift,-0.69241,-1.98370,-2.12921,-2.07372,0.87839,3.15098,-0.66666,-1.97861,-2.10072,-2.11797,0.89702,3.10598,0.08530
21.99,lift,-0.69241,-1.97680,-2.12921,-2.07372,0.87839,3.15098,-0.66828,-1.97641,-2.10252,-2.11473,0.89552,3.10510,0.08510
22.00,lift,-0.69241,-1.96990,-2.12921,-2.07372,0.87839,3.15098,-0.66993,-1.97404,-2.10447,-2.11158,0.89425,3.10518,0.08496
22.01,lift,-0.69241,-1.96300,-2.12921,-2.07372,0.87839,3.15098,-0.67165,-1.97155,-2.10653,-2.10845,0.89293,3.10651,0.08485
22.02,lift,-0.69241,-1.95611,-2.12921,-2.07372,0.87839,3.15098,-0.67344,-1.96892,-2.10866,-2.10540,0.89173,3.10928,0.08480
22.03,lift,-0.69241,-1.94921,-2.12921,-2.07372,0.87839,3.15098,-0.67526,-1.96616,-2.11085,-2.10236,0.89060,3.11326,0.08478
22.04,lift,-0.69241,-1.94231,-2.12921,-2.07372,0.87839,3.15098,-0.67708,-1.96325,-2.11300,-2.09942,0.88950,3.11779,0.08485
22.05,lift,-0.69241,-1.93542,-2.12921,-2.07372,0.87839,3.15098,-0.67879,-1.96009,-2.11502,-2.09675,0.88855,3.12177,0.08507
22.06,lift,-0.69241,-1.92852,-2.12921,-2.07372,0.87839,3.15098,-0.68034,-1.95664,-2.11689,-2.09427,0.88768,3.12530,0.08544
22.07,lift,-0.69241,-1.92162,-2.12921,-2.07372,0.87839,3.15098,-0.68183,-1.95302,-2.11852,-2.09173,0.88647,3.12831,0.08588
22.08,lift,-0.69241,-1.91472,-2.12921,-2.07372,0.87839,3.15098,-0.68314,-1.94903,-2.11997,-2.08961,0.88553,3.13098,0.08656
22.09,lift,-0.69241,-1.90783,-2.12921,-2.07372,0.87839,3.15098,-0.68427,-1.94469,-2.12124,-2.08774,0.88471,3.13334,0.08744
22.10,lift,-0.69241,-1.90093,-2.12921,-2.07372,0.87839,3.15098,-0.68526,-1.94001,-2.12236,-2.08610,0.88398,3.13542,0.08848
22.11,lift,-0.69241,-1.89403,-2.12921,-2.07372,0.87839,3.15098,-0.68613,-1.93505,-2.12332,-2.08464,0.88334,3.13726,0.08968
22.12,lift,-0.69241,-1.88714,-2.12921,-2.07372,0.87839,3.15098,-0.68688,-1.92983,-2.12415,-2.08336,0.88278,3.13888,0.09102
22.13,lift,-0.69241,-1.88024,-2.12921,-2.07372,0.87839,3.15098,-0.68753,-1.92437,-2.12487,-2.08222,0.88227,3.14031,0.09248
22.14,lift,-0.69241,-1.87334,-2.12921,-2.07372,0.87839,3.15098,-0.68811,-1.91872,-2.12549,-2.08122,0.88182,3.14157,0.09405
22.15,lift,-0.69241,-1.86644,-2.12921,-2.07372,0.87839,3.15098,-0.68861,-1.91290,-2.12602,-2.08033,0.88143,3.14268,0.09571
22.16,lift,-0.69241,-1.85955,-2.12921,-2.07372,0.87839,3.15098,-0.68905,-1.90693,-2.12648,-2.07955,0.88108,3.14366,0.09745
22.17,lift,-0.69241,-1.85265,-2.12921,-2.07372,0.87839,3.15098,-0.68943,-1.90083,-2.12687,-2.07886,0.88077,3.14452,0.09925
22.18,lift,-0.69241,-1.85265,-2.12921,-2.07372,0.87839,3.15098,-0.68982,-1.89492,-2.12714,-2.07826,0.88050,3.14529,0.10104
22.19,lift,-0.69241,-1.85265,-2.12921,-2.07372,0.87839,3.15098,-0.69021,-1.88951,-2.12730,-2.07773,0.88026,3.14596,0.10269
22.20,lift,-0.69241,-1.85265,-2.12921,-2.07372,0.87839,3.15098,-0.69058,-1.88467,-2.12742,-2.07725,0.88004,3.14656,0.10417
22.21,lift,-0.69241,-1.85265,-2.12921,-2.07372,0.87839,3.15098,-0.69090,-1.88041,-2.12752,-2.07684,0.87985,3.14708,0.10547
22.22,lift,-0.69241,-1.85265,-2.12921,-2.07372,0.87839,3.15098,-0.69118,-1.87668,-2.12761,-2.07647,0.87967,3.14754,0.10662
22.23,lift,-0.69241,-1.85265,-2.12921,-2.07372,0.87839,3.15098,-0.69142,-1.87344,-2.12770,-2.07614,0.87952,3.14795,0.10761
22.24,lift,-0.69241,-1.85265,-2.12921,-2.07372,0.87839,3.15098,-0.69162,-1.87063,-2.12779,-2.07586,0.87939,3.14831,0.10846
22.25,lift,-0.69241,-1.85265,-2.12921,-2.07372,0.87839,3.15098,-0.69179,-1.86819,-2.12789,-2.07560,0.87927,3.14863,0.10920
22.26,lift,-0.69241,-1.85265,-2.12921,-2.07372,0.87839,3.15098,-0.69192,-1.86608,-2.12798,-2.07538,0.87917,3.14891,0.10984
22.27,lift,-0.69241,-1.85265,-2.12921,-2.07372,0.87839,3.15098,-0.69204,-1.86426,-2.12807,-2.07518,0.87908,3.14915,0.11038
22.28,lift,-0.69241,-1.85265,-2.12921,-2.07372,0.87839,3.15098,-0.69213,-1.86269,-2.12816,-2.07501,0.87900,3.14937,0.11070
22.29,lift,-0.69241,-1.85265,-2.12921,-2.07372,0.87839,3.15098,-0.69220,-1.86133,-2.12824,-2.07485,0.87893,3.14956,0.11070
22.30,lift,-0.69241,-1.85265,-2.12921,-2.07372,0.87839,3.15098,-0.69226,-1.86015,-2.12832,-2.07472,0.87887,3.14973,0.11070
22.31,lift,-0.69241,-1.85265,-2.12921,-2.07372,0.87839,3.15098,-0.69231,-1.85913,-2.12840,-2.07460,0.87881,3.14988,0.11070
22.32,lift,-0.69241,-1.85265,-2.12921,-2.07372,0.87839,3.15098,-0.69235,-1.85825,-2.12847,-2.07449,0.87876,3.15001,0.11070
22.33,lift,-0.69241,-1.85265,-2.12921,-2.07372,0.87839,3.15098,-0.69238,-1.85750,-2.12854,-2.07441,0.87872,3.15013,0.11070
22.34,lift,-0.69241,-1.85265,-2.12921,-2.07372,0.87839,3.15098,-0.69240,-1.85684,-2.12860,-2.07432,0.87868,3.15023,0.11070
22.35,lift,-0.69241,-1.85265,-2.12921,-2.07372,0.87839,3.15098,-0.69242,-1.85627,-2.12866,-2.07425,0.87866,3.15032,0.11070
22.36,lift,-0.69241,-1.85265,-2.12921,-2.07372,0.87839,3.15098,-0.69243,-1.85578,-2.12871,-2.07418,0.87862,3.15040,0.11070
22.37,lift,-0.69241,-1.85265,-2.12921,-2.07372,0.87839,3.15098,-0.69244,-1.85536,-2.12876,-2.07413,0.87860,3.15047,0.11070
22.38,lift,-0.69241,-1.85265,-2.12921,-2.07372,0.87839,3.15098,-0.69244,-1.85500,-2.12880,-2.07408,0.87858,3.15053,0.11070
22.39,lift,-0.69241,-1.85265,-2.12921,-2.07372,0.87839,3.15098,-0.69245,-1.85468,-2.12884,-2.07404,0.87856,3.15059,0.11070
22.40,lift,-0.69241,-1.85265,-2.12921,-2.07372,0.87839,3.15098,-0.69245,-1.85441,-2.12888,-2.07400,0.87854,3.15064,0.11070
22.41,lift,-0.69241,-1.85265,-2.12921,-2.07372,0.87839,3.15098,-0.69245,-1.85417,-2.12892,-2.07397,0.87853,3.15068,0.11070
22.42,lift,-0.69241,-1.85265,-2.12921,-2.07372,0.87839,3.15098,-0.69245,-1.85397,-2.12895,-2.07393,0.87851,3.15072,0.11070
22.43,lift,-0.69241,-1.85265,-2.12921,-2.07372,0.87839,3.15098,-0.69245,-1.85379,-2.12897,-2.07391,0.87850,3.15075,0.11070
22.44,lift,-0.69241,-1.85265,-2.12921,-2.07372,0.87839,3.15098,-0.69245,-1.85364,-2.12900,-2.07388,0.87849,3.15078,0.11070
22.45,lift,-0.69241,-1.85265,-2.12921,-2.07372,0.87839,3.15098,-0.69245,-1.85351,-2.12902,-2.07386,0.87848,3.15081,0.11070
22.46,lift,-0.69241,-1.85265,-2.12921,-2.07372,0.87839,3.15098,-0.69244,-1.85340,-2.12904,-2.07384,0.87848,3.15083,0.11070
22.47,lift,-0.69241,-1.85265,-2.12921,-2.07372,0.87839,3.15098,-0.69244,-1.85330,-2.12906,-2.07383,0.87847,3.15085,0.11070
22.48,lift,-0.69241,-1.85265,-2.12244,-2.07372,0.87839,3.15098,-0.69251,-1.85329,-2.12866,-2.07387,0.87850,3.15087,0.11070
22.49,lift,-0.69241,-1.85265,-2.11566,-2.07372,0.87839,3.15098,-0.69262,-1.85335,-2.12759,-2.07391,0.87854,3.15090,0.11070
22.50,lift,-0.69241,-1.85265,-2.10888,-2.07372,0.87839,3.15098,-0.69272,-1.85343,-2.12585,-2.07394,0.87857,3.15092,0.11070
22.51,lift,-0.69241,-1.85265,-2.10211,-2.07372,0.87839,3.15098,-0.69280,-1.85351,-2.12348,-2.07397,0.87859,3.15094,0.11070
22.52,lift,-0.69241,-1.85265,-2.09533,-2.07372,0.87839,3.15098,-0.69286,-1.85357,-2.12057,-2.07399,0.87860,3.15095,0.11070
22.53,lift,-0.69241,-1.85265,-2.08855,-2.07372,0.87839,3.15098,-0.69291,-1.85362,-2.11717,-2.07401,0.87862,3.15096,0.11070
22.54,lift,-0.69241,-1.85265,-2.08177,-2.07372,0.87839,3.15098,-0.69293,-1.85365,-2.11333,-2.07401,0.87862,3.15097,0.11070
22.55,lift,-0.69241,-1.85265,-2.07500,-2.07372,0.87839,3.15098,-0.69295,-1.85367,-2.10912,-2.07401,0.87862,3.15098,0.11070
22.56,lift,-0.69241,-1.85265,-2.07500,-2.07372,0.87839,3.15098,-0.69288,-1.85360,-2.10500,-2.07395,0.87859,3.15098,0.11070
22.57,lift,-0.69241,-1.85265,-2.07500,-2.07372,0.87839,3.15098,-0.69277,-1.85346,-2.10127,-2.07389,0.87854,3.15097,0.11070
22.58,lift,-0.69241,-1.85265,-2.07500,-2.07372,0.87839,3.15098,-0.69266,-1.85329,-2.09795,-2.07383,0.87850,3.15097,0.11070
22.59,lift,-0.69241,-1.85265,-2.07500,-2.07372,0.87839,3.15098,-0.69256,-1.85314,-2.09504,-2.07378,0.87847,3.15097,0.11070
22.60,lift,-0.69241,-1.85265,-2.07500,-2.07372,0.87839,3.15098,-0.69248,-1.85299,-2.09248,-2.07374,0.87843,3.15096,0.11070
22.61,lift,-0.69241,-1.85265,-2.07500,-2.07372,0.87839,3.15098,-0.69242,-1.85287,-2.09025,-2.07371,0.87842,3.15096,0.11070
22.62,lift,-0.69241,-1.85265,-2.07500,-2.07372,0.87839,3.15098,-0.69237,-1.85277,-2.08830,-2.07369,0.87840,3.15096,0.11070
22.63,lift,-0.69241,-1.85265,-2.07500,-2.07372,0.87839,3.15098,-0.69234,-1.85270,-2.08660,-2.07367,0.87839,3.15096,0.11070
22.64,lift,-0.69241,-1.85265,-2.07500,-2.07372,0.87839,3.15098,-0.69231,-1.85263,-2.08511,-2.07365,0.87837,3.15096,0.11070
22.65,lift,-0.69241,-1.85265,-2.07500,-2.07372,0.87839,3.15098,-0.69229,-1.85259,-2.08382,-2.07365,0.87837,3.15097,0.11070
22.66,lift,-0.69241,-1.85265,-2.07500,-2.07372,0.87839,3.15098,-0.69228,-1.85256,-2.08270,-2.07364,0.87837,3.15097,0.11070
22.67,lift,-0.69241,-1.85265,-2.07500,-2.07372,0.87839,3.15098,-0.69227,-1.85253,-2.08171,-2.07363,0.87836,3.15096,0.11070
22.68,lift,-0.69241,-1.85265,-2.07500,-2.07372,0.87839,3.15098,-0.69227,-1.85252,-2.08086,-2.07363,0.87836,3.15097,0.11070
22.69,lift,-0.69241,-1.85265,-2.07500,-2.07372,0.87839,3.15098,-0.69227,-1.85251,-2.08011,-2.07363,0.87836,3.15097,0.11070
22.70,lift,-0.69241,-1.85265,-2.07500,-2.07372,0.87839,3.15098,-0.69227,-1.85250,-2.07946,-2.07363,0.87836,3.15097,0.11070
22.71,lift,-0.69241,-1.85265,-2.07500,-2.07372,0.87839,3.15098,-0.69227,-1.85250,-2.07889,-2.07363,0.87836,3.15097,0.11070
22.72,lift,-0.69241,-1.85265,-2.07500,-2.07372,0.87839,3.15098,-0.69228,-1.85251,-2.07839,-2.07363,0.87837,3.15097,0.11070
22.73,lift,-0.69241,-1.85265,-2.07500,-2.07372,0.87839,3.15098,-0.69228,-1.85251,-2.07796,-2.07364,0.87837,3.15098,0.11070
22.74,lift,-0.69241,-1.85265,-2.07500,-2.07372,0.87839,3.15098,-0.69229,-1.85252,-2.07758,-2.07364,0.87837,3.15098,0.11070
22.75,lift,-0.69241,-1.85265,-2.07500,-2.07372,0.87839,3.15098,-0.69229,-1.85252,-2.07725,-2.07364,0.87837,3.15098,0.11070
22.76,lift,-0.69241,-1.85265,-2.07500,-2.07372,0.87839,3.15098,-0.69230,-1.85253,-2.07697,-2.07365,0.87837,3.15098,0.11070
22.77,lift,-0.69241,-1.85265,-2.07500,-2.07372,0.87839,3.15098,-0.69231,-1.85254,-2.07672,-2.07365,0.87837,3.15098,0.11070
22.78,lift,-0.69241,-1.85265,-2.07500,-2.07372,0.87839,3.15098,-0.69231,-1.85255,-2.07650,-2.07365,0.87837,3.15098,0.11070
22.79,lift,-0.69241,-1.85265,-2.07500,-2.07372,0.87839,3.15098,-0.69232,-1.85256,-2.07631,-2.07366,0.87838,3.15098,0.11070
22.80,lift,-0.69241,-1.85265,-2.07500,-2.07372,0.87839,3.15098,-0.69233,-1.85257,-2.07614,-2.07366,0.87838,3.15098,0.11070
22.81,lift,-0.69241,-1.85265,-2.07500,-2.07372,0.87839,3.15098,-0.69233,-1.85257,-2.07599,-2.07367,0.87838,3.15098,0.11070
22.82,lift,-0.69241,-1.85265,-2.07500,-2.07372,0.87839,3.15098,-0.69234,-1.85258,-2.07587,-2.07367,0.87838,3.15098,0.11070
22.83,lift,-0.69241,-1.85265,-2.07500,-2.07372,0.87839,3.15098,-0.69234,-1.85259,-2.07576,-2.07367,0.87838,3.15098,0.11070
22.84,lift,-0.69241,-1.85265,-2.07500,-2.07372,0.87839,3.15098,-0.69235,-1.85260,-2.07566,-2.07367,0.87839,3.15098,0.11070
22.85,lift,-0.69241,-1.85265,-2.07500,-2.07372,0.87839,3.15098,-0.69235,-1.85260,-2.07558,-2.07368,0.87839,3.15098,0.11070
22.86,lift,-0.69241,-1.85265,-2.07500,-2.08059,0.87839,3.15098,-0.69234,-1.85262,-2.07546,-2.07446,0.87838,3.15098,0.11070
22.87,lift,-0.69241,-1.85265,-2.07500,-2.08746,0.87839,3.15098,-0.69232,-1.85263,-2.07534,-2.07596,0.87837,3.15098,0.11070
22.88,lift,-0.69241,-1.85265,-2.07500,-2.09434,0.87839,3.15098,-0.69230,-1.85265,-2.07525,-2.07809,0.87836,3.15098,0.11070
22.89,lift,-0.69241,-1.85265,-2.07500,-2.10121,0.87839,3.15098,-0.69229,-1.85266,-2.07516,-2.08078,0.87836,3.15098,0.11070
22.90,lift,-0.69241,-1.85265,-2.07500,-2.10808,0.87839,3.15098,-0.69228,-1.85266,-2.07510,-2.08396,0.87835,3.15097,0.11070
22.91,lift,-0.69241,-1.85265,-2.07500,-2.11496,0.87839,3.15098,-0.69227,-1.85267,-2.07505,-2.08758,0.87835,3.15098,0.11070
22.92,lift,-0.69241,-1.85265,-2.07500,-2.12183,0.87839,3.15098,-0.69227,-1.85268,-2.07500,-2.09158,0.87835,3.15098,0.11070
22.93,lift,-0.69241,-1.85265,-2.07500,-2.12871,0.87839,3.15098,-0.69227,-1.85268,-2.07497,-2.09591,0.87835,3.15097,0.11070
22.94,lift,-0.69241,-1.85265,-2.07500,-2.13558,0.87839,3.15098,-0.69227,-1.85269,-2.07494,-2.10056,0.87835,3.15098,0.11070
22.95,lift,-0.69241,-1.85265,-2.07500,-2.14245,0.87839,3.15098,-0.69227,-1.85269,-2.07492,-2.10546,0.87836,3.15098,0.11070
22.96,lift,-0.69241,-1.85265,-2.07500,-2.14933,0.87839,3.15098,-0.69227,-1.85270,-2.07491,-2.11058,0.87835,3.15098,0.11070
22.97,lift,-0.69241,-1.85265,-2.07500,-2.15620,0.87839,3.15098,-0.69228,-1.85270,-2.07490,-2.11593,0.87836,3.15098,0.11070
22.98,lift,-0.69241,-1.85265,-2.07500,-2.16307,0.87839,3.15098,-0.69228,-1.85271,-2.07489,-2.12145,0.87836,3.15098,0.11070
22.99,lift,-0.69241,-1.85265,-2.07500,-2.16995,0.87839,3.15098,-0.69228,-1.85271,-2.07489,-2.12713,0.87837,3.15098,0.11070
23.00,lift,-0.69241,-1.85265,-2.07500,-2.17682,0.87839,3.15098,-0.69229,-1.85271,-2.07489,-2.13294,0.87837,3.15098,0.11070
23.01,lift,-0.69241,-1.85265,-2.07500,-2.18370,0.87839,3.15098,-0.69230,-1.85272,-2.07489,-2.13889,0.87837,3.15099,0.11070
23.02,lift,-0.69241,-1.85265,-2.07500,-2.19057,0.87839,3.15098,-0.69230,-1.85272,-2.07489,-2.14494,0.87838,3.15099,0.11070
23.03,lift,-0.69241,-1.85265,-2.07500,-2.19744,0.87839,3.15098,-0.69230,-1.85272,-2.07489,-2.15109,0.87838,3.15099,0.11070
23.04,lift,-0.69241,-1.85265,-2.07500,-2.20432,0.87839,3.15098,-0.69231,-1.85273,-2.07489,-2.15732,0.87838,3.15099,0.11070
23.05,lift,-0.69241,-1.85265,-2.07500,-2.21119,0.87839,3.15098,-0.69231,-1.85273,-2.07490,-2.16363,0.87838,3.15099,0.11070
23.06,lift,-0.69241,-1.85265,-2.07500,-2.21806,0.87839,3.15098,-0.69232,-1.85273,-2.07490,-2.17001,0.87839,3.15099,0.11070
23.07,lift,-0.69241,-1.85265,-2.07500,-2.22494,0.87839,3.15098,-0.69232,-1.85274,-2.07490,-2.17644,0.87839,3.15099,0.11070
23.08,lift,-0.69241,-1.85265,-2.07500,-2.23181,0.87839,3.15098,-0.69233,-1.85274,-2.07491,-2.18293,0.87839,3.15099,0.11070
23.09,lift,-0.69241,-1.85265,-2.07500,-2.23869,0.87839,3.15098,-0.69233,-1.85274,-2.07491,-2.18945,0.87839,3.15099,0.11070
23.10,lift,-0.69241,-1.85265,-2.07500,-2.24556,0.87839,3.15098,-0.69234,-1.85274,-2.07492,-2.19604,0.87839,3.15099,0.11070
23.11,lift,-0.69241,-1.85265,-2.07500,-2.25243,0.87839,3.15098,-0.69234,-1.85274,-2.07492,-2.20264,0.87839,3.15099,0.11070
23.12,lift,-0.69241,-1.85265,-2.07500,-2.25931,0.87839,3.15098,-0.69234,-1.85275,-2.07493,-2.20928,0.87839,3.15099,0.11070
23.13,lift,-0.69241,-1.85265,-2.07500,-2.26618,0.87839,3.15098,-0.69234,-1.85275,-2.07493,-2.21594,0.87839,3.15099,0.11070
23.14,lift,-0.69241,-1.85265,-2.07500,-2.27305,0.87839,3.15098,-0.69234,-1.85275,-2.07493,-2.22262,0.87839,3.15099,0.11070
23.15,lift,-0.69241,-1.85265,-2.07500,-2.27993,0.87839,3.15098,-0.69235,-1.85275,-2.07494,-2.22935,0.87840,3.15099,0.11070
23.16,lift,-0.69241,-1.85265,-2.07500,-2.28680,0.87839,3.15098,-0.69235,-1.85275,-2.07494,-2.23606,0.87839,3.15099,0.11070
23.17,lift,-0.69241,-1.85265,-2.07500,-2.29368,0.87839,3.15098,-0.69235,-1.85276,-2.07495,-2.24283,0.87840,3.15099,0.11070
23.18,lift,-0.69241,-1.85265,-2.07500,-2.30055,0.87839,3.15098,-0.69235,-1.85276,-2.07495,-2.24958,0.87839,3.15099,0.11070
23.19,lift,-0.69241,-1.85265,-2.07500,-2.30742,0.87839,3.15098,-0.69235,-1.85276,-2.07495,-2.25635,0.87839,3.15099,0.11070
23.20,lift,-0.69241,-1.85265,-2.07500,-2.31430,0.87839,3.15098,-0.69236,-1.85276,-2.07495,-2.26315,0.87840,3.15099,0.11070
23.21,lift,-0.69241,-1.85265,-2.07500,-2.32117,0.87839,3.15098,-0.69236,-1.85276,-2.07496,-2.26995,0.87840,3.15099,0.11070
23.22,lift,-0.69241,-1.85265,-2.07500,-2.32804,0.87839,3.15098,-0.69236,-1.85277,-2.07496,-2.27674,0.87839,3.15099,0.11070
23.23,lift,-0.69241,-1.85265,-2.07500,-2.33492,0.87839,3.15098,-0.69236,-1.85277,-2.07496,-2.28356,0.87840,3.15099,0.11070
23.24,lift,-0.69241,-1.85265,-2.07500,-2.34179,0.87839,3.15098,-0.69236,-1.85277,-2.07496,-2.29037,0.87839,3.15099,0.11070
23.25,lift,-0.69241,-1.85265,-2.07500,-2.34866,0.87839,3.15098,-0.69236,-1.85277,-2.07496,-2.29720,0.87840,3.15099,0.11070
23.26,lift,-0.69241,-1.85265,-2.07500,-2.35554,0.87839,3.15098,-0.69236,-1.85277,-2.07497,-2.30402,0.87839,3.15099,0.11070
23.27,lift,-0.69241,-1.85265,-2.07500,-2.35554,0.87839,3.15098,-0.69238,-1.85276,-2.07501,-2.31010,0.87841,3.15099,0.11070
23.28,lift,-0.69241,-1.85265,-2.07500,-2.35554,0.87839,3.15098,-0.69240,-1.85274,-2.07505,-2.31544,0.87843,3.15099,0.11070
23.29,lift,-0.69241,-1.85265,-2.07500,-2.35554,0.87839,3.15098,-0.69242,-1.85273,-2.07508,-2.32016,0.87843,3.15100,0.11070
23.30,lift,-0.69241,-1.85265,-2.07500,-2.35554,0.87839,3.15098,-0.69244,-1.85271,-2.07511,-2.32432,0.87844,3.15100,0.11070
23.31,lift,-0.69241,-1.85265,-2.07500,-2.35554,0.87839,3.15098,-0.69245,-1.85270,-2.07512,-2.32799,0.87844,3.15100,0.11070
23.32,lift,-0.69241,-1.85265,-2.07500,-2.35554,0.87839,3.15098,-0.69245,-1.85270,-2.07513,-2.33122,0.87844,3.15099,0.11070
23.33,lift,-0.69241,-1.85265,-2.07500,-2.35554,0.87839,3.15098,-0.69246,-1.85269,-2.07514,-2.33406,0.87843,3.15099,0.11070
23.34,lift,-0.69241,-1.85265,-2.07500,-2.35554,0.87839,3.15098,-0.69246,-1.85269,-2.07514,-2.33659,0.87844,3.15100,0.11070
23.35,lift,-0.69241,-1.85265,-2.07500,-2.35554,0.87839,3.15098,-0.69246,-1.85269,-2.07514,-2.33881,0.87844,3.15100,0.11070
23.36,lift,-0.69241,-1.85265,-2.07500,-2.35554,0.87839,3.15098,-0.69246,-1.85269,-2.07514,-2.34077,0.87843,3.15099,0.11070
23.37,lift,-0.69241,-1.85265,-2.07500,-2.35554,0.87839,3.15098,-0.69246,-1.85269,-2.07514,-2.34249,0.87843,3.15099,0.11070
23.38,lift,-0.69241,-1.85265,-2.07500,-2.35554,0.87839,3.15098,-0.69246,-1.85269,-2.07513,-2.34403,0.87844,3.15100,0.11070
23.39,lift,-0.69241,-1.85265,-2.07500,-2.35554,0.87839,3.15098,-0.69246,-1.85269,-2.07513,-2.34538,0.87843,3.15099,0.11070
23.40,lift,-0.69241,-1.85265,-2.07500,-2.35554,0.87839,3.15098,-0.69245,-1.85269,-2.07512,-2.34657,0.87843,3.15099,0.11070
23.41,lift,-0.69241,-1.85265,-2.07500,-2.35554,0.87839,3.15098,-0.69245,-1.85268,-2.07511,-2.34761,0.87842,3.15099,0.11070
23.42,lift,-0.69241,-1.85265,-2.07500,-2.35554,0.87839,3.15098,-0.69245,-1.85268,-2.07511,-2.34855,0.87843,3.15099,0.11070
23.43,lift,-0.69241,-1.85265,-2.07500,-2.35554,0.87839,3.15098,-0.69244,-1.85268,-2.07510,-2.34937,0.87842,3.15099,0.11070
23.44,lift,-0.69241,-1.85265,-2.07500,-2.35554,0.87839,3.15098,-0.69244,-1.85268,-2.07509,-2.35009,0.87842,3.15099,0.11070
23.45,lift,-0.69241,-1.85265,-2.07500,-2.35554,0.87839,3.15098,-0.69244,-1.85268,-2.07508,-2.35071,0.87841,3.15098,0.11070
23.46,lift,-0.69241,-1.85265,-2.07500,-2.35554,0.87839,3.15098,-0.69244,-1.85267,-2.07508,-2.35130,0.87842,3.15099,0.11070
23.47,lift,-0.69241,-1.85265,-2.07500,-2.35554,0.87839,3.15098,-0.69243,-1.85267,-2.07507,-2.35179,0.87841,3.15099,0.11070
23.48,lift,-0.69241,-1.85265,-2.07500,-2.35554,0.87839,3.15098,-0.69243,-1.85267,-2.07506,-2.35223,0.87841,3.15099,0.11070
23.49,lift,-0.69241,-1.85265,-2.07500,-2.35554,0.87839,3.15098,-0.69243,-1.85267,-2.07506,-2.35261,0.87840,3.15098,0.11070
23.50,lift,-0.69241,-1.85265,-2.07500,-2.35554,0.87839,3.15098,-0.69242,-1.85267,-2.07505,-2.35295,0.87840,3.15098,0.11070
23.51,lift,-0.69241,-1.85265,-2.07500,-2.35554,0.87839,3.15098,-0.69242,-1.85267,-2.07504,-2.35326,0.87840,3.15098,0.11070
23.52,lift,-0.69241,-1.85265,-2.07500,-2.35554,0.87839,3.15098,-0.69242,-1.85267,-2.07504,-2.35351,0.87839,3.15098,0.11070
23.53,lift,-0.69241,-1.85265,-2.07500,-2.35554,0.87839,3.15098,-0.69242,-1.85267,-2.07504,-2.35376,0.87840,3.15098,0.11070
23.54,lift,-0.69241,-1.85265,-2.07500,-2.35554,0.87839,3.15098,-0.69242,-1.85267,-2.07503,-2.35397,0.87840,3.15098,0.11070
23.55,lift,-0.69241,-1.85265,-2.07500,-2.35554,0.87839,3.15098,-0.69241,-1.85267,-2.07503,-2.35415,0.87840,3.15098,0.11070
23.56,lift,-0.69241,-1.85265,-2.07500,-2.35554,0.87839,3.15098,-0.69241,-1.85267,-2.07503,-2.35430,0.87839,3.15098,0.11070
23.57,wait_lift,-0.69241,-1.85265,-2.07500,-2.35554,0.87839,3.15098,-0.69241,-1.85267,-2.07502,-2.35445,0.87840,3.15098,0.11070
23.58,wait_lift,-0.69241,-1.85265,-2.07500,-2.35554,0.87839,3.15098,-0.69241,-1.85267,-2.07502,-2.35458,0.87840,3.15098,0.11070
23.59,wait_lift,-0.69241,-1.85265,-2.07500,-2.35554,0.87839,3.15098,-0.69241,-1.85267,-2.07502,-2.35467,0.87839,3.15098,0.11070
23.60,wait_lift,-0.69241,-1.85265,-2.07500,-2.35554,0.87839,3.15098,-0.69241,-1.85267,-2.07502,-2.35479,0.87840,3.15098,0.11070
23.61,wait_lift,-0.69241,-1.85265,-2.07500,-2.35554,0.87839,3.15098,-0.69241,-1.85267,-2.07501,-2.35488,0.87840,3.15098,0.11070
23.62,wait_lift,-0.69241,-1.85265,-2.07500,-2.35554,0.87839,3.15098,-0.69241,-1.85267,-2.07501,-2.35495,0.87839,3.15098,0.11070
23.63,wait_lift,-0.69241,-1.85265,-2.07500,-2.35554,0.87839,3.15098,-0.69240,-1.85267,-2.07501,-2.35501,0.87839,3.15098,0.11070
23.64,wait_lift,-0.69241,-1.85265,-2.07500,-2.35554,0.87839,3.15098,-0.69240,-1.85267,-2.07501,-2.35507,0.87839,3.15098,0.11070
23.65,wait_lift,-0.69241,-1.85265,-2.07500,-2.35554,0.87839,3.15098,-0.69240,-1.85267,-2.07501,-2.35512,0.87839,3.15098,0.11070
23.66,wait_lift,-0.69241,-1.85265,-2.07500,-2.35554,0.87839,3.15098,-0.69240,-1.85267,-2.07500,-2.35516,0.87838,3.15098,0.11070
23.67,wait_lift,-0.69241,-1.85265,-2.07500,-2.35554,0.87839,3.15098,-0.69240,-1.85267,-2.07500,-2.35522,0.87839,3.15098,0.11070
23.68,wait_lift,-0.69241,-1.85265,-2.07500,-2.35554,0.87839,3.15098,-0.69240,-1.85267,-2.07500,-2.35525,0.87839,3.15098,0.11070
23.69,wait_lift,-0.69241,-1.85265,-2.07500,-2.35554,0.87839,3.15098,-0.69240,-1.85267,-2.07500,-2.35527,0.87838,3.15098,0.11070
23.70,wait_lift,-0.69241,-1.85265,-2.07500,-2.35554,0.87839,3.15098,-0.69240,-1.85267,-2.07500,-2.35531,0.87839,3.15098,0.11070
23.71,wait_lift,-0.69241,-1.85265,-2.07500,-2.35554,0.87839,3.15098,-0.69240,-1.85267,-2.07500,-2.35534,0.87839,3.15098,0.11070
23.72,wait_lift,-0.69241,-1.85265,-2.07500,-2.35554,0.87839,3.15098,-0.69240,-1.85267,-2.07500,-2.35536,0.87839,3.15098,0.11070
23.73,wait_lift,-0.69241,-1.85265,-2.07500,-2.35554,0.87839,3.15098,-0.69240,-1.85267,-2.07500,-2.35536,0.87838,3.15098,0.11070
23.74,wait_lift,-0.69241,-1.85265,-2.07500,-2.35554,0.87839,3.15098,-0.69240,-1.85267,-2.07500,-2.35539,0.87839,3.15098,0.11070
23.75,wait_lift,-0.69241,-1.85265,-2.07500,-2.35554,0.87839,3.15098,-0.69240,-1.85267,-2.07500,-2.35541,0.87839,3.15098,0.11070
23.76,wait_lift,-0.69241,-1.85265,-2.07500,-2.35554,0.87839,3.15098,-0.69240,-1.85267,-2.07500,-2.35541,0.87838,3.15098,0.11070
23.77,wait_lift,-0.69241,-1.85265,-2.07500,-2.35554,0.87839,3.15098,-0.69240,-1.85267,-2.07500,-2.35544,0.87839,3.15098,0.11070
23.78,wait_lift,-0.69241,-1.85265,-2.07500,-2.35554,0.87839,3.15098,-0.69240,-1.85267,-2.07500,-2.35545,0.87839,3.15098,0.11070
23.79,wait_lift,-0.69241,-1.85265,-2.07500,-2.35554,0.87839,3.15098,-0.69240,-1.85267,-2.07500,-2.35545,0.87839,3.15098,0.11070
23.80,wait_lift,-0.69241,-1.85265,-2.07500,-2.35554,0.87839,3.15098,-0.69240,-1.85267,-2.07500,-2.35545,0.87838,3.15098,0.11070
23.81,wait_lift,-0.69241,-1.85265,-2.07500,-2.35554,0.87839,3.15098,-0.69240,-1.85267,-2.07500,-2.35547,0.87839,3.15098,0.11070
23.82,wait_lift,-0.69241,-1.85265,-2.07500,-2.35554,0.87839,3.15098,-0.69240,-1.85267,-2.07500,-2.35546,0.87838,3.15097,0.11070
23.83,wait_lift,-0.69241,-1.85265,-2.07500,-2.35554,0.87839,3.15098,-0.69240,-1.85267,-2.07500,-2.35548,0.87839,3.15098,0.11070
23.84,wait_lift,-0.69241,-1.85265,-2.07500,-2.35554,0.87839,3.15098,-0.69240,-1.85267,-2.07499,-2.35548,0.87839,3.15098,0.11070
23.85,wait_lift,-0.69241,-1.85265,-2.07500,-2.35554,0.87839,3.15098,-0.69240,-1.85267,-2.07500,-2.35547,0.87838,3.15097,0.11070
23.86,wait_lift,-0.69241,-1.85265,-2.07500,-2.35554,0.87839,3.15098,-0.69240,-1.85267,-2.07500,-2.35549,0.87839,3.15098,0.11070
23.87,wait_lift,-0.69241,-1.85265,-2.07500,-2.35554,0.87839,3.15098,-0.69240,-1.85267,-2.07500,-2.35550,0.87839,3.15098,0.11070
23.88,wait_lift,-0.69241,-1.85265,-2.07500,-2.35554,0.87839,3.15098,-0.69240,-1.85267,-2.07500,-2.35550,0.87839,3.15098,0.11070
23.89,wait_lift,-0.69241,-1.85265,-2.07500,-2.35554,0.87839,3.15098,-0.69240,-1.85267,-2.07500,-2.35549,0.87838,3.15097,0.11070
23.90,wait_lift,-0.69241,-1.85265,-2.07500,-2.35554,0.87839,3.15098,-0.69240,-1.85267,-2.07500,-2.35550,0.87839,3.15098,0.11070
23.91,wait_lift,-0.69241,-1.85265,-2.07500,-2.35554,0.87839,3.15098,-0.69240,-1.85267,-2.07500,-2.35550,0.87839,3.15098,0.11070
23.92,wait_lift,-0.69241,-1.85265,-2.07500,-2.35554,0.87839,3.15098,-0.69240,-1.85267,-2.07500,-2.35550,0.87838,3.15097,0.11070
23.93,wait_lift,-0.69241,-1.85265,-2.07500,-2.35554,0.87839,3.15098,-0.69240,-1.85267,-2.07499,-2.35551,0.87839,3.15098,0.11070
23.94,wait_lift,-0.69241,-1.85265,-2.07500,-2.35554,0.87839,3.15098,-0.69240,-1.85267,-2.07499,-2.35550,0.87839,3.15098,0.11070
23.95,wait_lift,-0.69241,-1.85265,-2.07500,-2.35554,0.87839,3.15098,-0.69240,-1.85267,-2.07499,-2.35550,0.87838,3.15098,0.11070
23.96,wait_lift,-0.69241,-1.85265,-2.07500,-2.35554,0.87839,3.15098,-0.69240,-1.85267,-2.07499,-2.35551,0.87839,3.15098,0.11070
23.97,wait_lift,-0.69241,-1.85265,-2.07500,-2.35554,0.87839,3.15098,-0.69240,-1.85267,-2.07499,-2.35550,0.87838,3.15098,0.11070
23.98,wait_lift,-0.69241,-1.85265,-2.07500,-2.35554,0.87839,3.15098,-0.69240,-1.85267,-2.07499,-2.35551,0.87839,3.15098,0.11070
23.99,wait_lift,-0.69241,-1.85265,-2.07500,-2.35554,0.87839,3.15098,-0.69240,-1.85267,-2.07499,-2.35551,0.87838,3.15098,0.11070
24.00,wait_lift,-0.69241,-1.85265,-2.07500,-2.35554,0.87839,3.15098,-0.69240,-1.85267,-2.07499,-2.35551,0.87839,3.15098,0.11070
24.01,wait_lift,-0.69241,-1.85265,-2.07500,-2.35554,0.87839,3.15098,-0.69239,-1.85267,-2.07499,-2.35550,0.87838,3.15097,0.11070
24.02,wait_lift,-0.69241,-1.85265,-2.07500,-2.35554,0.87839,3.15098,-0.69240,-1.85267,-2.07499,-2.35552,0.87839,3.15098,0.11070
24.03,wait_lift,-0.69241,-1.85265,-2.07500,-2.35554,0.87839,3.15098,-0.69240,-1.85267,-2.07499,-2.35552,0.87839,3.15098,0.11070
24.04,wait_lift,-0.69241,-1.85265,-2.07500,-2.35554,0.87839,3.15098,-0.69240,-1.85267,-2.07499,-2.35551,0.87838,3.15098,0.11070
24.05,wait_lift,-0.69241,-1.85265,-2.07500,-2.35554,0.87839,3.15098,-0.69240,-1.85267,-2.07499,-2.35551,0.87838,3.15098,0.11070
24.06,wait_lift,-0.69241,-1.85265,-2.07500,-2.35554,0.87839,3.15098,-0.69240,-1.85267,-2.07499,-2.35551,0.87839,3.15098,0.11070
24.07,hold,-0.69241,-1.85265,-2.07500,-2.35554,0.87839,3.15098,-0.69239,-1.85267,-2.07499,-2.35550,0.87838,3.15097,0.11070
24.08,hold,-0.69241,-1.85265,-2.07500,-2.35554,0.87839,3.15098,-0.69240,-1.85267,-2.07500,-2.35552,0.87839,3.15098,0.11070
24.09,hold,-0.69241,-1.85265,-2.07500,-2.35554,0.87839,3.15098,-0.69240,-1.85267,-2.07500,-2.35552,0.87839,3.15098,0.11070
24.10,hold,-0.69241,-1.85265,-2.07500,-2.35554,0.87839,3.15098,-0.69240,-1.85267,-2.07500,-2.35552,0.87839,3.15098,0.11070
24.11,hold,-0.69241,-1.85265,-2.07500,-2.35554,0.87839,3.15098,-0.69240,-1.85267,-2.07500,-2.35550,0.87838,3.15097,0.11070
24.12,hold,-0.69241,-1.85265,-2.07500,-2.35554,0.87839,3.15098,-0.69240,-1.85267,-2.07500,-2.35552,0.87839,3.15098,0.11070
24.13,hold,-0.69241,-1.85265,-2.07500,-2.35554,0.87839,3.15098,-0.69240,-1.85267,-2.07499,-2.35552,0.87839,3.15098,0.11070
24.14,hold,-0.69241,-1.85265,-2.07500,-2.35554,0.87839,3.15098,-0.69240,-1.85267,-2.07499,-2.35551,0.87838,3.15098,0.11070
24.15,hold,-0.69241,-1.85265,-2.07500,-2.35554,0.87839,3.15098,-0.69240,-1.85267,-2.07499,-2.35551,0.87839,3.15098,0.11070
24.16,hold,-0.69241,-1.85265,-2.07500,-2.35554,0.87839,3.15098,-0.69240,-1.85267,-2.07499,-2.35551,0.87838,3.15097,0.11070
24.17,hold,-0.69241,-1.85265,-2.07500,-2.35554,0.87839,3.15098,-0.69240,-1.85267,-2.07499,-2.35552,0.87839,3.15098,0.11070
24.18,hold,-0.69241,-1.85265,-2.07500,-2.35554,0.87839,3.15098,-0.69240,-1.85267,-2.07499,-2.35552,0.87839,3.15098,0.11070
24.19,hold,-0.69241,-1.85265,-2.07500,-2.35554,0.87839,3.15098,-0.69240,-1.85267,-2.07499,-2.35550,0.87838,3.15097,0.11070
24.20,hold,-0.69241,-1.85265,-2.07500,-2.35554,0.87839,3.15098,-0.69240,-1.85267,-2.07500,-2.35552,0.87839,3.15098,0.11070
24.21,hold,-0.69241,-1.85265,-2.07500,-2.35554,0.87839,3.15098,-0.69240,-1.85267,-2.07500,-2.35552,0.87839,3.15098,0.11070
24.22,hold,-0.69241,-1.85265,-2.07500,-2.35554,0.87839,3.15098,-0.69240,-1.85267,-2.07499,-2.35552,0.87839,3.15098,0.11070
24.23,hold,-0.69241,-1.85265,-2.07500,-2.35554,0.87839,3.15098,-0.69240,-1.85267,-2.07499,-2.35550,0.87838,3.15098,0.11070
24.24,hold,-0.69241,-1.85265,-2.07500,-2.35554,0.87839,3.15098,-0.69240,-1.85267,-2.07500,-2.35552,0.87839,3.15098,0.11070
24.25,hold,-0.69241,-1.85265,-2.07500,-2.35554,0.87839,3.15098,-0.69240,-1.85267,-2.07500,-2.35552,0.87839,3.15098,0.11070
24.26,hold,-0.69241,-1.85265,-2.07500,-2.35554,0.87839,3.15098,-0.69240,-1.85267,-2.07499,-2.35552,0.87839,3.15098,0.11070
24.27,hold,-0.69241,-1.85265,-2.07500,-2.35554,0.87839,3.15098,-0.69240,-1.85267,-2.07499,-2.35551,0.87838,3.15098,0.11070
24.28,hold,-0.69241,-1.85265,-2.07500,-2.35554,0.87839,3.15098,-0.69240,-1.85267,-2.07499,-2.35551,0.87839,3.15098,0.11070
24.29,hold,-0.69241,-1.85265,-2.07500,-2.35554,0.87839,3.15098,-0.69240,-1.85267,-2.07499,-2.35551,0.87838,3.15098,0.11070
24.30,hold,-0.69241,-1.85265,-2.07500,-2.35554,0.87839,3.15098,-0.69240,-1.85267,-2.07499,-2.35552,0.87839,3.15098,0.11070
24.31,hold,-0.69241,-1.85265,-2.07500,-2.35554,0.87839,3.15098,-0.69240,-1.85267,-2.07499,-2.35552,0.87839,3.15098,0.11070
24.32,hold,-0.69241,-1.85265,-2.07500,-2.35554,0.87839,3.15098,-0.69240,-1.85267,-2.07500,-2.35550,0.87838,3.15097,0.11070
24.33,hold,-0.69241,-1.85265,-2.07500,-2.35554,0.87839,3.15098,-0.69240,-1.85267,-2.07500,-2.35552,0.87839,3.15098,0.11070
24.34,hold,-0.69241,-1.85265,-2.07500,-2.35554,0.87839,3.15098,-0.69240,-1.85267,-2.07500,-2.35552,0.87839,3.15098,0.11070
24.35,hold,-0.69241,-1.85265,-2.07500,-2.35554,0.87839,3.15098,-0.69240,-1.85267,-2.07500,-2.35552,0.87839,3.15098,0.11070
24.36,hold,-0.69241,-1.85265,-2.07500,-2.35554,0.87839,3.15098,-0.69240,-1.85267,-2.07499,-2.35551,0.87838,3.15098,0.11070
24.37,hold,-0.69241,-1.85265,-2.07500,-2.35554,0.87839,3.15098,-0.69240,-1.85267,-2.07499,-2.35551,0.87838,3.15098,0.11070
24.38,hold,-0.69241,-1.85265,-2.07500,-2.35554,0.87839,3.15098,-0.69240,-1.85267,-2.07499,-2.35551,0.87839,3.15098,0.11070
24.39,hold,-0.69241,-1.85265,-2.07500,-2.35554,0.87839,3.15098,-0.69239,-1.85267,-2.07499,-2.35551,0.87838,3.15098,0.11070
24.40,hold,-0.69241,-1.85265,-2.07500,-2.35554,0.87839,3.15098,-0.69240,-1.85267,-2.07499,-2.35552,0.87839,3.15098,0.11070
24.41,hold,-0.69241,-1.85265,-2.07500,-2.35554,0.87839,3.15098,-0.69240,-1.85267,-2.07499,-2.35552,0.87839,3.15098,0.11070
24.42,hold,-0.69241,-1.85265,-2.07500,-2.35554,0.87839,3.15098,-0.69240,-1.85267,-2.07500,-2.35550,0.87838,3.15097,0.11070
24.43,hold,-0.69241,-1.85265,-2.07500,-2.35554,0.87839,3.15098,-0.69240,-1.85267,-2.07500,-2.35552,0.87839,3.15098,0.11070
24.44,hold,-0.69241,-1.85265,-2.07500,-2.35554,0.87839,3.15098,-0.69240,-1.85267,-2.07500,-2.35552,0.87839,3.15098,0.11070
24.45,hold,-0.69241,-1.85265,-2.07500,-2.35554,0.87839,3.15098,-0.69240,-1.85267,-2.07499,-2.35552,0.87839,3.15098,0.11070
24.46,hold,-0.69241,-1.85265,-2.07500,-2.35554,0.87839,3.15098,-0.69240,-1.85267,-2.07499,-2.35551,0.87838,3.15098,0.11070
24.47,hold,-0.69241,-1.85265,-2.07500,-2.35554,0.87839,3.15098,-0.69240,-1.85267,-2.07499,-2.35552,0.87839,3.15098,0.11070
24.48,hold,-0.69241,-1.85265,-2.07500,-2.35554,0.87839,3.15098,-0.69240,-1.85267,-2.07499,-2.35550,0.87838,3.15097,0.11070
24.49,hold,-0.69241,-1.85265,-2.07500,-2.35554,0.87839,3.15098,-0.69240,-1.85267,-2.07500,-2.35552,0.87839,3.15098,0.11070
24.50,hold,-0.69241,-1.85265,-2.07500,-2.35554,0.87839,3.15098,-0.69240,-1.85267,-2.07499,-2.35552,0.87839,3.15098,0.11070
24.51,hold,-0.69241,-1.85265,-2.07500,-2.35554,0.87839,3.15098,-0.69240,-1.85267,-2.07499,-2.35551,0.87838,3.15098,0.11070
24.52,hold,-0.69241,-1.85265,-2.07500,-2.35554,0.87839,3.15098,-0.69240,-1.85267,-2.07499,-2.35552,0.87839,3.15098,0.11070
24.53,hold,-0.69241,-1.85265,-2.07500,-2.35554,0.87839,3.15098,-0.69240,-1.85267,-2.07499,-2.35551,0.87838,3.15098,0.11070
24.54,hold,-0.69241,-1.85265,-2.07500,-2.35554,0.87839,3.15098,-0.69240,-1.85267,-2.07499,-2.35551,0.87839,3.15098,0.11070
24.55,hold,-0.69241,-1.85265,-2.07500,-2.35554,0.87839,3.15098,-0.69239,-1.85267,-2.07499,-2.35551,0.87838,3.15098,0.11070
24.56,hold,-0.69241,-1.85265,-2.07500,-2.35554,0.87839,3.15098,-0.69240,-1.85267,-2.07499,-2.35552,0.87839,3.15098,0.11070
24.57,hold,-0.69241,-1.85265,-2.07500,-2.35554,0.87839,3.15098,-0.69239,-1.85267,-2.07499,-2.35551,0.87838,3.15098,0.11070
24.58,hold,-0.69241,-1.85265,-2.07500,-2.35554,0.87839,3.15098,-0.69240,-1.85267,-2.07499,-2.35552,0.87839,3.15098,0.11070
24.59,hold,-0.69241,-1.85265,-2.07500,-2.35554,0.87839,3.15098,-0.69239,-1.85267,-2.07499,-2.35551,0.87838,3.15098,0.11070
24.60,hold,-0.69241,-1.85265,-2.07500,-2.35554,0.87839,3.15098,-0.69240,-1.85267,-2.07499,-2.35552,0.87839,3.15098,0.11070
24.61,hold,-0.69241,-1.85265,-2.07500,-2.35554,0.87839,3.15098,-0.69240,-1.85267,-2.07499,-2.35551,0.87838,3.15097,0.11070
24.62,hold,-0.69241,-1.85265,-2.07500,-2.35554,0.87839,3.15098,-0.69240,-1.85267,-2.07499,-2.35552,0.87839,3.15098,0.11070
24.63,hold,-0.69241,-1.85265,-2.07500,-2.35554,0.87839,3.15098,-0.69240,-1.85267,-2.07499,-2.35551,0.87839,3.15098,0.11070
24.64,hold,-0.69241,-1.85265,-2.07500,-2.35554,0.87839,3.15098,-0.69240,-1.85267,-2.07499,-2.35551,0.87838,3.15097,0.11070
24.65,hold,-0.69241,-1.85265,-2.07500,-2.35554,0.87839,3.15098,-0.69240,-1.85267,-2.07499,-2.35552,0.87839,3.15098,0.11070
24.66,hold,-0.69241,-1.85265,-2.07500,-2.35554,0.87839,3.15098,-0.69240,-1.85267,-2.07499,-2.35552,0.87839,3.15098,0.11070
24.67,hold,-0.69241,-1.85265,-2.07500,-2.35554,0.87839,3.15098,-0.69240,-1.85267,-2.07499,-2.35550,0.87838,3.15097,0.11070
24.68,hold,-0.69241,-1.85265,-2.07500,-2.35554,0.87839,3.15098,-0.69240,-1.85267,-2.07500,-2.35552,0.87839,3.15098,0.11070
24.69,hold,-0.69241,-1.85265,-2.07500,-2.35554,0.87839,3.15098,-0.69240,-1.85267,-2.07500,-2.35552,0.87839,3.15098,0.11070
24.70,hold,-0.69241,-1.85265,-2.07500,-2.35554,0.87839,3.15098,-0.69240,-1.85267,-2.07499,-2.35552,0.87839,3.15098,0.11070
24.71,hold,-0.69241,-1.85265,-2.07500,-2.35554,0.87839,3.15098,-0.69240,-1.85267,-2.07499,-2.35551,0.87838,3.15098,0.11070
24.72,hold,-0.69241,-1.85265,-2.07500,-2.35554,0.87839,3.15098,-0.69240,-1.85267,-2.07499,-2.35552,0.87839,3.15098,0.11070
24.73,hold,-0.69241,-1.85265,-2.07500,-2.35554,0.87839,3.15098,-0.69240,-1.85267,-2.07499,-2.35551,0.87838,3.15098,0.11070
24.74,hold,-0.69241,-1.85265,-2.07500,-2.35554,0.87839,3.15098,-0.69240,-1.85267,-2.07499,-2.35552,0.87839,3.15098,0.11070
24.75,hold,-0.69241,-1.85265,-2.07500,-2.35554,0.87839,3.15098,-0.69240,-1.85267,-2.07499,-2.35550,0.87838,3.15097,0.11070
24.76,hold,-0.69241,-1.85265,-2.07500,-2.35554,0.87839,3.15098,-0.69240,-1.85267,-2.07500,-2.35552,0.87839,3.15098,0.11070
24.77,hold,-0.69241,-1.85265,-2.07500,-2.35554,0.87839,3.15098,-0.69240,-1.85267,-2.07499,-2.35552,0.87839,3.15098,0.11070
24.78,hold,-0.69241,-1.85265,-2.07500,-2.35554,0.87839,3.15098,-0.69240,-1.85267,-2.07499,-2.35552,0.87839,3.15098,0.11070
24.79,hold,-0.69241,-1.85265,-2.07500,-2.35554,0.87839,3.15098,-0.69240,-1.85267,-2.07499,-2.35551,0.87838,3.15097,0.11070
24.80,hold,-0.69241,-1.85265,-2.07500,-2.35554,0.87839,3.15098,-0.69240,-1.85267,-2.07499,-2.35552,0.87839,3.15098,0.11070
24.81,hold,-0.69241,-1.85265,-2.07500,-2.35554,0.87839,3.15098,-0.69240,-1.85267,-2.07499,-2.35551,0.87838,3.15097,0.11070
24.82,hold,-0.69241,-1.85265,-2.07500,-2.35554,0.87839,3.15098,-0.69240,-1.85267,-2.07500,-2.35552,0.87839,3.15098,0.11070
24.83,hold,-0.69241,-1.85265,-2.07500,-2.35554,0.87839,3.15098,-0.69240,-1.85267,-2.07499,-2.35552,0.87839,3.15098,0.11070
24.84,hold,-0.69241,-1.85265,-2.07500,-2.35554,0.87839,3.15098,-0.69240,-1.85267,-2.07499,-2.35551,0.87838,3.15097,0.11070
24.85,hold,-0.69241,-1.85265,-2.07500,-2.35554,0.87839,3.15098,-0.69240,-1.85267,-2.07499,-2.35552,0.87839,3.15098,0.11070
24.86,hold,-0.69241,-1.85265,-2.07500,-2.35554,0.87839,3.15098,-0.69240,-1.85267,-2.07499,-2.35551,0.87838,3.15097,0.11070
24.87,hold,-0.69241,-1.85265,-2.07500,-2.35554,0.87839,3.15098,-0.69240,-1.85267,-2.07499,-2.35552,0.87839,3.15098,0.11070
24.88,hold,-0.69241,-1.85265,-2.07500,-2.35554,0.87839,3.15098,-0.69240,-1.85267,-2.07499,-2.35552,0.87839,3.15098,0.11070
24.89,hold,-0.69241,-1.85265,-2.07500,-2.35554,0.87839,3.15098,-0.69240,-1.85267,-2.07499,-2.35550,0.87838,3.15097,0.11070
24.90,hold,-0.69241,-1.85265,-2.07500,-2.35554,0.87839,3.15098,-0.69240,-1.85267,-2.07500,-2.35552,0.87839,3.15098,0.11070
24.91,hold,-0.69241,-1.85265,-2.07500,-2.35554,0.87839,3.15098,-0.69240,-1.85267,-2.07500,-2.35552,0.87839,3.15098,0.11070
24.92,hold,-0.69241,-1.85265,-2.07500,-2.35554,0.87839,3.15098,-0.69240,-1.85267,-2.07499,-2.35552,0.87839,3.15098,0.11070
24.93,hold,-0.69241,-1.85265,-2.07500,-2.35554,0.87839,3.15098,-0.69240,-1.85267,-2.07500,-2.35550,0.87838,3.15097,0.11070
24.94,hold,-0.69241,-1.85265,-2.07500,-2.35554,0.87839,3.15098,-0.69240,-1.85267,-2.07500,-2.35552,0.87839,3.15098,0.11070
24.95,hold,-0.69241,-1.85265,-2.07500,-2.35554,0.87839,3.15098,-0.69240,-1.85267,-2.07500,-2.35552,0.87839,3.15098,0.11070
24.96,hold,-0.69241,-1.85265,-2.07500,-2.35554,0.87839,3.15098,-0.69240,-1.85267,-2.07499,-2.35552,0.87839,3.15098,0.11070
24.97,hold,-0.69241,-1.85265,-2.07500,-2.35554,0.87839,3.15098,-0.69240,-1.85267,-2.07500,-2.35550,0.87838,3.15097,0.11070
24.98,hold,-0.69241,-1.85265,-2.07500,-2.35554,0.87839,3.15098,-0.69240,-1.85267,-2.07500,-2.35552,0.87839,3.15098,0.11070
24.99,hold,-0.69241,-1.85265,-2.07500,-2.35554,0.87839,3.15098,-0.69240,-1.85267,-2.07500,-2.35552,0.87839,3.15098,0.11070
25.00,hold,-0.69241,-1.85265,-2.07500,-2.35554,0.87839,3.15098,-0.69240,-1.85267,-2.07500,-2.35552,0.87839,3.15098,0.11070
25.01,hold,-0.69241,-1.85265,-2.07500,-2.35554,0.87839,3.15098,-0.69240,-1.85267,-2.07500,-2.35550,0.87838,3.15098,0.11070
25.02,hold,-0.69241,-1.85265,-2.07500,-2.35554,0.87839,3.15098,-0.69240,-1.85267,-2.07500,-2.35552,0.87839,3.15098,0.11070
25.03,hold,-0.69241,-1.85265,-2.07500,-2.35554,0.87839,3.15098,-0.69240,-1.85267,-2.07500,-2.35552,0.87839,3.15098,0.11070
25.04,hold,-0.69241,-1.85265,-2.07500,-2.35554,0.87839,3.15098,-0.69240,-1.85267,-2.07500,-2.35552,0.87839,3.15098,0.11070
25.05,hold,-0.69241,-1.85265,-2.07500,-2.35554,0.87839,3.15098,-0.69240,-1.85267,-2.07500,-2.35550,0.87838,3.15098,0.11070
25.06,hold,-0.69241,-1.85265,-2.07500,-2.35554,0.87839,3.15098,-0.69240,-1.85267,-2.07500,-2.35552,0.87839,3.15098,0.11070
25.07,hold,-0.69241,-1.85265,-2.07500,-2.35554,0.87839,3.15098,-0.69240,-1.85267,-2.07500,-2.35552,0.87839,3.15098,0.11070
25.08,hold,-0.69241,-1.85265,-2.07500,-2.35554,0.87839,3.15098,-0.69240,-1.85267,-2.07500,-2.35552,0.87839,3.15098,0.11070
25.09,hold,-0.69241,-1.85265,-2.07500,-2.35554,0.87839,3.15098,-0.69240,-1.85267,-2.07500,-2.35550,0.87838,3.15098,0.11070
25.10,hold,-0.69241,-1.85265,-2.07500,-2.35554,0.87839,3.15098,-0.69240,-1.85267,-2.07500,-2.35552,0.87839,3.15098,0.11070
25.11,hold,-0.69241,-1.85265,-2.07500,-2.35554,0.87839,3.15098,-0.69240,-1.85267,-2.07500,-2.35552,0.87839,3.15098,0.11070
25.12,hold,-0.69241,-1.85265,-2.07500,-2.35554,0.87839,3.15098,-0.69240,-1.85267,-2.07500,-2.35552,0.87839,3.15098,0.11070
25.13,hold,-0.69241,-1.85265,-2.07500,-2.35554,0.87839,3.15098,-0.69240,-1.85267,-2.07500,-2.35550,0.87838,3.15098,0.11070
25.14,hold,-0.69241,-1.85265,-2.07500,-2.35554,0.87839,3.15098,-0.69240,-1.85267,-2.07500,-2.35552,0.87839,3.15098,0.11070
25.15,hold,-0.69241,-1.85265,-2.07500,-2.35554,0.87839,3.15098,-0.69240,-1.85267,-2.07500,-2.35552,0.87839,3.15098,0.11070
25.16,hold,-0.69241,-1.85265,-2.07500,-2.35554,0.87839,3.15098,-0.69240,-1.85267,-2.07500,-2.35552,0.87839,3.15098,0.11070
25.17,hold,-0.69241,-1.85265,-2.07500,-2.35554,0.87839,3.15098,-0.69240,-1.85267,-2.07500,-2.35550,0.87838,3.15098,0.11070
25.18,hold,-0.69241,-1.85265,-2.07500,-2.35554,0.87839,3.15098,-0.69240,-1.85267,-2.07500,-2.35552,0.87839,3.15098,0.11070
25.19,hold,-0.69241,-1.85265,-2.07500,-2.35554,0.87839,3.15098,-0.69240,-1.85267,-2.07500,-2.35552,0.87839,3.15098,0.11070
25.20,hold,-0.69241,-1.85265,-2.07500,-2.35554,0.87839,3.15098,-0.69240,-1.85267,-2.07500,-2.35552,0.87839,3.15098,0.11070
25.21,hold,-0.69241,-1.85265,-2.07500,-2.35554,0.87839,3.15098,-0.69240,-1.85267,-2.07500,-2.35550,0.87838,3.15098,0.11070
25.22,hold,-0.69241,-1.85265,-2.07500,-2.35554,0.87839,3.15098,-0.69240,-1.85267,-2.07500,-2.35552,0.87839,3.15098,0.11070
25.23,hold,-0.69241,-1.85265,-2.07500,-2.35554,0.87839,3.15098,-0.69240,-1.85267,-2.07500,-2.35552,0.87839,3.15098,0.11070
25.24,hold,-0.69241,-1.85265,-2.07500,-2.35554,0.87839,3.15098,-0.69240,-1.85267,-2.07500,-2.35552,0.87839,3.15098,0.11070
25.25,hold,-0.69241,-1.85265,-2.07500,-2.35554,0.87839,3.15098,-0.69240,-1.85267,-2.07500,-2.35550,0.87838,3.15098,0.11070
25.26,hold,-0.69241,-1.85265,-2.07500,-2.35554,0.87839,3.15098,-0.69240,-1.85267,-2.07500,-2.35552,0.87839,3.15098,0.11070
25.27,hold,-0.69241,-1.85265,-2.07500,-2.35554,0.87839,3.15098,-0.69240,-1.85267,-2.07500,-2.35552,0.87839,3.15098,0.11070
25.28,hold,-0.69241,-1.85265,-2.07500,-2.35554,0.87839,3.15098,-0.69240,-1.85267,-2.07500,-2.35552,0.87839,3.15098,0.11070
25.29,hold,-0.69241,-1.85265,-2.07500,-2.35554,0.87839,3.15098,-0.69240,-1.85267,-2.07500,-2.35550,0.87838,3.15098,0.11070
25.30,hold,-0.69241,-1.85265,-2.07500,-2.35554,0.87839,3.15098,-0.69240,-1.85267,-2.07500,-2.35552,0.87839,3.15098,0.11070
25.31,hold,-0.69241,-1.85265,-2.07500,-2.35554,0.87839,3.15098,-0.69240,-1.85267,-2.07500,-2.35552,0.87839,3.15098,0.11070
25.32,hold,-0.69241,-1.85265,-2.07500,-2.35554,0.87839,3.15098,-0.69240,-1.85267,-2.07500,-2.35552,0.87839,3.15098,0.11070
25.33,hold,-0.69241,-1.85265,-2.07500,-2.35554,0.87839,3.15098,-0.69240,-1.85267,-2.07500,-2.35550,0.87838,3.15098,0.11070
25.34,hold,-0.69241,-1.85265,-2.07500,-2.35554,0.87839,3.15098,-0.69240,-1.85267,-2.07500,-2.35552,0.87839,3.15098,0.11070
25.35,hold,-0.69241,-1.85265,-2.07500,-2.35554,0.87839,3.15098,-0.69240,-1.85267,-2.07500,-2.35552,0.87839,3.15098,0.11070
25.36,hold,-0.69241,-1.85265,-2.07500,-2.35554,0.87839,3.15098,-0.69240,-1.85267,-2.07500,-2.35552,0.87839,3.15098,0.11070
25.37,hold,-0.69241,-1.85265,-2.07500,-2.35554,0.87839,3.15098,-0.69240,-1.85267,-2.07500,-2.35550,0.87838,3.15098,0.11070
25.38,hold,-0.69241,-1.85265,-2.07500,-2.35554,0.87839,3.15098,-0.69240,-1.85267,-2.07500,-2.35552,0.87839,3.15098,0.11070
25.39,hold,-0.69241,-1.85265,-2.07500,-2.35554,0.87839,3.15098,-0.69240,-1.85267,-2.07500,-2.35552,0.87839,3.15098,0.11070
25.40,hold,-0.69241,-1.85265,-2.07500,-2.35554,0.87839,3.15098,-0.69240,-1.85267,-2.07500,-2.35552,0.87839,3.15098,0.11070
25.41,hold,-0.69241,-1.85265,-2.07500,-2.35554,0.87839,3.15098,-0.69240,-1.85267,-2.07500,-2.35550,0.87838,3.15098,0.11070
25.42,hold,-0.69241,-1.85265,-2.07500,-2.35554,0.87839,3.15098,-0.69240,-1.85267,-2.07500,-2.35552,0.87839,3.15098,0.11070
25.43,hold,-0.69241,-1.85265,-2.07500,-2.35554,0.87839,3.15098,-0.69240,-1.85267,-2.07500,-2.35552,0.87839,3.15098,0.11070
25.44,hold,-0.69241,-1.85265,-2.07500,-2.35554,0.87839,3.15098,-0.69240,-1.85267,-2.07500,-2.35552,0.87839,3.15098,0.11070
25.45,hold,-0.69241,-1.85265,-2.07500,-2.35554,0.87839,3.15098,-0.69240,-1.85267,-2.07500,-2.35550,0.87838,3.15098,0.11070
25.46,hold,-0.69241,-1.85265,-2.07500,-2.35554,0.87839,3.15098,-0.69240,-1.85267,-2.07500,-2.35552,0.87839,3.15098,0.11070
25.47,hold,-0.69241,-1.85265,-2.07500,-2.35554,0.87839,3.15098,-0.69240,-1.85267,-2.07500,-2.35552,0.87839,3.15098,0.11070
25.48,hold,-0.69241,-1.85265,-2.07500,-2.35554,0.87839,3.15098,-0.69240,-1.85267,-2.07500,-2.35552,0.87839,3.15098,0.11070
25.49,hold,-0.69241,-1.85265,-2.07500,-2.35554,0.87839,3.15098,-0.69240,-1.85267,-2.07500,-2.35550,0.87838,3.15098,0.11070
25.50,hold,-0.69241,-1.85265,-2.07500,-2.35554,0.87839,3.15098,-0.69240,-1.85267,-2.07500,-2.35552,0.87839,3.15098,0.11070
25.51,hold,-0.69241,-1.85265,-2.07500,-2.35554,0.87839,3.15098,-0.69240,-1.85267,-2.07500,-2.35552,0.87839,3.15098,0.11070
25.52,hold,-0.69241,-1.85265,-2.07500,-2.35554,0.87839,3.15098,-0.69240,-1.85267,-2.07500,-2.35552,0.87839,3.15098,0.11070
25.53,hold,-0.69241,-1.85265,-2.07500,-2.35554,0.87839,3.15098,-0.69240,-1.85267,-2.07500,-2.35550,0.87838,3.15098,0.11070
25.54,hold,-0.69241,-1.85265,-2.07500,-2.35554,0.87839,3.15098,-0.69240,-1.85267,-2.07500,-2.35552,0.87839,3.15098,0.11070
25.55,hold,-0.69241,-1.85265,-2.07500,-2.35554,0.87839,3.15098,-0.69240,-1.85267,-2.07500,-2.35552,0.87839,3.15098,0.11070
25.56,hold,-0.69241,-1.85265,-2.07500,-2.35554,0.87839,3.15098,-0.69240,-1.85267,-2.07500,-2.35552,0.87839,3.15098,0.11070
25.57,hold,-0.69241,-1.85265,-2.07500,-2.35554,0.87839,3.15098,-0.69240,-1.85267,-2.07500,-2.35550,0.87838,3.15098,0.11070
25.58,hold,-0.69241,-1.85265,-2.07500,-2.35554,0.87839,3.15098,-0.69240,-1.85267,-2.07500,-2.35552,0.87839,3.15098,0.11070
25.59,hold,-0.69241,-1.85265,-2.07500,-2.35554,0.87839,3.15098,-0.69240,-1.85267,-2.07500,-2.35552,0.87839,3.15098,0.11070
25.60,hold,-0.69241,-1.85265,-2.07500,-2.35554,0.87839,3.15098,-0.69240,-1.85267,-2.07500,-2.35552,0.87839,3.15098,0.11070
25.61,hold,-0.69241,-1.85265,-2.07500,-2.35554,0.87839,3.15098,-0.69240,-1.85267,-2.07500,-2.35550,0.87838,3.15098,0.11070
25.62,hold,-0.69241,-1.85265,-2.07500,-2.35554,0.87839,3.15098,-0.69240,-1.85267,-2.07500,-2.35552,0.87839,3.15098,0.11070
25.63,hold,-0.69241,-1.85265,-2.07500,-2.35554,0.87839,3.15098,-0.69240,-1.85267,-2.07500,-2.35552,0.87839,3.15098,0.11070
25.64,hold,-0.69241,-1.85265,-2.07500,-2.35554,0.87839,3.15098,-0.69240,-1.85267,-2.07500,-2.35552,0.87839,3.15098,0.11070
25.65,hold,-0.69241,-1.85265,-2.07500,-2.35554,0.87839,3.15098,-0.69240,-1.85267,-2.07500,-2.35550,0.87838,3.15098,0.11070
25.66,hold,-0.69241,-1.85265,-2.07500,-2.35554,0.87839,3.15098,-0.69240,-1.85267,-2.07500,-2.35552,0.87839,3.15098,0.11070
25.67,hold,-0.69241,-1.85265,-2.07500,-2.35554,0.87839,3.15098,-0.69240,-1.85267,-2.07500,-2.35552,0.87839,3.15098,0.11070
25.68,hold,-0.69241,-1.85265,-2.07500,-2.35554,0.87839,3.15098,-0.69240,-1.85267,-2.07500,-2.35552,0.87839,3.15098,0.11070
25.69,hold,-0.69241,-1.85265,-2.07500,-2.35554,0.87839,3.15098,-0.69240,-1.85267,-2.07500,-2.35550,0.87838,3.15098,0.11070
25.70,hold,-0.69241,-1.85265,-2.07500,-2.35554,0.87839,3.15098,-0.69240,-1.85267,-2.07500,-2.35552,0.87839,3.15098,0.11070
25.71,hold,-0.69241,-1.85265,-2.07500,-2.35554,0.87839,3.15098,-0.69240,-1.85267,-2.07500,-2.35552,0.87839,3.15098,0.11070
25.72,hold,-0.69241,-1.85265,-2.07500,-2.35554,0.87839,3.15098,-0.69240,-1.85267,-2.07500,-2.35552,0.87839,3.15098,0.11070
25.73,hold,-0.69241,-1.85265,-2.07500,-2.35554,0.87839,3.15098,-0.69240,-1.85267,-2.07500,-2.35550,0.87838,3.15098,0.11070
25.74,hold,-0.69241,-1.85265,-2.07500,-2.35554,0.87839,3.15098,-0.69240,-1.85267,-2.07500,-2.35552,0.87839,3.15098,0.11070
25.75,hold,-0.69241,-1.85265,-2.07500,-2.35554,0.87839,3.15098,-0.69240,-1.85267,-2.07500,-2.35552,0.87839,3.15098,0.11070
25.76,hold,-0.69241,-1.85265,-2.07500,-2.35554,0.87839,3.15098,-0.69240,-1.85267,-2.07500,-2.35552,0.87839,3.15098,0.11070
25.77,hold,-0.69241,-1.85265,-2.07500,-2.35554,0.87839,3.15098,-0.69240,-1.85267,-2.07500,-2.35550,0.87838,3.15098,0.11070
25.78,hold,-0.69241,-1.85265,-2.07500,-2.35554,0.87839,3.15098,-0.69240,-1.85267,-2.07500,-2.35552,0.87839,3.15098,0.11070
25.79,hold,-0.69241,-1.85265,-2.07500,-2.35554,0.87839,3.15098,-0.69240,-1.85267,-2.07500,-2.35552,0.87839,3.15098,0.11070
25.80,hold,-0.69241,-1.85265,-2.07500,-2.35554,0.87839,3.15098,-0.69240,-1.85267,-2.07500,-2.35552,0.87839,3.15098,0.11070
25.81,hold,-0.69241,-1.85265,-2.07500,-2.35554,0.87839,3.15098,-0.69240,-1.85267,-2.07500,-2.35550,0.87838,3.15098,0.11070
25.82,hold,-0.69241,-1.85265,-2.07500,-2.35554,0.87839,3.15098,-0.69240,-1.85267,-2.07500,-2.35552,0.87839,3.15098,0.11070
25.83,hold,-0.69241,-1.85265,-2.07500,-2.35554,0.87839,3.15098,-0.69240,-1.85267,-2.07500,-2.35552,0.87839,3.15098,0.11070
25.84,hold,-0.69241,-1.85265,-2.07500,-2.35554,0.87839,3.15098,-0.69240,-1.85267,-2.07500,-2.35552,0.87839,3.15098,0.11070
25.85,hold,-0.69241,-1.85265,-2.07500,-2.35554,0.87839,3.15098,-0.69240,-1.85267,-2.07500,-2.35550,0.87838,3.15098,0.11070
25.86,hold,-0.69241,-1.85265,-2.07500,-2.35554,0.87839,3.15098,-0.69240,-1.85267,-2.07500,-2.35552,0.87839,3.15098,0.11070
25.87,hold,-0.69241,-1.85265,-2.07500,-2.35554,0.87839,3.15098,-0.69240,-1.85267,-2.07500,-2.35552,0.87839,3.15098,0.11070
25.88,hold,-0.69241,-1.85265,-2.07500,-2.35554,0.87839,3.15098,-0.69240,-1.85267,-2.07500,-2.35552,0.87839,3.15098,0.11070
25.89,hold,-0.69241,-1.85265,-2.07500,-2.35554,0.87839,3.15098,-0.69240,-1.85267,-2.07500,-2.35550,0.87838,3.15098,0.11070
25.90,hold,-0.69241,-1.85265,-2.07500,-2.35554,0.87839,3.15098,-0.69240,-1.85267,-2.07500,-2.35552,0.87839,3.15098,0.11070
25.91,hold,-0.69241,-1.85265,-2.07500,-2.35554,0.87839,3.15098,-0.69240,-1.85267,-2.07500,-2.35552,0.87839,3.15098,0.11070
25.92,hold,-0.69241,-1.85265,-2.07500,-2.35554,0.87839,3.15098,-0.69240,-1.85267,-2.07500,-2.35552,0.87839,3.15098,0.11070
25.93,hold,-0.69241,-1.85265,-2.07500,-2.35554,0.87839,3.15098,-0.69240,-1.85267,-2.07500,-2.35550,0.87838,3.15098,0.11070
25.94,hold,-0.69241,-1.85265,-2.07500,-2.35554,0.87839,3.15098,-0.69240,-1.85267,-2.07500,-2.35552,0.87839,3.15098,0.11070
25.95,hold,-0.69241,-1.85265,-2.07500,-2.35554,0.87839,3.15098,-0.69240,-1.85267,-2.07500,-2.35552,0.87839,3.15098,0.11070
25.96,hold,-0.69241,-1.85265,-2.07500,-2.35554,0.87839,3.15098,-0.69240,-1.85267,-2.07500,-2.35552,0.87839,3.15098,0.11070
25.97,hold,-0.69241,-1.85265,-2.07500,-2.35554,0.87839,3.15098,-0.69240,-1.85267,-2.07500,-2.35550,0.87838,3.15098,0.11070
25.98,hold,-0.69241,-1.85265,-2.07500,-2.35554,0.87839,3.15098,-0.69240,-1.85267,-2.07500,-2.35552,0.87839,3.15098,0.11070
25.99,hold,-0.69241,-1.85265,-2.07500,-2.35554,0.87839,3.15098,-0.69240,-1.85267,-2.07500,-2.35552,0.87839,3.15098,0.11070
26.00,hold,-0.69241,-1.85265,-2.07500,-2.35554,0.87839,3.15098,-0.69240,-1.85267,-2.07500,-2.35552,0.87839,3.15098,0.11070
26.01,hold,-0.69241,-1.85265,-2.07500,-2.35554,0.87839,3.15098,-0.69240,-1.85267,-2.07500,-2.35550,0.87838,3.15098,0.11070
26.02,hold,-0.69241,-1.85265,-2.07500,-2.35554,0.87839,3.15098,-0.69240,-1.85267,-2.07500,-2.35552,0.87839,3.15098,0.11070
26.03,hold,-0.69241,-1.85265,-2.07500,-2.35554,0.87839,3.15098,-0.69240,-1.85267,-2.07500,-2.35552,0.87839,3.15098,0.11070
26.04,hold,-0.69241,-1.85265,-2.07500,-2.35554,0.87839,3.15098,-0.69240,-1.85267,-2.07500,-2.35552,0.87839,3.15098,0.11070
26.05,hold,-0.69241,-1.85265,-2.07500,-2.35554,0.87839,3.15098,-0.69240,-1.85267,-2.07500,-2.35550,0.87838,3.15098,0.11070
26.06,hold,-0.69241,-1.85265,-2.07500,-2.35554,0.87839,3.15098,-0.69240,-1.85267,-2.07500,-2.35552,0.87839,3.15098,0.11070
