attempt,hours,obj,x,y,yaw,reward,eps
0,0.0277,chips,-0.1723,0.6723,2.474,0,1.000
1,0.0277,can,0.1449,0.4754,0.422,0,1.000
2,0.0277,chips,0.0520,0.1910,0.688,0,1.000
3,0.0277,tetrapak,-0.0465,0.3223,2.574,0,1.000
4,0.0365,can,-0.1504,0.5629,1.852,0,1.000
5,0.0365,chips,0.0465,0.2074,2.589,0,1.000
6,0.0365,can,0.0520,0.1855,2.584,0,1.000
7,0.0365,tetrapak,-0.0848,0.3824,1.390,0,1.000
8,0.0432,tetrapak,-0.0137,0.1855,1.999,0,1.000
9,0.0432,chips,0.0191,0.1801,1.990,0,1.000
10,0.0432,tetrapak,-0.0684,0.5629,1.639,0,1.000
11,0.0432,can,-0.0246,0.2020,3.021,0,1.000
12,0.0509,can,-0.0191,0.4152,1.224,0,1.000
13,0.0509,chips,-0.0246,0.2238,2.045,0,1.000
14,0.0509,can,-0.0465,0.2020,2.409,0,1.000
15,0.0509,chips,-0.0684,0.2020,1.085,0,1.000
16,0.0583,chips,-0.0902,0.2074,1.327,0,1.000
17,0.0583,tetrapak,0.2871,0.3660,0.726,0,1.000
18,0.0583,tetrapak,0.0520,0.1582,0.934,0,1.000
19,0.0583,chips,0.0957,0.1582,2.137,0,1.000
20,0.0670,chips,0.0027,0.1746,3.028,0,1.000
21,0.0670,tetrapak,-0.1668,0.7051,0.546,0,1.000
22,0.0670,chips,0.1996,0.6230,2.607,0,1.000
23,0.0670,chips,-0.0902,0.6012,1.841,0,1.000
24,0.0739,chips,-0.0574,0.6941,1.180,0,1.000
25,0.0739,tetrapak,0.1176,0.3059,0.057,0,1.000
26,0.0739,tetrapak,-0.0301,0.4863,1.401,0,1.000
27,0.0739,tetrapak,0.1176,0.4480,2.503,0,1.000
28,0.0813,tetrapak,-0.0848,0.1965,2.349,0,1.000
29,0.0813,can,-0.0191,0.1746,3.134,0,1.000
30,0.0813,tetrapak,0.0246,0.2129,1.755,0,1.000
31,0.0813,can,-0.0738,0.2184,1.992,0,1.000
32,0.0880,chips,0.0410,0.1855,0.357,0,1.000
33,0.0880,chips,-0.0246,0.2348,1.065,0,1.000
34,0.0880,can,0.0684,0.6176,2.852,0,1.000
35,0.0880,chips,0.0574,0.2074,0.043,0,1.000
36,0.0992,chips,-0.1012,0.1527,0.802,0,1.000
37,0.0992,can,-0.0793,0.2293,2.705,0,1.000
38,0.0992,chips,0.0957,0.1855,0.489,0,1.000
39,0.0992,chips,-0.0082,0.1910,2.613,0,1.000
40,0.1072,chips,0.0410,0.1527,0.118,0,1.000
41,0.1072,can,-0.0465,0.1801,1.779,0,1.000
42,0.1072,chips,-0.2379,0.7980,2.151,0,1.000
43,0.1072,chips,-0.0082,0.4480,0.283,0,1.000
44,0.1140,chips,-0.1504,0.6449,2.088,0,1.000
45,0.1140,can,-0.0082,0.3879,1.890,0,1.000
46,0.1140,chips,0.0902,0.2184,0.463,0,1.000
47,0.1140,can,-0.0902,0.3988,1.630,0,1.000
48,0.1189,chips,0.0465,0.1855,0.396,0,1.000
49,0.1189,tetrapak,0.0301,0.6613,0.160,0,1.000
50,0.1189,can,-0.0410,0.1746,2.120,0,1.000
51,0.1189,can,0.0738,0.1965,1.316,0,1.000
52,0.1255,chips,-0.0027,0.2074,0.611,0,1.000
53,0.1255,chips,-0.0465,0.1910,1.543,0,1.000
54,0.1255,can,-0.0246,0.1855,1.575,0,1.000
55,0.1255,chips,-0.0684,0.2020,0.441,0,1.000
56,0.1335,can,0.0684,0.2238,0.574,0,1.000
57,0.1335,chips,0.0520,0.1965,0.173,0,1.000
58,0.1335,chips,0.0082,0.2293,1.281,0,1.000
59,0.1335,tetrapak,0.2160,0.6012,0.365,0,1.000
60,0.1389,chips,-0.0684,0.2293,2.203,0,1.000
61,0.1389,chips,-0.2324,0.5902,2.881,0,1.000
62,0.1389,tetrapak,0.1395,0.6777,0.992,0,1.000
63,0.1389,can,-0.1504,0.5629,0.370,0,1.000
64,0.1481,tetrapak,-0.1066,0.6996,0.971,0,1.000
65,0.1481,chips,0.1559,0.2785,2.281,0,1.000
66,0.1481,can,-0.1285,0.1801,2.980,0,1.000
67,0.1481,chips,-0.2270,0.5629,0.300,0,1.000
68,0.1539,can,0.0082,0.1582,1.993,0,1.000
69,0.1539,can,-0.0629,0.2402,1.518,0,1.000
70,0.1539,can,-0.0301,0.2348,1.377,0,1.000
71,0.1539,tetrapak,0.0027,0.5738,0.392,0,1.000
72,0.1616,can,0.1230,0.5629,1.943,0,1.000
73,0.1616,chips,0.0629,0.1965,2.290,0,1.000
74,0.1616,tetrapak,-0.0191,0.5902,0.211,0,1.000
75,0.1616,can,-0.1230,0.1637,2.869,0,1.000
76,0.1721,chips,-0.0629,0.2402,1.845,0,1.000
77,0.1721,tetrapak,0.0301,0.5082,2.589,0,1.000
78,0.1721,tetrapak,0.1285,0.4426,1.858,0,1.000
79,0.1721,chips,0.0191,0.1855,1.291,0,1.000
80,0.1861,chips,-0.1504,0.5629,3.054,0,1.000
81,0.1861,can,0.1395,0.5355,2.485,0,1.000
82,0.1861,can,0.1723,0.3387,1.474,0,1.000
83,0.1861,tetrapak,0.1066,0.6395,1.037,0,1.000
84,0.1996,chips,-0.0738,0.7434,2.070,0,1.000
85,0.1996,tetrapak,0.0957,0.5082,0.263,0,1.000
86,0.1996,tetrapak,0.1504,0.3059,1.116,0,1.000
87,0.1996,chips,0.1504,0.6340,0.043,0,1.000
88,0.2102,chips,-0.1613,0.5520,1.115,0,1.000
89,0.2102,can,0.1230,0.4754,1.552,0,1.000
90,0.2102,chips,0.2434,0.5137,1.574,0,1.000
91,0.2102,tetrapak,-0.0629,0.3059,0.191,0,1.000
92,0.2239,can,-0.1504,0.4535,1.975,0,1.000
93,0.2239,chips,-0.0574,0.4043,0.800,0,1.000
94,0.2239,can,-0.0629,0.6176,2.566,0,1.000
95,0.2239,tetrapak,0.1559,0.4535,1.748,0,1.000
96,0.2420,tetrapak,-0.1613,0.4043,0.325,0,1.000
97,0.2420,chips,-0.0848,0.3934,1.865,0,1.000
98,0.2420,tetrapak,0.0082,0.5520,1.042,0,1.000
99,0.2420,can,0.0902,0.4316,1.815,0,1.000
100,0.2572,can,0.0793,0.4754,1.989,0,1.000
101,0.2572,chips,0.3199,0.4043,1.507,0,1.000
102,0.2572,can,0.0957,0.4535,0.397,0,1.000
103,0.2572,chips,-0.0410,0.6504,2.360,0,1.000
104,0.2699,chips,0.1285,0.5301,0.067,0,1.000
105,0.2699,tetrapak,0.2160,0.3387,0.436,0,1.000
106,0.2699,tetrapak,0.1285,0.4973,2.155,1,1.000
107,0.2699,chips,-0.0465,0.7051,2.435,0,1.000
108,0.2826,chips,0.2270,0.4262,1.959,0,1.000
109,0.2826,tetrapak,-0.1285,0.6668,0.294,0,1.000
110,0.2826,chips,0.2215,0.5629,0.640,0,1.000
111,0.2826,chips,0.0465,0.6121,1.628,0,1.000
112,0.2950,chips,-0.1285,0.6668,0.112,0,1.000
113,0.2950,tetrapak,0.0684,0.3715,0.590,0,1.000
114,0.2950,tetrapak,-0.1613,0.4699,0.846,0,1.000
115,0.2950,tetrapak,0.1012,0.4863,1.373,0,1.000
116,0.3041,tetrapak,-0.0465,0.6504,1.105,0,1.000
117,0.3041,can,-0.2160,0.4262,2.135,0,1.000
118,0.3041,tetrapak,0.1121,0.6395,2.218,0,1.000
119,0.3041,can,0.0465,0.4098,1.141,0,1.000
120,0.3131,chips,-0.0520,0.6887,0.128,0,1.000
121,0.3131,chips,-0.2051,0.4535,1.148,0,1.000
122,0.3131,can,0.0684,0.5465,2.636,0,1.000
123,0.3131,chips,0.0301,0.4590,2.257,0,1.000
124,0.3210,chips,-0.0574,0.4371,1.874,0,1.000
125,0.3210,can,0.0684,0.4590,2.458,0,1.000
126,0.3210,chips,0.1777,0.3660,2.717,0,1.000
127,0.3210,chips,-0.0902,0.2949,2.685,0,1.000
128,0.3346,chips,-0.1613,0.7051,1.003,0,1.000
129,0.3346,can,-0.0137,0.4098,1.272,0,1.000
130,0.3346,chips,-0.2926,0.7434,1.234,0,1.000
131,0.3346,chips,-0.0520,0.5082,2.044,0,1.000
132,0.3426,chips,-0.1559,0.7926,0.450,0,1.000
133,0.3426,can,0.0684,0.4207,0.244,0,1.000
134,0.3426,chips,-0.2270,0.7051,0.934,0,1.000
135,0.3426,can,-0.1230,0.4043,2.190,0,1.000
136,0.3520,chips,-0.0520,0.3441,1.639,0,1.000
137,0.3520,tetrapak,-0.0082,0.6230,2.924,0,1.000
138,0.3520,can,0.0301,0.5848,1.980,0,1.000
139,0.3520,can,0.0027,0.5629,0.983,0,1.000
140,0.3642,chips,-0.1668,0.5465,2.063,0,1.000
141,0.3642,chips,0.1832,0.4809,0.303,0,1.000
142,0.3642,can,0.0629,0.4043,1.894,1,1.000
143,0.3642,chips,0.0848,0.5465,2.998,0,1.000
144,0.3768,can,-0.0574,0.5738,1.530,0,1.000
145,0.3768,chips,0.1012,0.4754,3.106,0,1.000
146,0.3768,chips,0.0301,0.4426,0.344,0,1.000
147,0.3768,tetrapak,0.2270,0.5738,0.240,0,1.000
148,0.3913,chips,-0.0738,0.7105,0.464,0,1.000
149,0.3913,chips,0.1340,0.4809,2.948,0,1.000
150,0.3913,tetrapak,0.0246,0.3168,2.141,0,1.000
151,0.3913,can,-0.2105,0.5465,2.592,0,1.000
152,0.4054,tetrapak,0.2105,0.4535,1.983,0,1.000
153,0.4054,chips,-0.1777,0.3934,2.735,0,1.000
154,0.4054,can,0.0520,0.3934,1.560,0,1.000
155,0.4054,chips,-0.1230,0.5629,0.172,0,1.000
156,0.4229,can,0.2105,0.5246,1.816,0,1.000
157,0.4229,can,0.0082,0.3988,0.251,0,1.000
158,0.4229,can,0.0902,0.4426,2.981,0,1.000
159,0.4229,tetrapak,-0.0246,0.5957,1.000,0,1.000
160,0.4400,can,-0.1723,0.5902,0.970,0,1.000
161,0.4400,chips,0.0684,0.5574,2.712,0,1.000
162,0.4400,tetrapak,0.0465,0.3715,0.999,0,1.000
163,0.4400,can,-0.1230,0.5848,1.632,1,1.000
164,0.4499,chips,-0.1066,0.6777,2.677,0,1.000
165,0.4499,tetrapak,0.0738,0.4152,2.614,0,1.000
166,0.4499,tetrapak,0.2051,0.4590,2.198,0,1.000
167,0.4499,chips,-0.0301,0.3715,0.499,0,1.000
168,0.4662,chips,-0.2160,0.6668,0.887,0,1.000
169,0.4662,can,0.0574,0.4371,0.149,0,1.000
170,0.4662,can,0.1504,0.3879,2.965,0,1.000
171,0.4662,tetrapak,-0.0410,0.4426,0.875,0,1.000
172,0.4798,chips,0.1449,0.4645,2.011,0,1.000
173,0.4798,tetrapak,-0.0246,0.4426,1.853,0,1.000
174,0.4798,tetrapak,0.2105,0.5793,2.505,0,1.000
175,0.4798,tetrapak,-0.2160,0.6613,1.373,0,1.000
176,0.4918,chips,0.0629,0.3824,1.492,0,1.000
177,0.4918,can,-0.0793,0.4535,0.486,0,1.000
178,0.4918,can,0.1012,0.5629,0.116,0,1.000
179,0.4918,can,-0.1723,0.5191,0.132,0,1.000
180,0.5055,tetrapak,-0.0684,0.7762,2.229,0,1.000
181,0.5055,tetrapak,0.1121,0.5191,0.797,0,1.000
182,0.5055,chips,-0.1941,0.4316,0.135,0,1.000
183,0.5055,chips,-0.0137,0.3332,2.012,0,1.000
184,0.5250,tetrapak,0.1723,0.5410,1.529,0,1.000
185,0.5250,can,0.1285,0.6723,1.401,0,1.000
186,0.5250,chips,-0.2980,0.4754,0.080,0,1.000
187,0.5250,chips,0.0082,0.4699,2.850,0,1.000
188,0.5381,tetrapak,-0.0684,0.6340,2.578,0,1.000
189,0.5381,chips,0.1121,0.4262,0.403,0,1.000
190,0.5381,tetrapak,0.0902,0.5793,2.284,0,1.000
191,0.5381,chips,0.2160,0.6285,1.979,0,1.000
192,0.5508,chips,-0.0027,0.4316,0.976,0,1.000
193,0.5508,chips,0.0137,0.3770,0.642,0,1.000
194,0.5508,tetrapak,-0.1340,0.5246,1.057,0,1.000
195,0.5508,can,-0.1941,0.6777,2.053,0,1.000
196,0.5590,can,0.1832,0.4973,2.025,0,1.000
197,0.5590,chips,0.1121,0.5410,2.137,0,1.000
198,0.5590,tetrapak,0.0027,0.3387,1.926,0,1.000
199,0.5590,tetrapak,0.0738,0.5574,0.346,0,1.000
200,0.5674,tetrapak,-0.1668,0.5957,1.975,0,1.000
201,0.5674,can,-0.1395,0.4918,2.035,0,1.000
202,0.5674,tetrapak,0.1777,0.5246,0.238,0,1.000
203,0.5674,chips,0.0191,0.6340,2.768,0,1.000
204,0.5754,chips,-0.1996,0.5027,3.067,0,1.000
205,0.5754,tetrapak,-0.1176,0.4098,0.387,0,1.000
206,0.5754,tetrapak,-0.0574,0.4316,0.392,0,1.000
207,0.5754,chips,-0.0684,0.3770,2.356,0,1.000
208,0.5820,tetrapak,0.0520,0.5301,2.231,0,1.000
209,0.5820,chips,0.0246,0.4645,1.648,0,1.000
210,0.5820,can,0.1066,0.4207,2.904,0,1.000
211,0.5820,can,0.0246,0.7434,0.393,0,1.000
212,0.5888,tetrapak,-0.0520,0.6668,1.990,0,1.000
213,0.5888,tetrapak,0.1504,0.8090,0.678,0,1.000
214,0.5888,can,0.1941,0.6230,2.918,0,1.000
215,0.5888,tetrapak,-0.1996,0.5082,1.114,0,1.000
216,0.5997,tetrapak,0.0191,0.6449,2.242,0,1.000
217,0.5997,chips,0.0137,0.6668,2.772,0,1.000
218,0.5997,tetrapak,0.1395,0.4207,0.932,1,1.000
219,0.5997,can,-0.1340,0.5027,1.177,0,1.000
220,0.6085,can,-0.0465,0.6176,1.005,0,1.000
221,0.6085,tetrapak,0.0902,0.6176,2.574,0,1.000
222,0.6085,tetrapak,0.1012,0.3988,1.452,0,1.000
223,0.6085,can,-0.0848,0.4426,1.983,0,1.000
224,0.6149,tetrapak,-0.0684,0.4316,0.280,0,1.000
225,0.6149,tetrapak,0.1012,0.3605,0.651,0,1.000
226,0.6149,chips,0.0520,0.6176,2.256,0,1.000
227,0.6149,tetrapak,0.0629,0.3824,0.633,0,1.000
228,0.6238,chips,0.0684,0.5574,1.011,0,1.000
229,0.6238,tetrapak,-0.3254,0.4699,0.303,0,1.000
230,0.6238,tetrapak,-0.0574,0.5191,0.464,0,1.000
231,0.6238,tetrapak,0.0137,0.4699,1.119,0,1.000
232,0.6335,chips,0.0082,0.3605,1.661,0,1.000
233,0.6335,can,-0.1230,0.6285,1.154,0,1.000
234,0.6335,tetrapak,0.0355,0.4863,0.929,0,1.000
235,0.6335,chips,-0.2160,0.5082,0.885,0,1.000
236,0.6416,tetrapak,0.0848,0.3496,2.228,0,1.000
237,0.6416,can,0.0957,0.4918,0.952,0,1.000
238,0.6416,chips,-0.0301,0.6668,1.539,0,1.000
239,0.6416,chips,0.0355,0.3605,2.778,0,1.000
240,0.6497,can,0.0793,0.3551,0.053,0,1.000
241,0.6497,tetrapak,-0.0301,0.4371,2.136,0,1.000
242,0.6497,chips,0.1176,0.4699,2.911,0,1.000
243,0.6497,tetrapak,-0.1285,0.4098,1.023,0,1.000
244,0.6579,chips,0.0793,0.4426,2.058,0,1.000
245,0.6579,tetrapak,-0.2051,0.4426,0.411,0,1.000
246,0.6579,tetrapak,-0.2762,0.4043,1.426,0,1.000
247,0.6579,chips,0.0793,0.4098,0.627,0,1.000
248,0.6655,chips,-0.1285,0.5027,0.658,0,1.000
249,0.6655,can,-0.0848,0.6066,3.027,0,1.000
250,0.6655,can,-0.1887,0.7160,2.149,0,1.000
251,0.6655,can,-0.1559,0.4754,2.520,0,1.000
252,0.6741,tetrapak,-0.0684,0.4316,1.847,0,1.000
253,0.6741,can,-0.0957,0.6230,2.512,0,1.000
254,0.6741,can,-0.2105,0.3660,1.732,0,1.000
255,0.6741,can,-0.0465,0.6941,1.924,0,1.000
256,0.7043,tetrapak,0.1887,0.4590,1.115,0,1.000
257,0.7043,tetrapak,0.1285,0.4043,2.486,1,1.000
258,0.7043,can,0.0629,0.4535,2.523,0,1.000
259,0.7043,chips,0.0027,0.6941,1.911,0,1.000
260,0.7127,can,0.1941,0.3715,1.963,0,1.000
261,0.7127,chips,0.1066,0.4262,1.910,0,1.000
262,0.7127,chips,0.0082,0.3988,2.101,0,1.000
263,0.7127,tetrapak,-0.1395,0.6668,0.316,0,1.000
264,0.7197,tetrapak,-0.0082,0.6395,1.578,0,1.000
265,0.7197,chips,0.3145,0.6121,2.871,0,1.000
266,0.7197,can,-0.2434,0.4754,1.649,0,1.000
267,0.7197,can,0.0793,0.5027,0.755,0,1.000
268,0.7273,chips,0.1613,0.5574,1.812,0,1.000
269,0.7273,tetrapak,0.1941,0.3168,2.108,0,1.000
270,0.7273,tetrapak,0.1504,0.4535,2.122,0,1.000
271,0.7273,can,0.1176,0.5355,2.015,0,1.000
272,0.7341,tetrapak,-0.0355,0.4480,1.381,0,1.000
273,0.7341,can,-0.0082,0.4754,0.114,0,1.000
274,0.7341,chips,-0.0793,0.5957,0.383,0,1.000
275,0.7341,chips,0.1941,0.6066,2.819,0,1.000
276,0.7415,tetrapak,0.0574,0.3715,1.799,0,1.000
277,0.7415,can,-0.1777,0.4535,1.171,0,1.000
278,0.7415,can,0.1176,0.3387,0.766,0,1.000
279,0.7415,tetrapak,0.1340,0.4426,2.406,0,1.000
280,0.7493,can,-0.1012,0.3879,0.535,0,1.000
281,0.7493,chips,-0.0520,0.6559,0.000,0,1.000
282,0.7493,chips,0.0301,0.4480,2.836,0,1.000
283,0.7493,can,0.0410,0.4152,1.025,1,1.000
284,0.7579,can,-0.0957,0.4316,1.233,0,1.000
285,0.7579,tetrapak,0.2543,0.3387,2.702,0,1.000
286,0.7579,can,-0.0301,0.6449,0.709,0,1.000
287,0.7579,tetrapak,0.0793,0.3551,0.930,0,1.000
288,0.7667,chips,0.1668,0.4754,0.379,0,1.000
289,0.7667,tetrapak,0.0520,0.3223,1.249,0,1.000
290,0.7667,tetrapak,0.1121,0.4098,2.618,0,1.000
291,0.7667,tetrapak,-0.1449,0.4098,1.322,0,1.000
292,0.7767,chips,0.0684,0.3551,0.266,0,1.000
293,0.7767,chips,-0.1941,0.5684,2.607,0,1.000
294,0.7767,chips,0.0301,0.5246,2.177,0,1.000
295,0.7767,can,-0.0684,0.3824,1.339,0,1.000
296,0.7845,can,-0.0684,0.6832,0.839,0,1.000
297,0.7845,chips,-0.0957,0.4371,0.160,0,1.000
298,0.7845,can,0.0246,0.3441,0.148,0,1.000
299,0.7845,chips,0.1340,0.4699,1.137,0,1.000
300,0.7923,tetrapak,0.1230,0.5137,2.093,0,1.000
301,0.7923,can,-0.0027,0.4480,0.056,0,1.000
302,0.7923,can,0.1066,0.5574,1.488,0,1.000
303,0.7923,chips,0.2105,0.5738,1.368,0,1.000
304,0.8009,chips,0.3145,0.4480,2.987,0,1.000
305,0.8009,can,0.0082,0.5957,1.735,0,1.000
306,0.8009,tetrapak,0.0957,0.5027,1.185,0,1.000
307,0.8009,chips,-0.0191,0.3770,0.675,0,1.000
308,0.8081,can,0.0191,0.4863,1.551,0,1.000
309,0.8081,chips,0.0629,0.6504,0.213,0,1.000
310,0.8081,chips,0.0301,0.6230,0.723,0,1.000
311,0.8081,tetrapak,-0.2160,0.5137,0.714,0,1.000
312,0.8165,chips,-0.0848,0.4809,0.057,0,1.000
313,0.8165,tetrapak,-0.1395,0.3223,1.515,0,1.000
314,0.8165,chips,0.0684,0.5520,0.653,0,1.000
315,0.8165,chips,-0.0574,0.5738,2.018,0,1.000
316,0.8238,can,-0.0574,0.4426,0.812,0,1.000
317,0.8238,chips,0.1285,0.4043,2.813,0,1.000
318,0.8238,chips,-0.0957,0.4207,1.295,0,1.000
319,0.8238,tetrapak,-0.0410,0.6832,0.643,0,1.000
320,0.8394,can,0.0137,0.3441,0.139,0,1.000
321,0.8394,chips,-0.0793,0.5410,0.954,0,1.000
322,0.8394,tetrapak,0.1285,0.4371,2.566,0,1.000
323,0.8394,tetrapak,-0.0191,0.6066,0.787,0,1.000
324,0.8569,chips,0.1723,0.3004,2.733,0,1.000
325,0.8569,can,-0.0520,0.5629,1.959,0,1.000
326,0.8569,can,0.1230,0.4316,0.650,0,1.000
327,0.8569,chips,0.2707,0.4754,2.239,0,1.000
328,0.8700,chips,0.1340,0.3770,0.627,0,1.000
329,0.8700,tetrapak,-0.0520,0.5738,0.763,0,1.000
330,0.8700,tetrapak,0.0738,0.4973,1.354,0,1.000
331,0.8700,chips,0.2816,0.4809,2.485,0,1.000
332,0.8846,tetrapak,-0.1176,0.4973,1.640,0,1.000
333,0.8846,can,0.0684,0.3988,2.769,0,1.000
334,0.8846,can,0.0301,0.6887,1.086,0,1.000
335,0.8846,can,0.0629,0.5793,3.138,0,1.000
336,0.9053,chips,-0.1504,0.5629,3.054,0,1.000
337,0.9053,can,0.1395,0.5355,2.485,0,1.000
338,0.9053,can,0.1723,0.3387,1.474,0,1.000
339,0.9053,tetrapak,0.1066,0.6395,1.037,0,1.000
340,0.9110,chips,0.0520,0.5410,2.070,0,1.000
341,0.9110,tetrapak,-0.0410,0.3277,0.263,1,1.000
342,0.9110,tetrapak,-0.0848,0.6613,1.116,0,1.000
343,0.9110,chips,-0.0246,0.5191,0.043,0,1.000
344,0.9158,chips,-0.1613,0.5520,1.115,0,1.000
345,0.9158,can,0.1230,0.4754,1.552,0,1.000
346,0.9158,chips,0.2434,0.5137,1.574,0,1.000
347,0.9158,tetrapak,-0.0629,0.3059,0.191,0,1.000
348,0.9250,can,-0.0246,0.6012,1.975,0,1.000
349,0.9250,chips,0.1285,0.4754,0.800,0,1.000
350,0.9250,can,0.3309,0.5137,2.566,0,1.000
351,0.9250,tetrapak,-0.0246,0.3059,1.748,0,1.000
352,0.9428,tetrapak,-0.0902,0.3934,0.325,0,1.000
353,0.9428,chips,0.0137,0.5629,1.865,0,1.000
354,0.9428,tetrapak,-0.1777,0.5355,1.042,0,1.000
355,0.9428,can,-0.0574,0.6285,1.815,0,1.000
356,0.9660,can,0.0902,0.3770,1.989,0,1.000
357,0.9660,chips,0.0137,0.7488,1.507,0,1.000
358,0.9660,can,-0.1613,0.4809,0.397,0,1.000
359,0.9660,chips,-0.0410,0.6504,2.360,0,1.000
360,0.9865,chips,0.1285,0.5301,0.067,0,1.000
361,0.9865,tetrapak,0.2160,0.3387,0.436,0,1.000
362,0.9865,tetrapak,0.1285,0.4973,2.155,1,1.000
363,0.9865,chips,-0.0465,0.7051,2.435,0,1.000
364,0.9960,chips,-0.1887,0.5738,1.959,0,1.000
365,0.9960,tetrapak,0.0629,0.3605,0.294,0,1.000
366,0.9960,chips,-0.0629,0.5793,0.640,0,1.000
367,0.9960,chips,0.0738,0.3332,1.628,0,1.000
368,1.0009,chips,0.0902,0.5465,0.112,0,1.000
369,1.0009,tetrapak,-0.1395,0.4699,0.590,0,1.000
370,1.0009,tetrapak,0.1340,0.4590,0.846,0,1.000
371,1.0009,tetrapak,-0.0301,0.5793,1.373,1,1.000
372,1.0069,tetrapak,0.1230,0.4152,1.105,0,1.000
373,1.0069,can,-0.1723,0.4043,2.135,0,1.000
374,1.0069,tetrapak,0.0410,0.5902,2.218,0,1.000
375,1.0069,can,-0.0082,0.5957,1.141,0,1.000
376,1.0261,chips,-0.0520,0.4152,0.128,0,1.000
377,1.0261,chips,0.0465,0.4590,1.148,0,1.000
378,1.0261,can,0.1449,0.4098,2.636,0,1.000
379,1.0261,chips,0.0027,0.4207,2.257,0,1.000
380,1.0385,chips,0.3199,0.4590,1.874,0,1.000
381,1.0385,can,0.1395,0.6285,2.458,0,1.000
382,1.0385,chips,-0.0738,0.3168,2.717,0,1.000
383,1.0385,chips,-0.0574,0.5301,2.685,0,1.000
384,1.0609,chips,-0.1613,0.7051,1.003,0,1.000
385,1.0609,can,-0.0137,0.4098,1.272,0,1.000
386,1.0609,chips,-0.2926,0.7434,1.234,0,1.000
387,1.0609,chips,-0.0520,0.5082,2.044,0,1.000
388,1.0766,chips,-0.1559,0.7926,0.450,0,1.000
389,1.0766,can,0.0684,0.4207,0.244,0,1.000
390,1.0766,chips,-0.2270,0.7051,0.934,0,1.000
391,1.0766,can,-0.1230,0.4043,2.190,0,1.000
392,1.0871,chips,-0.0520,0.3441,1.639,0,1.000
393,1.0871,tetrapak,0.2105,0.4262,2.924,0,1.000
394,1.0871,can,-0.1723,0.6613,1.980,0,1.000
395,1.0871,can,-0.0137,0.4043,0.983,1,1.000
396,1.0955,chips,0.0793,0.4535,2.063,0,1.000
397,1.0955,chips,0.2980,0.4207,0.303,0,1.000
398,1.0955,can,-0.2051,0.6066,1.894,0,1.000
399,1.0955,chips,0.0465,0.3824,2.998,0,1.000
400,1.0989,can,0.0082,0.4699,1.530,1,1.000
401,1.0989,chips,-0.1559,0.5574,3.106,0,1.000
402,1.0989,chips,0.0957,0.6996,0.344,0,1.000
403,1.0989,tetrapak,-0.0902,0.6230,0.240,0,1.000
404,1.1158,chips,-0.0738,0.7105,0.464,0,1.000
405,1.1158,chips,0.1340,0.4809,2.948,0,1.000
406,1.1158,tetrapak,0.0246,0.3168,2.141,0,1.000
407,1.1158,can,-0.2105,0.5465,2.592,0,1.000
408,1.1329,tetrapak,0.2105,0.4535,1.983,0,1.000
409,1.1329,chips,-0.1777,0.3934,2.735,0,1.000
410,1.1329,can,0.0520,0.3934,1.560,0,1.000
411,1.1329,chips,-0.1230,0.5629,0.172,0,1.000
412,1.1455,can,0.1941,0.5574,1.816,0,1.000
413,1.1455,can,0.1066,0.5355,0.251,0,1.000
414,1.1455,can,0.0574,0.6176,2.981,0,1.000
415,1.1455,tetrapak,0.2105,0.5848,1.000,0,1.000
416,1.1549,can,0.1176,0.5629,0.970,0,1.000
417,1.1549,chips,0.0684,0.5574,2.712,0,1.000
418,1.1549,tetrapak,0.0246,0.6121,0.999,0,1.000
419,1.1549,can,0.0684,0.6777,1.632,0,1.000
420,1.1770,chips,-0.1066,0.6777,2.677,0,1.000
421,1.1770,tetrapak,0.0738,0.4152,2.614,0,1.000
422,1.1770,tetrapak,0.2051,0.4590,2.198,0,1.000
423,1.1770,chips,-0.0301,0.3715,0.499,0,1.000
424,1.1868,chips,0.2598,0.5137,0.887,0,1.000
425,1.1868,can,-0.0574,0.5465,0.149,0,1.000
426,1.1868,can,0.1613,0.6176,2.965,0,1.000
427,1.1868,tetrapak,0.0848,0.5410,0.875,0,1.000
428,1.1982,chips,0.1449,0.4645,2.011,0,1.000
429,1.1982,tetrapak,-0.1504,0.5520,1.853,0,1.000
430,1.1982,tetrapak,0.2105,0.5793,2.505,0,1.000
431,1.1982,tetrapak,0.0355,0.5793,1.373,0,1.000
432,1.2208,chips,-0.1449,0.6285,1.492,0,1.000
433,1.2208,can,0.1121,0.5957,0.486,0,1.000
434,1.2208,can,-0.1449,0.4918,0.116,0,1.000
435,1.2208,can,0.0082,0.3715,0.132,0,1.000
436,1.2294,tetrapak,0.1176,0.5629,2.229,0,1.000
437,1.2294,tetrapak,0.2160,0.6449,0.797,0,1.000
438,1.2294,chips,-0.1996,0.6066,0.135,0,1.000
439,1.2294,chips,0.0574,0.5465,2.012,0,1.000
440,1.2378,tetrapak,0.1723,0.5410,1.529,0,1.000
441,1.2378,can,0.1285,0.6723,1.401,0,1.000
442,1.2378,chips,-0.2980,0.4754,0.080,0,1.000
443,1.2378,chips,0.0082,0.4699,2.850,0,1.000
444,1.2461,tetrapak,-0.0027,0.3551,2.578,0,1.000
445,1.2461,chips,0.0137,0.4152,0.403,0,1.000
446,1.2461,tetrapak,-0.1012,0.5684,2.284,0,1.000
447,1.2461,chips,-0.1285,0.7434,1.979,0,1.000
448,1.2627,chips,-0.0027,0.4316,0.976,0,1.000
449,1.2627,chips,0.0137,0.3770,0.642,0,1.000
450,1.2627,tetrapak,-0.1340,0.5246,1.057,0,1.000
451,1.2627,can,-0.1941,0.6777,2.053,0,1.000
452,1.2742,can,0.1832,0.4973,2.025,0,1.000
453,1.2742,chips,0.1121,0.5410,2.137,0,1.000
454,1.2742,tetrapak,0.0027,0.3387,1.926,0,1.000
455,1.2742,tetrapak,0.0738,0.5574,0.346,0,1.000
456,1.2819,tetrapak,-0.1668,0.5957,1.975,0,1.000
457,1.2819,can,-0.1395,0.4918,2.035,0,1.000
458,1.2819,tetrapak,0.1777,0.5246,0.238,0,1.000
459,1.2819,chips,0.0191,0.6340,2.768,0,1.000
460,1.3006,chips,-0.0191,0.4371,3.067,0,1.000
461,1.3006,tetrapak,0.0465,0.4590,0.387,0,1.000
462,1.3006,tetrapak,0.1121,0.4426,0.392,0,1.000
463,1.3006,chips,-0.0957,0.7105,2.356,0,1.000
464,1.3109,tetrapak,0.0520,0.5301,2.231,0,1.000
465,1.3109,chips,0.0246,0.4645,1.648,0,1.000
466,1.3109,can,0.1066,0.4207,2.904,0,1.000
467,1.3109,can,0.0246,0.7434,0.393,0,1.000
468,1.3286,tetrapak,0.1941,0.4809,1.990,1,1.000
469,1.3286,tetrapak,0.0848,0.5246,0.678,0,1.000
470,1.3286,can,-0.2215,0.4590,2.918,0,1.000
471,1.3286,tetrapak,-0.2598,0.5629,1.114,0,1.000
472,1.3543,tetrapak,0.0629,0.4535,2.242,0,1.000
473,1.3543,chips,0.1395,0.4480,2.772,0,1.000
474,1.3543,tetrapak,-0.2215,0.4973,0.932,0,1.000
475,1.3543,can,-0.2379,0.5848,1.177,0,1.000
476,1.3577,can,-0.0465,0.6176,1.005,0,1.000
477,1.3577,tetrapak,0.0902,0.6176,2.574,0,1.000
478,1.3577,tetrapak,0.1012,0.3988,1.452,0,1.000
479,1.3577,can,-0.0848,0.4426,1.983,0,1.000
480,1.3629,tetrapak,-0.0684,0.4316,0.280,0,1.000
481,1.3629,tetrapak,0.1012,0.3605,0.651,0,1.000
482,1.3629,chips,0.0520,0.6176,2.256,0,1.000
483,1.3629,tetrapak,0.0629,0.3824,0.633,0,1.000
484,1.3687,chips,0.0684,0.5574,1.011,0,1.000
485,1.3687,tetrapak,-0.3254,0.4699,0.303,0,1.000
486,1.3687,tetrapak,-0.0574,0.5191,0.464,0,1.000
487,1.3687,tetrapak,0.0137,0.4699,1.119,0,1.000
488,1.3750,chips,0.0082,0.3605,1.661,0,1.000
489,1.3750,can,0.1449,0.4590,1.154,0,1.000
490,1.3750,tetrapak,-0.0191,0.6449,0.929,1,1.000
491,1.3750,chips,0.1559,0.4262,0.885,0,1.000
492,1.3806,tetrapak,0.0848,0.3496,2.228,0,1.000
493,1.3806,can,0.0957,0.4918,0.952,0,1.000
494,1.3806,chips,-0.0301,0.6668,1.539,0,1.000
495,1.3806,chips,0.0355,0.3605,2.778,0,1.000
496,1.3857,can,0.1504,0.4480,0.053,0,1.000
497,1.3857,tetrapak,-0.1559,0.5520,2.136,0,1.000
498,1.3857,chips,-0.2762,0.3332,2.911,0,1.000
499,1.3857,tetrapak,0.1121,0.4371,1.023,0,1.000
500,1.4099,tetrapak,-0.0574,0.5082,0.170,0,1.000
501,1.4099,can,-0.0520,0.6723,1.582,0,1.000
502,1.4099,can,-0.2105,0.3168,0.049,0,1.000
503,1.4099,can,-0.0738,0.5191,2.826,0,1.000
504,1.4217,chips,-0.0793,0.5082,1.958,0,1.000
505,1.4217,chips,0.0301,0.6504,2.857,0,1.000
506,1.4217,chips,-0.1504,0.3988,1.748,0,1.000
507,1.4217,tetrapak,-0.1012,0.4863,2.064,0,1.000
508,1.4292,can,-0.1340,0.6449,1.708,0,1.000
509,1.4292,tetrapak,-0.0629,0.6176,0.120,0,1.000
510,1.4292,tetrapak,0.0848,0.4973,1.290,1,1.000
511,1.4292,chips,0.0082,0.5574,1.715,0,1.000
512,1.4359,tetrapak,0.1887,0.4590,1.115,0,1.000
513,1.4359,tetrapak,0.1285,0.4043,2.486,1,1.000
514,1.4359,can,0.0629,0.4535,2.523,0,1.000
515,1.4359,chips,0.0027,0.6941,1.911,0,1.000
516,1.4420,can,0.1941,0.3715,1.963,0,1.000
517,1.4420,chips,0.1066,0.4262,1.910,0,1.000
518,1.4420,chips,0.0082,0.3988,2.101,0,1.000
519,1.4420,tetrapak,-0.1395,0.6668,0.316,0,1.000
520,1.4489,tetrapak,0.1504,0.6012,1.578,0,1.000
521,1.4489,chips,0.2434,0.3113,2.871,0,1.000
522,1.4489,can,0.1121,0.3934,1.649,0,1.000
523,1.4489,can,0.1613,0.6066,0.755,0,1.000
524,1.4606,chips,0.1613,0.5574,1.812,0,1.000
525,1.4606,tetrapak,0.1941,0.3168,2.108,0,1.000
526,1.4606,tetrapak,0.1504,0.4535,2.122,0,1.000
527,1.4606,can,0.1176,0.5355,2.015,0,1.000
528,1.4647,tetrapak,0.0848,0.3496,1.381,0,1.000
529,1.4647,can,-0.1230,0.4754,0.114,0,1.000
530,1.4647,chips,0.1066,0.4098,0.383,0,1.000
531,1.4647,chips,0.0902,0.4316,2.819,0,1.000
532,1.4726,tetrapak,-0.1012,0.3441,1.799,0,1.000
533,1.4726,can,-0.0137,0.6996,1.171,0,1.000
534,1.4726,can,0.0520,0.4262,0.766,0,1.000
535,1.4726,tetrapak,-0.0137,0.3660,2.406,0,1.000
536,1.4827,can,-0.1012,0.3879,0.535,0,1.000
537,1.4827,chips,-0.0520,0.6559,0.000,0,1.000
538,1.4827,chips,0.0301,0.4480,2.836,0,1.000
539,1.4827,can,0.0410,0.4152,1.025,1,1.000
540,1.4949,can,0.2051,0.4973,1.233,0,1.000
541,1.4949,tetrapak,0.0137,0.3824,2.702,1,1.000
542,1.4949,can,0.1723,0.4480,0.709,0,1.000
543,1.4949,tetrapak,-0.1121,0.3387,0.930,0,1.000
544,1.5096,chips,0.1668,0.4754,0.379,0,1.000
545,1.5096,tetrapak,0.0520,0.3223,1.249,0,1.000
546,1.5096,tetrapak,0.1121,0.4098,2.618,0,1.000
547,1.5096,tetrapak,-0.1449,0.4098,1.322,0,1.000
548,1.5189,chips,-0.0848,0.5902,0.266,0,1.000
549,1.5189,chips,-0.1176,0.5301,2.607,0,1.000
550,1.5189,chips,0.1996,0.3113,2.177,0,1.000
551,1.5189,can,0.0574,0.4262,1.339,0,1.000
552,1.5258,can,0.0629,0.5027,0.839,0,1.000
553,1.5258,chips,0.1723,0.2949,0.160,0,1.000
554,1.5258,can,0.1285,0.5738,0.148,1,1.000
555,1.5258,chips,0.2051,0.5355,1.137,0,1.000
556,1.5386,tetrapak,0.1230,0.5137,2.093,0,1.000
557,1.5386,can,-0.0410,0.6121,0.056,0,1.000
558,1.5386,can,0.0957,0.5191,1.488,0,1.000
559,1.5386,chips,0.0246,0.3168,1.368,0,1.000
560,1.5426,chips,-0.0082,0.5355,2.987,0,1.000
561,1.5426,can,0.0082,0.5957,1.735,0,1.000
562,1.5426,tetrapak,-0.0082,0.5520,1.185,0,1.000
563,1.5426,chips,-0.1012,0.4316,0.675,0,1.000
564,1.5517,can,0.0191,0.4863,1.551,0,1.000
565,1.5517,chips,0.0629,0.6504,0.213,0,1.000
566,1.5517,chips,0.0301,0.6230,0.723,0,1.000
567,1.5517,tetrapak,-0.2160,0.5137,0.714,0,1.000
568,1.5605,chips,-0.0848,0.4809,0.057,0,1.000
569,1.5605,tetrapak,0.0902,0.4590,1.515,0,1.000
570,1.5605,chips,-0.1285,0.3605,0.653,0,1.000
571,1.5605,chips,-0.0574,0.5738,2.018,0,1.000
572,1.5695,can,0.0848,0.3387,0.812,0,1.000
573,1.5695,chips,-0.0848,0.5410,2.813,0,1.000
574,1.5695,chips,0.0957,0.3605,1.295,0,1.000
575,1.5695,tetrapak,0.0574,0.5957,0.643,0,1.000
576,1.5803,can,0.1668,0.5246,0.139,0,1.000
577,1.5803,chips,0.1121,0.3660,0.954,0,1.000
578,1.5803,tetrapak,0.1285,0.4371,2.566,0,1.000
579,1.5803,tetrapak,-0.0793,0.3934,0.787,1,1.000
580,1.5882,chips,0.0957,0.5301,2.733,0,1.000
581,1.5882,can,-0.0465,0.3551,1.959,0,1.000
582,1.5882,can,0.1012,0.3605,0.650,0,1.000
583,1.5882,chips,-0.0848,0.4371,2.239,0,1.000
584,1.5915,chips,-0.0082,0.6559,0.627,0,1.000
585,1.5915,tetrapak,0.0027,0.4863,0.763,0,1.000
586,1.5915,tetrapak,0.0082,0.5957,1.354,0,1.000
587,1.5915,chips,0.0684,0.6449,2.485,0,1.000
588,1.5943,tetrapak,-0.1176,0.4973,1.640,0,1.000
589,1.5943,can,0.0684,0.3988,2.769,0,1.000
590,1.5943,can,0.0301,0.6887,1.086,0,1.000
591,1.5943,can,0.0629,0.5793,3.138,0,1.000
592,1.5973,chips,-0.1613,0.3660,1.636,0,1.000
593,1.5973,can,-0.1832,0.3387,1.118,0,1.000
594,1.5973,chips,-0.1121,0.3223,0.743,0,1.000
595,1.5973,can,-0.1723,0.4207,2.759,0,1.000
596,1.6006,can,-0.1121,0.3879,2.449,0,1.000
597,1.6006,can,0.0246,0.4098,0.740,0,1.000
598,1.6006,can,0.0465,0.5848,1.283,0,1.000
599,1.6006,can,-0.0684,0.4426,2.013,0,1.000
600,1.6038,can,-0.1012,0.4699,1.754,0,1.000
601,1.6038,tetrapak,-0.0082,0.3934,2.848,0,1.000
602,1.6038,can,-0.1996,0.4863,1.861,0,1.000
603,1.6038,chips,0.0520,0.5738,1.928,0,1.000
604,1.6070,tetrapak,0.1176,0.4480,2.421,0,1.000
605,1.6070,can,0.0574,0.4754,2.620,0,1.000
606,1.6070,chips,-0.0902,0.6777,1.397,0,1.000
607,1.6070,can,-0.2980,0.4207,2.400,0,1.000
608,1.6101,tetrapak,0.1777,0.5520,1.060,0,1.000
609,1.6101,chips,0.1668,0.5246,0.826,0,1.000
610,1.6101,tetrapak,0.1012,0.6613,1.674,0,1.000
611,1.6101,can,0.1613,0.5902,0.480,0,1.000
612,1.6136,can,-0.1613,0.4152,2.097,0,1.000
613,1.6136,tetrapak,-0.0684,0.5902,2.037,0,1.000
614,1.6136,tetrapak,0.0027,0.3496,2.368,0,1.000
615,1.6136,chips,-0.1887,0.4535,2.189,0,1.000
616,1.6174,chips,-0.1395,0.3715,0.356,0,1.000
617,1.6174,chips,-0.1012,0.5684,0.451,0,1.000
618,1.6174,tetrapak,0.0191,0.3496,1.757,0,1.000
619,1.6174,tetrapak,-0.2598,0.5301,0.296,0,1.000
620,1.6203,can,-0.0738,0.7051,0.908,0,1.000
621,1.6203,can,-0.0793,0.7816,2.595,0,1.000
622,1.6203,chips,-0.0848,0.6449,0.242,0,1.000
623,1.6203,can,-0.1941,0.3441,0.406,0,1.000
624,1.6239,chips,-0.0957,0.3824,1.848,0,1.000
625,1.6239,chips,-0.1066,0.5246,1.076,0,1.000
626,1.6239,tetrapak,0.0355,0.3059,1.785,0,1.000
627,1.6239,chips,0.1012,0.6230,1.876,0,1.000
628,1.6275,can,0.0355,0.5793,0.160,0,1.000
629,1.6275,can,0.1395,0.5027,1.612,0,1.000
630,1.6275,tetrapak,-0.0137,0.6996,0.658,0,1.000
631,1.6275,tetrapak,0.0027,0.4152,0.189,0,1.000
632,1.6312,can,0.1504,0.5137,2.363,0,1.000
633,1.6312,chips,0.2270,0.4809,3.095,0,1.000
634,1.6312,tetrapak,0.0520,0.3332,1.068,0,1.000
635,1.6312,can,0.1340,0.3934,1.646,0,1.000
636,1.6349,chips,0.1777,0.4262,1.623,0,1.000
637,1.6349,chips,-0.0410,0.4645,1.559,0,1.000
638,1.6349,chips,0.2105,0.6230,1.922,0,1.000
639,1.6349,tetrapak,0.0520,0.5902,3.079,0,1.000
640,1.6380,can,0.0574,0.3605,0.227,0,1.000
641,1.6380,tetrapak,-0.0574,0.6832,1.751,0,1.000
642,1.6380,tetrapak,0.1504,0.3770,0.532,0,1.000
643,1.6380,can,0.0410,0.6012,0.599,0,1.000
644,1.6410,can,0.0465,0.6340,2.001,0,1.000
645,1.6410,can,0.0301,0.5191,2.223,0,1.000
646,1.6410,chips,0.0902,0.3660,2.809,0,1.000
647,1.6410,tetrapak,0.0191,0.3988,1.540,0,1.000
648,1.6442,can,0.0848,0.4152,0.209,0,1.000
649,1.6442,can,0.0520,0.4371,2.917,0,1.000
650,1.6442,tetrapak,-0.0137,0.5684,2.929,0,1.000
651,1.6442,tetrapak,-0.1012,0.5137,1.803,0,1.000
652,1.6476,chips,0.0574,0.4316,0.556,0,1.000
653,1.6476,can,0.0355,0.4535,1.278,0,1.000
654,1.6476,tetrapak,0.1941,0.6121,1.730,0,1.000
655,1.6476,tetrapak,-0.1066,0.4645,0.245,0,1.000
656,1.6525,tetrapak,0.1121,0.5793,1.376,0,1.000
657,1.6525,chips,-0.2105,0.6449,2.347,0,1.000
658,1.6525,tetrapak,0.0137,0.4098,2.008,0,1.000
659,1.6525,chips,0.1176,0.3879,1.963,0,1.000
660,1.6566,tetrapak,0.1395,0.4316,0.361,0,1.000
661,1.6566,chips,-0.0355,0.3605,1.425,0,1.000
662,1.6566,can,0.2434,0.5574,2.848,0,1.000
663,1.6566,tetrapak,-0.0410,0.6449,2.062,0,1.000
664,1.6615,tetrapak,0.1395,0.4262,2.555,0,1.000
665,1.6615,tetrapak,0.0848,0.3496,2.223,0,1.000
666,1.6615,chips,0.1559,0.5410,3.061,0,1.000
667,1.6615,chips,-0.0848,0.5957,1.031,0,1.000
668,1.6693,tetrapak,-0.0082,0.5629,1.735,0,1.000
669,1.6693,tetrapak,-0.1285,0.4918,0.254,0,1.000
670,1.6693,chips,-0.0629,0.4426,1.418,0,1.000
671,1.6693,can,-0.1449,0.3332,2.443,0,1.000
672,1.6766,tetrapak,-0.2160,0.3387,2.533,0,1.000
673,1.6766,chips,-0.1777,0.3441,2.141,0,1.000
674,1.6766,tetrapak,-0.1449,0.5465,0.455,0,1.000
675,1.6766,tetrapak,0.0355,0.4262,1.507,0,1.000
676,1.6829,chips,-0.1121,0.5738,0.118,0,1.000
677,1.6829,tetrapak,0.0574,0.3934,1.657,0,1.000
678,1.6829,tetrapak,-0.0027,0.5137,2.355,0,1.000
679,1.6829,can,0.0574,0.3277,1.453,0,1.000
680,1.6881,chips,-0.0684,0.4535,1.751,0,1.000
681,1.6881,tetrapak,0.0410,0.3168,2.520,0,1.000
682,1.6881,tetrapak,0.0465,0.5410,0.185,0,1.000
683,1.6881,can,0.0027,0.3332,0.213,0,1.000
684,1.6942,can,-0.1285,0.6230,0.164,0,1.000
685,1.6942,can,-0.1887,0.5027,1.891,0,1.000
686,1.6942,chips,0.1504,0.7215,1.014,0,1.000
687,1.6942,tetrapak,-0.0355,0.5738,2.162,0,1.000
688,1.7009,chips,-0.0520,0.6285,2.153,0,1.000
689,1.7009,tetrapak,-0.1996,0.5246,2.911,0,1.000
690,1.7009,can,0.1887,0.7871,0.094,0,1.000
691,1.7009,can,-0.0629,0.5629,2.519,0,1.000
692,1.7056,chips,0.1395,0.5902,3.031,0,1.000
693,1.7056,chips,-0.1777,0.4371,0.052,0,1.000
694,1.7056,tetrapak,0.2652,0.4043,0.704,0,1.000
695,1.7056,can,0.1121,0.4207,2.110,1,1.000
696,1.7094,can,0.2434,0.4371,2.954,0,1.000
697,1.7094,chips,-0.1449,0.5082,1.529,0,1.000
698,1.7094,tetrapak,0.2379,0.4535,0.056,0,1.000
699,1.7094,chips,0.1395,0.4043,1.173,0,1.000
700,1.7152,chips,0.0738,0.6121,2.329,0,1.000
701,1.7152,can,0.0246,0.6230,1.519,0,1.000
702,1.7152,chips,-0.1340,0.5191,0.130,0,1.000
703,1.7152,chips,-0.1395,0.3824,1.569,0,1.000
704,1.7193,chips,0.0137,0.6066,2.578,0,1.000
705,1.7193,can,0.0957,0.6285,0.628,0,1.000
706,1.7193,can,-0.1504,0.5520,0.998,0,1.000
707,1.7193,can,-0.1230,0.4098,0.978,0,1.000
708,1.7241,tetrapak,-0.1176,0.5793,1.513,0,1.000
709,1.7241,can,0.0574,0.4262,3.016,0,1.000
710,1.7241,chips,-0.1395,0.6504,3.025,0,1.000
711,1.7241,tetrapak,0.0520,0.4152,1.718,0,1.000
712,1.7302,can,0.0902,0.5465,2.836,0,1.000
713,1.7302,tetrapak,-0.1285,0.4754,2.433,0,1.000
714,1.7302,chips,-0.0465,0.6449,2.027,0,1.000
715,1.7302,chips,0.0246,0.4426,0.868,0,1.000
716,1.7347,can,-0.0902,0.6559,2.229,0,1.000
717,1.7347,can,0.0082,0.4098,2.784,0,1.000
718,1.7347,chips,-0.2105,0.6887,0.730,0,1.000
719,1.7347,tetrapak,0.0355,0.4098,0.683,0,1.000
720,1.7406,tetrapak,0.0520,0.5246,0.468,0,1.000
721,1.7406,chips,-0.0629,0.5629,1.887,0,1.000
722,1.7406,tetrapak,0.0848,0.5902,1.582,0,1.000
723,1.7406,tetrapak,0.0574,0.5465,1.793,0,1.000
724,1.7468,can,0.0793,0.4207,1.385,0,1.000
725,1.7468,can,-0.1559,0.5191,1.782,0,1.000
726,1.7468,chips,0.1230,0.6066,2.327,0,1.000
727,1.7468,chips,0.0137,0.6230,1.535,0,1.000
728,1.7538,chips,-0.1504,0.5574,0.837,0,1.000
729,1.7538,can,0.1176,0.4043,0.396,0,1.000
730,1.7538,chips,-0.0355,0.4645,0.379,0,1.000
731,1.7538,tetrapak,0.0355,0.3059,1.462,0,1.000
732,1.7602,tetrapak,-0.0082,0.4043,2.507,0,1.000
733,1.7602,chips,-0.1559,0.5520,0.816,0,1.000
734,1.7602,can,-0.1340,0.5246,1.283,0,1.000
735,1.7602,tetrapak,0.1668,0.3496,2.628,0,1.000
736,1.7669,can,-0.1230,0.6285,2.664,0,1.000
737,1.7669,chips,0.2051,0.4809,0.905,0,1.000
738,1.7669,chips,-0.1504,0.5793,0.845,0,1.000
739,1.7669,chips,0.0629,0.3770,0.638,0,1.000
740,1.7741,can,-0.0301,0.5137,0.750,0,1.000
741,1.7741,can,0.1395,0.5191,0.282,0,1.000
742,1.7741,chips,-0.1723,0.5848,2.193,0,1.000
743,1.7741,chips,-0.0301,0.6012,1.272,0,1.000
744,1.7801,can,-0.1723,0.4535,2.411,0,1.000
745,1.7801,can,0.1395,0.4262,2.559,0,1.000
746,1.7801,chips,0.0793,0.6066,1.978,0,1.000
747,1.7801,chips,0.0082,0.3004,2.451,0,1.000
748,1.7871,chips,-0.0137,0.5410,2.497,0,1.000
749,1.7871,tetrapak,0.0191,0.3715,1.641,0,1.000
750,1.7871,tetrapak,0.0629,0.5902,0.255,0,1.000
751,1.7871,tetrapak,0.1723,0.6449,1.395,0,1.000
752,1.7931,tetrapak,0.0301,0.5957,1.332,0,1.000
753,1.7931,tetrapak,-0.0410,0.4152,1.690,0,1.000
754,1.7931,tetrapak,0.0465,0.4371,2.342,0,1.000
755,1.7931,chips,-0.1504,0.3988,3.078,0,1.000
756,1.7981,tetrapak,-0.1777,0.4262,2.161,0,1.000
757,1.7981,chips,-0.1176,0.3551,3.088,0,1.000
758,1.7981,can,-0.1285,0.6941,0.085,0,1.000
759,1.7981,can,0.0191,0.4645,0.960,0,1.000
760,1.8048,can,0.0137,0.4207,1.653,0,1.000
761,1.8048,tetrapak,-0.0191,0.3605,2.743,0,1.000
762,1.8048,can,-0.1230,0.5191,1.280,0,1.000
763,1.8048,chips,0.1668,0.5738,2.866,0,1.000
764,1.8093,tetrapak,0.1996,0.4918,0.644,0,1.000
765,1.8093,can,0.1121,0.4043,0.919,0,1.000
766,1.8093,chips,-0.0684,0.4152,3.014,0,1.000
767,1.8093,tetrapak,0.0082,0.4043,2.766,0,1.000
768,1.8144,tetrapak,-0.0520,0.5355,3.026,0,1.000
769,1.8144,chips,0.0738,0.5793,1.189,0,1.000
770,1.8144,chips,-0.2215,0.3715,1.414,0,1.000
771,1.8144,tetrapak,0.2379,0.4152,0.096,0,1.000
772,1.8200,can,0.0793,0.4480,1.489,0,1.000
773,1.8200,tetrapak,0.0629,0.5082,2.318,0,1.000
774,1.8200,chips,-0.0902,0.3824,0.800,0,1.000
775,1.8200,can,-0.1066,0.3770,2.634,0,1.000
776,1.8275,chips,0.1449,0.5137,1.894,0,1.000
777,1.8275,can,0.1832,0.4590,1.576,0,1.000
778,1.8275,can,-0.0410,0.5301,0.329,0,1.000
779,1.8275,tetrapak,0.0902,0.5520,0.983,1,1.000
780,1.8320,chips,0.1832,0.4371,1.226,0,1.000
781,1.8320,chips,0.0574,0.7871,2.140,0,1.000
782,1.8320,tetrapak,-0.0629,0.4371,2.058,0,1.000
783,1.8320,can,0.1559,0.5082,2.813,1,1.000
784,1.8374,chips,0.2488,0.4863,0.934,0,1.000
785,1.8374,can,0.0684,0.7926,0.999,0,1.000
786,1.8374,can,-0.1121,0.4590,1.323,0,1.000
787,1.8374,tetrapak,0.1613,0.5629,2.932,0,1.000
788,1.8565,can,-0.2105,0.5738,3.031,0,1.000
789,1.8565,chips,-0.2160,0.3660,3.058,0,1.000
790,1.8565,can,0.2215,0.6230,1.029,0,1.000
791,1.8565,tetrapak,-0.1504,0.6941,2.098,0,1.000
792,1.8724,can,-0.1832,0.5684,0.787,0,1.000
793,1.8724,can,-0.2598,0.4426,1.437,0,1.000
794,1.8724,can,0.1777,0.6559,0.452,0,1.000
795,1.8724,can,-0.1668,0.6504,0.489,0,1.000
796,1.8923,can,-0.1340,0.3551,2.541,0,1.000
797,1.8923,tetrapak,-0.1777,0.4699,0.416,1,1.000
798,1.8923,chips,-0.1066,0.6285,0.049,0,1.000
799,1.8923,can,-0.2324,0.6121,1.260,0,1.000
800,1.9031,chips,0.0027,0.5848,0.409,0,1.000
801,1.9031,tetrapak,-0.0957,0.3605,1.692,0,1.000
802,1.9031,can,0.0465,0.4098,0.210,0,1.000
803,1.9031,can,-0.1887,0.4754,1.872,0,1.000
804,1.9508,chips,-0.0137,0.5629,1.142,0,1.000
805,1.9508,tetrapak,-0.1066,0.3605,0.002,0,1.000
806,1.9508,tetrapak,0.0191,0.4535,1.502,0,1.000
807,1.9508,can,-0.1832,0.3113,0.653,0,1.000
808,1.9666,can,0.0082,0.5301,2.479,0,1.000
809,1.9666,tetrapak,-0.1285,0.4426,0.871,0,1.000
810,1.9666,tetrapak,0.1230,0.5246,2.103,0,1.000
811,1.9666,can,-0.1395,0.4043,1.094,0,1.000
812,1.9787,tetrapak,-0.1504,0.3059,2.952,0,1.000
813,1.9787,tetrapak,0.0465,0.3934,1.964,0,1.000
814,1.9787,tetrapak,-0.1996,0.3496,1.874,0,1.000
815,1.9787,tetrapak,0.1340,0.3879,1.910,0,1.000
816,1.9857,tetrapak,-0.1504,0.6941,1.228,0,1.000
817,1.9857,chips,-0.0957,0.4699,1.770,0,1.000
818,1.9857,can,-0.0191,0.4590,2.788,1,1.000
819,1.9857,chips,-0.2652,0.5520,2.983,0,1.000
820,2.0000,tetrapak,-0.1613,0.6887,1.154,0,1.000
821,2.0000,tetrapak,-0.0355,0.4699,1.305,0,1.000
822,2.0000,tetrapak,-0.0191,0.4754,1.422,0,1.000
823,2.0000,tetrapak,-0.1613,0.4809,1.501,0,1.000
824,2.0256,can,-0.1668,0.6012,0.464,0,1.000
825,2.0256,can,-0.0574,0.3059,0.249,0,1.000
826,2.0256,can,0.0355,0.5684,1.252,0,1.000
827,2.0256,can,-0.0902,0.5684,1.370,0,1.000
828,2.0372,tetrapak,-0.1395,0.5246,0.136,0,1.000
829,2.0372,tetrapak,0.0137,0.3168,0.976,0,1.000
830,2.0372,tetrapak,0.0793,0.5191,1.015,0,1.000
831,2.0372,can,-0.1176,0.5793,0.806,0,1.000
832,2.0503,chips,-0.0738,0.3770,2.046,0,1.000
833,2.0503,can,-0.1668,0.5027,0.574,0,1.000
834,2.0503,tetrapak,-0.1723,0.4043,2.114,0,1.000
835,2.0503,tetrapak,0.2051,0.3277,2.119,0,1.000
836,2.0557,tetrapak,0.0738,0.5629,1.118,0,1.000
837,2.0557,can,-0.2324,0.3715,2.704,0,1.000
838,2.0557,can,0.1395,0.4371,2.498,0,1.000
839,2.0557,can,0.0738,0.5082,1.724,0,1.000
840,2.0601,can,-0.2051,0.3770,1.386,0,1.000
841,2.0601,can,0.1340,0.6504,2.484,0,1.000
842,2.0601,can,0.1340,0.4043,0.885,0,1.000
843,2.0601,tetrapak,-0.2270,0.6777,0.691,0,1.000
844,2.0724,tetrapak,0.0793,0.5738,1.761,0,1.000
845,2.0724,chips,-0.2926,0.5082,1.585,0,1.000
846,2.0724,can,-0.1121,0.6449,0.057,0,1.000
847,2.0724,chips,0.0520,0.7160,2.478,0,1.000
848,2.0840,chips,0.0684,0.5957,0.216,0,1.000
849,2.0840,chips,-0.2543,0.4809,1.858,0,1.000
850,2.0840,can,-0.1832,0.6449,1.399,0,1.000
851,2.0840,tetrapak,0.0027,0.7762,0.179,0,1.000
852,2.0922,tetrapak,0.1613,0.4535,1.174,0,1.000
853,2.0922,tetrapak,-0.1449,0.4262,2.606,0,1.000
854,2.0922,can,0.1230,0.4426,2.743,0,1.000
855,2.0922,tetrapak,-0.2270,0.3332,1.020,0,1.000
856,2.1081,tetrapak,-0.1559,0.4590,0.228,0,1.000
857,2.1081,can,-0.1395,0.5355,0.303,0,1.000
858,2.1081,can,-0.1723,0.4535,1.886,0,1.000
859,2.1081,can,0.2051,0.4645,2.398,0,1.000
860,2.1136,tetrapak,-0.1340,0.5137,0.214,0,1.000
861,2.1136,chips,0.1941,0.4098,0.083,0,1.000
862,2.1136,chips,-0.1613,0.4590,3.025,0,1.000
863,2.1136,can,0.0355,0.4262,1.310,0,1.000
864,2.1257,can,-0.1176,0.3988,3.093,1,1.000
865,2.1257,chips,0.1449,0.3059,0.309,0,1.000
866,2.1257,chips,-0.0027,0.4754,1.170,0,1.000
867,2.1257,can,-0.1832,0.4207,2.213,0,1.000
868,2.1463,chips,-0.1012,0.3879,3.088,0,1.000
869,2.1463,tetrapak,0.1395,0.3277,1.663,0,1.000
870,2.1463,can,0.0738,0.4098,0.878,0,1.000
871,2.1463,tetrapak,-0.1941,0.3551,1.122,0,1.000
872,2.1626,chips,0.0957,0.5137,1.914,0,1.000
873,2.1626,chips,0.1941,0.3660,1.867,0,1.000
874,2.1626,can,-0.0629,0.6012,1.128,0,1.000
875,2.1626,can,0.0301,0.3551,1.246,0,1.000
876,2.1776,tetrapak,-0.0738,0.5301,2.082,0,1.000
877,2.1776,can,0.1285,0.3824,2.305,0,1.000
878,2.1776,can,-0.0848,0.6121,2.746,0,1.000
879,2.1776,tetrapak,0.0520,0.3715,1.440,0,1.000
880,2.1885,chips,-0.1941,0.7105,1.635,0,1.000
881,2.1885,chips,-0.0355,0.4863,2.518,0,1.000
882,2.1885,tetrapak,-0.1777,0.5410,1.846,0,1.000
883,2.1885,can,0.1340,0.6176,1.074,0,1.000
884,2.2007,chips,-0.1613,0.5465,2.371,0,1.000
885,2.2007,tetrapak,0.0410,0.5629,2.972,0,1.000
886,2.2007,can,0.1012,0.6504,1.653,0,1.000
887,2.2007,tetrapak,0.0301,0.3387,2.309,0,1.000
888,2.2193,chips,0.0793,0.6777,0.766,0,1.000
889,2.2193,tetrapak,0.1340,0.3879,2.510,1,1.000
890,2.2193,tetrapak,0.0410,0.4371,1.098,0,1.000
891,2.2193,chips,-0.0848,0.6176,2.604,0,1.000
892,2.2297,chips,-0.0520,0.6559,2.025,0,1.000
893,2.2297,chips,0.0738,0.4480,1.127,0,1.000
894,2.2297,tetrapak,0.0957,0.4480,2.802,0,1.000
895,2.2297,chips,0.0465,0.7160,0.458,0,1.000
896,2.2389,tetrapak,0.0191,0.5410,3.069,0,1.000
897,2.2389,can,0.1887,0.4207,1.619,0,1.000
898,2.2389,can,0.1012,0.4043,2.070,0,1.000
899,2.2389,tetrapak,-0.0027,0.7270,2.309,0,1.000
900,2.2640,tetrapak,-0.0410,0.4152,1.864,1,1.000
901,2.2640,chips,-0.1559,0.5465,2.712,0,1.000
902,2.2640,tetrapak,-0.1230,0.3770,1.212,0,1.000
903,2.2640,can,0.0410,0.3715,0.162,0,1.000
904,2.2779,chips,-0.0957,0.3059,2.885,0,1.000
905,2.2779,chips,-0.2324,0.5355,0.063,0,1.000
906,2.2779,tetrapak,0.0027,0.4754,0.321,0,1.000
907,2.2779,chips,-0.0738,0.6066,2.608,0,1.000
908,2.2893,chips,-0.1340,0.3059,2.667,0,1.000
909,2.2893,can,-0.2215,0.6230,2.932,0,1.000
910,2.2893,chips,0.0027,0.4754,1.847,0,1.000
911,2.2893,tetrapak,-0.1066,0.6559,0.115,0,1.000
912,2.3019,tetrapak,-0.1121,0.6012,0.816,0,1.000
913,2.3019,tetrapak,0.1613,0.5137,1.191,0,1.000
914,2.3019,tetrapak,0.0355,0.4809,0.251,1,1.000
915,2.3019,tetrapak,0.1449,0.4480,1.054,0,1.000
916,2.3216,tetrapak,-0.1066,0.6504,0.318,0,1.000
917,2.3216,can,-0.0465,0.5137,1.133,0,1.000
918,2.3216,chips,-0.2105,0.5246,2.042,0,1.000
919,2.3216,can,-0.0191,0.5410,1.122,0,1.000
920,2.3325,chips,0.2160,0.3441,1.531,0,1.000
921,2.3325,chips,-0.1613,0.4535,1.290,0,1.000
922,2.3325,chips,-0.1832,0.4973,2.539,0,1.000
923,2.3325,tetrapak,-0.0027,0.5027,2.167,0,1.000
924,2.3448,can,0.2762,0.3332,0.883,0,1.000
925,2.3448,chips,-0.1012,0.4535,2.461,0,1.000
926,2.3448,tetrapak,-0.1996,0.3551,2.098,0,1.000
927,2.3448,can,0.0246,0.5246,2.609,0,1.000
928,2.3716,tetrapak,0.0191,0.4207,1.754,0,1.000
929,2.3716,tetrapak,0.0410,0.3770,1.360,0,1.000
930,2.3716,can,0.2160,0.5410,0.713,0,1.000
931,2.3716,chips,0.2215,0.4152,0.491,0,1.000
932,2.3941,can,0.0137,0.4535,2.892,0,1.000
933,2.3941,chips,-0.0082,0.3223,1.611,0,1.000
934,2.3941,chips,0.2160,0.6012,1.678,0,1.000
935,2.3941,tetrapak,0.2105,0.4809,1.289,0,1.000
936,2.4071,chips,0.2160,0.7816,0.563,0,1.000
937,2.4071,tetrapak,-0.1176,0.6395,3.075,0,1.000
938,2.4071,tetrapak,-0.1340,0.6668,2.369,0,1.000
939,2.4071,chips,0.0848,0.3605,2.654,0,1.000
940,2.4192,can,0.1449,0.6340,0.097,0,1.000
941,2.4192,tetrapak,-0.0629,0.5684,0.668,0,1.000
942,2.4192,tetrapak,-0.1559,0.6395,0.287,0,1.000
943,2.4192,tetrapak,0.1285,0.3660,1.403,0,1.000
944,2.4308,tetrapak,-0.0082,0.6887,1.781,0,1.000
945,2.4308,can,0.1832,0.5574,0.765,0,1.000
946,2.4308,chips,-0.3199,0.5465,0.431,0,1.000
947,2.4308,can,-0.0137,0.3551,0.443,0,1.000
948,2.4438,can,-0.0738,0.7324,1.339,0,1.000
949,2.4438,can,0.1723,0.5246,0.446,0,1.000
950,2.4438,tetrapak,-0.1887,0.4480,2.000,0,1.000
951,2.4438,can,-0.0191,0.4262,1.423,0,1.000
952,2.4611,chips,-0.0629,0.5410,0.688,0,1.000
953,2.4611,can,0.0410,0.3059,2.891,0,1.000
954,2.4611,chips,-0.0082,0.4043,2.207,0,1.000
955,2.4611,chips,0.0520,0.5738,0.670,0,1.000
956,2.5187,tetrapak,-0.1176,0.6613,2.290,0,1.000
957,2.5187,can,0.0684,0.5191,0.664,0,1.000
958,2.5187,tetrapak,-0.2324,0.5301,2.855,0,1.000
959,2.5187,chips,0.0902,0.5191,0.296,0,1.000
960,2.5361,tetrapak,-0.2160,0.5684,0.413,0,1.000
961,2.5361,tetrapak,0.1230,0.4645,2.989,0,1.000
962,2.5361,chips,0.1340,0.3223,1.125,0,1.000
963,2.5361,tetrapak,-0.1230,0.6395,1.541,1,1.000
964,2.5446,can,-0.1941,0.6613,2.210,0,1.000
965,2.5446,tetrapak,0.0848,0.5574,0.508,0,1.000
966,2.5446,chips,0.1230,0.3168,1.470,0,1.000
967,2.5446,chips,-0.1723,0.6012,1.184,0,1.000
968,2.5524,chips,0.0848,0.6176,2.887,0,1.000
969,2.5524,can,-0.2105,0.4371,1.046,0,1.000
970,2.5524,chips,0.0246,0.5191,1.712,0,1.000
971,2.5524,tetrapak,0.0246,0.7379,1.659,0,1.000
972,2.5609,can,-0.2270,0.6613,2.422,0,1.000
973,2.5609,can,-0.0191,0.4152,0.387,0,1.000
974,2.5609,tetrapak,-0.3418,0.6012,0.754,0,1.000
975,2.5609,can,-0.0520,0.3496,2.654,0,1.000
976,2.5659,can,0.0082,0.3660,0.828,0,1.000
977,2.5659,chips,0.0465,0.6121,2.032,0,1.000
978,2.5659,tetrapak,-0.1066,0.4043,2.265,0,1.000
979,2.5659,chips,-0.0082,0.4426,2.529,0,1.000
980,2.5754,chips,-0.2379,0.3770,0.431,0,1.000
981,2.5754,tetrapak,-0.1996,0.4426,1.830,1,1.000
982,2.5754,tetrapak,0.1504,0.4480,2.181,0,1.000
983,2.5754,chips,-0.2543,0.3168,1.579,0,1.000
984,2.5819,can,-0.2160,0.4426,2.793,0,1.000
985,2.5819,chips,-0.2379,0.4426,1.300,0,1.000
986,2.5819,can,0.0738,0.4371,2.210,0,1.000
987,2.5819,tetrapak,-0.1887,0.4590,1.327,0,1.000
988,2.5873,tetrapak,-0.1613,0.4535,1.501,0,1.000
989,2.5873,chips,-0.0574,0.7215,1.706,0,1.000
990,2.5873,can,0.0848,0.4535,1.016,1,1.000
991,2.5873,chips,0.3090,0.7324,0.324,0,1.000
992,2.5941,can,-0.2379,0.5465,0.025,1,1.000
993,2.5941,can,-0.0465,0.5301,2.488,0,1.000
994,2.5941,can,0.0574,0.6723,0.940,0,1.000
995,2.5941,can,0.0465,0.4371,2.427,0,1.000
996,2.6017,can,-0.2324,0.5465,2.965,0,1.000
997,2.6017,tetrapak,-0.0902,0.5137,0.413,0,1.000
998,2.6017,can,0.0355,0.6559,2.761,0,1.000
999,2.6017,tetrapak,0.0520,0.3879,2.956,0,1.000
1000,2.6139,chips,-0.2831,0.3320,2.801,0,0.000
1001,2.6139,chips,0.3054,0.1918,1.297,0,0.000
1002,2.6139,can,0.0591,0.5986,2.742,0,0.000
1003,2.6139,chips,-0.1967,0.1805,0.348,0,0.000
1004,2.6232,can,-0.2141,0.4355,1.057,0,0.000
1005,2.6232,can,0.1145,0.5127,1.270,0,0.000
1006,2.6232,tetrapak,0.0304,0.6582,2.841,0,0.000
1007,2.6232,tetrapak,-0.3297,0.7453,0.746,0,0.000
1008,2.6307,can,-0.2028,0.2868,2.370,0,0.000
1009,2.6307,tetrapak,-0.2522,0.5117,2.610,0,0.000
1010,2.6307,can,-0.2649,0.3859,0.658,0,0.000
1011,2.6307,chips,-0.0590,0.3351,1.869,0,0.000
1012,2.6401,chips,-0.1914,0.3339,1.091,0,0.000
1013,2.6401,can,-0.1323,0.3716,2.409,0,0.000
1014,2.6401,chips,-0.2645,0.3445,0.841,0,0.000
1015,2.6401,can,0.0312,0.5369,1.165,0,0.000
1016,2.6477,can,0.2391,0.6427,0.355,0,0.000
1017,2.6477,can,0.0220,0.1638,2.676,0,0.000
1018,2.6477,can,-0.2659,0.4576,2.171,0,0.000
1019,2.6477,can,0.0094,0.7076,1.921,0,0.000
1020,2.6541,can,0.0109,0.3964,1.952,0,0.000
1021,2.6541,chips,0.2227,0.7604,1.495,0,0.000
1022,2.6541,chips,0.3216,0.7881,2.942,0,0.000
1023,2.6541,can,0.0501,0.4620,0.260,0,0.000
1024,2.6631,tetrapak,0.3420,0.4813,2.265,0,0.000
1025,2.6631,can,-0.3301,0.7899,0.776,0,0.000
1026,2.6631,can,0.0348,0.7033,0.366,0,0.000
1027,2.6631,chips,0.0650,0.3961,1.913,0,0.000
1028,2.6683,tetrapak,0.2077,0.3240,2.814,0,0.000
1029,2.6683,can,-0.0661,0.5180,1.159,0,0.000
1030,2.6683,can,-0.3234,0.7935,2.708,0,0.000
1031,2.6683,can,0.2112,0.8080,2.220,0,0.000
1032,2.6747,can,-0.0218,0.2731,0.069,0,0.000
1033,2.6747,tetrapak,-0.3133,0.5511,1.141,0,0.000
1034,2.6747,can,0.0724,0.2171,1.152,0,0.000
1035,2.6747,tetrapak,-0.2188,0.4859,0.704,0,0.000
1036,2.6830,can,-0.1623,0.3731,0.204,0,0.000
1037,2.6830,chips,-0.0740,0.7586,0.237,0,0.000
1038,2.6830,tetrapak,0.0787,0.7572,0.088,0,0.000
1039,2.6830,tetrapak,-0.2256,0.7569,3.125,0,0.000
1040,2.6924,can,0.2259,0.1716,2.378,0,0.000
1041,2.6924,tetrapak,-0.0985,0.6612,1.748,0,0.000
1042,2.6924,tetrapak,-0.1433,0.3741,1.599,0,0.000
1043,2.6924,can,-0.1682,0.6581,0.886,0,0.000
1044,2.7016,tetrapak,0.1058,0.4534,2.908,0,0.000
1045,2.7016,chips,-0.2961,0.8268,1.675,0,0.000
1046,2.7016,tetrapak,0.3251,0.3550,2.179,0,0.000
1047,2.7016,can,0.2554,0.2412,0.776,0,0.000
1048,2.7111,chips,-0.1388,0.2592,0.078,0,0.000
1049,2.7111,tetrapak,0.2216,0.2640,0.903,0,0.000
1050,2.7111,tetrapak,0.0397,0.7517,2.177,0,0.000
1051,2.7111,can,-0.2793,0.3193,2.179,0,0.000
1052,2.7181,can,-0.0504,0.6450,0.605,0,0.000
1053,2.7181,chips,-0.2165,0.3489,0.715,0,0.000
1054,2.7181,tetrapak,0.1252,0.7275,1.148,0,0.000
1055,2.7181,can,0.1467,0.8231,2.818,0,0.000
1056,2.7303,can,0.2398,0.8098,0.920,0,0.000
1057,2.7303,can,0.2057,0.3575,1.220,0,0.000
1058,2.7303,tetrapak,-0.2298,0.6032,1.075,0,0.000
1059,2.7303,chips,0.1410,0.2220,2.667,0,0.000
1060,2.7388,tetrapak,0.2719,0.2601,0.219,0,0.000
1061,2.7388,can,-0.0514,0.4289,1.384,0,0.000
1062,2.7388,chips,0.2277,0.6609,2.438,0,0.000
1063,2.7388,can,0.1597,0.3617,0.696,0,0.000
1064,2.7504,chips,-0.0580,0.2465,2.740,0,0.000
1065,2.7504,can,-0.3063,0.4465,2.339,0,0.000
1066,2.7504,chips,-0.3375,0.2899,2.847,0,0.000
1067,2.7504,can,-0.1096,0.5695,2.248,0,0.000
1068,2.7609,tetrapak,0.1219,0.4342,0.665,1,0.000
1069,2.7609,chips,0.1221,0.7286,2.624,0,0.000
1070,2.7609,can,0.0583,0.7993,1.339,0,0.000
1071,2.7609,chips,-0.0709,0.3361,0.791,0,0.000
1072,2.7694,tetrapak,-0.3405,0.2646,0.356,0,0.000
1073,2.7694,tetrapak,0.0184,0.6708,2.000,0,0.000
1074,2.7694,can,-0.2417,0.4721,1.296,0,0.000
1075,2.7694,chips,-0.3248,0.3061,0.728,0,0.000
1076,2.7740,chips,0.2885,0.3773,3.007,0,0.000
1077,2.7740,tetrapak,-0.1638,0.2195,0.740,0,0.000
1078,2.7740,chips,-0.2122,0.8283,2.038,0,0.000
1079,2.7740,chips,-0.3252,0.7810,1.166,0,0.000
1080,2.7785,chips,-0.1370,0.4872,2.261,0,0.000
1081,2.7785,chips,0.2288,0.7050,2.630,0,0.000
1082,2.7785,tetrapak,0.1581,0.6170,2.021,0,0.000
1083,2.7785,tetrapak,0.1095,0.2806,0.521,0,0.000
1084,2.7830,can,-0.0117,0.2867,1.288,0,0.000
1085,2.7830,can,0.0170,0.8148,1.784,0,0.000
1086,2.7830,chips,-0.1059,0.5931,1.759,0,0.000
1087,2.7830,can,0.0914,0.2183,2.608,0,0.000
1088,2.7870,chips,0.0584,0.7669,0.014,0,0.000
1089,2.7870,can,0.0889,0.4133,3.092,0,0.000
1090,2.7870,chips,-0.1677,0.6920,2.015,0,0.000
1091,2.7870,chips,-0.1814,0.3219,1.397,0,0.000
1092,2.7927,can,0.1395,0.5057,0.490,0,0.000
1093,2.7927,tetrapak,0.0260,0.3551,1.727,0,0.000
1094,2.7927,chips,0.1992,0.4347,2.322,0,0.000
1095,2.7927,can,-0.1376,0.3638,2.814,0,0.000
1096,2.7976,can,-0.3048,0.2952,2.877,0,0.000
1097,2.7976,chips,-0.0146,0.3340,2.297,0,0.000
1098,2.7976,tetrapak,0.2278,0.3708,1.579,0,0.000
1099,2.7976,tetrapak,0.2657,0.3273,2.613,0,0.000
1100,2.8022,tetrapak,0.1005,0.2294,2.793,0,0.000
1101,2.8022,tetrapak,0.2148,0.5041,0.778,0,0.000
1102,2.8022,can,0.1848,0.1974,1.479,0,0.000
1103,2.8022,can,-0.2344,0.2807,0.890,0,0.000
1104,2.8067,tetrapak,0.0062,0.7859,0.569,0,0.000
1105,2.8067,can,-0.0032,0.6915,0.458,0,0.000
1106,2.8067,chips,0.3383,0.1936,1.178,0,0.000
1107,2.8067,tetrapak,0.3292,0.6570,0.085,0,0.000
1108,2.8110,tetrapak,-0.0683,0.7282,1.960,0,0.000
1109,2.8110,can,-0.1283,0.5462,0.843,0,0.000
1110,2.8110,chips,0.1054,0.5132,2.295,0,0.000
1111,2.8110,can,-0.0616,0.2965,0.054,0,0.000
1112,2.8156,can,-0.0466,0.2372,1.406,0,0.000
1113,2.8156,chips,0.0211,0.2593,0.381,0,0.000
1114,2.8156,can,0.3086,0.4126,1.788,0,0.000
1115,2.8156,tetrapak,0.0641,0.3212,1.747,0,0.000
1116,2.8196,can,0.3066,0.2850,0.120,0,0.000
1117,2.8196,chips,-0.0973,0.5817,1.562,0,0.000
1118,2.8196,can,-0.2309,0.7395,2.191,0,0.000
1119,2.8196,can,-0.1833,0.2811,2.914,0,0.000
1120,2.8245,can,-0.1588,0.6105,2.677,0,0.000
1121,2.8245,tetrapak,0.2325,0.5777,1.880,0,0.000
1122,2.8245,tetrapak,0.1708,0.3977,0.455,0,0.000
1123,2.8245,tetrapak,-0.3434,0.3416,1.916,0,0.000
1124,2.8291,tetrapak,0.0584,0.1718,1.464,0,0.000
1125,2.8291,tetrapak,0.3345,0.4568,1.412,0,0.000
1126,2.8291,chips,0.0798,0.2544,0.149,0,0.000
1127,2.8291,tetrapak,-0.2948,0.2843,2.801,0,0.000
1128,2.8334,can,0.1008,0.4697,2.248,0,0.000
1129,2.8334,tetrapak,-0.0960,0.6084,2.691,0,0.000
1130,2.8334,chips,-0.1368,0.8062,2.266,0,0.000
1131,2.8334,tetrapak,-0.0711,0.6226,1.601,0,0.000
1132,2.8372,tetrapak,-0.1463,0.7502,0.222,0,0.000
1133,2.8372,chips,-0.0679,0.5872,2.213,0,0.000
1134,2.8372,can,0.2032,0.4437,0.521,0,0.000
1135,2.8372,chips,0.2903,0.7804,0.364,0,0.000
1136,2.8423,tetrapak,-0.0158,0.2659,0.091,0,0.000
1137,2.8423,can,0.0937,0.4290,0.746,0,0.000
1138,2.8423,can,0.2116,0.6573,0.670,0,0.000
1139,2.8423,chips,0.0114,0.3605,2.665,0,0.000
1140,2.8469,can,-0.1781,0.4153,0.507,0,0.000
1141,2.8469,tetrapak,-0.1415,0.3799,2.514,0,0.000
1142,2.8469,chips,0.1890,0.7091,0.320,0,0.000
1143,2.8469,can,0.3045,0.7410,1.756,0,0.000
1144,2.8518,tetrapak,-0.3072,0.4809,0.693,0,0.000
1145,2.8518,chips,0.2565,0.4013,1.231,0,0.000
1146,2.8518,tetrapak,-0.1303,0.8021,2.003,0,0.000
1147,2.8518,can,-0.2103,0.6938,1.095,0,0.000
1148,2.8559,can,0.1674,0.1738,2.912,0,0.000
1149,2.8559,tetrapak,0.1020,0.7022,1.295,0,0.000
1150,2.8559,can,-0.2650,0.3783,2.143,0,0.000
1151,2.8559,can,-0.0310,0.8455,1.134,0,0.000
1152,2.8607,chips,0.2679,0.2370,2.608,0,0.000
1153,2.8607,can,-0.2567,0.8070,2.748,0,0.000
1154,2.8607,chips,-0.2825,0.2344,2.165,0,0.000
1155,2.8607,tetrapak,0.3031,0.2739,1.935,0,0.000
1156,2.8647,chips,0.2873,0.7365,1.178,0,0.000
1157,2.8647,chips,-0.0642,0.1977,2.596,0,0.000
1158,2.8647,can,-0.1518,0.6822,0.598,0,0.000
1159,2.8647,can,0.1986,0.5054,1.459,0,0.000
1160,2.8712,chips,-0.0382,0.2537,2.863,0,0.000
1161,2.8712,tetrapak,0.3308,0.5638,2.904,0,0.000
1162,2.8712,can,0.2497,0.7665,0.584,0,0.000
1163,2.8712,chips,-0.0695,0.4884,1.980,0,0.000
1164,2.8773,can,-0.0033,0.7226,1.783,0,0.000
1165,2.8773,can,0.2180,0.6274,2.444,0,0.000
1166,2.8773,tetrapak,-0.0996,0.3772,0.325,0,0.000
1167,2.8773,tetrapak,-0.3182,0.5072,2.814,0,0.000
1168,2.8823,tetrapak,-0.0916,0.4036,1.806,0,0.000
1169,2.8823,tetrapak,0.0026,0.6950,1.145,0,0.000
1170,2.8823,chips,-0.2441,0.2260,0.553,0,0.000
1171,2.8823,can,0.0745,0.2005,1.387,0,0.000
1172,2.8869,can,0.1113,0.5463,0.334,0,0.000
1173,2.8869,tetrapak,0.2751,0.6614,0.155,0,0.000
1174,2.8869,tetrapak,0.1670,0.5994,2.414,0,0.000
1175,2.8869,can,-0.1894,0.7194,0.113,0,0.000
1176,2.8910,chips,0.3425,0.6151,2.207,0,0.000
1177,2.8910,chips,0.0972,0.4483,2.309,0,0.000
1178,2.8910,chips,0.0834,0.2885,3.113,0,0.000
1179,2.8910,can,-0.2630,0.5268,0.749,0,0.000
1180,2.8958,can,0.0166,0.6888,1.736,0,0.000
1181,2.8958,chips,-0.2014,0.2321,2.338,0,0.000
1182,2.8958,can,0.1964,0.3679,2.891,0,0.000
1183,2.8958,tetrapak,-0.1677,0.6321,2.624,0,0.000
1184,2.9005,can,0.3289,0.5962,3.039,0,0.000
1185,2.9005,chips,-0.3304,0.6487,3.065,0,0.000
1186,2.9005,tetrapak,-0.2688,0.4038,0.547,0,0.000
1187,2.9005,chips,0.0243,0.7926,1.332,0,0.000
1188,2.9043,can,0.0544,0.6735,0.862,0,0.000
1189,2.9043,can,-0.3018,0.5430,2.040,0,0.000
1190,2.9043,can,0.2017,0.6889,0.758,0,0.000
1191,2.9043,chips,-0.0254,0.7888,2.859,0,0.000
1192,2.9089,tetrapak,0.2234,0.5492,2.401,0,0.000
1193,2.9089,chips,-0.1421,0.7976,1.843,0,0.000
1194,2.9089,chips,0.2559,0.5636,0.545,0,0.000
1195,2.9089,tetrapak,-0.2666,0.3092,0.673,0,0.000
1196,2.9137,chips,-0.1742,0.2554,2.872,0,0.000
1197,2.9137,chips,-0.2116,0.3354,2.582,0,0.000
1198,2.9137,chips,0.3429,0.3614,0.171,0,0.000
1199,2.9137,tetrapak,0.0224,0.7946,1.884,0,0.000
1200,2.9184,can,-0.3147,0.3121,2.844,0,0.000
1201,2.9184,can,-0.1241,0.2915,2.014,0,0.000
1202,2.9184,tetrapak,0.2029,0.7454,1.476,0,0.000
1203,2.9184,chips,0.2688,0.7830,2.556,0,0.000
1204,2.9224,can,0.2682,0.4008,2.366,0,0.000
1205,2.9224,chips,-0.0505,0.2709,0.429,0,0.000
1206,2.9224,can,0.3143,0.3860,3.111,0,0.000
1207,2.9224,can,-0.3006,0.5649,2.453,0,0.000
1208,2.9279,chips,0.1893,0.2837,2.946,0,0.000
1209,2.9279,chips,0.2536,0.6839,0.463,0,0.000
1210,2.9279,chips,0.3182,0.3438,1.653,0,0.000
1211,2.9279,can,-0.3272,0.5516,2.042,0,0.000
1212,2.9347,chips,-0.1319,0.7704,0.726,0,0.000
1213,2.9347,chips,-0.1596,0.8059,1.212,0,0.000
1214,2.9347,tetrapak,0.1287,0.2853,1.507,0,0.000
1215,2.9347,can,-0.0834,0.1743,0.462,0,0.000
1216,2.9400,chips,-0.0967,0.5264,1.334,0,0.000
1217,2.9400,can,0.1278,0.3880,0.224,0,0.000
1218,2.9400,tetrapak,-0.0135,0.5683,2.071,0,0.000
1219,2.9400,can,0.2877,0.3861,2.529,0,0.000
1220,2.9462,chips,0.1660,0.6459,0.026,0,0.000
1221,2.9462,can,0.2468,0.8095,2.987,0,0.000
1222,2.9462,chips,-0.0903,0.2219,0.010,0,0.000
1223,2.9462,can,-0.3026,0.4550,1.413,0,0.000
1224,2.9529,chips,0.0642,0.8029,2.954,0,0.000
1225,2.9529,chips,-0.2764,0.7558,0.886,0,0.000
1226,2.9529,chips,-0.3252,0.5362,1.065,0,0.000
1227,2.9529,tetrapak,0.2270,0.4606,2.355,0,0.000
1228,2.9602,tetrapak,0.2954,0.4170,0.121,0,0.000
1229,2.9602,tetrapak,-0.0558,0.4270,2.397,0,0.000
1230,2.9602,chips,-0.2524,0.3256,1.137,0,0.000
1231,2.9602,tetrapak,-0.3258,0.2707,1.406,0,0.000
1232,2.9680,can,-0.3038,0.7087,2.802,0,0.000
1233,2.9680,tetrapak,0.2253,0.6510,1.560,0,0.000
1234,2.9680,can,-0.0795,0.5528,1.053,0,0.000
1235,2.9680,chips,0.0682,0.2431,0.707,0,0.000
1236,2.9734,can,0.0836,0.5025,3.065,0,0.000
1237,2.9734,can,-0.2759,0.8217,1.498,0,0.000
1238,2.9734,tetrapak,-0.1158,0.5162,3.011,0,0.000
1239,2.9734,chips,-0.1918,0.5689,1.253,0,0.000
1240,2.9803,can,-0.0458,0.7313,0.412,0,0.000
1241,2.9803,chips,0.1115,0.2843,0.715,0,0.000
1242,2.9803,can,0.2966,0.4618,0.534,0,0.000
1243,2.9803,chips,-0.2324,0.6206,0.724,0,0.000
1244,2.9865,tetrapak,-0.0545,0.8261,2.858,0,0.000
1245,2.9865,can,0.0696,0.5914,1.508,1,0.000
1246,2.9865,chips,-0.2008,0.3828,0.145,0,0.000
1247,2.9865,tetrapak,0.1245,0.2492,2.325,0,0.000
1248,2.9903,chips,0.1201,0.7262,2.150,0,0.000
1249,2.9903,can,-0.3114,0.6133,2.573,0,0.000
1250,2.9903,chips,0.0380,0.4196,1.436,0,0.000
1251,2.9903,chips,0.1751,0.5092,0.312,0,0.000
1252,2.9956,chips,0.2877,0.2165,2.173,0,0.000
1253,2.9956,can,-0.2540,0.3996,2.403,0,0.000
1254,2.9956,can,0.2932,0.3561,0.256,0,0.000
1255,2.9956,chips,-0.0067,0.7841,0.729,0,0.000
1256,3.0005,chips,-0.3304,0.5503,2.963,0,0.000
1257,3.0005,chips,0.0887,0.6353,2.781,0,0.000
1258,3.0005,can,0.1106,0.3342,1.643,0,0.000
1259,3.0005,can,0.1491,0.5613,1.109,0,0.000
1260,3.0070,tetrapak,0.1713,0.8333,2.841,0,0.000
1261,3.0070,chips,0.2055,0.3417,0.661,0,0.000
1262,3.0070,tetrapak,0.1952,0.7075,0.184,0,0.000
1263,3.0070,chips,-0.2699,0.8209,0.899,0,0.000
1264,3.0133,can,-0.1375,0.7339,2.025,0,0.000
1265,3.0133,tetrapak,-0.3054,0.7568,1.786,0,0.000
1266,3.0133,tetrapak,-0.0433,0.5945,0.227,0,0.000
1267,3.0133,tetrapak,-0.2046,0.7253,0.099,0,0.000
1268,3.0371,tetrapak,0.2887,0.1837,0.937,0,0.000
1269,3.0371,can,0.2629,0.7942,0.288,0,0.000
1270,3.0371,chips,0.0977,0.4794,0.097,0,0.000
1271,3.0371,can,-0.2911,0.6929,0.961,0,0.000
1272,3.0458,chips,0.1770,0.8162,0.381,0,0.000
1273,3.0458,can,-0.2842,0.2139,1.759,0,0.000
1274,3.0458,can,-0.1269,0.6295,0.386,0,0.000
1275,3.0458,can,0.1840,0.7023,1.044,0,0.000
1276,3.0505,can,-0.3107,0.5496,2.036,0,0.000
1277,3.0505,chips,-0.1948,0.7479,1.613,0,0.000
1278,3.0505,can,0.0279,0.7011,0.156,0,0.000
1279,3.0505,tetrapak,0.2677,0.2729,1.341,0,0.000
1280,3.0556,can,0.2247,0.2701,1.325,0,0.000
1281,3.0556,can,-0.2913,0.4734,2.380,0,0.000
1282,3.0556,tetrapak,-0.2390,0.2050,1.242,0,0.000
1283,3.0556,tetrapak,-0.2212,0.7939,1.420,0,0.000
1284,3.0607,tetrapak,0.2182,0.6358,0.568,0,0.000
1285,3.0607,tetrapak,0.2505,0.7877,2.748,0,0.000
1286,3.0607,chips,0.3324,0.2888,2.604,0,0.000
1287,3.0607,chips,-0.0871,0.6615,1.824,0,0.000
1288,3.0652,tetrapak,0.3029,0.3699,0.515,0,0.000
1289,3.0652,tetrapak,0.1878,0.2333,2.370,0,0.000
1290,3.0652,tetrapak,-0.0029,0.2658,0.216,0,0.000
1291,3.0652,tetrapak,0.1815,0.1874,2.864,0,0.000
1292,3.0709,can,0.2711,0.7505,1.993,0,0.000
1293,3.0709,tetrapak,0.3330,0.7741,0.487,0,0.000
1294,3.0709,chips,0.2889,0.5952,0.373,0,0.000
1295,3.0709,tetrapak,-0.3175,0.4066,2.893,0,0.000
1296,3.0757,chips,0.2910,0.3142,0.892,0,0.000
1297,3.0757,can,-0.0779,0.5069,2.356,0,0.000
1298,3.0757,tetrapak,0.1776,0.4834,2.363,0,0.000
1299,3.0757,chips,0.1620,0.2536,2.187,0,0.000
1300,3.0804,tetrapak,-0.1189,0.6495,0.704,0,0.000
1301,3.0804,chips,0.0126,0.5450,1.635,0,0.000
1302,3.0804,chips,-0.1466,0.6093,0.367,0,0.000
1303,3.0804,tetrapak,0.3027,0.5668,2.799,0,0.000
1304,3.0848,chips,0.1565,0.2437,2.548,0,0.000
1305,3.0848,can,0.0078,0.7752,0.181,0,0.000
1306,3.0848,chips,0.0678,0.5492,2.795,0,0.000
1307,3.0848,can,-0.2805,0.5885,1.000,0,0.000
1308,3.0898,chips,0.2320,0.2803,3.139,0,0.000
1309,3.0898,tetrapak,-0.3330,0.4768,2.530,0,0.000
1310,3.0898,tetrapak,-0.0992,0.3100,2.819,0,0.000
1311,3.0898,chips,0.1046,0.6618,1.975,0,0.000
1312,3.0949,can,0.2286,0.4947,0.377,0,0.000
1313,3.0949,can,0.3364,0.7763,1.899,0,0.000
1314,3.0949,chips,-0.2715,0.7995,2.867,0,0.000
1315,3.0949,chips,0.0603,0.5109,1.219,0,0.000
1316,3.1005,can,-0.0858,0.6967,2.574,0,0.000
1317,3.1005,tetrapak,-0.1271,0.3364,0.389,0,0.000
1318,3.1005,chips,-0.2669,0.4644,1.301,0,0.000
1319,3.1005,tetrapak,0.1174,0.3300,1.287,0,0.000
1320,3.1066,tetrapak,-0.2449,0.2097,2.944,0,0.000
1321,3.1066,tetrapak,-0.3406,0.7622,0.518,0,0.000
1322,3.1066,can,0.2134,0.5538,1.272,0,0.000
1323,3.1066,chips,0.0270,0.7620,1.479,0,0.000
1324,3.1111,chips,-0.0892,0.3516,1.388,0,0.000
1325,3.1111,chips,-0.3190,0.3131,0.304,0,0.000
1326,3.1111,tetrapak,-0.2430,0.7527,2.891,0,0.000
1327,3.1111,tetrapak,0.0823,0.5259,2.580,0,0.000
1328,3.1167,can,-0.2111,0.2136,0.381,0,0.000
1329,3.1167,tetrapak,-0.1989,0.7332,2.318,0,0.000
1330,3.1167,can,0.0721,0.2102,1.560,0,0.000
1331,3.1167,can,0.0078,0.4246,3.018,0,0.000
1332,3.1207,can,0.3220,0.4142,0.551,0,0.000
1333,3.1207,can,-0.2876,0.5625,1.035,0,0.000
1334,3.1207,tetrapak,-0.2413,0.4501,2.586,0,0.000
1335,3.1207,chips,-0.0148,0.5427,2.310,0,0.000
1336,3.1252,tetrapak,-0.0930,0.5794,2.551,0,0.000
1337,3.1252,chips,0.2315,0.1547,0.513,0,0.000
1338,3.1252,tetrapak,0.1713,0.1822,0.943,0,0.000
1339,3.1252,can,-0.2888,0.6773,2.506,0,0.000
1340,3.1298,tetrapak,-0.3076,0.5480,0.081,0,0.000
1341,3.1298,chips,0.3338,0.2748,0.315,0,0.000
1342,3.1298,chips,-0.3020,0.8165,2.987,0,0.000
1343,3.1298,tetrapak,0.2501,0.2433,1.035,0,0.000
1344,3.1334,tetrapak,-0.3219,0.6469,2.504,0,0.000
1345,3.1334,chips,-0.3286,0.2992,0.157,0,0.000
1346,3.1334,can,0.1148,0.6319,0.318,0,0.000
1347,3.1334,tetrapak,0.3134,0.6864,1.945,0,0.000
1348,3.1373,can,0.2921,0.1711,0.959,0,0.000
1349,3.1373,can,-0.2950,0.7639,1.537,0,0.000
1350,3.1373,can,-0.2211,0.1981,1.969,0,0.000
1351,3.1373,can,0.0568,0.7248,1.936,0,0.000
1352,3.1413,tetrapak,-0.2282,0.8027,3.011,0,0.000
1353,3.1413,tetrapak,0.3128,0.4864,2.436,0,0.000
1354,3.1413,tetrapak,0.2506,0.6857,2.297,0,0.000
1355,3.1413,tetrapak,-0.1517,0.1779,1.742,0,0.000
1356,3.1451,chips,-0.1038,0.4503,0.734,0,0.000
1357,3.1451,chips,0.1593,0.2943,1.616,0,0.000
1358,3.1451,can,-0.2073,0.2393,0.444,0,0.000
1359,3.1451,tetrapak,0.3056,0.6235,0.164,0,0.000
1360,3.1493,tetrapak,0.1138,0.4431,0.202,0,0.000
1361,3.1493,can,0.1030,0.4822,0.064,0,0.000
1362,3.1493,chips,-0.3105,0.5464,1.637,0,0.000
1363,3.1493,chips,-0.3332,0.3751,1.303,0,0.000
1364,3.1530,tetrapak,0.2085,0.7686,1.023,0,0.000
1365,3.1530,can,0.0102,0.5630,0.783,0,0.000
1366,3.1530,tetrapak,-0.2008,0.3121,2.970,0,0.000
1367,3.1530,tetrapak,-0.0047,0.5914,1.221,0,0.000
1368,3.1565,tetrapak,-0.0985,0.7990,2.985,0,0.000
1369,3.1565,can,0.2911,0.1832,1.791,0,0.000
1370,3.1565,tetrapak,0.2178,0.2729,2.541,0,0.000
1371,3.1565,chips,-0.1989,0.8379,0.778,0,0.000
1372,3.1605,chips,0.2809,0.3823,2.830,0,0.000
1373,3.1605,chips,-0.2571,0.8212,1.851,0,0.000
1374,3.1605,tetrapak,0.1382,0.3277,1.988,0,0.000
1375,3.1605,can,-0.0248,0.2419,1.668,0,0.000
1376,3.1644,tetrapak,0.0157,0.1673,1.630,0,0.000
1377,3.1644,chips,0.0203,0.7864,1.008,0,0.000
1378,3.1644,can,-0.3255,0.6492,1.418,0,0.000
1379,3.1644,chips,0.3136,0.6967,2.463,0,0.000
1380,3.1688,chips,-0.0575,0.3691,0.709,0,0.000
1381,3.1688,chips,-0.1062,0.8089,0.099,0,0.000
1382,3.1688,tetrapak,0.1967,0.3642,2.071,0,0.000
1383,3.1688,can,-0.0744,0.2542,3.012,0,0.000
1384,3.1727,can,-0.1069,0.7672,3.021,0,0.000
1385,3.1727,tetrapak,-0.1482,0.5827,2.055,0,0.000
1386,3.1727,tetrapak,-0.2243,0.4615,1.998,0,0.000
1387,3.1727,chips,0.3095,0.2322,1.301,0,0.000
1388,3.1799,tetrapak,-0.2943,0.2859,0.162,0,0.000
1389,3.1799,chips,-0.1450,0.2143,0.949,0,0.000
1390,3.1799,chips,-0.0369,0.7109,0.489,0,0.000
1391,3.1799,tetrapak,0.1548,0.8337,1.428,0,0.000
1392,3.1852,chips,0.1495,0.3487,1.858,0,0.000
1393,3.1852,chips,0.3315,0.4916,0.095,0,0.000
1394,3.1852,chips,-0.1062,0.2833,1.679,0,0.000
1395,3.1852,chips,-0.0125,0.6324,0.904,0,0.000
1396,3.1890,can,0.2325,0.6203,2.491,0,0.000
1397,3.1890,chips,-0.1726,0.7423,0.269,0,0.000
1398,3.1890,tetrapak,-0.2815,0.4098,3.016,0,0.000
1399,3.1890,chips,-0.2458,0.7456,2.568,0,0.000
1400,3.1949,chips,0.2603,0.3650,2.384,0,0.000
1401,3.1949,chips,-0.2211,0.3697,3.008,0,0.000
1402,3.1949,can,-0.0579,0.5828,1.532,0,0.000
1403,3.1949,tetrapak,-0.1820,0.3087,2.719,0,0.000
1404,3.2009,can,-0.3392,0.4866,1.874,0,0.000
1405,3.2009,chips,-0.2166,0.4325,1.528,0,0.000
1406,3.2009,chips,-0.2939,0.6724,1.345,0,0.000
1407,3.2009,tetrapak,0.3301,0.5868,1.102,0,0.000
1408,3.2045,can,0.1983,0.3231,1.473,0,0.000
1409,3.2045,tetrapak,0.3108,0.6267,1.831,0,0.000
1410,3.2045,chips,0.3219,0.6785,3.115,0,0.000
1411,3.2045,tetrapak,0.3420,0.7051,0.794,0,0.000
1412,3.2092,tetrapak,-0.2750,0.7615,0.581,0,0.000
1413,3.2092,can,0.3014,0.6865,1.712,0,0.000
1414,3.2092,tetrapak,0.0209,0.5579,1.102,0,0.000
1415,3.2092,tetrapak,-0.3031,0.7528,0.234,0,0.000
1416,3.2164,chips,0.0026,0.8418,2.569,0,0.000
1417,3.2164,chips,0.3041,0.3035,0.628,0,0.000
1418,3.2164,tetrapak,0.2754,0.7870,1.530,0,0.000
1419,3.2164,chips,0.1870,0.6897,1.633,0,0.000
1420,3.2201,chips,0.0062,0.2381,1.970,0,0.000
1421,3.2201,tetrapak,-0.3241,0.4185,0.674,0,0.000
1422,3.2201,chips,0.1821,0.2203,1.442,0,0.000
1423,3.2201,can,-0.1126,0.3795,2.570,0,0.000
1424,3.2239,tetrapak,0.3476,0.7609,0.104,0,0.000
1425,3.2239,chips,0.2090,0.3965,2.316,0,0.000
1426,3.2239,tetrapak,-0.1723,0.2754,2.202,0,0.000
1427,3.2239,chips,0.0188,0.6582,1.909,0,0.000
1428,3.2281,can,0.1466,0.7397,2.263,0,0.000
1429,3.2281,tetrapak,-0.0166,0.7816,2.227,0,0.000
1430,3.2281,tetrapak,0.2833,0.2487,1.577,0,0.000
1431,3.2281,tetrapak,0.0774,0.2340,2.940,0,0.000
1432,3.2322,tetrapak,0.3120,0.7883,1.220,0,0.000
1433,3.2322,chips,0.0808,0.8432,0.583,0,0.000
1434,3.2322,chips,0.0140,0.6555,1.767,0,0.000
1435,3.2322,tetrapak,-0.0671,0.8265,2.301,0,0.000
1436,3.2361,tetrapak,-0.1212,0.2153,1.083,0,0.000
1437,3.2361,can,-0.0495,0.3064,0.123,0,0.000
1438,3.2361,chips,-0.1372,0.3750,1.643,0,0.000
1439,3.2361,can,-0.0378,0.7552,2.513,0,0.000
1440,3.2401,can,-0.2355,0.8147,0.145,0,0.000
1441,3.2401,tetrapak,-0.2496,0.6955,2.028,0,0.000
1442,3.2401,tetrapak,-0.2248,0.3602,0.358,0,0.000
1443,3.2401,chips,-0.3099,0.5101,3.016,0,0.000
1444,3.2442,tetrapak,-0.2397,0.5233,3.027,0,0.000
1445,3.2442,tetrapak,-0.1460,0.7457,2.825,0,0.000
1446,3.2442,chips,0.2100,0.6876,1.733,0,0.000
1447,3.2442,chips,-0.0004,0.2020,1.222,0,0.000
1448,3.2484,chips,0.0545,0.1949,1.944,0,0.000
1449,3.2484,can,-0.0628,0.6955,0.622,0,0.000
1450,3.2484,can,0.2544,0.4018,0.928,0,0.000
1451,3.2484,can,-0.0150,0.8168,0.146,0,0.000
1452,3.2522,chips,-0.1580,0.5002,2.089,0,0.000
1453,3.2522,chips,-0.3142,0.3863,0.150,0,0.000
1454,3.2522,tetrapak,-0.3440,0.6196,0.884,0,0.000
1455,3.2522,can,0.3103,0.6241,1.329,0,0.000
1456,3.2559,tetrapak,0.2943,0.5128,1.949,0,0.000
1457,3.2559,tetrapak,-0.0857,0.4252,2.050,0,0.000
1458,3.2559,chips,0.2703,0.8118,1.228,0,0.000
1459,3.2559,tetrapak,0.2536,0.6004,1.035,0,0.000
1460,3.2597,tetrapak,-0.3204,0.2472,0.400,0,0.000
1461,3.2597,chips,-0.1744,0.4701,2.528,0,0.000
1462,3.2597,can,0.0174,0.7418,1.184,0,0.000
1463,3.2597,chips,0.1207,0.8054,2.252,0,0.000
1464,3.2637,can,0.1609,0.5756,2.390,0,0.000
1465,3.2637,tetrapak,0.2897,0.5276,0.531,0,0.000
1466,3.2637,tetrapak,-0.1311,0.2030,3.029,0,0.000
1467,3.2637,chips,-0.0026,0.4122,0.801,0,0.000
1468,3.2677,tetrapak,-0.2686,0.4683,0.370,0,0.000
1469,3.2677,chips,0.3112,0.3894,0.450,0,0.000
1470,3.2677,tetrapak,-0.2622,0.5803,0.477,0,0.000
1471,3.2677,can,0.1631,0.4853,1.263,0,0.000
1472,3.2715,can,-0.2055,0.5906,2.373,0,0.000
1473,3.2715,chips,0.2644,0.5076,0.046,0,0.000
1474,3.2715,can,-0.3060,0.6882,3.005,0,0.000
1475,3.2715,chips,0.2807,0.3492,0.583,0,0.000
1476,3.2752,can,-0.2854,0.4523,2.401,0,0.000
1477,3.2752,tetrapak,0.3299,0.6873,2.873,0,0.000
1478,3.2752,tetrapak,0.0625,0.2363,2.635,0,0.000
1479,3.2752,can,0.0353,0.5743,2.891,0,0.000
1480,3.2788,chips,0.2454,0.4303,0.101,0,0.000
1481,3.2788,can,0.1530,0.7636,2.937,0,0.000
1482,3.2788,can,-0.1683,0.6440,0.130,0,0.000
1483,3.2788,can,-0.2816,0.7472,1.450,0,0.000
1484,3.2829,tetrapak,-0.1938,0.3562,2.565,0,0.000
1485,3.2829,can,0.1270,0.3145,0.082,0,0.000
1486,3.2829,can,-0.3101,0.1920,2.357,0,0.000
1487,3.2829,chips,0.3034,0.2608,0.533,0,0.000
1488,3.2865,chips,0.1343,0.5212,2.456,0,0.000
1489,3.2865,chips,-0.2515,0.6504,1.436,0,0.000
1490,3.2865,can,-0.2731,0.6649,1.753,0,0.000
1491,3.2865,chips,0.2643,0.3174,2.624,0,0.000
1492,3.2902,chips,0.0395,0.2372,2.501,0,0.000
1493,3.2902,tetrapak,-0.0086,0.2754,1.625,0,0.000
1494,3.2902,chips,0.2587,0.6077,1.718,0,0.000
1495,3.2902,can,0.2773,0.4877,2.275,0,0.000
1496,3.2942,tetrapak,-0.0489,0.5572,2.801,0,0.000
1497,3.2942,chips,0.0602,0.4252,0.846,0,0.000
1498,3.2942,tetrapak,0.0830,0.6306,1.407,0,0.000
1499,3.2942,tetrapak,-0.0354,0.7194,1.240,0,0.000
1500,3.2981,tetrapak,-0.0604,0.4157,1.977,0,0.000
1501,3.2981,tetrapak,-0.3273,0.1533,0.262,0,0.000
1502,3.2981,chips,-0.0333,0.6978,1.745,0,0.000
1503,3.2981,can,0.2430,0.2858,2.815,0,0.000
1504,3.3024,chips,0.3260,0.6714,1.813,0,0.000
1505,3.3024,can,0.1753,0.3780,2.967,0,0.000
1506,3.3024,can,0.3049,0.1765,1.413,0,0.000
1507,3.3024,can,-0.0187,0.1802,2.797,0,0.000
1508,3.3063,chips,0.2799,0.2101,2.634,0,0.000
1509,3.3063,can,-0.1271,0.3266,1.440,0,0.000
1510,3.3063,chips,0.0708,0.5453,1.236,0,0.000
1511,3.3063,can,0.1079,0.2579,0.852,0,0.000
1512,3.3104,can,-0.2930,0.4577,1.856,0,0.000
1513,3.3104,tetrapak,0.1224,0.7923,2.914,0,0.000
1514,3.3104,tetrapak,0.3282,0.1921,2.558,0,0.000
1515,3.3104,chips,0.0423,0.7623,2.150,0,0.000
1516,3.3142,tetrapak,0.1096,0.7017,1.044,0,0.000
1517,3.3142,can,-0.1613,0.7230,0.116,0,0.000
1518,3.3142,can,0.3015,0.5712,1.640,0,0.000
1519,3.3142,tetrapak,0.2063,0.7181,2.552,0,0.000
1520,3.3180,tetrapak,0.2119,0.3423,0.584,0,0.000
1521,3.3180,chips,0.3265,0.7664,1.621,0,0.000
1522,3.3180,can,-0.1351,0.2259,1.173,0,0.000
1523,3.3180,tetrapak,-0.1359,0.4731,0.703,0,0.000
1524,3.3272,tetrapak,0.0603,0.4897,0.485,0,0.000
1525,3.3272,chips,-0.2735,0.7798,1.371,0,0.000
1526,3.3272,can,0.2780,0.4748,2.382,0,0.000
1527,3.3272,chips,0.1624,0.7387,0.284,0,0.000
1528,3.3343,chips,-0.0852,0.6133,2.448,0,0.000
1529,3.3343,tetrapak,0.3328,0.3932,1.567,0,0.000
1530,3.3343,tetrapak,-0.1092,0.8051,0.504,0,0.000
1531,3.3343,tetrapak,-0.3158,0.7886,0.172,0,0.000
1532,3.3426,can,0.2839,0.1787,0.578,0,0.000
1533,3.3426,can,0.3347,0.6686,0.410,0,0.000
1534,3.3426,tetrapak,-0.0358,0.1827,2.714,0,0.000
1535,3.3426,chips,0.1230,0.3671,0.028,0,0.000
1536,3.3517,chips,-0.1352,0.1608,2.779,0,0.000
1537,3.3517,chips,0.2064,0.2364,2.891,0,0.000
1538,3.3517,chips,-0.2473,0.5119,0.897,0,0.000
1539,3.3517,chips,0.1057,0.2336,3.021,0,0.000
1540,3.3580,chips,0.2019,0.7628,0.384,0,0.000
1541,3.3580,tetrapak,-0.0572,0.3783,1.164,0,0.000
1542,3.3580,can,0.2916,0.2208,0.360,0,0.000
1543,3.3580,chips,-0.0428,0.7901,3.047,0,0.000
1544,3.3629,can,-0.2947,0.5919,2.987,0,0.000
1545,3.3629,chips,-0.2565,0.6962,2.163,0,0.000
1546,3.3629,chips,-0.0578,0.6216,2.163,0,0.000
1547,3.3629,can,-0.2772,0.6361,2.510,0,0.000
1548,3.3667,tetrapak,0.2970,0.5598,1.586,0,0.000
1549,3.3667,tetrapak,-0.1960,0.6817,0.198,0,0.000
1550,3.3667,can,-0.3408,0.2285,0.958,0,0.000
1551,3.3667,chips,0.1905,0.4120,2.478,0,0.000
1552,3.3754,chips,-0.2820,0.2240,1.711,0,0.000
1553,3.3754,can,0.0318,0.6610,0.213,0,0.000
1554,3.3754,tetrapak,0.0961,0.5265,0.475,0,0.000
1555,3.3754,tetrapak,0.1043,0.5775,1.445,0,0.000
1556,3.3795,chips,-0.1503,0.4360,0.968,0,0.000
1557,3.3795,can,-0.2812,0.3574,1.170,0,0.000
1558,3.3795,chips,0.0802,0.4117,0.073,0,0.000
1559,3.3795,chips,0.2596,0.6637,3.052,0,0.000
1560,3.3850,chips,-0.1868,0.4936,0.543,0,0.000
1561,3.3850,can,-0.1465,0.7773,1.959,0,0.000
1562,3.3850,can,0.1676,0.2813,2.898,0,0.000
1563,3.3850,chips,0.2040,0.7651,0.230,0,0.000
1564,3.3891,tetrapak,0.2785,0.5863,2.579,0,0.000
1565,3.3891,can,0.2418,0.3354,2.654,0,0.000
1566,3.3891,tetrapak,0.1595,0.3805,3.082,0,0.000
1567,3.3891,can,-0.0521,0.4681,1.267,0,0.000
1568,3.3933,chips,0.1846,0.2707,2.147,0,0.000
1569,3.3933,tetrapak,0.3039,0.3001,0.962,0,0.000
1570,3.3933,can,0.1917,0.5806,2.105,0,0.000
1571,3.3933,can,-0.1421,0.5557,2.737,0,0.000
1572,3.3972,can,-0.2562,0.2305,3.055,0,0.000
1573,3.3972,can,0.0076,0.3109,1.703,0,0.000
1574,3.3972,can,0.3049,0.2527,2.958,0,0.000
1575,3.3972,can,0.1181,0.3400,2.588,0,0.000
1576,3.4020,tetrapak,-0.3089,0.5859,0.372,0,0.000
1577,3.4020,can,0.3192,0.7284,2.538,0,0.000
1578,3.4020,chips,-0.0941,0.7050,2.907,0,0.000
1579,3.4020,tetrapak,0.0849,0.3603,1.747,0,0.000
1580,3.4057,can,-0.3361,0.5563,2.735,0,0.000
1581,3.4057,can,-0.2994,0.4747,1.836,0,0.000
1582,3.4057,tetrapak,0.1224,0.7177,1.919,0,0.000
1583,3.4057,can,-0.1017,0.2825,2.706,0,0.000
1584,3.4095,can,-0.1025,0.5347,1.214,0,0.000
1585,3.4095,can,-0.1467,0.4819,0.399,0,0.000
1586,3.4095,chips,-0.2234,0.4466,1.156,0,0.000
1587,3.4095,can,-0.2852,0.1571,0.696,0,0.000
1588,3.4134,tetrapak,0.0230,0.2693,2.531,0,0.000
1589,3.4134,can,0.1457,0.1675,2.872,0,0.000
1590,3.4134,chips,0.0319,0.7582,2.113,0,0.000
1591,3.4134,chips,-0.1345,0.2978,1.067,0,0.000
1592,3.4174,tetrapak,-0.2863,0.2997,0.268,0,0.000
1593,3.4174,chips,-0.0161,0.7329,2.483,0,0.000
1594,3.4174,chips,0.2759,0.4073,1.771,0,0.000
1595,3.4174,can,0.0220,0.7511,2.998,0,0.000
1596,3.4215,tetrapak,-0.1051,0.6429,0.138,0,0.000
1597,3.4215,chips,0.2565,0.5957,0.953,0,0.000
1598,3.4215,chips,0.2583,0.2103,0.411,0,0.000
1599,3.4215,tetrapak,-0.3436,0.2449,2.154,0,0.000
1600,3.4254,can,0.3198,0.3431,2.610,0,0.000
1601,3.4254,chips,0.2475,0.3167,0.316,0,0.000
1602,3.4254,tetrapak,-0.0562,0.5324,1.491,0,0.000
1603,3.4254,can,0.3065,0.3846,1.430,0,0.000
1604,3.4291,chips,0.1847,0.1675,1.784,0,0.000
1605,3.4291,tetrapak,0.0485,0.7718,0.441,0,0.000
1606,3.4291,chips,0.2743,0.3438,0.601,0,0.000
1607,3.4291,can,0.2144,0.7126,2.848,0,0.000
1608,3.4328,can,0.2799,0.4676,2.862,0,0.000
1609,3.4328,chips,0.2724,0.1807,1.087,0,0.000
1610,3.4328,chips,-0.0243,0.3127,2.742,0,0.000
1611,3.4328,can,0.2313,0.6381,0.244,0,0.000
1612,3.4366,can,0.1237,0.5700,0.751,0,0.000
1613,3.4366,chips,-0.1169,0.2116,1.965,0,0.000
1614,3.4366,tetrapak,0.1331,0.7074,1.971,0,0.000
1615,3.4366,chips,0.0461,0.3449,0.278,0,0.000
1616,3.4403,can,0.2607,0.4540,2.172,0,0.000
1617,3.4403,tetrapak,0.0178,0.1990,1.752,0,0.000
1618,3.4403,tetrapak,-0.2468,0.3779,0.321,0,0.000
1619,3.4403,chips,0.1493,0.2029,1.007,0,0.000
1620,3.4439,can,-0.0167,0.2549,1.330,0,0.000
1621,3.4439,can,0.2535,0.2132,0.572,0,0.000
1622,3.4439,chips,0.0098,0.7134,1.959,0,0.000
1623,3.4439,can,0.0314,0.7213,1.078,0,0.000
1624,3.4478,chips,0.0627,0.7007,0.656,0,0.000
1625,3.4478,chips,0.1994,0.2511,1.112,0,0.000
1626,3.4478,chips,0.2561,0.6256,3.052,0,0.000
1627,3.4478,chips,0.0791,0.3116,0.724,0,0.000
1628,3.4517,can,-0.2991,0.3782,2.997,0,0.000
1629,3.4517,chips,0.1966,0.5768,0.489,0,0.000
1630,3.4517,chips,0.0532,0.8360,1.022,0,0.000
1631,3.4517,can,0.0284,0.7528,1.866,0,0.000
1632,3.4557,tetrapak,-0.1816,0.2102,2.461,0,0.000
1633,3.4557,tetrapak,0.2088,0.7662,0.823,0,0.000
1634,3.4557,can,-0.0651,0.3611,0.515,0,0.000
1635,3.4557,tetrapak,0.0100,0.7690,1.512,0,0.000
1636,3.4595,can,-0.2780,0.8306,2.026,0,0.000
1637,3.4595,chips,0.3072,0.6087,0.036,0,0.000
1638,3.4595,can,0.1533,0.6522,0.279,0,0.000
1639,3.4595,chips,0.1992,0.2815,1.427,0,0.000
1640,3.4634,can,-0.3262,0.5659,0.568,0,0.000
1641,3.4634,tetrapak,-0.0956,0.3602,2.612,0,0.000
1642,3.4634,can,-0.3159,0.4358,0.894,0,0.000
1643,3.4634,can,0.2545,0.6639,1.267,0,0.000
1644,3.4672,chips,-0.2338,0.4318,2.710,0,0.000
1645,3.4672,tetrapak,-0.1961,0.1955,2.956,0,0.000
1646,3.4672,can,0.1732,0.6419,0.765,0,0.000
1647,3.4672,can,0.2228,0.4854,1.300,0,0.000
1648,3.4712,can,0.2379,0.4286,0.634,0,0.000
1649,3.4712,chips,0.0164,0.1870,2.997,0,0.000
1650,3.4712,can,0.0955,0.8020,0.310,0,0.000
1651,3.4712,can,-0.0480,0.7948,1.610,0,0.000
1652,3.4748,tetrapak,0.1025,0.6649,0.586,0,0.000
1653,3.4748,can,0.1447,0.5342,1.471,0,0.000
1654,3.4748,can,0.2353,0.2783,2.339,0,0.000
1655,3.4748,tetrapak,0.3056,0.8112,2.914,0,0.000
1656,3.4783,can,0.2273,0.7563,2.486,0,0.000
1657,3.4783,chips,0.1176,0.5409,2.695,0,0.000
1658,3.4783,can,-0.3421,0.4017,2.636,0,0.000
1659,3.4783,tetrapak,0.1105,0.7180,2.850,0,0.000
1660,3.4826,tetrapak,-0.2214,0.6251,0.563,0,0.000
1661,3.4826,tetrapak,0.0205,0.1737,1.892,0,0.000
1662,3.4826,tetrapak,0.2509,0.1723,2.124,0,0.000
1663,3.4826,tetrapak,-0.0306,0.3827,2.347,0,0.000
1664,3.4862,tetrapak,0.1903,0.8063,2.502,0,0.000
1665,3.4862,can,0.1905,0.8318,0.688,0,0.000
1666,3.4862,tetrapak,0.3266,0.1745,2.566,0,0.000
1667,3.4862,can,0.3180,0.6730,0.930,0,0.000
1668,3.4911,tetrapak,0.0182,0.4440,0.536,0,0.000
1669,3.4911,tetrapak,0.1771,0.5643,1.725,0,0.000
1670,3.4911,chips,-0.0120,0.8327,0.219,0,0.000
1671,3.4911,chips,-0.0459,0.7969,2.482,0,0.000
1672,3.4952,can,0.0706,0.2968,1.388,0,0.000
1673,3.4952,tetrapak,0.3411,0.7683,0.753,0,0.000
1674,3.4952,chips,0.1201,0.7807,1.113,0,0.000
1675,3.4952,tetrapak,0.1848,0.6341,1.774,0,0.000
1676,3.5016,chips,0.2548,0.4938,1.619,0,0.000
1677,3.5016,chips,0.2653,0.4809,2.157,0,0.000
1678,3.5016,tetrapak,0.0904,0.6986,1.326,0,0.000
1679,3.5016,can,0.3151,0.6176,3.029,0,0.000
1680,3.5062,can,0.2510,0.1681,1.795,0,0.000
1681,3.5062,can,-0.1952,0.7067,2.625,0,0.000
1682,3.5062,chips,0.2761,0.8313,1.413,0,0.000
1683,3.5062,chips,0.0180,0.7139,1.686,0,0.000
1684,3.5100,chips,0.0216,0.2030,0.699,0,0.000
1685,3.5100,can,0.0978,0.4601,0.128,0,0.000
1686,3.5100,tetrapak,0.2052,0.7697,2.254,0,0.000
1687,3.5100,chips,0.2419,0.2242,2.419,0,0.000
1688,3.5142,can,-0.1726,0.3901,0.741,0,0.000
1689,3.5142,can,-0.2000,0.5112,2.374,0,0.000
1690,3.5142,tetrapak,0.0646,0.3237,2.673,0,0.000
1691,3.5142,chips,-0.0598,0.8088,1.175,0,0.000
1692,3.5228,can,-0.1454,0.3111,2.032,0,0.000
1693,3.5228,can,0.2718,0.8226,2.514,0,0.000
1694,3.5228,chips,0.2621,0.5419,0.591,0,0.000
1695,3.5228,tetrapak,-0.3365,0.7968,0.451,0,0.000
1696,3.5271,tetrapak,0.1321,0.4744,2.178,0,0.000
1697,3.5271,chips,-0.2577,0.4726,2.001,0,0.000
1698,3.5271,tetrapak,0.2843,0.2751,0.532,0,0.000
1699,3.5271,can,-0.2029,0.2927,2.266,0,0.000
1700,3.5317,can,0.0774,0.1964,2.154,0,0.000
1701,3.5317,tetrapak,-0.2266,0.6823,0.879,0,0.000
1702,3.5317,can,0.2656,0.2462,2.039,0,0.000
1703,3.5317,tetrapak,0.3386,0.6324,0.879,0,0.000
1704,3.5380,chips,0.1963,0.4738,1.058,0,0.000
1705,3.5380,chips,-0.0835,0.6053,2.958,0,0.000
1706,3.5380,chips,-0.2216,0.2726,2.292,0,0.000
1707,3.5380,tetrapak,-0.2297,0.4962,1.702,0,0.000
1708,3.5580,can,0.2140,0.5774,0.640,0,0.000
1709,3.5580,can,0.3295,0.2588,0.039,0,0.000
1710,3.5580,tetrapak,-0.2117,0.5150,3.000,0,0.000
1711,3.5580,chips,0.1201,0.5972,2.542,0,0.000
1712,3.5629,chips,0.1922,0.7847,0.059,0,0.000
1713,3.5629,chips,-0.0681,0.4489,1.167,0,0.000
1714,3.5629,chips,-0.2035,0.1990,1.697,0,0.000
1715,3.5629,can,0.2691,0.6538,1.180,0,0.000
1716,3.5672,chips,0.1063,0.2400,2.655,0,0.000
1717,3.5672,chips,-0.2950,0.2606,2.225,0,0.000
1718,3.5672,tetrapak,0.0115,0.7528,1.161,0,0.000
1719,3.5672,chips,0.2132,0.2786,1.305,0,0.000
1720,3.5740,tetrapak,0.3256,0.8302,2.580,0,0.000
1721,3.5740,tetrapak,0.0261,0.5475,2.514,0,0.000
1722,3.5740,chips,0.2689,0.7007,1.097,0,0.000
1723,3.5740,tetrapak,0.2433,0.2221,2.840,0,0.000
1724,3.5780,chips,-0.1194,0.1675,1.081,0,0.000
1725,3.5780,tetrapak,0.0931,0.6983,1.075,0,0.000
1726,3.5780,can,-0.1059,0.4801,0.454,0,0.000
1727,3.5780,tetrapak,-0.1146,0.7969,2.006,0,0.000
1728,3.5828,tetrapak,-0.0033,0.3784,2.549,0,0.000
1729,3.5828,can,-0.2017,0.2616,1.254,0,0.000
1730,3.5828,chips,-0.3039,0.8410,0.579,0,0.000
1731,3.5828,chips,0.1367,0.7048,1.810,0,0.000
1732,3.5875,tetrapak,-0.3058,0.1964,0.318,0,0.000
1733,3.5875,can,-0.2997,0.4295,0.273,0,0.000
1734,3.5875,tetrapak,0.0866,0.8429,0.770,0,0.000
1735,3.5875,can,0.2693,0.6824,2.453,0,0.000
1736,3.5930,tetrapak,0.3015,0.2798,2.363,0,0.000
1737,3.5930,tetrapak,0.0051,0.2398,2.512,0,0.000
1738,3.5930,chips,-0.3100,0.5424,0.697,0,0.000
1739,3.5930,can,-0.0908,0.7379,0.659,0,0.000
1740,3.6007,chips,-0.1166,0.6163,2.638,0,0.000
1741,3.6007,can,0.3358,0.8114,1.318,0,0.000
1742,3.6007,chips,-0.1350,0.2289,2.827,0,0.000
1743,3.6007,tetrapak,-0.1660,0.7114,1.359,0,0.000
1744,3.6076,chips,0.1489,0.6835,0.157,0,0.000
1745,3.6076,tetrapak,-0.1512,0.5841,1.635,0,0.000
1746,3.6076,tetrapak,0.0181,0.3984,1.877,0,0.000
1747,3.6076,chips,-0.2854,0.6068,2.980,0,0.000
1748,3.6114,can,-0.2636,0.2146,0.281,0,0.000
1749,3.6114,tetrapak,-0.1817,0.4083,2.066,0,0.000
1750,3.6114,tetrapak,0.3003,0.4287,2.918,0,0.000
1751,3.6114,chips,-0.0413,0.4198,1.136,0,0.000
1752,3.6167,can,-0.1820,0.6133,2.959,0,0.000
1753,3.6167,tetrapak,-0.1610,0.2017,0.658,0,0.000
1754,3.6167,can,0.2075,0.7670,1.369,0,0.000
1755,3.6167,chips,-0.1465,0.4236,1.396,0,0.000
1756,3.6216,chips,-0.2466,0.2330,2.078,0,0.000
1757,3.6216,can,-0.2072,0.6556,2.503,0,0.000
1758,3.6216,can,0.1152,0.4979,0.348,0,0.000
1759,3.6216,tetrapak,-0.3026,0.6286,1.912,0,0.000
1760,3.6265,can,0.1375,0.5178,2.701,0,0.000
1761,3.6265,can,-0.1030,0.5498,2.844,0,0.000
1762,3.6265,chips,-0.2071,0.5314,0.168,0,0.000
1763,3.6265,chips,-0.1863,0.6311,1.952,0,0.000
1764,3.6303,tetrapak,-0.0894,0.7262,0.436,0,0.000
1765,3.6303,can,0.2290,0.7250,2.133,0,0.000
1766,3.6303,chips,-0.0916,0.7884,2.313,0,0.000
1767,3.6303,can,0.0813,0.2687,2.659,0,0.000
1768,3.6341,chips,0.0896,0.6726,0.068,0,0.000
1769,3.6341,chips,0.1953,0.5452,0.562,0,0.000
1770,3.6341,tetrapak,0.3126,0.3467,0.865,0,0.000
1771,3.6341,can,0.0537,0.1992,2.023,0,0.000
1772,3.6379,chips,-0.2349,0.2532,0.576,0,0.000
1773,3.6379,can,-0.3025,0.3492,1.318,0,0.000
1774,3.6379,tetrapak,-0.1479,0.3823,2.417,0,0.000
1775,3.6379,chips,0.2280,0.3843,1.447,0,0.000
1776,3.6416,can,-0.0784,0.4267,2.628,0,0.000
1777,3.6416,tetrapak,0.2337,0.1783,2.069,0,0.000
1778,3.6416,can,-0.2382,0.2560,2.032,0,0.000
1779,3.6416,tetrapak,-0.2586,0.4122,0.212,0,0.000
1780,3.6457,tetrapak,0.2398,0.1659,0.397,0,0.000
1781,3.6457,can,-0.1378,0.5409,2.781,0,0.000
1782,3.6457,chips,-0.1710,0.7703,2.950,0,0.000
1783,3.6457,tetrapak,0.1002,0.7869,2.059,0,0.000
1784,3.6492,can,-0.0862,0.7219,1.336,0,0.000
1785,3.6492,tetrapak,0.3173,0.6151,0.498,0,0.000
1786,3.6492,tetrapak,-0.0022,0.3971,2.040,0,0.000
1787,3.6492,can,-0.1221,0.3025,0.935,0,0.000
1788,3.6532,chips,-0.0818,0.8003,0.124,0,0.000
1789,3.6532,chips,-0.3430,0.4198,2.546,0,0.000
1790,3.6532,tetrapak,-0.2800,0.4991,0.868,0,0.000
1791,3.6532,tetrapak,-0.1281,0.3691,2.967,0,0.000
1792,3.6567,can,-0.2598,0.5608,2.149,0,0.000
1793,3.6567,can,0.3391,0.7455,1.647,0,0.000
1794,3.6567,can,-0.2705,0.6693,0.681,0,0.000
1795,3.6567,chips,-0.0826,0.8426,0.591,0,0.000
1796,3.6610,tetrapak,0.1626,0.7411,2.541,0,0.000
1797,3.6610,can,-0.1286,0.4799,0.318,0,0.000
1798,3.6610,tetrapak,-0.0925,0.6072,0.243,0,0.000
1799,3.6610,chips,0.0637,0.7252,3.111,0,0.000
1800,3.6644,tetrapak,0.1714,0.7045,0.775,0,0.000
1801,3.6644,can,-0.2003,0.7205,1.885,0,0.000
1802,3.6644,can,0.2658,0.2850,1.073,0,0.000
1803,3.6644,tetrapak,0.2083,0.4013,1.196,0,0.000
1804,3.6691,tetrapak,-0.1564,0.3166,0.572,0,0.000
1805,3.6691,can,0.3405,0.5837,1.954,0,0.000
1806,3.6691,chips,0.0705,0.7644,0.789,0,0.000
1807,3.6691,can,-0.1869,0.2912,0.669,0,0.000
1808,3.6732,tetrapak,-0.3423,0.2775,2.659,0,0.000
1809,3.6732,can,-0.0460,0.7722,1.244,0,0.000
1810,3.6732,can,0.2176,0.7037,2.731,0,0.000
1811,3.6732,tetrapak,0.2497,0.6633,1.000,0,0.000
1812,3.6769,tetrapak,0.1863,0.2238,1.319,0,0.000
1813,3.6769,can,0.2582,0.7925,2.290,0,0.000
1814,3.6769,tetrapak,-0.2101,0.6814,0.385,0,0.000
1815,3.6769,chips,0.0845,0.2105,1.413,0,0.000
1816,3.6806,chips,0.3169,0.4700,0.334,0,0.000
1817,3.6806,can,-0.2391,0.8092,2.454,0,0.000
1818,3.6806,can,0.1974,0.3562,2.881,0,0.000
1819,3.6806,tetrapak,-0.2614,0.4701,1.442,0,0.000
1820,3.6844,tetrapak,0.0874,0.8408,1.664,0,0.000
1821,3.6844,can,0.3316,0.6237,0.904,0,0.000
1822,3.6844,chips,-0.2721,0.7812,0.761,0,0.000
1823,3.6844,tetrapak,-0.0839,0.7950,2.116,0,0.000
1824,3.6887,chips,0.0089,0.7354,2.409,0,0.000
1825,3.6887,tetrapak,0.2507,0.3190,0.361,0,0.000
1826,3.6887,tetrapak,-0.0813,0.2638,2.556,0,0.000
1827,3.6887,chips,-0.3210,0.7410,2.451,0,0.000
1828,3.6922,chips,0.0841,0.1564,0.599,0,0.000
1829,3.6922,can,0.2692,0.8008,2.535,0,0.000
1830,3.6922,tetrapak,0.0830,0.2380,2.623,0,0.000
1831,3.6922,chips,-0.2906,0.1828,2.894,0,0.000
1832,3.6965,tetrapak,-0.3252,0.8103,2.303,0,0.000
1833,3.6965,tetrapak,-0.0609,0.6167,0.761,0,0.000
1834,3.6965,can,0.1665,0.4424,1.448,0,0.000
1835,3.6965,can,-0.0425,0.2557,2.623,0,0.000
1836,3.7002,can,-0.0245,0.7810,1.447,0,0.000
1837,3.7002,can,0.2190,0.3619,0.344,0,0.000
1838,3.7002,chips,-0.1388,0.2201,2.603,0,0.000
1839,3.7002,can,0.0430,0.2306,1.244,0,0.000
1840,3.7039,tetrapak,-0.0017,0.4225,1.168,0,0.000
1841,3.7039,can,0.3121,0.6144,2.586,0,0.000
1842,3.7039,can,-0.2043,0.2100,2.262,0,0.000
1843,3.7039,chips,-0.1254,0.6212,1.981,0,0.000
1844,3.7087,tetrapak,-0.2763,0.2022,1.799,0,0.000
1845,3.7087,chips,0.1387,0.4315,0.051,0,0.000
1846,3.7087,chips,0.2433,0.1703,1.782,0,0.000
1847,3.7087,tetrapak,0.2754,0.6539,1.118,0,0.000
1848,3.7133,tetrapak,0.0921,0.2000,2.297,0,0.000
1849,3.7133,can,0.2343,0.2753,1.392,0,0.000
1850,3.7133,can,-0.2961,0.7555,2.589,0,0.000
1851,3.7133,chips,-0.2095,0.6453,0.099,0,0.000
1852,3.7178,chips,-0.1028,0.4989,2.878,0,0.000
1853,3.7178,chips,-0.1998,0.3117,0.321,0,0.000
1854,3.7178,can,0.2946,0.2193,1.311,0,0.000
1855,3.7178,chips,0.3016,0.6785,0.459,0,0.000
1856,3.7215,can,0.2370,0.8184,0.557,0,0.000
1857,3.7215,chips,0.1586,0.8094,2.017,0,0.000
1858,3.7215,chips,-0.2436,0.4100,2.305,0,0.000
1859,3.7215,tetrapak,-0.3032,0.8023,2.588,0,0.000
1860,3.7256,can,0.1750,0.8138,2.967,0,0.000
1861,3.7256,chips,-0.2222,0.4097,0.908,0,0.000
1862,3.7256,chips,0.0856,0.7311,0.649,0,0.000
1863,3.7256,tetrapak,-0.1913,0.1802,1.991,0,0.000
1864,3.7298,tetrapak,-0.1162,0.8188,1.217,0,0.000
1865,3.7298,can,-0.1463,0.2026,1.720,0,0.000
1866,3.7298,chips,-0.2782,0.6490,2.916,0,0.000
1867,3.7298,tetrapak,0.0679,0.2190,0.713,0,0.000
1868,3.7346,can,0.1051,0.4644,1.944,0,0.000
1869,3.7346,can,-0.2966,0.5801,0.735,0,0.000
1870,3.7346,chips,-0.3177,0.4551,0.748,0,0.000
1871,3.7346,tetrapak,0.0836,0.5495,0.893,0,0.000
1872,3.7396,chips,0.2582,0.5779,1.638,0,0.000
1873,3.7396,can,0.2982,0.1728,2.872,0,0.000
1874,3.7396,chips,-0.0578,0.2173,1.071,0,0.000
1875,3.7396,can,0.2132,0.1531,2.875,0,0.000
1876,3.7465,can,-0.1406,0.5209,2.336,0,0.000
1877,3.7465,tetrapak,-0.0200,0.6257,2.112,0,0.000
1878,3.7465,can,-0.2906,0.6397,1.990,0,0.000
1879,3.7465,tetrapak,-0.1147,0.6161,2.476,0,0.000
1880,3.7502,can,-0.2761,0.4537,2.242,0,0.000
1881,3.7502,can,0.0260,0.6932,2.313,0,0.000
1882,3.7502,chips,-0.1947,0.5673,1.798,0,0.000
1883,3.7502,chips,0.2706,0.4715,0.624,0,0.000
1884,3.7546,can,0.0578,0.7634,2.138,0,0.000
1885,3.7546,can,-0.0780,0.2220,0.723,0,0.000
1886,3.7546,can,0.1431,0.2030,0.557,0,0.000
1887,3.7546,can,-0.0198,0.5930,1.604,0,0.000
1888,3.7587,tetrapak,-0.0190,0.2731,0.894,0,0.000
1889,3.7587,chips,0.1434,0.5133,0.809,0,0.000
1890,3.7587,tetrapak,0.0662,0.5859,1.879,0,0.000
1891,3.7587,can,-0.2378,0.2890,0.422,0,0.000
1892,3.7626,chips,0.1080,0.4347,0.907,0,0.000
1893,3.7626,chips,-0.2395,0.4838,0.862,0,0.000
1894,3.7626,can,-0.3219,0.5077,0.144,0,0.000
1895,3.7626,tetrapak,0.1968,0.2663,1.653,0,0.000
1896,3.7671,chips,-0.1704,0.7122,3.060,0,0.000
1897,3.7671,can,-0.2773,0.4025,2.603,0,0.000
1898,3.7671,chips,0.3372,0.3392,1.831,0,0.000
1899,3.7671,chips,-0.1276,0.1581,1.353,0,0.000
1900,3.7720,chips,0.1311,0.2194,3.014,0,0.000
1901,3.7720,chips,-0.2387,0.5580,1.456,0,0.000
1902,3.7720,chips,-0.1147,0.3981,0.968,0,0.000
1903,3.7720,can,-0.1379,0.3295,0.346,0,0.000
1904,3.7784,tetrapak,-0.0588,0.4261,0.453,0,0.000
1905,3.7784,chips,0.1537,0.2618,2.018,0,0.000
1906,3.7784,can,-0.0246,0.6746,1.187,0,0.000
1907,3.7784,chips,0.1789,0.2227,1.135,0,0.000
1908,3.7838,tetrapak,-0.2326,0.5899,1.415,0,0.000
1909,3.7838,can,-0.3162,0.6660,1.629,0,0.000
1910,3.7838,chips,0.1176,0.7670,2.460,0,0.000
1911,3.7838,can,0.2082,0.3017,0.502,0,0.000
1912,3.7879,chips,-0.2321,0.5959,2.320,0,0.000
1913,3.7879,chips,-0.0631,0.6922,2.627,0,0.000
1914,3.7879,can,-0.0895,0.5865,2.286,0,0.000
1915,3.7879,chips,0.3185,0.6672,1.874,0,0.000
1916,3.7942,chips,0.1323,0.5307,0.103,0,0.000
1917,3.7942,can,-0.2787,0.5326,0.824,0,0.000
1918,3.7942,chips,0.2331,0.3860,1.358,0,0.000
1919,3.7942,tetrapak,0.1595,0.4238,0.677,0,0.000
1920,3.7986,chips,0.1974,0.5577,1.202,0,0.000
1921,3.7986,chips,-0.1238,0.8171,2.610,0,0.000
1922,3.7986,tetrapak,-0.1866,0.7873,1.017,0,0.000
1923,3.7986,tetrapak,0.1612,0.1856,1.654,0,0.000
1924,3.8024,can,0.2656,0.3815,1.767,0,0.000
1925,3.8024,tetrapak,0.1770,0.7664,2.505,0,0.000
1926,3.8024,can,0.1564,0.1918,0.905,0,0.000
1927,3.8024,can,0.2949,0.6235,0.273,0,0.000
1928,3.8097,chips,-0.2004,0.3198,0.692,0,0.000
1929,3.8097,tetrapak,-0.1189,0.6366,0.013,0,0.000
1930,3.8097,tetrapak,-0.2130,0.1668,0.124,0,0.000
1931,3.8097,chips,-0.0990,0.4769,1.169,0,0.000
1932,3.8144,can,-0.2771,0.1613,2.778,0,0.000
1933,3.8144,can,-0.0092,0.2520,2.337,0,0.000
1934,3.8144,chips,0.0512,0.7450,2.743,0,0.000
1935,3.8144,chips,0.1694,0.4736,0.774,0,0.000
1936,3.8187,chips,0.0662,0.4020,1.980,0,0.000
1937,3.8187,tetrapak,0.2138,0.7909,1.688,0,0.000
1938,3.8187,can,0.1496,0.6122,2.080,0,0.000
1939,3.8187,chips,-0.2660,0.4057,3.059,0,0.000
1940,3.8261,chips,0.1941,0.6748,1.624,0,0.000
1941,3.8261,chips,-0.2661,0.4952,3.042,0,0.000
1942,3.8261,tetrapak,0.1059,0.5356,0.368,0,0.000
1943,3.8261,tetrapak,0.2761,0.4594,3.058,0,0.000
1944,3.8309,tetrapak,0.2478,0.2400,2.171,0,0.000
1945,3.8309,can,0.0491,0.6655,1.754,0,0.000
1946,3.8309,chips,0.0776,0.6449,3.075,0,0.000
1947,3.8309,can,0.0099,0.5667,2.573,0,0.000
1948,3.8346,tetrapak,-0.1297,0.2504,2.786,0,0.000
1949,3.8346,can,0.2800,0.6799,1.817,0,0.000
1950,3.8346,can,-0.2412,0.3337,2.103,0,0.000
1951,3.8346,tetrapak,0.0609,0.4787,0.284,0,0.000
1952,3.8395,can,0.3264,0.5549,1.789,0,0.000
1953,3.8395,tetrapak,0.1280,0.4281,2.857,0,0.000
1954,3.8395,chips,0.1759,0.7165,2.562,0,0.000
1955,3.8395,can,-0.0380,0.5215,2.231,0,0.000
1956,3.8446,chips,-0.2237,0.5010,2.686,0,0.000
1957,3.8446,tetrapak,0.3427,0.4382,2.415,0,0.000
1958,3.8446,tetrapak,0.0548,0.1857,2.888,0,0.000
1959,3.8446,tetrapak,-0.2019,0.1820,2.369,0,0.000
1960,3.8487,chips,-0.0280,0.7070,2.293,0,0.000
1961,3.8487,chips,0.2182,0.4981,1.426,0,0.000
1962,3.8487,can,0.2671,0.4628,2.814,0,0.000
1963,3.8487,tetrapak,0.0814,0.2544,2.499,0,0.000
1964,3.8528,chips,-0.2336,0.1585,2.115,0,0.000
1965,3.8528,chips,-0.1090,0.4717,3.066,0,0.000
1966,3.8528,tetrapak,0.1457,0.6093,0.997,0,0.000
1967,3.8528,chips,0.1136,0.2073,0.647,0,0.000
1968,3.8582,can,-0.0330,0.8376,1.131,0,0.000
1969,3.8582,chips,0.0981,0.5416,1.707,0,0.000
1970,3.8582,chips,-0.2767,0.3778,1.493,0,0.000
1971,3.8582,can,-0.0244,0.6024,0.109,0,0.000
1972,3.8640,chips,0.2850,0.3120,0.241,0,0.000
1973,3.8640,can,0.0951,0.7185,2.900,0,0.000
1974,3.8640,tetrapak,-0.0790,0.8303,1.152,0,0.000
1975,3.8640,tetrapak,0.1422,0.5482,0.941,0,0.000
1976,3.8686,tetrapak,-0.0672,0.2658,2.607,0,0.000
1977,3.8686,tetrapak,0.2700,0.7366,0.111,0,0.000
1978,3.8686,tetrapak,0.2172,0.3673,0.588,0,0.000
1979,3.8686,tetrapak,-0.3001,0.3316,1.166,0,0.000
1980,3.8733,can,-0.2018,0.6970,0.864,0,0.000
1981,3.8733,tetrapak,0.1827,0.4355,0.363,0,0.000
1982,3.8733,tetrapak,-0.0675,0.4746,1.508,0,0.000
1983,3.8733,chips,0.0881,0.1714,2.234,0,0.000
1984,3.8790,tetrapak,-0.3279,0.1943,1.012,0,0.000
1985,3.8790,tetrapak,-0.1805,0.2032,1.657,0,0.000
1986,3.8790,can,0.0191,0.7139,2.770,0,0.000
1987,3.8790,tetrapak,-0.3030,0.6453,1.647,0,0.000
1988,3.8830,chips,-0.0006,0.7221,1.061,0,0.000
1989,3.8830,chips,-0.3437,0.8148,1.062,0,0.000
1990,3.8830,can,-0.2904,0.5911,2.135,0,0.000
1991,3.8830,chips,0.2875,0.7540,2.840,0,0.000
1992,3.8877,can,0.2062,0.4384,1.124,0,0.000
1993,3.8877,chips,0.1206,0.5536,2.886,0,0.000
1994,3.8877,tetrapak,-0.1115,0.4454,0.967,0,0.000
1995,3.8877,chips,0.2384,0.2846,0.403,0,0.000
1996,3.8933,tetrapak,0.1641,0.5912,1.263,0,0.000
1997,3.8933,tetrapak,0.1088,0.6947,0.295,0,0.000
1998,3.8933,can,-0.0908,0.1729,2.954,0,0.000
1999,3.8933,tetrapak,0.0825,0.3153,2.339,0,0.000
2000,3.8977,tetrapak,0.0375,0.8313,3.103,0,0.000
2001,3.8977,can,-0.2039,0.6541,1.680,0,0.000
2002,3.8977,can,-0.2553,0.2974,2.369,0,0.000
2003,3.8977,can,0.3322,0.8151,0.057,0,0.000
2004,3.9014,tetrapak,-0.1786,0.8206,2.020,0,0.000
2005,3.9014,can,0.0092,0.4627,0.965,0,0.000
2006,3.9014,tetrapak,0.3110,0.7901,1.925,0,0.000
2007,3.9014,tetrapak,-0.1908,0.7468,1.901,0,0.000
2008,3.9064,can,0.0750,0.2082,2.088,0,0.000
2009,3.9064,can,0.0089,0.6823,0.873,0,0.000
2010,3.9064,can,0.3203,0.8404,2.058,0,0.000
2011,3.9064,tetrapak,0.0509,0.7162,0.135,0,0.000
2012,3.9106,can,-0.0681,0.4176,0.637,0,0.000
2013,3.9106,tetrapak,0.1633,0.5813,1.068,0,0.000
2014,3.9106,tetrapak,-0.2124,0.2716,1.052,0,0.000
2015,3.9106,chips,-0.0512,0.4357,1.212,0,0.000
2016,3.9143,chips,-0.0194,0.5238,2.829,0,0.000
2017,3.9143,tetrapak,0.0327,0.6193,1.193,0,0.000
2018,3.9143,can,0.1304,0.2308,0.739,0,0.000
2019,3.9143,can,0.2013,0.7870,0.320,0,0.000
2020,3.9184,can,-0.3087,0.3200,2.216,0,0.000
2021,3.9184,tetrapak,0.1260,0.5651,0.113,0,0.000
2022,3.9184,tetrapak,-0.1036,0.6082,0.363,0,0.000
2023,3.9184,can,-0.0174,0.3451,1.581,0,0.000
2024,3.9231,tetrapak,-0.2837,0.1760,0.391,0,0.000
2025,3.9231,chips,0.2016,0.6144,0.829,0,0.000
2026,3.9231,tetrapak,0.0684,0.2440,0.314,0,0.000
2027,3.9231,tetrapak,-0.2468,0.5694,1.173,0,0.000
2028,3.9284,chips,-0.2226,0.2473,0.733,0,0.000
2029,3.9284,can,0.2648,0.6945,2.424,0,0.000
2030,3.9284,chips,0.0298,0.4562,0.647,0,0.000
2031,3.9284,chips,0.1705,0.3896,2.148,0,0.000
2032,3.9335,chips,-0.2615,0.5972,0.486,0,0.000
2033,3.9335,chips,0.0551,0.8008,0.353,0,0.000
2034,3.9335,can,0.2010,0.1670,2.610,0,0.000
2035,3.9335,can,-0.1831,0.2995,2.479,0,0.000
2036,3.9380,chips,0.0660,0.3431,0.472,0,0.000
2037,3.9380,can,-0.0437,0.7919,0.297,0,0.000
2038,3.9380,chips,0.0618,0.7479,3.100,0,0.000
2039,3.9380,can,-0.2455,0.4405,0.764,0,0.000
2040,3.9449,tetrapak,0.3237,0.6012,1.549,0,0.000
2041,3.9449,chips,-0.1835,0.8122,2.410,0,0.000
2042,3.9449,chips,0.2827,0.8068,2.425,0,0.000
2043,3.9449,can,-0.2988,0.2534,1.781,0,0.000
2044,3.9489,tetrapak,-0.1559,0.5122,3.076,0,0.000
2045,3.9489,can,0.2257,0.6313,2.555,0,0.000
2046,3.9489,chips,-0.3312,0.5905,1.606,0,0.000
2047,3.9489,chips,0.1846,0.4294,0.305,0,0.000
2048,3.9528,tetrapak,-0.1071,0.8383,1.816,0,0.000
2049,3.9528,chips,0.2999,0.4331,0.524,0,0.000
2050,3.9528,tetrapak,-0.0783,0.5610,1.739,0,0.000
2051,3.9528,can,0.0775,0.5503,2.309,0,0.000
2052,3.9594,chips,-0.3339,0.4654,0.651,0,0.000
2053,3.9594,chips,0.2015,0.2276,2.705,0,0.000
2054,3.9594,can,0.2306,0.5952,0.916,0,0.000
2055,3.9594,chips,0.0708,0.8030,0.419,0,0.000
2056,3.9632,can,-0.2616,0.4849,0.750,0,0.000
2057,3.9632,chips,-0.1878,0.1871,2.564,0,0.000
2058,3.9632,chips,0.3267,0.6756,2.321,0,0.000
2059,3.9632,chips,-0.1189,0.3260,0.867,0,0.000
2060,3.9675,tetrapak,-0.1948,0.4574,2.061,0,0.000
2061,3.9675,tetrapak,-0.1621,0.7766,1.552,0,0.000
2062,3.9675,chips,-0.0327,0.7412,2.319,0,0.000
2063,3.9675,chips,0.0174,0.2676,2.455,0,0.000
2064,3.9717,chips,-0.1484,0.1689,1.315,0,0.000
2065,3.9717,tetrapak,-0.0890,0.3301,2.354,0,0.000
2066,3.9717,tetrapak,-0.1723,0.7842,2.420,0,0.000
2067,3.9717,tetrapak,-0.0604,0.8080,0.750,0,0.000
2068,3.9792,tetrapak,-0.2221,0.3130,2.691,0,0.000
2069,3.9792,can,0.0356,0.3113,0.146,0,0.000
2070,3.9792,tetrapak,-0.2196,0.5312,1.312,0,0.000
2071,3.9792,tetrapak,0.1622,0.6146,0.184,0,0.000
2072,3.9831,chips,-0.1553,0.2078,2.742,0,0.000
2073,3.9831,tetrapak,-0.1259,0.1697,1.721,0,0.000
2074,3.9831,can,0.3090,0.7247,0.554,0,0.000
2075,3.9831,can,-0.2610,0.2780,0.441,0,0.000
2076,3.9866,tetrapak,0.0813,0.7680,2.132,0,0.000
2077,3.9866,can,0.2311,0.6373,2.338,0,0.000
2078,3.9866,can,-0.1161,0.4611,2.686,0,0.000
2079,3.9866,chips,-0.2698,0.5130,0.437,0,0.000
2080,3.9902,can,-0.0776,0.2086,1.313,0,0.000
2081,3.9902,tetrapak,0.3331,0.3933,0.494,0,0.000
2082,3.9902,can,-0.2541,0.6488,1.091,0,0.000
2083,3.9902,chips,0.2323,0.6529,0.688,0,0.000
2084,3.9950,can,0.3064,0.6920,0.136,0,0.000
2085,3.9950,can,-0.1477,0.2715,1.253,0,0.000
2086,3.9950,chips,0.3351,0.7340,0.861,0,0.000
2087,3.9950,tetrapak,0.1498,0.2295,0.415,0,0.000
2088,3.9992,tetrapak,0.3007,0.5495,0.155,0,0.000
2089,3.9992,tetrapak,-0.0968,0.5019,1.929,0,0.000
2090,3.9992,tetrapak,-0.1663,0.7162,2.081,0,0.000
2091,3.9992,tetrapak,0.0805,0.4185,1.667,0,0.000
2092,4.0033,chips,-0.3440,0.2211,0.553,0,0.000
2093,4.0033,can,-0.0698,0.2566,1.082,0,0.000
2094,4.0033,can,0.0637,0.4636,2.465,0,0.000
2095,4.0033,tetrapak,-0.1750,0.3811,2.303,0,0.000
2096,4.0084,chips,0.2292,0.2088,0.981,0,0.000
2097,4.0084,chips,-0.2214,0.3276,2.178,0,0.000
2098,4.0084,tetrapak,-0.2725,0.7581,0.208,0,0.000
2099,4.0084,can,-0.0172,0.3072,2.483,0,0.000
2100,4.0125,tetrapak,-0.0469,0.3868,1.735,0,0.000
2101,4.0125,can,0.1565,0.3875,2.591,0,0.000
2102,4.0125,can,0.1685,0.2176,1.284,0,0.000
2103,4.0125,can,0.1930,0.6734,2.125,0,0.000
2104,4.0170,chips,0.0765,0.7875,2.572,0,0.000
2105,4.0170,tetrapak,-0.2708,0.5105,0.190,0,0.000
2106,4.0170,tetrapak,-0.0030,0.7997,0.082,0,0.000
2107,4.0170,chips,-0.0304,0.2711,3.029,0,0.000
2108,4.0206,tetrapak,-0.0177,0.2873,0.715,0,0.000
2109,4.0206,chips,0.1897,0.7510,0.731,0,0.000
2110,4.0206,tetrapak,0.2213,0.2108,0.860,0,0.000
2111,4.0206,chips,-0.2493,0.6477,0.348,0,0.000
2112,4.0251,chips,0.2708,0.8049,1.430,0,0.000
2113,4.0251,chips,-0.1905,0.3611,0.866,0,0.000
2114,4.0251,chips,-0.1924,0.5111,0.591,0,0.000
2115,4.0251,tetrapak,0.1998,0.6737,1.101,0,0.000
2116,4.0290,chips,0.0190,0.5779,0.704,0,0.000
2117,4.0290,chips,0.1560,0.2723,0.959,0,0.000
2118,4.0290,tetrapak,-0.1493,0.4239,2.565,0,0.000
2119,4.0290,tetrapak,-0.3420,0.3121,1.988,0,0.000
2120,4.0333,can,0.0892,0.4477,1.839,0,0.000
2121,4.0333,can,-0.0699,0.3137,2.111,0,0.000
2122,4.0333,chips,0.3025,0.5525,0.242,0,0.000
2123,4.0333,chips,0.2146,0.1598,2.339,0,0.000
2124,4.0371,chips,-0.2785,0.2040,2.723,0,0.000
2125,4.0371,can,0.1269,0.7952,0.382,0,0.000
2126,4.0371,chips,0.0654,0.7829,2.198,0,0.000
2127,4.0371,tetrapak,-0.2756,0.5073,1.395,0,0.000
2128,4.0409,chips,-0.3392,0.2831,0.318,0,0.000
2129,4.0409,can,0.3390,0.1682,0.311,0,0.000
2130,4.0409,tetrapak,0.2375,0.1868,1.615,0,0.000
2131,4.0409,tetrapak,0.0008,0.2941,2.535,0,0.000
2132,4.0449,chips,0.3409,0.1671,2.886,0,0.000
2133,4.0449,tetrapak,0.0540,0.4289,0.556,0,0.000
2134,4.0449,chips,-0.2074,0.2715,2.112,0,0.000
2135,4.0449,tetrapak,0.1295,0.1885,2.483,0,0.000
2136,4.0487,can,0.2397,0.7550,1.179,0,0.000
2137,4.0487,chips,0.0299,0.3480,2.298,0,0.000
2138,4.0487,can,0.0856,0.1885,0.531,0,0.000
2139,4.0487,can,0.1291,0.2904,1.467,0,0.000
2140,4.0526,can,-0.2291,0.5931,2.594,0,0.000
2141,4.0526,can,-0.2076,0.7161,1.181,0,0.000
2142,4.0526,can,0.0209,0.6641,0.296,0,0.000
2143,4.0526,can,-0.1925,0.5954,3.023,0,0.000
2144,4.0663,chips,0.2091,0.8076,1.959,0,0.000
2145,4.0663,chips,-0.0905,0.5963,0.888,0,0.000
2146,4.0663,tetrapak,0.3070,0.7749,1.037,0,0.000
2147,4.0663,can,-0.3001,0.8465,0.008,0,0.000
2148,4.0704,tetrapak,0.1005,0.6127,1.860,0,0.000
2149,4.0704,can,0.3206,0.2873,2.207,0,0.000
2150,4.0704,can,0.0351,0.7846,2.223,0,0.000
2151,4.0704,tetrapak,-0.3067,0.7121,2.789,0,0.000
2152,4.0768,chips,-0.2900,0.3048,2.463,0,0.000
2153,4.0768,tetrapak,0.2466,0.4755,3.017,0,0.000
2154,4.0768,chips,-0.2320,0.7152,0.765,0,0.000
2155,4.0768,chips,0.2727,0.2244,0.400,0,0.000
2156,4.0804,can,0.3314,0.5759,0.341,0,0.000
2157,4.0804,tetrapak,0.2508,0.7018,0.131,0,0.000
2158,4.0804,chips,-0.0447,0.1691,0.619,0,0.000
2159,4.0804,tetrapak,0.2906,0.6331,2.707,0,0.000
2160,4.0844,can,0.0632,0.4758,0.630,0,0.000
2161,4.0844,chips,-0.0529,0.5099,2.546,0,0.000
2162,4.0844,chips,0.3273,0.4039,0.665,0,0.000
2163,4.0844,can,0.0488,0.3015,0.196,0,0.000
2164,4.0884,chips,-0.1198,0.5428,0.698,0,0.000
2165,4.0884,chips,-0.1080,0.6183,2.218,0,0.000
2166,4.0884,chips,-0.0155,0.3189,3.125,0,0.000
2167,4.0884,chips,0.2790,0.8270,1.623,0,0.000
2168,4.0924,chips,0.2926,0.4567,1.920,0,0.000
2169,4.0924,tetrapak,-0.3412,0.4601,0.268,0,0.000
2170,4.0924,tetrapak,0.1717,0.4387,0.130,0,0.000
2171,4.0924,tetrapak,0.1768,0.2575,0.621,0,0.000
2172,4.0966,chips,0.0904,0.6660,1.573,0,0.000
2173,4.0966,chips,-0.2583,0.7757,0.577,0,0.000
2174,4.0966,chips,-0.1914,0.4410,0.386,0,0.000
2175,4.0966,tetrapak,-0.1917,0.1916,2.277,0,0.000
2176,4.1006,chips,-0.0157,0.3988,1.523,0,0.000
2177,4.1006,can,-0.1148,0.3130,2.424,0,0.000
2178,4.1006,chips,0.0693,0.8058,0.627,0,0.000
2179,4.1006,tetrapak,0.1500,0.2759,2.598,0,0.000
2180,4.1055,chips,-0.3339,0.2754,0.021,0,0.000
2181,4.1055,chips,0.2390,0.8254,0.649,0,0.000
2182,4.1055,can,0.3292,0.2289,1.101,0,0.000
2183,4.1055,can,0.1592,0.8319,1.047,0,0.000
2184,4.1114,chips,-0.2243,0.3004,0.487,0,0.000
2185,4.1114,can,-0.0693,0.2186,2.598,0,0.000
2186,4.1114,tetrapak,0.2359,0.7071,0.121,0,0.000
2187,4.1114,chips,-0.2361,0.2308,1.420,0,0.000
2188,4.1161,tetrapak,0.2275,0.6336,2.687,0,0.000
2189,4.1161,tetrapak,-0.0432,0.4923,2.791,0,0.000
2190,4.1161,tetrapak,-0.2361,0.3446,2.926,0,0.000
2191,4.1161,chips,-0.0462,0.2398,2.952,0,0.000
2192,4.1200,can,-0.1107,0.2435,2.719,0,0.000
2193,4.1200,tetrapak,0.2320,0.6934,2.428,0,0.000
2194,4.1200,chips,-0.0314,0.5749,2.077,0,0.000
2195,4.1200,can,-0.0606,0.6881,0.629,0,0.000
2196,4.1239,chips,0.2112,0.5104,0.148,0,0.000
2197,4.1239,chips,0.0494,0.2221,1.023,0,0.000
2198,4.1239,can,0.1785,0.4272,1.512,0,0.000
2199,4.1239,tetrapak,-0.2162,0.2860,2.851,0,0.000
2200,4.1334,can,0.0095,0.5737,2.370,0,0.000
2201,4.1334,tetrapak,-0.1538,0.1700,2.168,0,0.000
2202,4.1334,can,-0.2757,0.2374,2.228,0,0.000
2203,4.1334,can,-0.1180,0.2078,1.218,0,0.000
2204,4.1377,tetrapak,-0.2087,0.2900,2.765,0,0.000
2205,4.1377,tetrapak,0.0906,0.2154,0.974,0,0.000
2206,4.1377,chips,-0.0211,0.7080,3.001,0,0.000
2207,4.1377,tetrapak,0.2577,0.7940,0.602,0,0.000
2208,4.1440,chips,-0.1309,0.8141,1.305,0,0.000
2209,4.1440,tetrapak,0.2322,0.1962,1.440,0,0.000
2210,4.1440,tetrapak,-0.2687,0.7152,2.711,0,0.000
2211,4.1440,can,-0.2633,0.5607,2.962,0,0.000
2212,4.1512,chips,-0.1791,0.2627,0.469,0,0.000
2213,4.1512,chips,-0.2791,0.7554,0.753,0,0.000
2214,4.1512,chips,-0.0129,0.6276,1.992,0,0.000
2215,4.1512,tetrapak,-0.0249,0.4331,1.057,0,0.000
2216,4.1557,can,-0.0487,0.2664,2.100,0,0.000
2217,4.1557,tetrapak,-0.0041,0.6034,0.481,1,0.000
2218,4.1557,tetrapak,0.1553,0.6430,1.249,0,0.000
2219,4.1557,can,-0.0483,0.7185,1.750,0,0.000
2220,4.1594,chips,0.2394,0.4241,2.584,0,0.000
2221,4.1594,can,-0.1983,0.7984,2.675,0,0.000
2222,4.1594,tetrapak,0.0172,0.7292,2.777,0,0.000
2223,4.1594,can,0.0890,0.2703,0.355,0,0.000
2224,4.1636,tetrapak,-0.0142,0.6228,0.055,0,0.000
2225,4.1636,tetrapak,0.1276,0.2426,1.649,0,0.000
2226,4.1636,tetrapak,0.1609,0.6521,2.689,0,0.000
2227,4.1636,chips,0.3460,0.2912,2.158,0,0.000
2228,4.1672,can,0.2114,0.8128,0.116,0,0.000
2229,4.1672,chips,-0.1148,0.2315,0.204,0,0.000
2230,4.1672,can,-0.0193,0.2341,1.602,0,0.000
2231,4.1672,can,0.3398,0.3140,1.717,0,0.000
2232,4.1710,can,-0.1671,0.7776,0.971,0,0.000
2233,4.1710,tetrapak,0.1955,0.4669,2.361,0,0.000
2234,4.1710,chips,0.2446,0.2550,0.798,0,0.000
2235,4.1710,tetrapak,0.3274,0.5070,1.964,0,0.000
2236,4.1751,can,-0.1828,0.1697,0.210,0,0.000
2237,4.1751,can,0.0083,0.2005,2.444,0,0.000
2238,4.1751,chips,-0.2938,0.6510,2.002,0,0.000
2239,4.1751,tetrapak,0.0429,0.8463,2.228,0,0.000
2240,4.1787,tetrapak,-0.0984,0.5704,1.753,0,0.000
2241,4.1787,tetrapak,0.2171,0.4270,2.981,0,0.000
2242,4.1787,can,0.1301,0.7637,1.607,0,0.000
2243,4.1787,can,0.0790,0.5577,0.344,0,0.000
2244,4.1824,can,0.1533,0.2487,0.533,0,0.000
2245,4.1824,can,-0.1159,0.2805,2.244,0,0.000
2246,4.1824,can,-0.0709,0.7351,1.120,0,0.000
2247,4.1824,chips,-0.1236,0.2188,0.740,0,0.000
2248,4.1865,can,-0.3447,0.5233,1.701,0,0.000
2249,4.1865,can,-0.2946,0.2560,2.531,0,0.000
2250,4.1865,chips,-0.0251,0.2587,1.663,0,0.000
2251,4.1865,chips,-0.1136,0.2850,0.041,0,0.000
2252,4.1903,tetrapak,-0.0773,0.2674,2.597,0,0.000
2253,4.1903,chips,0.1215,0.8335,2.916,0,0.000
2254,4.1903,tetrapak,0.1833,0.7970,2.749,0,0.000
2255,4.1903,tetrapak,0.0408,0.7174,0.580,0,0.000
2256,4.1938,tetrapak,0.1170,0.6072,0.321,0,0.000
2257,4.1938,chips,-0.1277,0.1664,0.414,0,0.000
2258,4.1938,tetrapak,-0.0972,0.1947,2.734,0,0.000
2259,4.1938,chips,0.0548,0.7066,2.697,0,0.000
2260,4.1980,tetrapak,-0.2959,0.2670,0.990,0,0.000
2261,4.1980,can,-0.1672,0.6045,2.756,0,0.000
2262,4.1980,tetrapak,-0.2661,0.2871,0.611,0,0.000
2263,4.1980,chips,0.0562,0.6054,2.147,0,0.000
2264,4.2015,tetrapak,0.0916,0.3258,1.620,0,0.000
2265,4.2015,tetrapak,0.2361,0.4163,0.369,0,0.000
2266,4.2015,can,-0.1579,0.5801,1.086,0,0.000
2267,4.2015,can,0.3196,0.3026,1.899,0,0.000
2268,4.2050,tetrapak,-0.3192,0.6078,2.489,0,0.000
2269,4.2050,tetrapak,0.2970,0.4299,0.454,0,0.000
2270,4.2050,chips,-0.2903,0.3446,0.163,0,0.000
2271,4.2050,tetrapak,-0.2464,0.3053,1.073,0,0.000
2272,4.2087,tetrapak,0.2391,0.7560,2.187,0,0.000
2273,4.2087,tetrapak,-0.3185,0.2296,2.321,0,0.000
2274,4.2087,tetrapak,0.0455,0.7094,1.397,0,0.000
2275,4.2087,can,0.3128,0.5641,0.876,0,0.000
2276,4.2125,tetrapak,-0.2621,0.7260,2.008,0,0.000
2277,4.2125,tetrapak,0.0706,0.5260,1.303,0,0.000
2278,4.2125,can,0.3200,0.4378,1.212,0,0.000
2279,4.2125,tetrapak,-0.1886,0.8480,2.722,0,0.000
2280,4.2163,tetrapak,0.2210,0.4440,2.706,0,0.000
2281,4.2163,chips,-0.3171,0.2396,3.081,0,0.000
2282,4.2163,tetrapak,-0.3071,0.5399,2.045,0,0.000
2283,4.2163,can,-0.2465,0.1706,2.418,0,0.000
2284,4.2199,chips,-0.2971,0.3652,3.130,0,0.000
2285,4.2199,chips,0.1644,0.1658,0.387,0,0.000
2286,4.2199,can,-0.0552,0.5807,1.521,0,0.000
2287,4.2199,can,-0.1557,0.4056,0.102,0,0.000
2288,4.2239,chips,-0.0368,0.3091,1.965,0,0.000
2289,4.2239,tetrapak,0.2362,0.4957,0.283,0,0.000
2290,4.2239,chips,-0.0722,0.4700,0.469,0,0.000
2291,4.2239,can,0.2431,0.7799,2.311,0,0.000
2292,4.2286,tetrapak,0.3217,0.6532,0.448,0,0.000
2293,4.2286,chips,-0.1102,0.1790,2.391,0,0.000
2294,4.2286,chips,0.3295,0.5767,2.986,0,0.000
2295,4.2286,can,0.1988,0.2697,3.116,0,0.000
2296,4.2335,tetrapak,-0.1344,0.5670,0.035,1,0.000
2297,4.2335,can,-0.2385,0.7415,0.550,0,0.000
2298,4.2335,tetrapak,-0.0002,0.4931,0.933,0,0.000
2299,4.2335,chips,0.0647,0.4045,2.494,0,0.000
2300,4.2379,tetrapak,-0.2267,0.3677,2.971,0,0.000
2301,4.2379,chips,-0.1635,0.4242,2.170,0,0.000
2302,4.2379,tetrapak,-0.2254,0.7737,1.430,0,0.000
2303,4.2379,can,-0.3008,0.3780,0.663,0,0.000
2304,4.2420,tetrapak,0.1373,0.6653,2.905,0,0.000
2305,4.2420,tetrapak,0.2762,0.2760,0.321,0,0.000
2306,4.2420,can,0.3278,0.6360,2.070,0,0.000
2307,4.2420,can,-0.1107,0.5527,1.439,0,0.000
2308,4.2486,can,-0.1742,0.7277,0.920,0,0.000
2309,4.2486,tetrapak,-0.2273,0.5584,2.596,0,0.000
2310,4.2486,tetrapak,0.3340,0.6616,0.652,0,0.000
2311,4.2486,tetrapak,-0.1510,0.4966,2.237,0,0.000
2312,4.2525,can,0.0070,0.2827,0.088,0,0.000
2313,4.2525,chips,0.1332,0.7933,0.413,0,0.000
2314,4.2525,can,0.1247,0.2633,1.503,0,0.000
2315,4.2525,chips,-0.2407,0.5999,0.891,0,0.000
2316,4.2565,chips,0.2134,0.4837,0.673,0,0.000
2317,4.2565,tetrapak,-0.1800,0.2045,1.971,0,0.000
2318,4.2565,can,-0.2764,0.2881,1.003,0,0.000
2319,4.2565,tetrapak,0.1889,0.3337,0.594,0,0.000
2320,4.2606,can,-0.2198,0.2487,0.670,0,0.000
2321,4.2606,can,-0.2998,0.1712,0.496,0,0.000
2322,4.2606,tetrapak,-0.1784,0.8198,3.071,0,0.000
2323,4.2606,can,-0.2877,0.4207,2.772,0,0.000
2324,4.2669,chips,0.2113,0.7790,3.015,0,0.000
2325,4.2669,tetrapak,0.2284,0.5387,0.871,0,0.000
2326,4.2669,chips,0.1885,0.5811,0.929,0,0.000
2327,4.2669,tetrapak,-0.1702,0.4162,2.978,0,0.000
2328,4.2726,chips,0.0814,0.7779,0.290,0,0.000
2329,4.2726,tetrapak,-0.1668,0.1848,3.042,0,0.000
2330,4.2726,tetrapak,-0.2823,0.2614,1.979,0,0.000
2331,4.2726,tetrapak,-0.0329,0.7866,2.362,0,0.000
2332,4.2766,chips,-0.0500,0.3594,0.253,0,0.000
2333,4.2766,tetrapak,-0.1468,0.6941,2.383,0,0.000
2334,4.2766,chips,0.3402,0.1876,0.893,0,0.000
2335,4.2766,can,0.2181,0.4831,1.321,0,0.000
2336,4.2800,chips,-0.1089,0.3378,1.745,0,0.000
2337,4.2800,chips,-0.0955,0.1931,1.360,0,0.000
2338,4.2800,can,0.1458,0.3538,0.167,0,0.000
2339,4.2800,chips,-0.2504,0.6777,0.374,0,0.000
2340,4.2840,chips,0.1808,0.6967,0.303,0,0.000
2341,4.2840,can,0.0575,0.6070,2.874,0,0.000
2342,4.2840,tetrapak,0.1382,0.2626,1.833,0,0.000
2343,4.2840,chips,0.2329,0.6414,2.286,0,0.000
2344,4.2882,can,-0.2642,0.4341,0.255,0,0.000
2345,4.2882,chips,-0.1098,0.6782,0.903,0,0.000
2346,4.2882,tetrapak,-0.3117,0.1731,0.209,0,0.000
2347,4.2882,tetrapak,0.1397,0.8112,1.276,0,0.000
2348,4.2922,can,0.2102,0.1981,2.057,0,0.000
2349,4.2922,can,0.1233,0.7262,0.232,0,0.000
2350,4.2922,tetrapak,0.2827,0.2535,0.954,0,0.000
2351,4.2922,chips,0.0840,0.5262,0.734,0,0.000
2352,4.2960,tetrapak,0.2737,0.3542,2.715,0,0.000
2353,4.2960,tetrapak,0.1364,0.6944,2.551,0,0.000
2354,4.2960,tetrapak,-0.1954,0.6871,2.834,0,0.000
2355,4.2960,chips,0.0125,0.3672,1.915,0,0.000
2356,4.3004,chips,0.0863,0.2362,1.407,0,0.000
2357,4.3004,can,0.2784,0.8072,2.455,0,0.000
2358,4.3004,can,-0.2802,0.6748,2.439,0,0.000
2359,4.3004,can,-0.2423,0.8331,1.482,0,0.000
2360,4.3044,chips,0.0456,0.2851,2.995,0,0.000
2361,4.3044,chips,0.2121,0.6865,1.438,0,0.000
2362,4.3044,tetrapak,0.2329,0.7570,2.437,0,0.000
2363,4.3044,chips,-0.2451,0.2177,1.394,0,0.000
2364,4.3085,chips,0.0936,0.4557,0.068,0,0.000
2365,4.3085,chips,0.2227,0.6351,1.666,0,0.000
2366,4.3085,can,0.1219,0.6708,1.137,0,0.000
2367,4.3085,chips,0.1585,0.7906,1.748,0,0.000
2368,4.3130,tetrapak,0.0676,0.4648,2.888,0,0.000
2369,4.3130,chips,-0.0329,0.3071,1.704,0,0.000
2370,4.3130,chips,-0.0883,0.5838,2.339,0,0.000
2371,4.3130,chips,0.3229,0.2993,0.381,0,0.000
2372,4.3172,can,0.0194,0.4498,2.124,0,0.000
2373,4.3172,tetrapak,0.2207,0.7976,2.900,0,0.000
2374,4.3172,chips,0.0170,0.6643,1.900,0,0.000
2375,4.3172,can,0.0739,0.7211,2.395,0,0.000
2376,4.3211,chips,0.2448,0.2935,0.039,0,0.000
2377,4.3211,chips,0.1922,0.7017,0.287,0,0.000
2378,4.3211,chips,0.0018,0.2299,2.414,0,0.000
2379,4.3211,can,-0.0869,0.7280,2.248,0,0.000
2380,4.3251,tetrapak,0.2861,0.6746,0.259,0,0.000
2381,4.3251,chips,-0.3263,0.7803,0.832,0,0.000
2382,4.3251,tetrapak,0.2635,0.5322,0.669,0,0.000
2383,4.3251,tetrapak,0.1436,0.7000,2.653,0,0.000
2384,4.3290,chips,0.0745,0.7089,0.893,0,0.000
2385,4.3290,chips,-0.0324,0.1586,1.805,0,0.000
2386,4.3290,can,-0.1543,0.1852,2.200,0,0.000
2387,4.3290,chips,-0.0522,0.6477,2.324,0,0.000
2388,4.3327,tetrapak,0.0667,0.6826,2.137,0,0.000
2389,4.3327,chips,-0.3021,0.5500,0.151,0,0.000
2390,4.3327,tetrapak,-0.1925,0.7292,2.615,0,0.000
2391,4.3327,chips,0.1054,0.7578,3.024,0,0.000
2392,4.3368,chips,-0.1774,0.3213,2.910,0,0.000
2393,4.3368,tetrapak,-0.1813,0.2662,0.237,0,0.000
2394,4.3368,can,-0.3213,0.5134,2.003,0,0.000
2395,4.3368,chips,-0.3017,0.2929,1.861,0,0.000
2396,4.3408,can,0.2749,0.2379,3.011,0,0.000
2397,4.3408,can,0.2750,0.2444,2.139,0,0.000
2398,4.3408,chips,0.2436,0.6966,0.972,0,0.000
2399,4.3408,chips,-0.0467,0.3728,0.712,0,0.000
2400,4.3446,can,0.0695,0.2112,0.692,0,0.000
2401,4.3446,can,0.0851,0.6691,0.274,0,0.000
2402,4.3446,tetrapak,-0.1645,0.5910,0.246,0,0.000
2403,4.3446,tetrapak,-0.2977,0.2665,0.320,0,0.000
2404,4.3481,can,-0.0465,0.5439,1.167,0,0.000
2405,4.3481,tetrapak,0.3384,0.5850,1.645,0,0.000
2406,4.3481,tetrapak,0.3207,0.7168,0.475,0,0.000
2407,4.3481,chips,0.1898,0.4205,2.822,0,0.000
2408,4.3522,tetrapak,0.0896,0.4402,1.482,0,0.000
2409,4.3522,chips,-0.3329,0.3690,1.033,0,0.000
2410,4.3522,can,-0.1108,0.6731,0.642,0,0.000
2411,4.3522,can,-0.0259,0.4166,2.067,0,0.000
2412,4.3561,chips,0.0614,0.2123,0.444,0,0.000
2413,4.3561,can,0.1367,0.4674,2.006,0,0.000
2414,4.3561,can,-0.1761,0.5303,0.611,0,0.000
2415,4.3561,tetrapak,-0.1552,0.7062,3.098,0,0.000
2416,4.3603,chips,-0.2960,0.7749,1.232,0,0.000
2417,4.3603,tetrapak,0.2611,0.5541,2.977,0,0.000
2418,4.3603,can,-0.0691,0.2557,2.157,0,0.000
2419,4.3603,tetrapak,-0.0400,0.5632,2.782,0,0.000
2420,4.3641,can,0.1118,0.5152,2.016,0,0.000
2421,4.3641,tetrapak,-0.1277,0.3276,0.178,0,0.000
2422,4.3641,can,0.2833,0.3454,3.028,0,0.000
2423,4.3641,chips,0.2518,0.7675,2.492,0,0.000
2424,4.3684,can,-0.3193,0.8196,0.236,0,0.000
2425,4.3684,can,0.0057,0.6557,1.234,0,0.000
2426,4.3684,tetrapak,-0.3078,0.3788,2.800,0,0.000
2427,4.3684,can,0.0439,0.4736,2.945,0,0.000
2428,4.3722,can,-0.0841,0.7771,0.906,0,0.000
2429,4.3722,chips,-0.0060,0.4016,1.717,0,0.000
2430,4.3722,can,0.0102,0.7574,2.881,0,0.000
2431,4.3722,chips,-0.2820,0.8408,0.145,0,0.000
2432,4.3772,tetrapak,-0.2679,0.2395,2.374,0,0.000
2433,4.3772,can,-0.1345,0.7719,3.091,0,0.000
2434,4.3772,can,0.2264,0.8019,0.456,0,0.000
2435,4.3772,chips,0.0202,0.6986,0.848,0,0.000
2436,4.3816,can,0.2010,0.7512,0.687,0,0.000
2437,4.3816,can,-0.2708,0.5382,0.330,0,0.000
2438,4.3816,can,0.0528,0.3568,1.157,0,0.000
2439,4.3816,chips,0.0839,0.7054,2.281,0,0.000
2440,4.3854,tetrapak,-0.2446,0.7561,2.757,0,0.000
2441,4.3854,can,0.3336,0.4213,1.835,0,0.000
2442,4.3854,can,-0.1316,0.3925,2.053,0,0.000
2443,4.3854,can,0.1931,0.5280,2.500,0,0.000
2444,4.3893,can,-0.2098,0.6090,1.175,0,0.000
2445,4.3893,can,-0.2260,0.2801,0.150,0,0.000
2446,4.3893,chips,0.2838,0.3347,0.249,0,0.000
2447,4.3893,chips,-0.0471,0.4770,2.597,0,0.000
2448,4.3936,tetrapak,0.1484,0.7702,1.874,0,0.000
2449,4.3936,tetrapak,-0.0743,0.7461,1.327,0,0.000
2450,4.3936,can,0.3015,0.4526,0.733,0,0.000
2451,4.3936,tetrapak,0.0208,0.6882,1.284,0,0.000
2452,4.3976,can,0.0471,0.6815,2.576,0,0.000
2453,4.3976,can,0.1876,0.4623,2.143,0,0.000
2454,4.3976,tetrapak,-0.2952,0.3753,0.253,0,0.000
2455,4.3976,chips,-0.2384,0.8128,0.193,0,0.000
2456,4.4014,can,0.3042,0.4875,1.669,0,0.000
2457,4.4014,tetrapak,-0.2554,0.3444,0.084,0,0.000
2458,4.4014,chips,-0.0730,0.6531,0.757,0,0.000
2459,4.4014,chips,0.2723,0.3208,1.119,0,0.000
2460,4.4050,chips,0.1206,0.5643,2.695,0,0.000
2461,4.4050,chips,0.1645,0.2177,0.336,0,0.000
2462,4.4050,can,0.0598,0.6444,2.327,0,0.000
2463,4.4050,tetrapak,-0.3176,0.5007,1.679,0,0.000
2464,4.4088,tetrapak,0.0625,0.4537,2.266,0,0.000
2465,4.4088,can,0.3061,0.6646,0.827,0,0.000
2466,4.4088,chips,0.2389,0.3491,1.311,0,0.000
2467,4.4088,chips,-0.0303,0.4137,2.116,0,0.000
2468,4.4125,chips,0.0113,0.6312,1.882,0,0.000
2469,4.4125,tetrapak,-0.2706,0.7974,1.702,0,0.000
2470,4.4125,tetrapak,-0.0127,0.4682,2.643,0,0.000
2471,4.4125,can,-0.1318,0.7278,1.577,0,0.000
2472,4.4181,chips,0.2754,0.8080,1.545,0,0.000
2473,4.4181,chips,0.1914,0.4733,2.384,0,0.000
2474,4.4181,chips,-0.0467,0.1859,1.365,0,0.000
2475,4.4181,chips,0.2781,0.7796,0.553,0,0.000
2476,4.4222,chips,-0.2076,0.5206,1.850,0,0.000
2477,4.4222,chips,-0.3228,0.8293,2.366,0,0.000
2478,4.4222,tetrapak,0.1147,0.6437,2.295,0,0.000
2479,4.4222,tetrapak,-0.0085,0.6198,0.169,0,0.000
2480,4.4261,can,-0.1317,0.2678,1.096,0,0.000
2481,4.4261,chips,0.3427,0.3058,2.751,0,0.000
2482,4.4261,chips,-0.0414,0.6451,1.640,0,0.000
2483,4.4261,chips,0.2729,0.6699,0.353,0,0.000
2484,4.4301,chips,-0.1831,0.5469,2.485,0,0.000
2485,4.4301,can,0.3310,0.3022,0.634,0,0.000
2486,4.4301,chips,0.1394,0.7686,2.992,0,0.000
2487,4.4301,chips,-0.2101,0.4387,2.496,0,0.000
2488,4.4340,chips,0.1296,0.7720,1.774,0,0.000
2489,4.4340,chips,-0.0749,0.2439,0.924,0,0.000
2490,4.4340,tetrapak,0.3093,0.5836,0.079,0,0.000
2491,4.4340,chips,-0.1007,0.5960,0.680,0,0.000
2492,4.4382,chips,0.1199,0.2172,1.203,0,0.000
2493,4.4382,tetrapak,-0.0489,0.7668,1.449,0,0.000
2494,4.4382,chips,-0.0490,0.6807,0.063,0,0.000
2495,4.4382,tetrapak,0.3139,0.2876,2.738,0,0.000
2496,4.4420,chips,0.1337,0.1972,0.936,0,0.000
2497,4.4420,tetrapak,-0.2208,0.2081,2.113,0,0.000
2498,4.4420,can,-0.2138,0.1663,3.068,0,0.000
2499,4.4420,can,0.2587,0.3369,2.299,0,0.000
2500,4.4459,tetrapak,0.1689,0.1712,0.230,0,0.000
2501,4.4459,chips,-0.0522,0.8484,1.572,0,0.000
2502,4.4459,can,0.3342,0.5195,0.201,0,0.000
2503,4.4459,tetrapak,-0.2129,0.7621,1.464,0,0.000
2504,4.4497,chips,0.2530,0.4985,2.815,0,0.000
2505,4.4497,can,0.0889,0.6818,2.439,0,0.000
2506,4.4497,tetrapak,0.2268,0.1594,1.251,0,0.000
2507,4.4497,can,0.2509,0.1978,1.127,0,0.000
2508,4.4537,can,0.1347,0.4864,0.796,0,0.000
2509,4.4537,can,0.3429,0.4251,0.532,0,0.000
2510,4.4537,chips,0.3323,0.6110,1.255,0,0.000
2511,4.4537,chips,0.0781,0.6358,0.805,0,0.000
2512,4.4583,chips,0.2900,0.1836,2.314,0,0.000
2513,4.4583,tetrapak,-0.1019,0.3695,2.801,1,0.000
2514,4.4583,chips,-0.0121,0.5268,0.218,0,0.000
2515,4.4583,can,0.2240,0.3820,2.176,0,0.000
2516,4.4623,can,0.1421,0.5435,0.664,0,0.000
2517,4.4623,can,0.1587,0.3252,2.922,0,0.000
2518,4.4623,can,-0.2498,0.8135,2.589,0,0.000
2519,4.4623,can,-0.3202,0.3340,0.581,0,0.000
2520,4.4662,chips,-0.2983,0.7167,2.917,0,0.000
2521,4.4662,tetrapak,0.0470,0.7512,2.866,0,0.000
2522,4.4662,can,-0.3093,0.4811,0.610,0,0.000
2523,4.4662,chips,-0.1853,0.1960,2.064,0,0.000
2524,4.4704,can,-0.1829,0.2670,1.509,0,0.000
2525,4.4704,chips,-0.0998,0.7713,0.959,0,0.000
2526,4.4704,chips,0.0157,0.7673,2.150,0,0.000
2527,4.4704,chips,0.0926,0.3045,1.337,0,0.000
2528,4.4752,can,0.0459,0.3417,3.065,0,0.000
2529,4.4752,can,0.0735,0.2608,2.397,0,0.000
2530,4.4752,can,0.2240,0.4161,0.022,0,0.000
2531,4.4752,can,0.0995,0.5012,0.967,0,0.000
2532,4.4788,tetrapak,-0.1604,0.2863,0.080,0,0.000
2533,4.4788,chips,-0.0960,0.2649,2.493,0,0.000
2534,4.4788,can,-0.3275,0.4502,1.357,0,0.000
2535,4.4788,can,0.3080,0.1733,1.040,0,0.000
2536,4.4827,chips,0.1408,0.5168,2.564,0,0.000
2537,4.4827,chips,0.0382,0.8329,2.721,0,0.000
2538,4.4827,can,0.3243,0.3344,1.537,0,0.000
2539,4.4827,tetrapak,-0.1881,0.5158,2.136,0,0.000
2540,4.4865,can,0.0456,0.7010,0.102,0,0.000
2541,4.4865,tetrapak,0.1976,0.3714,1.378,0,0.000
2542,4.4865,chips,0.0494,0.5082,0.018,0,0.000
2543,4.4865,tetrapak,0.1281,0.1682,2.526,0,0.000
2544,4.4904,chips,0.1031,0.4730,0.440,0,0.000
2545,4.4904,chips,-0.0588,0.2844,0.911,0,0.000
2546,4.4904,tetrapak,-0.1006,0.2522,2.700,0,0.000
2547,4.4904,chips,0.1105,0.7984,2.792,0,0.000
2548,4.4942,chips,0.0489,0.6410,1.591,0,0.000
2549,4.4942,chips,0.2363,0.7207,2.697,0,0.000
2550,4.4942,chips,-0.2861,0.6608,1.134,0,0.000
2551,4.4942,tetrapak,0.0857,0.3877,1.118,0,0.000
2552,4.4982,can,-0.0002,0.7435,2.867,0,0.000
2553,4.4982,tetrapak,-0.0099,0.6877,2.338,0,0.000
2554,4.4982,tetrapak,-0.3183,0.3184,1.790,0,0.000
2555,4.4982,chips,0.3010,0.8369,1.660,0,0.000
2556,4.5021,can,-0.3154,0.8300,2.851,0,0.000
2557,4.5021,chips,-0.0363,0.6873,1.676,0,0.000
2558,4.5021,tetrapak,0.1859,0.2522,1.221,0,0.000
2559,4.5021,chips,0.0818,0.3150,1.859,0,0.000
2560,4.5059,chips,-0.1623,0.6450,0.651,0,0.000
2561,4.5059,can,0.2661,0.7315,2.457,0,0.000
2562,4.5059,tetrapak,0.2188,0.3984,0.814,0,0.000
2563,4.5059,can,-0.0575,0.6135,2.226,0,0.000
2564,4.5097,can,-0.0800,0.7764,2.192,0,0.000
2565,4.5097,tetrapak,0.0718,0.8066,0.818,0,0.000
2566,4.5097,chips,0.1148,0.5715,1.455,0,0.000
2567,4.5097,chips,0.2817,0.7102,1.887,0,0.000
2568,4.5138,can,-0.0973,0.8228,2.699,0,0.000
2569,4.5138,chips,-0.3005,0.4816,1.935,0,0.000
2570,4.5138,can,-0.1075,0.6906,2.718,0,0.000
2571,4.5138,chips,-0.2221,0.5859,2.526,0,0.000
2572,4.5176,can,-0.0112,0.4311,1.058,0,0.000
2573,4.5176,can,0.2610,0.8344,2.809,0,0.000
2574,4.5176,tetrapak,-0.1300,0.2686,0.423,0,0.000
2575,4.5176,can,-0.3362,0.8246,1.834,0,0.000
2576,4.5216,can,-0.2569,0.1738,0.537,0,0.000
2577,4.5216,can,-0.1595,0.7925,0.104,0,0.000
2578,4.5216,tetrapak,0.1417,0.3887,1.349,0,0.000
2579,4.5216,can,0.2720,0.4465,1.374,0,0.000
2580,4.5256,can,-0.0844,0.5223,2.271,0,0.000
2581,4.5256,tetrapak,0.1733,0.5789,1.804,0,0.000
2582,4.5256,tetrapak,-0.1821,0.4917,1.683,0,0.000
2583,4.5256,chips,0.2891,0.4482,1.015,0,0.000
2584,4.5298,tetrapak,0.2761,0.3164,1.484,0,0.000
2585,4.5298,tetrapak,0.1923,0.2239,1.614,0,0.000
2586,4.5298,can,0.1741,0.6727,3.071,0,0.000
2587,4.5298,chips,-0.2222,0.7752,2.719,0,0.000
2588,4.5335,can,0.3000,0.2546,0.016,0,0.000
2589,4.5335,can,-0.2500,0.2427,0.117,0,0.000
2590,4.5335,can,0.1001,0.4354,1.266,0,0.000
2591,4.5335,chips,0.2336,0.4348,1.019,0,0.000
2592,4.5374,can,-0.3319,0.3812,1.258,0,0.000
2593,4.5374,chips,0.0957,0.6845,2.455,0,0.000
2594,4.5374,can,-0.1648,0.5645,0.658,0,0.000
2595,4.5374,can,0.3369,0.7271,3.044,0,0.000
2596,4.5411,can,-0.0846,0.7485,2.654,0,0.000
2597,4.5411,tetrapak,-0.3303,0.5564,1.024,0,0.000
2598,4.5411,chips,-0.2077,0.4201,2.938,0,0.000
2599,4.5411,tetrapak,0.0387,0.3376,2.873,0,0.000
2600,4.5446,tetrapak,-0.2072,0.7372,2.139,0,0.000
2601,4.5446,can,-0.1413,0.3937,0.345,0,0.000
2602,4.5446,can,0.0455,0.2462,0.781,0,0.000
2603,4.5446,can,0.2222,0.5208,0.260,0,0.000
2604,4.5487,tetrapak,0.2276,0.8029,0.264,0,0.000
2605,4.5487,tetrapak,0.1548,0.2026,2.216,0,0.000
2606,4.5487,chips,0.3055,0.6312,0.240,0,0.000
2607,4.5487,can,-0.2001,0.3763,0.844,0,0.000
2608,4.5526,tetrapak,0.3236,0.1720,1.351,0,0.000
2609,4.5526,tetrapak,-0.1209,0.5583,0.932,0,0.000
2610,4.5526,chips,-0.3304,0.1557,1.638,0,0.000
2611,4.5526,chips,0.3008,0.7258,0.741,0,0.000
2612,4.5566,can,-0.0222,0.3226,0.101,0,0.000
2613,4.5566,can,-0.1264,0.7408,2.237,0,0.000
2614,4.5566,can,-0.0788,0.7522,2.538,0,0.000
2615,4.5566,chips,0.2934,0.3737,0.202,0,0.000
2616,4.5607,can,0.2230,0.4120,0.585,0,0.000
2617,4.5607,chips,-0.3185,0.4232,2.176,0,0.000
2618,4.5607,chips,-0.0835,0.2890,1.330,0,0.000
2619,4.5607,can,-0.2317,0.4400,0.555,0,0.000
2620,4.5646,can,-0.2657,0.5902,1.500,0,0.000
2621,4.5646,chips,0.2528,0.2564,1.712,0,0.000
2622,4.5646,tetrapak,-0.0426,0.2425,2.955,0,0.000
2623,4.5646,tetrapak,0.1306,0.7142,1.693,0,0.000
2624,4.5784,tetrapak,-0.3097,0.2825,2.785,0,0.000
2625,4.5784,tetrapak,0.2019,0.5059,1.607,0,0.000
2626,4.5784,chips,-0.1358,0.5499,1.382,0,0.000
2627,4.5784,can,0.3149,0.4037,1.220,0,0.000
2628,4.5827,can,0.2502,0.7806,1.096,0,0.000
2629,4.5827,can,0.1303,0.5743,0.729,0,0.000
2630,4.5827,chips,-0.3262,0.3222,2.598,0,0.000
2631,4.5827,chips,0.2717,0.6158,0.517,0,0.000
2632,4.5890,tetrapak,-0.2346,0.2351,2.446,0,0.000
2633,4.5890,can,0.1219,0.6465,2.338,0,0.000
2634,4.5890,chips,-0.2654,0.7001,0.277,0,0.000
2635,4.5890,tetrapak,-0.3251,0.7708,2.270,0,0.000
2636,4.5929,chips,-0.2573,0.2732,1.571,0,0.000
2637,4.5929,can,0.3450,0.1945,2.789,0,0.000
2638,4.5929,tetrapak,-0.0084,0.1991,0.482,0,0.000
2639,4.5929,can,0.1100,0.7175,0.524,0,0.000
2640,4.5970,chips,-0.3056,0.2822,2.793,0,0.000
2641,4.5970,can,0.1697,0.3725,2.638,0,0.000
2642,4.5970,can,-0.2811,0.1866,2.534,0,0.000
2643,4.5970,can,-0.0777,0.3760,1.473,0,0.000
2644,4.6011,can,-0.0409,0.8255,0.135,0,0.000
2645,4.6011,tetrapak,0.1502,0.2583,1.100,0,0.000
2646,4.6011,can,-0.1789,0.2432,1.568,0,0.000
2647,4.6011,chips,0.3220,0.3734,0.120,0,0.000
2648,4.6049,tetrapak,-0.0176,0.2741,2.700,0,0.000
2649,4.6049,can,0.1976,0.7829,2.008,0,0.000
2650,4.6049,chips,0.2465,0.4420,0.538,0,0.000
2651,4.6049,chips,-0.0665,0.8151,2.805,0,0.000
2652,4.6088,can,-0.2136,0.2438,2.272,0,0.000
2653,4.6088,chips,-0.1455,0.5276,0.118,0,0.000
2654,4.6088,chips,-0.1034,0.7583,0.527,0,0.000
2655,4.6088,can,0.0249,0.8145,3.128,0,0.000
2656,4.6123,can,0.0797,0.6961,0.371,0,0.000
2657,4.6123,can,-0.2904,0.5486,0.956,0,0.000
2658,4.6123,tetrapak,0.0341,0.4103,2.072,0,0.000
2659,4.6123,tetrapak,0.3295,0.2544,0.638,0,0.000
2660,4.6164,tetrapak,0.3331,0.2577,2.280,0,0.000
2661,4.6164,tetrapak,-0.2538,0.2628,2.395,0,0.000
2662,4.6164,tetrapak,-0.0354,0.4540,2.911,0,0.000
2663,4.6164,tetrapak,0.1408,0.3708,1.550,0,0.000
2664,4.6203,can,0.1360,0.7713,2.321,0,0.000
2665,4.6203,can,0.3065,0.2152,1.069,0,0.000
2666,4.6203,can,-0.1965,0.4545,1.975,0,0.000
2667,4.6203,chips,0.0854,0.2641,0.815,0,0.000
2668,4.6243,chips,-0.3090,0.5736,0.965,0,0.000
2669,4.6243,chips,0.2099,0.5614,0.585,0,0.000
2670,4.6243,chips,-0.3305,0.4692,1.380,0,0.000
2671,4.6243,tetrapak,-0.0029,0.5081,1.178,0,0.000
2672,4.6282,can,-0.1535,0.6524,2.236,0,0.000
2673,4.6282,chips,0.1379,0.5499,0.586,0,0.000
2674,4.6282,chips,-0.2871,0.6009,1.769,0,0.000
2675,4.6282,can,-0.0073,0.2301,1.332,0,0.000
2676,4.6319,tetrapak,0.1359,0.3481,1.779,0,0.000
2677,4.6319,can,0.0949,0.4762,1.022,0,0.000
2678,4.6319,can,0.0973,0.5142,0.816,0,0.000
2679,4.6319,chips,0.1912,0.6224,0.067,0,0.000
2680,4.6358,chips,-0.3056,0.3421,0.290,0,0.000
2681,4.6358,can,0.0245,0.3309,2.868,0,0.000
2682,4.6358,tetrapak,-0.0248,0.7765,2.261,0,0.000
2683,4.6358,chips,-0.1857,0.7320,2.648,0,0.000
2684,4.6396,tetrapak,-0.0004,0.4000,0.111,0,0.000
2685,4.6396,can,0.2085,0.5641,0.555,0,0.000
2686,4.6396,can,0.1371,0.7854,2.108,0,0.000
2687,4.6396,can,-0.1151,0.5315,3.068,0,0.000
2688,4.6437,tetrapak,-0.1826,0.8110,1.581,0,0.000
2689,4.6437,can,-0.0844,0.3717,0.783,0,0.000
2690,4.6437,tetrapak,0.0495,0.2966,1.280,0,0.000
2691,4.6437,can,-0.2032,0.7848,2.555,0,0.000
2692,4.6476,can,-0.2385,0.7909,2.457,0,0.000
2693,4.6476,chips,0.0706,0.2623,3.119,0,0.000
2694,4.6476,tetrapak,0.3151,0.7864,2.315,0,0.000
2695,4.6476,tetrapak,0.1804,0.6719,0.480,0,0.000
2696,4.6515,chips,-0.2910,0.7889,0.896,0,0.000
2697,4.6515,chips,0.2167,0.1922,0.672,0,0.000
2698,4.6515,tetrapak,0.1030,0.6062,1.115,0,0.000
2699,4.6515,chips,0.1731,0.3173,3.005,0,0.000
2700,4.6554,tetrapak,-0.3083,0.6318,2.734,0,0.000
2701,4.6554,tetrapak,-0.2703,0.5963,1.995,0,0.000
2702,4.6554,chips,0.2762,0.5531,0.671,0,0.000
2703,4.6554,chips,-0.2148,0.3732,1.428,0,0.000
2704,4.6597,chips,-0.2507,0.5501,2.193,0,0.000
2705,4.6597,tetrapak,0.0249,0.7387,2.476,0,0.000
2706,4.6597,chips,-0.2313,0.8399,0.753,0,0.000
2707,4.6597,chips,-0.2276,0.5469,0.096,0,0.000
2708,4.6635,tetrapak,0.2432,0.7675,2.987,0,0.000
2709,4.6635,can,-0.0912,0.5760,2.730,0,0.000
2710,4.6635,chips,-0.0061,0.4342,1.004,0,0.000
2711,4.6635,tetrapak,0.1678,0.5387,3.041,0,0.000
2712,4.6676,can,-0.2287,0.6630,1.369,0,0.000
2713,4.6676,chips,0.1231,0.5346,2.782,0,0.000
2714,4.6676,tetrapak,0.0533,0.8201,3.119,0,0.000
2715,4.6676,can,-0.1353,0.6686,2.539,0,0.000
2716,4.6716,can,0.2102,0.2287,2.154,0,0.000
2717,4.6716,chips,-0.0187,0.1787,2.236,0,0.000
2718,4.6716,chips,0.1856,0.8320,0.047,0,0.000
2719,4.6716,tetrapak,-0.0643,0.8043,1.851,0,0.000
2720,4.6754,can,-0.3242,0.7532,0.769,0,0.000
2721,4.6754,chips,0.0914,0.8384,2.419,0,0.000
2722,4.6754,tetrapak,0.2448,0.2469,3.070,0,0.000
2723,4.6754,chips,0.3032,0.6485,2.682,0,0.000
2724,4.6790,can,0.1033,0.5096,2.859,0,0.000
2725,4.6790,tetrapak,-0.2010,0.5000,1.562,0,0.000
2726,4.6790,can,-0.1599,0.2208,0.257,0,0.000
2727,4.6790,chips,-0.2719,0.7183,2.813,0,0.000
2728,4.6827,chips,-0.1394,0.7550,1.279,0,0.000
2729,4.6827,tetrapak,0.1494,0.2860,2.838,0,0.000
2730,4.6827,can,0.3193,0.2606,0.292,0,0.000
2731,4.6827,chips,0.0793,0.4851,1.414,0,0.000
2732,4.6865,tetrapak,0.0290,0.3400,1.733,0,0.000
2733,4.6865,tetrapak,-0.2405,0.5788,0.708,0,0.000
2734,4.6865,chips,0.2090,0.6744,0.961,0,0.000
2735,4.6865,tetrapak,-0.3181,0.4178,1.307,0,0.000
2736,4.6903,tetrapak,-0.2194,0.1861,1.309,0,0.000
2737,4.6903,can,-0.2516,0.4099,0.249,0,0.000
2738,4.6903,tetrapak,-0.2762,0.2909,2.811,0,0.000
2739,4.6903,tetrapak,0.0804,0.7766,2.911,0,0.000
2740,4.6941,can,0.2824,0.5501,2.132,0,0.000
2741,4.6941,can,-0.2375,0.5559,2.423,0,0.000
2742,4.6941,can,-0.0339,0.7099,1.537,0,0.000
2743,4.6941,can,0.0494,0.3001,0.638,0,0.000
2744,4.6981,can,0.1943,0.3396,2.981,0,0.000
2745,4.6981,chips,-0.0354,0.6696,1.353,0,0.000
2746,4.6981,can,-0.1233,0.2904,2.290,0,0.000
2747,4.6981,chips,-0.2422,0.5118,0.281,0,0.000
2748,4.7022,tetrapak,-0.2888,0.2012,1.659,0,0.000
2749,4.7022,chips,-0.0613,0.5618,0.545,0,0.000
2750,4.7022,chips,0.1786,0.4981,2.838,0,0.000
2751,4.7022,can,0.1797,0.5972,1.305,0,0.000
2752,4.7062,chips,-0.2999,0.5238,1.752,0,0.000
2753,4.7062,chips,0.0463,0.4488,2.417,0,0.000
2754,4.7062,can,-0.0795,0.3855,2.307,0,0.000
2755,4.7062,chips,-0.2472,0.8057,1.116,0,0.000
2756,4.7100,tetrapak,0.0033,0.3183,0.281,0,0.000
2757,4.7100,tetrapak,-0.1070,0.1947,2.549,0,0.000
2758,4.7100,chips,0.0724,0.5003,1.525,0,0.000
2759,4.7100,tetrapak,0.1714,0.8179,2.030,0,0.000
2760,4.7142,chips,0.0231,0.6842,0.375,0,0.000
2761,4.7142,chips,-0.3041,0.7344,2.272,0,0.000
2762,4.7142,chips,0.3248,0.5952,0.876,0,0.000
2763,4.7142,tetrapak,-0.0631,0.4724,0.133,0,0.000
2764,4.7192,chips,0.1829,0.7993,2.181,0,0.000
2765,4.7192,can,0.3245,0.3143,2.110,0,0.000
2766,4.7192,chips,-0.2841,0.2237,2.623,0,0.000
2767,4.7192,chips,-0.1885,0.7915,1.144,0,0.000
2768,4.7229,chips,-0.2655,0.7205,2.438,0,0.000
2769,4.7229,tetrapak,0.2477,0.7716,2.321,0,0.000
2770,4.7229,chips,0.0787,0.5147,3.056,0,0.000
2771,4.7229,tetrapak,0.0342,0.5908,1.194,0,0.000
2772,4.7266,tetrapak,-0.3283,0.7428,0.018,0,0.000
2773,4.7266,chips,0.1680,0.7666,2.753,0,0.000
2774,4.7266,tetrapak,-0.0162,0.3834,0.090,0,0.000
2775,4.7266,can,0.0126,0.6892,0.794,0,0.000
2776,4.7304,tetrapak,0.0158,0.6427,0.271,0,0.000
2777,4.7304,can,-0.0890,0.7668,2.542,0,0.000
2778,4.7304,tetrapak,-0.2212,0.5315,1.712,0,0.000
2779,4.7304,tetrapak,-0.2229,0.4319,2.517,0,0.000
2780,4.7342,tetrapak,-0.2653,0.5030,0.614,0,0.000
2781,4.7342,can,0.3152,0.3277,1.945,0,0.000
2782,4.7342,can,0.1173,0.7876,0.890,0,0.000
2783,4.7342,tetrapak,-0.0488,0.7505,0.300,0,0.000
2784,4.7380,can,0.1241,0.5518,1.014,0,0.000
2785,4.7380,can,-0.1076,0.7963,1.708,0,0.000
2786,4.7380,tetrapak,-0.1236,0.6310,2.669,0,0.000
2787,4.7380,tetrapak,-0.0447,0.7180,0.319,0,0.000
2788,4.7417,tetrapak,-0.2249,0.4803,2.188,0,0.000
2789,4.7417,chips,0.3322,0.7694,0.745,0,0.000
2790,4.7417,chips,-0.1387,0.5227,0.965,0,0.000
2791,4.7417,chips,0.3202,0.6981,1.203,0,0.000
2792,4.7456,can,-0.1616,0.7938,2.845,0,0.000
2793,4.7456,chips,0.2758,0.1661,1.408,0,0.000
2794,4.7456,chips,-0.2496,0.3482,2.142,0,0.000
2795,4.7456,can,-0.0945,0.7554,1.913,0,0.000
2796,4.7494,can,-0.3445,0.6455,1.125,0,0.000
2797,4.7494,chips,0.2138,0.7261,1.835,0,0.000
2798,4.7494,chips,0.2929,0.1957,3.085,0,0.000
2799,4.7494,tetrapak,-0.2379,0.1917,3.060,0,0.000
2800,4.7532,tetrapak,-0.1863,0.5038,2.485,0,0.000
2801,4.7532,chips,-0.1734,0.5090,2.332,0,0.000
2802,4.7532,tetrapak,0.0093,0.3303,2.903,0,0.000
2803,4.7532,can,-0.0805,0.5558,0.538,0,0.000
2804,4.7587,tetrapak,0.0081,0.6504,0.770,0,0.000
2805,4.7587,tetrapak,-0.1780,0.3632,0.294,0,0.000
2806,4.7587,can,-0.1534,0.3322,1.067,0,0.000
2807,4.7587,chips,0.3290,0.5557,2.769,0,0.000
2808,4.7628,tetrapak,-0.2992,0.3708,0.134,0,0.000
2809,4.7628,tetrapak,0.3087,0.5199,2.280,0,0.000
2810,4.7628,can,0.0009,0.2476,1.936,0,0.000
2811,4.7628,tetrapak,0.1304,0.4738,2.949,0,0.000
2812,4.7671,can,0.2121,0.3536,1.732,0,0.000
2813,4.7671,can,0.2964,0.2692,0.275,0,0.000
2814,4.7671,chips,0.2877,0.4375,2.191,0,0.000
2815,4.7671,can,-0.1283,0.4954,1.990,0,0.000
2816,4.7709,chips,0.2569,0.1987,1.604,0,0.000
2817,4.7709,can,-0.1116,0.1638,0.433,0,0.000
2818,4.7709,chips,0.0699,0.2417,1.211,0,0.000
2819,4.7709,can,0.2360,0.4398,1.380,0,0.000
2820,4.7748,chips,0.1461,0.7123,3.077,0,0.000
2821,4.7748,tetrapak,-0.0562,0.3592,2.553,0,0.000
2822,4.7748,tetrapak,-0.1673,0.3624,1.170,0,0.000
2823,4.7748,can,0.2963,0.8017,2.127,0,0.000
2824,4.7784,tetrapak,-0.1631,0.1728,2.614,0,0.000
2825,4.7784,can,0.1532,0.5556,1.521,0,0.000
2826,4.7784,chips,-0.1280,0.8167,2.434,0,0.000
2827,4.7784,tetrapak,-0.2077,0.2219,2.585,0,0.000
2828,4.7823,tetrapak,-0.3171,0.3522,0.908,0,0.000
2829,4.7823,tetrapak,0.2574,0.4748,0.977,0,0.000
2830,4.7823,can,0.1834,0.3822,0.832,0,0.000
2831,4.7823,chips,0.1840,0.6969,2.763,0,0.000
2832,4.7863,tetrapak,0.0529,0.5048,1.765,0,0.000
2833,4.7863,tetrapak,0.0469,0.3825,1.348,0,0.000
2834,4.7863,tetrapak,-0.2824,0.5558,1.739,0,0.000
2835,4.7863,tetrapak,-0.0800,0.8398,1.872,0,0.000
2836,4.7901,tetrapak,0.1707,0.7800,1.432,0,0.000
2837,4.7901,tetrapak,-0.2514,0.4905,0.391,0,0.000
2838,4.7901,chips,-0.0428,0.2717,2.684,0,0.000
2839,4.7901,tetrapak,0.2502,0.5363,1.739,0,0.000
2840,4.7941,can,-0.2398,0.8293,2.354,0,0.000
2841,4.7941,tetrapak,0.2422,0.4373,0.784,0,0.000
2842,4.7941,chips,0.2839,0.6679,0.915,0,0.000
2843,4.7941,tetrapak,0.2451,0.4294,1.446,0,0.000
2844,4.7978,chips,-0.1792,0.6938,0.167,0,0.000
2845,4.7978,can,-0.0223,0.4545,3.102,0,0.000
2846,4.7978,tetrapak,0.2263,0.6404,0.209,0,0.000
2847,4.7978,tetrapak,-0.0962,0.8392,0.599,0,0.000
2848,4.8018,tetrapak,0.3013,0.2160,2.110,0,0.000
2849,4.8018,can,-0.3393,0.7090,0.098,0,0.000
2850,4.8018,tetrapak,0.0617,0.1940,1.802,0,0.000
2851,4.8018,can,-0.0500,0.2516,1.865,0,0.000
2852,4.8056,chips,0.1134,0.8003,1.944,0,0.000
2853,4.8056,can,-0.2244,0.4349,2.772,0,0.000
2854,4.8056,can,0.3058,0.7717,0.800,0,0.000
2855,4.8056,tetrapak,0.3468,0.1648,0.328,0,0.000
2856,4.8091,can,-0.1434,0.7042,2.835,0,0.000
2857,4.8091,tetrapak,-0.3274,0.5938,2.164,0,0.000
2858,4.8091,tetrapak,-0.0170,0.7595,0.912,0,0.000
2859,4.8091,can,-0.3165,0.3502,1.059,0,0.000
2860,4.8131,can,0.2720,0.4648,0.179,0,0.000
2861,4.8131,can,-0.2827,0.5736,3.020,0,0.000
2862,4.8131,can,0.1305,0.3861,2.409,0,0.000
2863,4.8131,chips,0.2725,0.7612,0.685,0,0.000
2864,4.8169,tetrapak,-0.3346,0.2917,3.061,0,0.000
2865,4.8169,chips,-0.1407,0.7462,2.483,0,0.000
2866,4.8169,can,-0.0977,0.6793,1.324,0,0.000
2867,4.8169,tetrapak,-0.2714,0.5733,1.936,0,0.000
2868,4.8209,chips,-0.3112,0.1533,0.225,0,0.000
2869,4.8209,tetrapak,-0.1963,0.1978,1.393,0,0.000
2870,4.8209,can,0.0380,0.3116,2.362,0,0.000
2871,4.8209,can,-0.2204,0.4775,1.364,0,0.000
2872,4.8246,tetrapak,0.1732,0.8181,2.033,0,0.000
2873,4.8246,tetrapak,0.1296,0.7964,2.429,0,0.000
2874,4.8246,chips,0.1541,0.2550,2.482,0,0.000
2875,4.8246,can,-0.1045,0.7472,3.066,0,0.000
2876,4.8284,tetrapak,0.3220,0.2252,2.410,0,0.000
2877,4.8284,tetrapak,-0.0519,0.4351,2.538,0,0.000
2878,4.8284,chips,0.0625,0.7396,0.149,0,0.000
2879,4.8284,can,0.3071,0.6885,1.130,0,0.000
2880,4.8324,can,0.0985,0.5656,1.989,0,0.000
2881,4.8324,can,0.1332,0.2519,2.872,0,0.000
2882,4.8324,tetrapak,-0.2907,0.8207,3.026,0,0.000
2883,4.8324,chips,0.2021,0.8290,0.591,0,0.000
2884,4.8365,can,-0.2593,0.2463,2.636,0,0.000
2885,4.8365,tetrapak,-0.0668,0.8125,2.297,0,0.000
2886,4.8365,tetrapak,0.2385,0.4409,3.010,0,0.000
2887,4.8365,can,0.0910,0.3469,2.767,0,0.000
2888,4.8403,chips,-0.0827,0.4106,2.739,0,0.000
2889,4.8403,chips,-0.2756,0.5465,0.199,0,0.000
2890,4.8403,chips,-0.2957,0.7921,1.681,0,0.000
2891,4.8403,chips,0.3245,0.3077,2.902,0,0.000
2892,4.8442,chips,0.2341,0.2689,0.705,0,0.000
2893,4.8442,can,-0.0461,0.3582,0.700,0,0.000
2894,4.8442,chips,-0.1351,0.2037,0.726,0,0.000
2895,4.8442,chips,-0.3127,0.4574,1.203,0,0.000
2896,4.8483,chips,-0.1477,0.8039,0.596,0,0.000
2897,4.8483,chips,0.3136,0.6723,1.045,0,0.000
2898,4.8483,can,-0.3265,0.5345,0.168,0,0.000
2899,4.8483,chips,0.0787,0.2304,2.794,0,0.000
2900,4.8524,can,0.2728,0.8172,3.041,0,0.000
2901,4.8524,tetrapak,0.3415,0.7994,1.921,0,0.000
2902,4.8524,can,-0.1589,0.2511,1.405,0,0.000
2903,4.8524,tetrapak,0.1182,0.8319,0.691,0,0.000
2904,4.8564,can,0.2402,0.2531,0.722,0,0.000
2905,4.8564,can,0.0536,0.5031,2.932,0,0.000
2906,4.8564,chips,-0.1609,0.6738,0.609,0,0.000
2907,4.8564,tetrapak,-0.2444,0.7897,2.490,0,0.000
2908,4.8603,tetrapak,-0.1023,0.2617,1.241,0,0.000
2909,4.8603,tetrapak,0.3058,0.1713,0.442,0,0.000
2910,4.8603,tetrapak,-0.0150,0.4026,2.687,0,0.000
2911,4.8603,can,0.2695,0.7412,0.366,0,0.000
2912,4.8639,can,0.0378,0.7823,1.333,0,0.000
2913,4.8639,chips,-0.1329,0.7590,2.873,0,0.000
2914,4.8639,can,0.0172,0.2270,2.294,0,0.000
2915,4.8639,tetrapak,-0.2062,0.7779,0.711,0,0.000
2916,4.8678,chips,-0.1810,0.4685,1.740,0,0.000
2917,4.8678,chips,0.2074,0.6980,0.348,0,0.000
2918,4.8678,tetrapak,0.0737,0.8189,0.831,0,0.000
2919,4.8678,chips,-0.3198,0.2419,2.318,0,0.000
2920,4.8721,tetrapak,-0.1719,0.1651,1.054,0,0.000
2921,4.8721,chips,-0.1877,0.3196,0.763,0,0.000
2922,4.8721,can,-0.1680,0.6968,2.654,0,0.000
2923,4.8721,can,0.1097,0.6301,2.737,0,0.000
2924,4.8756,chips,-0.2635,0.7153,1.766,0,0.000
2925,4.8756,chips,0.3009,0.3490,2.046,0,0.000
2926,4.8756,tetrapak,0.0618,0.4383,0.157,0,0.000
2927,4.8756,can,-0.1422,0.4990,2.214,0,0.000
2928,4.8795,tetrapak,-0.1613,0.5275,0.630,0,0.000
2929,4.8795,chips,-0.1430,0.5397,1.427,0,0.000
2930,4.8795,can,0.0706,0.4536,0.411,0,0.000
2931,4.8795,tetrapak,-0.2854,0.4422,2.066,0,0.000
2932,4.8835,can,0.0817,0.2919,2.038,0,0.000
2933,4.8835,tetrapak,0.2642,0.3561,2.593,0,0.000
2934,4.8835,can,-0.2402,0.8063,1.046,0,0.000
2935,4.8835,chips,0.1175,0.7869,2.693,0,0.000
2936,4.8876,chips,0.0681,0.6797,2.073,0,0.000
2937,4.8876,tetrapak,-0.2397,0.5065,2.742,0,0.000
2938,4.8876,tetrapak,0.1562,0.7107,0.553,0,0.000
2939,4.8876,chips,0.3414,0.6534,1.739,0,0.000
2940,4.8916,chips,0.3070,0.3235,0.726,0,0.000
2941,4.8916,chips,0.1029,0.2495,1.499,0,0.000
2942,4.8916,can,-0.0709,0.8033,2.818,0,0.000
2943,4.8916,can,0.3304,0.5680,2.464,0,0.000
2944,4.8955,can,-0.1032,0.4346,2.099,0,0.000
2945,4.8955,chips,-0.1193,0.7359,0.837,0,0.000
2946,4.8955,can,-0.2543,0.2477,2.779,0,0.000
2947,4.8955,tetrapak,-0.1074,0.4610,0.043,0,0.000
2948,4.8995,tetrapak,-0.1765,0.2080,2.275,0,0.000
2949,4.8995,can,-0.0191,0.2074,0.140,0,0.000
2950,4.8995,tetrapak,-0.2485,0.3131,1.710,0,0.000
2951,4.8995,chips,-0.3380,0.8382,2.995,0,0.000
2952,4.9035,chips,0.2455,0.1910,1.031,0,0.000
2953,4.9035,tetrapak,-0.2337,0.2928,2.125,0,0.000
2954,4.9035,can,0.3320,0.3205,2.701,0,0.000
2955,4.9035,chips,-0.1215,0.7184,0.484,0,0.000
2956,4.9072,chips,-0.0516,0.5503,1.214,0,0.000
2957,4.9072,chips,-0.2945,0.5715,1.523,0,0.000
2958,4.9072,tetrapak,-0.3088,0.5363,2.457,0,0.000
2959,4.9072,chips,0.1777,0.3352,2.120,0,0.000
2960,4.9110,chips,-0.0154,0.7100,0.949,0,0.000
2961,4.9110,chips,0.3074,0.2271,1.704,0,0.000
2962,4.9110,can,-0.2662,0.1733,2.502,0,0.000
2963,4.9110,chips,0.1638,0.2478,0.300,0,0.000
2964,4.9150,chips,0.0533,0.5840,1.251,0,0.000
2965,4.9150,can,0.0847,0.4045,1.343,0,0.000
2966,4.9150,can,0.0075,0.4450,0.244,0,0.000
2967,4.9150,tetrapak,0.0855,0.6441,2.717,0,0.000
2968,4.9188,tetrapak,0.1245,0.7213,0.436,0,0.000
2969,4.9188,can,-0.0264,0.4722,1.727,0,0.000
2970,4.9188,can,0.0845,0.3697,1.756,0,0.000
2971,4.9188,chips,0.3203,0.2887,0.227,0,0.000
2972,4.9226,can,-0.3171,0.7598,0.363,0,0.000
2973,4.9226,tetrapak,-0.2722,0.1776,2.066,0,0.000
2974,4.9226,can,0.1402,0.4996,1.043,0,0.000
2975,4.9226,tetrapak,-0.1465,0.7362,1.557,0,0.000
2976,4.9282,chips,-0.2690,0.5055,0.508,0,0.000
2977,4.9282,can,0.1673,0.5896,1.052,0,0.000
2978,4.9282,chips,-0.2727,0.5639,2.683,0,0.000
2979,4.9282,can,0.2668,0.8329,1.768,0,0.000
2980,4.9322,can,0.2954,0.5069,1.002,0,0.000
2981,4.9322,can,-0.1833,0.5675,1.692,0,0.000
2982,4.9322,tetrapak,0.3187,0.1684,1.913,0,0.000
2983,4.9322,chips,0.0584,0.5745,1.873,0,0.000
2984,4.9362,tetrapak,-0.0576,0.5234,0.293,0,0.000
2985,4.9362,tetrapak,-0.1524,0.4277,0.863,0,0.000
2986,4.9362,chips,-0.0584,0.7492,2.359,0,0.000
2987,4.9362,tetrapak,-0.0509,0.6388,0.957,0,0.000
2988,4.9399,chips,-0.1545,0.1611,0.698,0,0.000
2989,4.9399,can,0.1997,0.2658,2.370,0,0.000
2990,4.9399,chips,-0.2318,0.2581,2.561,0,0.000
2991,4.9399,chips,-0.1130,0.5718,3.118,0,0.000
2992,4.9439,chips,0.1155,0.4591,1.233,0,0.000
2993,4.9439,chips,-0.1963,0.6567,2.115,0,0.000
2994,4.9439,tetrapak,0.2231,0.2427,2.680,0,0.000
2995,4.9439,chips,0.1854,0.5889,0.618,0,0.000
2996,4.9480,can,-0.0344,0.2964,2.958,0,0.000
2997,4.9480,chips,0.2294,0.7070,0.556,0,0.000
2998,4.9480,tetrapak,0.2427,0.5130,3.051,0,0.000
2999,4.9480,chips,0.3110,0.1953,0.905,0,0.000
3000,4.9518,can,0.2937,0.3298,0.662,0,0.000
3001,4.9518,can,-0.0237,0.4892,1.328,0,0.000
3002,4.9518,chips,0.3178,0.3371,0.471,0,0.000
3003,4.9518,tetrapak,-0.0200,0.3325,0.820,0,0.000
3004,4.9555,tetrapak,-0.2443,0.6810,2.662,0,0.000
3005,4.9555,can,0.2735,0.4444,1.681,0,0.000
3006,4.9555,can,-0.0104,0.2707,0.688,0,0.000
3007,4.9555,can,-0.1937,0.5285,2.201,0,0.000
3008,4.9593,can,0.0431,0.4837,2.896,0,0.000
3009,4.9593,tetrapak,-0.0629,0.8413,1.428,0,0.000
3010,4.9593,can,0.2495,0.2262,0.466,0,0.000
3011,4.9593,can,0.1367,0.7296,0.775,0,0.000
3012,4.9633,can,0.2528,0.4025,0.063,0,0.000
3013,4.9633,can,-0.2000,0.4790,0.865,0,0.000
3014,4.9633,chips,0.2580,0.4980,0.588,0,0.000
3015,4.9633,chips,-0.1098,0.6375,2.774,0,0.000
3016,4.9672,tetrapak,0.0295,0.8107,2.968,0,0.000
3017,4.9672,tetrapak,0.1349,0.5869,1.103,0,0.000
3018,4.9672,chips,-0.3348,0.2446,2.220,0,0.000
3019,4.9672,can,0.0473,0.7894,1.087,0,0.000
3020,4.9712,chips,0.3357,0.7102,3.072,0,0.000
3021,4.9712,tetrapak,-0.0767,0.3385,0.752,0,0.000
3022,4.9712,chips,0.0880,0.3158,2.123,0,0.000
3023,4.9712,chips,-0.2583,0.6939,2.879,0,0.000
3024,4.9752,chips,0.1415,0.7933,0.527,0,0.000
3025,4.9752,can,-0.1748,0.3665,1.295,0,0.000
3026,4.9752,tetrapak,0.2560,0.3906,0.557,0,0.000
3027,4.9752,chips,0.1936,0.4024,0.879,0,0.000
3028,4.9791,can,-0.0601,0.1545,2.500,0,0.000
3029,4.9791,can,0.2779,0.2646,2.550,0,0.000
3030,4.9791,tetrapak,-0.0651,0.7037,1.108,0,0.000
3031,4.9791,tetrapak,0.2072,0.4528,0.736,0,0.000
3032,4.9832,can,-0.2071,0.6154,2.280,0,0.000
3033,4.9832,tetrapak,0.1830,0.4182,0.574,0,0.000
3034,4.9832,can,0.1355,0.6164,2.224,0,0.000
3035,4.9832,can,-0.0430,0.4599,0.081,1,0.000
3036,4.9871,can,-0.3233,0.1631,2.155,0,0.000
3037,4.9871,can,-0.0762,0.4113,0.468,0,0.000
3038,4.9871,can,0.0318,0.4613,1.650,0,0.000
3039,4.9871,tetrapak,-0.0848,0.3497,1.540,0,0.000
3040,4.9910,tetrapak,-0.1904,0.4884,2.481,0,0.000
3041,4.9910,tetrapak,0.0253,0.5266,0.478,0,0.000
3042,4.9910,can,-0.2993,0.6329,1.241,0,0.000
3043,4.9910,can,-0.0542,0.7199,2.324,0,0.000
3044,4.9947,tetrapak,-0.3006,0.6209,2.993,0,0.000
3045,4.9947,tetrapak,-0.0366,0.7063,2.187,0,0.000
3046,4.9947,chips,0.1746,0.5993,1.278,0,0.000
3047,4.9947,tetrapak,-0.2280,0.5153,0.187,0,0.000
3048,4.9986,chips,-0.2501,0.6805,1.991,0,0.000
3049,4.9986,chips,-0.2320,0.4171,0.289,0,0.000
3050,4.9986,can,0.0388,0.6601,2.738,0,0.000
3051,4.9986,tetrapak,0.0776,0.6835,2.100,0,0.000
3052,5.0026,tetrapak,0.3174,0.6300,0.117,0,0.000
3053,5.0026,chips,0.2566,0.2205,2.688,0,0.000
3054,5.0026,can,-0.0273,0.2843,1.745,0,0.000
3055,5.0026,tetrapak,-0.2080,0.4559,0.366,0,0.000
3056,5.0062,can,0.1228,0.8218,1.550,0,0.000
3057,5.0062,tetrapak,-0.1442,0.3790,2.228,0,0.000
3058,5.0062,tetrapak,-0.0582,0.2853,1.679,0,0.000
3059,5.0062,can,-0.2963,0.2783,1.116,0,0.000
3060,5.0102,chips,-0.2811,0.2198,0.931,0,0.000
3061,5.0102,tetrapak,0.2092,0.5300,2.590,0,0.000
3062,5.0102,tetrapak,0.2197,0.1875,2.417,0,0.000
3063,5.0102,chips,0.1940,0.2968,1.821,0,0.000
3064,5.0142,chips,0.1805,0.8241,0.157,0,0.000
3065,5.0142,tetrapak,0.2664,0.2947,2.334,0,0.000
3066,5.0142,tetrapak,-0.2760,0.6465,2.752,0,0.000
3067,5.0142,chips,-0.2601,0.6252,0.623,0,0.000
3068,5.0184,can,0.2980,0.4413,0.583,0,0.000
3069,5.0184,tetrapak,-0.2542,0.3088,2.413,0,0.000
3070,5.0184,chips,0.2544,0.2979,1.087,0,0.000
3071,5.0184,chips,-0.2340,0.3970,0.078,0,0.000
3072,5.0225,can,0.3416,0.3171,2.427,0,0.000
3073,5.0225,can,-0.2307,0.5616,1.008,0,0.000
3074,5.0225,chips,-0.2014,0.3796,1.458,0,0.000
3075,5.0225,chips,-0.1503,0.4381,0.088,0,0.000
3076,5.0267,can,-0.3277,0.3217,1.436,0,0.000
3077,5.0267,tetrapak,0.2832,0.5541,0.416,0,0.000
3078,5.0267,can,-0.0166,0.3558,1.344,0,0.000
3079,5.0267,chips,0.3212,0.4003,0.675,0,0.000
3080,5.0317,chips,0.1024,0.3207,2.771,0,0.000
3081,5.0317,tetrapak,-0.1300,0.5175,2.768,0,0.000
3082,5.0317,tetrapak,0.1624,0.2400,1.431,0,0.000
3083,5.0317,tetrapak,0.2104,0.8384,0.754,0,0.000
3084,5.0356,can,0.1884,0.4075,3.061,0,0.000
3085,5.0356,chips,0.1835,0.6336,0.758,0,0.000
3086,5.0356,chips,0.1368,0.7472,2.437,0,0.000
3087,5.0356,tetrapak,-0.0686,0.7345,0.364,0,0.000
3088,5.0396,can,-0.2959,0.7140,1.338,0,0.000
3089,5.0396,tetrapak,0.0100,0.4941,0.916,0,0.000
3090,5.0396,chips,0.1393,0.8189,1.952,0,0.000
3091,5.0396,chips,-0.3204,0.4728,0.483,0,0.000
3092,5.0435,can,0.1995,0.6659,1.948,0,0.000
3093,5.0435,can,-0.0512,0.2475,0.166,0,0.000
3094,5.0435,chips,-0.0014,0.4808,1.990,0,0.000
3095,5.0435,chips,-0.2556,0.3019,0.171,0,0.000
3096,5.0475,tetrapak,-0.1919,0.8341,0.405,0,0.000
3097,5.0475,chips,-0.2488,0.5169,2.457,0,0.000
3098,5.0475,tetrapak,-0.3149,0.4893,2.273,0,0.000
3099,5.0475,tetrapak,-0.0273,0.7937,0.103,0,0.000
3100,5.0516,tetrapak,0.2482,0.2176,3.074,0,0.000
3101,5.0516,tetrapak,0.2142,0.5429,0.915,0,0.000
3102,5.0516,can,-0.1806,0.4729,0.714,0,0.000
3103,5.0516,tetrapak,-0.0883,0.6661,1.357,0,0.000
3104,5.0555,chips,0.0827,0.4451,2.647,0,0.000
3105,5.0555,chips,-0.3306,0.1620,0.783,0,0.000
3106,5.0555,can,-0.0898,0.3773,1.636,0,0.000
3107,5.0555,chips,0.0378,0.4510,1.550,0,0.000
3108,5.0596,tetrapak,0.3209,0.3474,1.924,0,0.000
3109,5.0596,tetrapak,0.1948,0.4537,1.939,0,0.000
3110,5.0596,can,-0.2951,0.1780,2.803,0,0.000
3111,5.0596,chips,0.2141,0.3113,1.599,0,0.000
3112,5.0640,tetrapak,-0.2346,0.4946,2.339,0,0.000
3113,5.0640,chips,-0.2739,0.5943,2.226,0,0.000
3114,5.0640,can,-0.2227,0.5448,0.332,0,0.000
3115,5.0640,tetrapak,-0.2678,0.7700,1.116,0,0.000
3116,5.0679,can,-0.0643,0.4162,3.031,0,0.000
3117,5.0679,can,0.1706,0.7580,3.074,0,0.000
3118,5.0679,can,-0.2893,0.6958,2.882,0,0.000
3119,5.0679,tetrapak,-0.2830,0.2218,2.316,0,0.000
3120,5.0716,can,0.3062,0.6816,1.406,0,0.000
3121,5.0716,chips,0.1057,0.7740,2.372,0,0.000
3122,5.0716,can,-0.2690,0.7189,3.118,0,0.000
3123,5.0716,tetrapak,-0.2239,0.5273,2.729,0,0.000
3124,5.0755,tetrapak,-0.2518,0.8331,0.463,0,0.000
3125,5.0755,can,-0.1778,0.2645,1.608,0,0.000
3126,5.0755,can,0.2216,0.8322,2.094,0,0.000
3127,5.0755,can,-0.2181,0.2156,0.356,0,0.000
3128,5.0899,tetrapak,0.0398,0.4069,2.037,0,0.000
3129,5.0899,chips,-0.1799,0.8170,0.642,0,0.000
3130,5.0899,chips,-0.3339,0.2998,1.800,0,0.000
3131,5.0899,tetrapak,-0.1992,0.5109,1.367,0,0.000
3132,5.0937,chips,0.2206,0.4371,0.618,0,0.000
3133,5.0937,tetrapak,0.0462,0.6945,0.187,0,0.000
3134,5.0937,tetrapak,-0.3204,0.4228,1.325,0,0.000
3135,5.0937,chips,0.1412,0.8434,0.950,0,0.000
3136,5.0996,can,0.2836,0.5328,0.209,0,0.000
3137,5.0996,tetrapak,0.1547,0.6146,1.681,0,0.000
3138,5.0996,chips,-0.3120,0.7324,1.465,0,0.000
3139,5.0996,can,0.2016,0.1713,0.417,0,0.000
3140,5.1037,can,-0.3070,0.2345,2.796,0,0.000
3141,5.1037,chips,0.2301,0.6626,1.687,0,0.000
3142,5.1037,chips,0.1502,0.5662,0.682,0,0.000
3143,5.1037,can,0.2354,0.4053,1.736,0,0.000
3144,5.1078,can,0.1522,0.5040,0.682,0,0.000
3145,5.1078,chips,0.0281,0.7109,2.421,0,0.000
3146,5.1078,chips,0.0787,0.2873,1.387,0,0.000
3147,5.1078,chips,-0.0538,0.2375,0.265,0,0.000
3148,5.1120,chips,-0.2768,0.6760,0.947,0,0.000
3149,5.1120,can,0.2183,0.6575,1.532,0,0.000
3150,5.1120,can,-0.1389,0.7876,0.854,0,0.000
3151,5.1120,can,-0.1269,0.4314,0.794,0,0.000
3152,5.1161,can,-0.3341,0.3378,1.371,0,0.000
3153,5.1161,can,-0.0322,0.3926,2.671,0,0.000
3154,5.1161,can,0.1560,0.6682,0.428,0,0.000
3155,5.1161,chips,-0.3358,0.7386,1.220,0,0.000
3156,5.1201,can,0.1279,0.4813,0.773,0,0.000
3157,5.1201,chips,0.0116,0.7085,2.675,0,0.000
3158,5.1201,can,-0.0397,0.3836,2.758,0,0.000
3159,5.1201,chips,0.1421,0.5976,0.954,0,0.000
3160,5.1241,tetrapak,-0.3460,0.2696,1.931,0,0.000
3161,5.1241,tetrapak,0.2329,0.5593,0.119,0,0.000
3162,5.1241,tetrapak,-0.2541,0.3188,0.712,0,0.000
3163,5.1241,can,0.1102,0.3463,0.928,0,0.000
3164,5.1282,can,-0.1269,0.5454,1.219,0,0.000
3165,5.1282,can,0.0457,0.4005,2.558,0,0.000
3166,5.1282,can,0.2072,0.4066,0.102,0,0.000
3167,5.1282,chips,0.1481,0.4993,2.596,0,0.000
3168,5.1323,tetrapak,-0.1502,0.2197,2.990,0,0.000
3169,5.1323,chips,0.2597,0.3720,2.883,0,0.000
3170,5.1323,can,0.2810,0.7450,2.778,0,0.000
3171,5.1323,tetrapak,0.2239,0.3674,0.581,0,0.000
3172,5.1361,can,-0.1220,0.3066,2.864,0,0.000
3173,5.1361,tetrapak,-0.1109,0.6671,0.340,0,0.000
3174,5.1361,chips,-0.3147,0.3926,1.325,0,0.000
3175,5.1361,chips,0.0318,0.7365,2.529,0,0.000
3176,5.1394,chips,0.1634,0.1701,2.293,0,0.000
3177,5.1394,can,0.3460,0.7880,2.419,0,0.000
3178,5.1394,tetrapak,-0.3365,0.8264,1.605,0,0.000
3179,5.1394,chips,0.2115,0.6654,1.385,0,0.000
3180,5.1431,tetrapak,0.3075,0.2619,2.114,0,0.000
3181,5.1431,can,-0.1180,0.6245,0.064,0,0.000
3182,5.1431,tetrapak,-0.0002,0.5723,2.867,0,0.000
3183,5.1431,can,-0.0609,0.2295,2.828,0,0.000
3184,5.1473,chips,-0.1537,0.5816,0.864,0,0.000
3185,5.1473,tetrapak,-0.1097,0.7681,0.053,0,0.000
3186,5.1473,tetrapak,0.1413,0.8240,1.216,0,0.000
3187,5.1473,chips,-0.3219,0.5810,2.540,0,0.000
3188,5.1515,tetrapak,0.2602,0.4126,1.528,0,0.000
3189,5.1515,can,-0.3116,0.6053,2.914,0,0.000
3190,5.1515,can,0.0834,0.5198,1.691,0,0.000
3191,5.1515,tetrapak,0.2345,0.4917,2.488,0,0.000
3192,5.1555,chips,-0.2166,0.3741,2.279,0,0.000
3193,5.1555,can,-0.1070,0.1535,2.115,0,0.000
3194,5.1555,chips,0.2203,0.8075,0.594,0,0.000
3195,5.1555,chips,-0.0830,0.4008,2.353,0,0.000
3196,5.1597,can,-0.1570,0.8129,1.770,0,0.000
3197,5.1597,tetrapak,0.2540,0.7871,0.522,0,0.000
3198,5.1597,can,0.0158,0.7226,1.386,0,0.000
3199,5.1597,can,-0.0514,0.6641,1.077,0,0.000
3200,5.1638,tetrapak,-0.0080,0.6123,2.811,0,0.000
3201,5.1638,chips,0.3090,0.6096,2.175,0,0.000
3202,5.1638,chips,0.3427,0.1940,1.560,0,0.000
3203,5.1638,can,0.3201,0.4809,2.840,0,0.000
3204,5.1680,chips,0.0881,0.7736,0.449,0,0.000
3205,5.1680,chips,0.2623,0.2610,2.668,0,0.000
3206,5.1680,chips,0.2364,0.8343,2.799,0,0.000
3207,5.1680,tetrapak,-0.0601,0.3473,0.809,0,0.000
3208,5.1720,can,-0.2813,0.7225,0.649,0,0.000
3209,5.1720,can,-0.0763,0.7952,2.227,0,0.000
3210,5.1720,tetrapak,0.1775,0.5314,2.069,0,0.000
3211,5.1720,can,-0.3189,0.1973,0.916,0,0.000
3212,5.1761,chips,0.0142,0.3409,1.298,0,0.000
3213,5.1761,tetrapak,-0.2022,0.4099,2.436,0,0.000
3214,5.1761,can,-0.1423,0.5411,2.330,0,0.000
3215,5.1761,can,0.3173,0.2727,1.237,0,0.000
3216,5.1800,chips,-0.1761,0.5301,1.260,0,0.000
3217,5.1800,chips,-0.1906,0.8133,1.078,0,0.000
3218,5.1800,tetrapak,0.2780,0.5125,2.186,0,0.000
3219,5.1800,can,-0.0024,0.4525,1.154,0,0.000
3220,5.1841,can,-0.0892,0.6334,0.679,0,0.000
3221,5.1841,tetrapak,-0.2064,0.5887,0.015,0,0.000
3222,5.1841,chips,-0.3338,0.1780,2.405,0,0.000
3223,5.1841,tetrapak,-0.1293,0.7141,0.930,0,0.000
3224,5.1882,chips,-0.2547,0.2017,1.099,0,0.000
3225,5.1882,can,-0.2302,0.4608,0.407,0,0.000
3226,5.1882,chips,0.1493,0.5626,2.861,0,0.000
3227,5.1882,chips,-0.2114,0.6376,2.553,0,0.000
3228,5.1922,tetrapak,0.2536,0.7451,0.930,0,0.000
3229,5.1922,chips,0.2794,0.5540,0.383,0,0.000
3230,5.1922,tetrapak,0.3219,0.8308,0.582,0,0.000
3231,5.1922,chips,-0.3090,0.2819,2.935,0,0.000
3232,5.1970,can,-0.1042,0.2538,1.131,0,0.000
3233,5.1970,chips,-0.0636,0.7156,2.781,0,0.000
3234,5.1970,tetrapak,0.2919,0.4264,2.784,0,0.000
3235,5.1970,chips,-0.0797,0.2882,0.119,0,0.000
3236,5.2010,can,-0.0003,0.2550,2.382,0,0.000
3237,5.2010,tetrapak,0.0097,0.5357,1.889,0,0.000
3238,5.2010,chips,0.1682,0.2353,1.628,0,0.000
3239,5.2010,tetrapak,0.2067,0.2860,1.154,0,0.000
3240,5.2048,tetrapak,0.0870,0.2942,1.614,0,0.000
3241,5.2048,tetrapak,-0.3012,0.7747,2.415,0,0.000
3242,5.2048,chips,-0.1775,0.7776,2.781,0,0.000
3243,5.2048,can,-0.1719,0.6177,1.931,0,0.000
3244,5.2084,chips,0.0598,0.4282,2.175,0,0.000
3245,5.2084,chips,0.0910,0.7986,2.840,0,0.000
3246,5.2084,chips,0.0615,0.3998,1.246,0,0.000
3247,5.2084,tetrapak,0.3278,0.6807,0.434,0,0.000
3248,5.2125,tetrapak,-0.0235,0.4506,2.111,0,0.000
3249,5.2125,chips,0.1085,0.1969,1.917,0,0.000
3250,5.2125,chips,-0.1158,0.6220,2.394,0,0.000
3251,5.2125,chips,-0.2656,0.1582,0.394,0,0.000
3252,5.2165,chips,-0.1237,0.4721,0.762,0,0.000
3253,5.2165,tetrapak,0.3292,0.7104,2.627,0,0.000
3254,5.2165,chips,-0.0148,0.3187,2.655,0,0.000
3255,5.2165,chips,-0.1323,0.4138,0.134,0,0.000
3256,5.2204,can,0.0933,0.4821,2.537,0,0.000
3257,5.2204,can,-0.2539,0.3179,1.583,0,0.000
3258,5.2204,tetrapak,0.0141,0.2302,1.536,0,0.000
3259,5.2204,can,0.0292,0.5413,1.203,0,0.000
3260,5.2242,chips,0.1883,0.2785,2.242,0,0.000
3261,5.2242,can,-0.0776,0.8026,0.472,0,0.000
3262,5.2242,can,0.3051,0.2231,0.509,0,0.000
3263,5.2242,tetrapak,0.1091,0.1829,1.327,0,0.000
3264,5.2283,tetrapak,-0.3325,0.3199,2.807,0,0.000
3265,5.2283,can,-0.1254,0.5633,0.753,0,0.000
3266,5.2283,tetrapak,0.0922,0.6945,1.259,0,0.000
3267,5.2283,tetrapak,0.0813,0.8428,2.583,0,0.000
3268,5.2324,can,-0.0105,0.2509,0.610,0,0.000
3269,5.2324,chips,0.2108,0.5036,1.859,0,0.000
3270,5.2324,chips,0.0774,0.6405,2.490,0,0.000
3271,5.2324,tetrapak,0.1518,0.6400,0.996,0,0.000
3272,5.2368,tetrapak,0.1966,0.2375,0.765,0,0.000
3273,5.2368,tetrapak,-0.1327,0.6534,2.094,0,0.000
3274,5.2368,chips,-0.0158,0.4013,2.888,0,0.000
3275,5.2368,chips,0.3107,0.7736,2.241,0,0.000
3276,5.2407,chips,0.0699,0.1819,0.179,0,0.000
3277,5.2407,chips,0.0139,0.1929,1.733,0,0.000
3278,5.2407,tetrapak,-0.1505,0.6711,0.652,0,0.000
3279,5.2407,tetrapak,-0.2482,0.1644,1.965,0,0.000
3280,5.2447,tetrapak,-0.2454,0.2060,2.416,0,0.000
3281,5.2447,chips,-0.3207,0.3220,0.299,0,0.000
3282,5.2447,tetrapak,-0.1359,0.7124,0.336,0,0.000
3283,5.2447,can,-0.2393,0.2938,1.030,0,0.000
3284,5.2487,chips,0.2483,0.7387,2.471,0,0.000
3285,5.2487,tetrapak,0.0792,0.1905,0.102,0,0.000
3286,5.2487,tetrapak,-0.1914,0.5190,2.717,0,0.000
3287,5.2487,tetrapak,-0.2965,0.4095,0.338,0,0.000
3288,5.2530,can,-0.0875,0.3250,1.200,0,0.000
3289,5.2530,can,0.2677,0.4856,0.660,0,0.000
3290,5.2530,tetrapak,-0.2458,0.4428,0.493,0,0.000
3291,5.2530,tetrapak,0.0238,0.6601,0.569,0,0.000
3292,5.2577,can,-0.2651,0.8166,0.265,0,0.000
3293,5.2577,tetrapak,-0.0833,0.6099,2.128,0,0.000
3294,5.2577,can,-0.3307,0.5615,1.064,0,0.000
3295,5.2577,can,-0.2731,0.7413,2.223,0,0.000
3296,5.2613,tetrapak,-0.0207,0.5821,1.021,0,0.000
3297,5.2613,chips,-0.2247,0.5532,0.861,0,0.000
3298,5.2613,can,-0.0335,0.2494,0.834,0,0.000
3299,5.2613,chips,0.1209,0.7863,0.363,0,0.000
3300,5.2651,tetrapak,0.1619,0.3144,0.469,0,0.000
3301,5.2651,tetrapak,-0.1733,0.6458,1.506,0,0.000
3302,5.2651,chips,-0.2949,0.6824,0.459,0,0.000
3303,5.2651,chips,0.0633,0.3795,2.452,0,0.000
3304,5.2708,can,0.2845,0.1566,2.079,0,0.000
3305,5.2708,tetrapak,0.0025,0.2472,1.325,0,0.000
3306,5.2708,can,0.0944,0.5332,0.130,0,0.000
3307,5.2708,tetrapak,0.0163,0.6717,1.817,0,0.000
3308,5.2741,can,-0.2457,0.5909,1.506,0,0.000
3309,5.2741,chips,-0.1509,0.8162,3.000,0,0.000
3310,5.2741,tetrapak,-0.1887,0.5523,0.602,0,0.000
3311,5.2741,tetrapak,0.3176,0.7972,1.793,0,0.000
3312,5.2782,chips,0.0389,0.3443,0.368,0,0.000
3313,5.2782,chips,0.2180,0.4574,0.395,0,0.000
3314,5.2782,chips,0.1262,0.6449,2.604,0,0.000
3315,5.2782,can,-0.1837,0.6526,2.422,0,0.000
3316,5.2822,tetrapak,-0.3188,0.2902,2.892,0,0.000
3317,5.2822,can,0.2527,0.2448,0.764,0,0.000
3318,5.2822,can,-0.2583,0.7012,2.899,0,0.000
3319,5.2822,can,-0.1864,0.3944,1.617,0,0.000
3320,5.2864,can,-0.1846,0.1869,0.011,0,0.000
3321,5.2864,tetrapak,0.1820,0.4661,2.594,0,0.000
3322,5.2864,tetrapak,-0.0731,0.3608,2.251,0,0.000
3323,5.2864,tetrapak,-0.0512,0.5124,0.402,0,0.000
3324,5.2909,can,-0.0592,0.4170,2.264,0,0.000
3325,5.2909,chips,0.2114,0.3633,2.700,0,0.000
3326,5.2909,chips,-0.1681,0.5848,0.838,0,0.000
3327,5.2909,tetrapak,-0.1197,0.4471,2.494,0,0.000
3328,5.2949,can,-0.1330,0.4536,0.410,0,0.000
3329,5.2949,can,0.1959,0.6531,1.473,0,0.000
3330,5.2949,chips,0.2655,0.3084,2.412,0,0.000
3331,5.2949,can,0.2292,0.5925,2.661,0,0.000
3332,5.2990,can,-0.2176,0.2768,1.150,0,0.000
3333,5.2990,chips,0.2845,0.6786,2.973,0,0.000
3334,5.2990,chips,0.2200,0.2103,0.354,0,0.000
3335,5.2990,tetrapak,-0.0360,0.6782,0.131,0,0.000
3336,5.3031,can,0.2825,0.1599,0.529,0,0.000
3337,5.3031,can,-0.1208,0.4015,0.583,0,0.000
3338,5.3031,chips,0.0796,0.5024,2.819,0,0.000
3339,5.3031,chips,-0.0566,0.4271,0.300,0,0.000
3340,5.3070,chips,-0.1821,0.2266,1.874,0,0.000
3341,5.3070,chips,0.2348,0.3051,1.000,0,0.000
3342,5.3070,tetrapak,0.0350,0.2184,0.188,0,0.000
3343,5.3070,can,0.1484,0.2434,2.569,0,0.000
3344,5.3114,tetrapak,-0.1470,0.2780,2.283,0,0.000
3345,5.3114,tetrapak,0.0082,0.3313,0.925,0,0.000
3346,5.3114,chips,0.2500,0.6139,2.970,0,0.000
3347,5.3114,can,-0.3443,0.2039,1.813,0,0.000
3348,5.3151,can,-0.3323,0.3555,2.400,0,0.000
3349,5.3151,tetrapak,-0.1881,0.5816,0.878,0,0.000
3350,5.3151,tetrapak,-0.2971,0.3313,1.477,0,0.000
3351,5.3151,tetrapak,-0.0494,0.4203,2.813,0,0.000
3352,5.3190,can,0.0622,0.1955,2.833,0,0.000
3353,5.3190,tetrapak,0.0107,0.7352,1.202,0,0.000
3354,5.3190,tetrapak,0.0373,0.5993,2.573,0,0.000
3355,5.3190,chips,0.2411,0.4882,2.362,0,0.000
3356,5.3229,can,0.3139,0.2984,2.950,0,0.000
3357,5.3229,chips,0.2947,0.3667,2.040,0,0.000
3358,5.3229,can,-0.0810,0.5026,2.327,0,0.000
3359,5.3229,chips,-0.1539,0.7077,1.941,0,0.000
3360,5.3270,chips,0.1200,0.4319,0.219,0,0.000
3361,5.3270,tetrapak,-0.1464,0.5551,0.546,0,0.000
3362,5.3270,chips,0.0129,0.4566,0.514,0,0.000
3363,5.3270,chips,0.3293,0.3322,2.717,0,0.000
3364,5.3310,tetrapak,0.3299,0.5720,0.437,0,0.000
3365,5.3310,chips,-0.0777,0.5147,1.721,0,0.000
3366,5.3310,can,0.2933,0.5120,1.185,0,0.000
3367,5.3310,can,-0.3343,0.2857,0.752,0,0.000
3368,5.3350,can,0.1010,0.2039,2.322,0,0.000
3369,5.3350,chips,0.0933,0.4048,2.532,0,0.000
3370,5.3350,can,-0.2450,0.3504,0.044,0,0.000
3371,5.3350,can,-0.0929,0.6261,1.026,0,0.000
3372,5.3388,chips,0.1222,0.4248,1.620,0,0.000
3373,5.3388,can,0.1358,0.1744,2.827,0,0.000
3374,5.3388,tetrapak,-0.2126,0.6095,0.455,0,0.000
3375,5.3388,chips,0.1178,0.7876,1.492,0,0.000
3376,5.3426,chips,0.1284,0.3378,2.771,0,0.000
3377,5.3426,chips,0.1718,0.6174,2.176,0,0.000
3378,5.3426,chips,-0.1389,0.7385,0.200,0,0.000
3379,5.3426,can,0.2368,0.3201,0.870,0,0.000
3380,5.3469,tetrapak,0.0541,0.4101,0.445,0,0.000
3381,5.3469,can,-0.2366,0.2023,0.507,0,0.000
3382,5.3469,tetrapak,-0.1245,0.2227,2.965,0,0.000
3383,5.3469,tetrapak,-0.2955,0.3639,0.589,0,0.000
3384,5.3512,can,0.1552,0.4944,1.804,1,0.000
3385,5.3512,chips,0.0767,0.7232,1.494,0,0.000
3386,5.3512,chips,-0.1224,0.3508,1.315,0,0.000
3387,5.3512,tetrapak,-0.1918,0.7762,2.414,0,0.000
3388,5.3549,can,-0.0863,0.7323,0.150,0,0.000
3389,5.3549,tetrapak,-0.0111,0.3397,1.465,0,0.000
3390,5.3549,chips,-0.2204,0.7707,2.600,0,0.000
3391,5.3549,chips,0.2467,0.2978,2.577,0,0.000
3392,5.3585,chips,-0.2417,0.8213,1.615,0,0.000
3393,5.3585,can,0.2928,0.5118,1.010,0,0.000
3394,5.3585,tetrapak,0.0706,0.2636,1.094,0,0.000
3395,5.3585,tetrapak,0.2021,0.2561,1.315,0,0.000
3396,5.3625,chips,0.1746,0.2694,0.493,0,0.000
3397,5.3625,tetrapak,0.0676,0.2071,0.972,0,0.000
3398,5.3625,tetrapak,0.1221,0.3592,2.016,0,0.000
3399,5.3625,chips,-0.1496,0.4612,0.845,0,0.000
3400,5.3663,can,-0.3302,0.7359,2.761,0,0.000
3401,5.3663,chips,0.3018,0.3493,1.338,0,0.000
3402,5.3663,can,0.0072,0.3007,0.336,0,0.000
3403,5.3663,chips,-0.1622,0.3430,3.085,0,0.000
3404,5.3703,chips,0.1902,0.2975,1.850,0,0.000
3405,5.3703,chips,0.0552,0.6272,1.294,0,0.000
3406,5.3703,tetrapak,-0.0658,0.2101,0.808,0,0.000
3407,5.3703,tetrapak,-0.1718,0.4702,2.997,0,0.000
3408,5.3742,can,0.2422,0.8133,2.878,0,0.000
3409,5.3742,tetrapak,0.0677,0.6370,0.545,0,0.000
3410,5.3742,can,-0.3221,0.4232,2.678,0,0.000
3411,5.3742,can,-0.0279,0.5370,3.102,0,0.000
3412,5.3781,can,0.0497,0.7585,1.047,0,0.000
3413,5.3781,can,-0.0218,0.2449,2.278,0,0.000
3414,5.3781,tetrapak,0.0553,0.5436,0.418,0,0.000
3415,5.3781,can,-0.1678,0.7558,2.301,0,0.000
3416,5.3821,tetrapak,-0.2344,0.6496,1.846,0,0.000
3417,5.3821,can,-0.2166,0.7459,1.207,0,0.000
3418,5.3821,chips,0.3079,0.2645,0.794,0,0.000
3419,5.3821,tetrapak,-0.2514,0.3329,1.571,0,0.000
3420,5.3860,tetrapak,-0.0261,0.8241,0.938,0,0.000
3421,5.3860,tetrapak,0.1686,0.2419,0.892,0,0.000
3422,5.3860,chips,0.2604,0.3836,1.574,0,0.000
3423,5.3860,tetrapak,-0.2922,0.7188,0.994,0,0.000
3424,5.3899,can,-0.3141,0.3357,0.761,0,0.000
3425,5.3899,chips,0.2744,0.3080,2.930,0,0.000
3426,5.3899,tetrapak,0.2240,0.1900,2.835,0,0.000
3427,5.3899,tetrapak,-0.0012,0.1984,0.085,0,0.000
3428,5.3938,chips,-0.2470,0.2784,0.086,0,0.000
3429,5.3938,tetrapak,0.3428,0.7406,3.006,0,0.000
3430,5.3938,can,-0.3309,0.4035,3.066,0,0.000
3431,5.3938,tetrapak,-0.2828,0.6802,2.480,0,0.000
3432,5.3977,tetrapak,-0.0893,0.6219,2.981,0,0.000
3433,5.3977,tetrapak,0.1816,0.8104,1.631,0,0.000
3434,5.3977,chips,-0.1135,0.7723,2.394,0,0.000
3435,5.3977,can,-0.2213,0.8185,1.101,0,0.000
3436,5.4014,can,-0.1826,0.1783,2.372,0,0.000
3437,5.4014,chips,-0.3242,0.7065,1.284,0,0.000
3438,5.4014,can,0.3225,0.6791,0.141,0,0.000
3439,5.4014,tetrapak,-0.3196,0.5540,1.760,0,0.000
3440,5.4049,can,-0.2862,0.2005,2.450,0,0.000
3441,5.4049,can,-0.0799,0.2177,0.197,0,0.000
3442,5.4049,can,-0.0247,0.4697,2.753,0,0.000
3443,5.4049,tetrapak,0.1944,0.7940,1.805,0,0.000
3444,5.4100,tetrapak,0.1993,0.6538,0.986,0,0.000
3445,5.4100,can,-0.2341,0.2885,0.444,0,0.000
3446,5.4100,can,0.2547,0.4322,2.369,0,0.000
3447,5.4100,can,0.1562,0.5500,1.788,0,0.000
3448,5.4166,tetrapak,0.0824,0.5046,2.387,0,0.000
3449,5.4166,can,0.1301,0.4776,1.493,0,0.000
3450,5.4166,chips,0.0925,0.2406,2.346,0,0.000
3451,5.4166,tetrapak,0.2236,0.5972,1.823,0,0.000
3452,5.4203,chips,0.2621,0.5838,0.537,0,0.000
3453,5.4203,tetrapak,0.0399,0.3358,0.142,0,0.000
3454,5.4203,tetrapak,0.2323,0.7824,1.062,0,0.000
3455,5.4203,tetrapak,0.2711,0.6847,2.861,0,0.000
3456,5.4241,chips,0.3198,0.7862,0.364,0,0.000
3457,5.4241,chips,0.1434,0.4410,1.751,0,0.000
3458,5.4241,chips,0.3127,0.3490,0.357,0,0.000
3459,5.4241,chips,-0.0889,0.7719,0.647,0,0.000
3460,5.4319,chips,0.3419,0.7444,0.303,0,0.000
3461,5.4319,can,0.1652,0.5274,1.777,0,0.000
3462,5.4319,can,-0.1455,0.8022,2.879,0,0.000
3463,5.4319,tetrapak,-0.3224,0.8324,0.183,0,0.000
3464,5.4358,tetrapak,0.3063,0.6213,2.641,0,0.000
3465,5.4358,tetrapak,-0.1214,0.2388,2.233,0,0.000
3466,5.4358,can,-0.1663,0.7020,2.990,0,0.000
3467,5.4358,chips,-0.1904,0.1699,2.550,0,0.000
3468,5.4462,chips,0.1003,0.3988,2.467,0,0.000
3469,5.4462,can,0.1192,0.5439,2.088,0,0.000
3470,5.4462,can,0.3049,0.3062,0.349,0,0.000
3471,5.4462,can,-0.0559,0.3443,0.206,0,0.000
3472,5.4514,tetrapak,0.0325,0.6896,0.516,0,0.000
3473,5.4514,tetrapak,0.1914,0.5192,0.380,0,0.000
3474,5.4514,tetrapak,-0.0380,0.1653,2.778,0,0.000
3475,5.4514,tetrapak,0.0624,0.1860,2.661,0,0.000
3476,5.4573,tetrapak,0.2418,0.2930,0.993,0,0.000
3477,5.4573,chips,-0.0098,0.2709,0.226,0,0.000
3478,5.4573,tetrapak,0.0182,0.3386,0.370,0,0.000
3479,5.4573,chips,-0.2456,0.6037,0.800,0,0.000
3480,5.4610,tetrapak,0.2884,0.4849,2.572,0,0.000
3481,5.4610,chips,-0.1685,0.4710,0.232,0,0.000
3482,5.4610,can,-0.0150,0.5154,1.542,0,0.000
3483,5.4610,tetrapak,-0.2194,0.3418,0.313,0,0.000
3484,5.4648,chips,0.2058,0.6604,2.220,0,0.000
3485,5.4648,chips,-0.1093,0.4997,0.766,0,0.000
3486,5.4648,tetrapak,0.1362,0.4469,0.613,0,0.000
3487,5.4648,can,0.2580,0.7040,1.306,0,0.000
3488,5.4687,can,0.2169,0.5206,2.107,0,0.000
3489,5.4687,tetrapak,0.2950,0.7798,1.175,0,0.000
3490,5.4687,can,-0.0545,0.2081,2.776,0,0.000
3491,5.4687,chips,0.0328,0.1896,0.315,0,0.000
3492,5.4723,chips,-0.0900,0.3266,0.368,0,0.000
3493,5.4723,tetrapak,0.1472,0.2085,1.635,0,0.000
3494,5.4723,chips,-0.1404,0.7011,1.858,0,0.000
3495,5.4723,tetrapak,-0.3110,0.2422,1.868,0,0.000
3496,5.4760,tetrapak,-0.1887,0.1668,0.465,0,0.000
3497,5.4760,tetrapak,0.0793,0.4902,1.291,0,0.000
3498,5.4760,tetrapak,0.3363,0.8180,0.752,0,0.000
3499,5.4760,can,-0.1487,0.7836,0.907,0,0.000
3500,5.4800,chips,-0.3125,0.7796,2.165,0,0.000
3501,5.4800,can,0.1587,0.3544,1.992,0,0.000
3502,5.4800,chips,0.2414,0.8168,0.670,0,0.000
3503,5.4800,chips,0.3050,0.7735,2.565,0,0.000
3504,5.4836,can,0.0235,0.1584,0.475,0,0.000
3505,5.4836,can,0.2910,0.7487,0.109,0,0.000
3506,5.4836,chips,-0.1599,0.2184,1.901,0,0.000
3507,5.4836,tetrapak,-0.0474,0.5460,0.953,0,0.000
3508,5.4871,can,-0.2157,0.5522,0.592,0,0.000
3509,5.4871,chips,0.0551,0.8349,1.341,0,0.000
3510,5.4871,chips,-0.0290,0.6958,0.307,0,0.000
3511,5.4871,can,0.2986,0.2148,2.312,0,0.000
3512,5.4915,tetrapak,-0.1401,0.2575,2.810,0,0.000
3513,5.4915,chips,-0.0223,0.8011,1.371,0,0.000
3514,5.4915,chips,0.2248,0.6316,1.032,0,0.000
3515,5.4915,tetrapak,0.0839,0.5605,2.062,0,0.000
3516,5.4958,can,-0.0224,0.8102,1.069,0,0.000
3517,5.4958,can,0.1733,0.1938,2.784,0,0.000
3518,5.4958,chips,-0.0481,0.6111,1.716,0,0.000
3519,5.4958,can,-0.1857,0.2863,1.647,0,0.000
3520,5.4999,chips,0.1099,0.3039,0.214,0,0.000
3521,5.4999,tetrapak,0.1951,0.4747,1.975,0,0.000
3522,5.4999,chips,0.0255,0.4350,0.379,0,0.000
3523,5.4999,can,0.1716,0.7992,2.876,0,0.000
3524,5.5034,tetrapak,0.1646,0.5578,2.957,0,0.000
3525,5.5034,chips,-0.2426,0.1592,1.425,0,0.000
3526,5.5034,tetrapak,-0.1061,0.5506,2.484,0,0.000
3527,5.5034,tetrapak,0.2587,0.7618,1.168,0,0.000
3528,5.5075,chips,-0.2477,0.6313,1.039,0,0.000
3529,5.5075,chips,0.1330,0.2230,2.433,0,0.000
3530,5.5075,tetrapak,-0.1113,0.2553,1.085,0,0.000
3531,5.5075,can,-0.0081,0.6235,2.315,0,0.000
3532,5.5115,tetrapak,-0.1322,0.2703,0.486,0,0.000
3533,5.5115,can,-0.3001,0.6176,2.456,0,0.000
3534,5.5115,tetrapak,-0.3068,0.3743,2.674,0,0.000
3535,5.5115,tetrapak,0.2997,0.2531,3.033,0,0.000
3536,5.5156,tetrapak,-0.2914,0.4059,0.247,0,0.000
3537,5.5156,chips,-0.2778,0.5934,1.634,0,0.000
3538,5.5156,chips,0.2884,0.6381,0.901,0,0.000
3539,5.5156,chips,-0.3187,0.8086,0.081,0,0.000
3540,5.5203,tetrapak,0.2128,0.1857,2.329,0,0.000
3541,5.5203,chips,0.2373,0.4083,0.097,0,0.000
3542,5.5203,can,-0.3155,0.7411,0.740,0,0.000
3543,5.5203,chips,-0.1921,0.3258,0.189,0,0.000
3544,5.5247,tetrapak,0.2194,0.7062,1.693,0,0.000
3545,5.5247,chips,-0.3067,0.7915,1.932,0,0.000
3546,5.5247,tetrapak,-0.2052,0.5939,2.147,0,0.000
3547,5.5247,can,-0.2851,0.4618,0.262,0,0.000
3548,5.5287,chips,0.2988,0.4470,0.683,0,0.000
3549,5.5287,tetrapak,-0.0990,0.1717,0.044,0,0.000
3550,5.5287,chips,0.2942,0.4773,2.632,0,0.000
3551,5.5287,can,0.2498,0.7157,2.821,0,0.000
3552,5.5325,chips,0.1130,0.3291,1.961,0,0.000
3553,5.5325,can,-0.1621,0.4669,2.577,0,0.000
3554,5.5325,tetrapak,0.0529,0.6617,2.425,0,0.000
3555,5.5325,tetrapak,-0.1950,0.3832,1.142,0,0.000
3556,5.5363,tetrapak,0.2298,0.4405,1.020,0,0.000
3557,5.5363,tetrapak,-0.2659,0.7807,2.969,0,0.000
3558,5.5363,tetrapak,0.1823,0.7554,1.032,0,0.000
3559,5.5363,tetrapak,0.1954,0.7615,2.880,0,0.000
3560,5.5401,can,-0.3275,0.4250,1.696,0,0.000
3561,5.5401,chips,0.2509,0.4139,1.322,0,0.000
3562,5.5401,can,0.2028,0.6707,2.667,0,0.000
3563,5.5401,chips,-0.0236,0.2049,0.275,0,0.000
3564,5.5442,chips,0.1627,0.2882,0.247,0,0.000
3565,5.5442,tetrapak,0.2443,0.2409,2.751,0,0.000
3566,5.5442,chips,0.2649,0.1878,1.516,0,0.000
3567,5.5442,chips,-0.2653,0.3414,0.176,0,0.000
3568,5.5482,chips,-0.0086,0.5746,1.980,0,0.000
3569,5.5482,chips,0.2908,0.2309,0.199,0,0.000
3570,5.5482,chips,0.2527,0.6199,3.093,0,0.000
3571,5.5482,can,-0.0427,0.4125,0.464,0,0.000
3572,5.5518,tetrapak,-0.3203,0.5386,0.915,0,0.000
3573,5.5518,chips,-0.3165,0.2222,0.384,0,0.000
3574,5.5518,tetrapak,0.0462,0.8394,1.438,0,0.000
3575,5.5518,can,0.0464,0.7788,1.507,0,0.000
3576,5.5552,can,-0.1199,0.5612,3.068,0,0.000
3577,5.5552,chips,-0.3112,0.6623,1.136,0,0.000
3578,5.5552,tetrapak,0.1138,0.2005,2.214,0,0.000
3579,5.5552,tetrapak,0.0361,0.5520,1.830,0,0.000
3580,5.5587,can,-0.0088,0.1848,2.035,0,0.000
3581,5.5587,can,0.3127,0.8305,2.995,0,0.000
3582,5.5587,tetrapak,0.1779,0.6585,1.579,0,0.000
3583,5.5587,tetrapak,0.1486,0.7889,1.649,0,0.000
3584,5.5629,tetrapak,0.0264,0.8205,1.659,0,0.000
3585,5.5629,can,0.1015,0.3010,0.350,0,0.000
3586,5.5629,tetrapak,0.0681,0.2217,2.179,0,0.000
3587,5.5629,tetrapak,0.1775,0.3564,2.562,0,0.000
3588,5.5668,can,0.1069,0.3347,0.360,0,0.000
3589,5.5668,tetrapak,0.1176,0.6614,1.023,0,0.000
3590,5.5668,chips,-0.1788,0.6374,2.449,0,0.000
3591,5.5668,can,0.3180,0.3089,1.035,0,0.000
3592,5.5707,chips,0.2932,0.4795,0.196,0,0.000
3593,5.5707,can,-0.1570,0.6240,1.089,0,0.000
3594,5.5707,can,-0.1297,0.2568,2.755,0,0.000
3595,5.5707,chips,0.0360,0.4462,2.852,0,0.000
3596,5.5745,chips,0.0670,0.5043,1.167,0,0.000
3597,5.5745,tetrapak,-0.1904,0.7791,1.681,0,0.000
3598,5.5745,can,0.2705,0.2746,0.960,0,0.000
3599,5.5745,chips,-0.0030,0.6808,2.367,0,0.000
3600,5.5783,can,-0.0952,0.2431,0.513,0,0.000
3601,5.5783,can,0.0101,0.1713,2.779,0,0.000
3602,5.5783,chips,-0.3152,0.4579,1.125,0,0.000
3603,5.5783,tetrapak,0.0832,0.1742,0.841,0,0.000
3604,5.5822,can,0.1900,0.3371,2.954,0,0.000
3605,5.5822,chips,-0.2186,0.7762,2.694,0,0.000
3606,5.5822,chips,-0.0640,0.5351,1.527,0,0.000
3607,5.5822,chips,-0.0788,0.2998,0.777,0,0.000
3608,5.5863,chips,-0.1630,0.7914,1.651,0,0.000
3609,5.5863,chips,0.3000,0.5732,1.514,0,0.000
3610,5.5863,chips,-0.2325,0.7526,0.984,0,0.000
3611,5.5863,chips,-0.1137,0.2782,2.461,0,0.000
3612,5.6008,can,-0.2004,0.4072,0.874,0,0.000
3613,5.6008,can,-0.0519,0.6841,2.982,0,0.000
3614,5.6008,chips,0.0742,0.4351,2.739,0,0.000
3615,5.6008,tetrapak,0.0143,0.6416,1.173,0,0.000
3616,5.6049,chips,-0.1844,0.3277,2.317,0,0.000
3617,5.6049,tetrapak,0.1073,0.4692,2.770,0,0.000
3618,5.6049,can,0.0913,0.5742,2.451,0,0.000
3619,5.6049,can,-0.0590,0.7574,0.345,0,0.000
3620,5.6110,chips,0.3121,0.3053,0.643,0,0.000
3621,5.6110,chips,-0.3214,0.4436,2.092,0,0.000
3622,5.6110,chips,0.3092,0.7430,0.918,0,0.000
3623,5.6110,tetrapak,0.0477,0.3726,0.605,0,0.000
3624,5.6151,can,0.0148,0.7967,0.515,0,0.000
3625,5.6151,tetrapak,0.1987,0.5278,3.006,0,0.000
3626,5.6151,can,0.0261,0.5618,1.914,0,0.000
3627,5.6151,can,-0.0974,0.6367,1.479,0,0.000
3628,5.6189,tetrapak,-0.0854,0.3781,2.961,0,0.000
3629,5.6189,can,-0.2397,0.4336,3.058,0,0.000
3630,5.6189,chips,0.2297,0.6036,2.501,0,0.000
3631,5.6189,tetrapak,0.1143,0.7614,0.474,0,0.000
3632,5.6233,can,-0.0597,0.4154,0.752,0,0.000
3633,5.6233,tetrapak,-0.1908,0.1756,0.365,0,0.000
3634,5.6233,can,-0.2908,0.2390,2.302,0,0.000
3635,5.6233,can,-0.2083,0.3854,0.069,0,0.000
3636,5.6271,chips,0.1249,0.3670,0.317,0,0.000
3637,5.6271,tetrapak,-0.2962,0.6444,1.626,0,0.000
3638,5.6271,tetrapak,0.1656,0.3769,2.615,0,0.000
3639,5.6271,chips,0.3036,0.7112,2.495,0,0.000
3640,5.6310,chips,0.2568,0.1765,2.902,0,0.000
3641,5.6310,can,0.3492,0.3126,2.708,0,0.000
3642,5.6310,can,0.1643,0.3348,1.603,0,0.000
3643,5.6310,can,-0.0633,0.8218,1.420,0,0.000
3644,5.6346,can,-0.0629,0.8118,1.040,0,0.000
3645,5.6346,chips,0.0867,0.5950,0.789,0,0.000
3646,5.6346,tetrapak,-0.0781,0.2845,2.635,0,0.000
3647,5.6346,chips,0.1283,0.2416,2.350,0,0.000
3648,5.6386,tetrapak,0.0443,0.6616,0.708,0,0.000
3649,5.6386,tetrapak,0.2946,0.2116,3.026,0,0.000
3650,5.6386,chips,-0.0718,0.7608,2.675,0,0.000
3651,5.6386,chips,0.2177,0.3581,2.671,0,0.000
3652,5.6424,can,-0.1782,0.4564,0.069,0,0.000
3653,5.6424,can,-0.2378,0.5374,1.722,0,0.000
3654,5.6424,can,-0.0026,0.6600,0.149,0,0.000
3655,5.6424,tetrapak,-0.0370,0.3985,0.856,0,0.000
3656,5.6465,chips,-0.0304,0.5494,2.072,0,0.000
3657,5.6465,tetrapak,-0.2135,0.4094,2.100,0,0.000
3658,5.6465,chips,0.0468,0.6956,0.715,0,0.000
3659,5.6465,chips,0.3060,0.6758,0.690,0,0.000
3660,5.6504,tetrapak,-0.0947,0.7917,1.768,0,0.000
3661,5.6504,can,-0.0936,0.5904,0.406,0,0.000
3662,5.6504,chips,-0.2045,0.7190,0.616,0,0.000
3663,5.6504,chips,0.1924,0.3620,2.952,0,0.000
3664,5.6543,tetrapak,-0.2036,0.1788,1.637,0,0.000
3665,5.6543,can,0.0784,0.3796,2.740,0,0.000
3666,5.6543,can,-0.2514,0.2252,0.066,0,0.000
3667,5.6543,chips,0.2675,0.4958,1.726,0,0.000
3668,5.6584,tetrapak,-0.2651,0.5196,0.218,0,0.000
3669,5.6584,chips,-0.1982,0.2554,0.114,0,0.000
3670,5.6584,tetrapak,-0.1870,0.4420,0.783,0,0.000
3671,5.6584,can,0.3144,0.5585,0.566,0,0.000
3672,5.6632,chips,0.3011,0.7391,2.276,0,0.000
3673,5.6632,can,0.2905,0.6490,1.078,0,0.000
3674,5.6632,can,0.3064,0.7529,2.755,0,0.000
3675,5.6632,can,-0.0000,0.8260,2.841,0,0.000
3676,5.6671,chips,0.3298,0.4853,0.133,0,0.000
3677,5.6671,tetrapak,-0.1972,0.5525,2.429,0,0.000
3678,5.6671,can,0.3133,0.6577,1.733,0,0.000
3679,5.6671,tetrapak,0.0810,0.3020,1.252,0,0.000
3680,5.6715,chips,0.0758,0.7289,0.323,0,0.000
3681,5.6715,chips,-0.2947,0.7654,1.159,0,0.000
3682,5.6715,can,-0.2810,0.8171,0.426,0,0.000
3683,5.6715,can,-0.0969,0.7477,0.514,0,0.000
3684,5.6755,tetrapak,-0.1070,0.5850,1.545,0,0.000
3685,5.6755,can,0.0249,0.7623,1.599,0,0.000
3686,5.6755,can,-0.0019,0.3583,1.921,0,0.000
3687,5.6755,chips,0.2330,0.5309,0.864,0,0.000
3688,5.6792,chips,0.2083,0.4243,0.770,0,0.000
3689,5.6792,chips,0.0837,0.6148,1.728,0,0.000
3690,5.6792,chips,-0.2759,0.3291,0.631,0,0.000
3691,5.6792,chips,0.1209,0.7587,2.643,0,0.000
3692,5.6828,can,0.1039,0.2717,0.602,0,0.000
3693,5.6828,chips,0.2240,0.6322,2.809,0,0.000
3694,5.6828,tetrapak,0.0367,0.5265,1.801,0,0.000
3695,5.6828,tetrapak,-0.0962,0.6016,1.960,0,0.000
3696,5.6866,can,0.3113,0.7789,0.104,0,0.000
3697,5.6866,tetrapak,-0.1692,0.2245,1.152,0,0.000
3698,5.6866,chips,0.3089,0.2638,0.536,0,0.000
3699,5.6866,chips,-0.3093,0.2756,1.872,0,0.000
3700,5.6905,can,-0.3216,0.3156,1.713,0,0.000
3701,5.6905,tetrapak,0.2925,0.4645,0.762,0,0.000
3702,5.6905,chips,-0.3360,0.1988,1.459,0,0.000
3703,5.6905,can,-0.1538,0.2195,1.952,0,0.000
3704,5.6944,tetrapak,0.2232,0.8436,0.317,0,0.000
3705,5.6944,tetrapak,-0.3095,0.5779,1.058,0,0.000
3706,5.6944,can,0.0910,0.5711,1.431,0,0.000
3707,5.6944,can,-0.0880,0.3235,0.881,0,0.000
3708,5.6989,can,0.2273,0.3014,3.028,0,0.000
3709,5.6989,can,-0.2070,0.1678,0.652,0,0.000
3710,5.6989,tetrapak,-0.2010,0.7537,2.619,0,0.000
3711,5.6989,tetrapak,0.2888,0.2472,0.390,0,0.000
3712,5.7031,tetrapak,0.0791,0.8162,0.580,0,0.000
3713,5.7031,can,-0.1543,0.7644,2.641,0,0.000
3714,5.7031,chips,0.2253,0.2261,2.905,0,0.000
3715,5.7031,tetrapak,-0.0843,0.7803,2.790,0,0.000
3716,5.7073,can,0.1356,0.3745,1.289,0,0.000
3717,5.7073,tetrapak,0.0927,0.2211,2.472,0,0.000
3718,5.7073,tetrapak,0.1485,0.7830,1.979,0,0.000
3719,5.7073,chips,-0.2566,0.4118,1.840,0,0.000
3720,5.7112,chips,-0.1400,0.3563,1.175,0,0.000
3721,5.7112,chips,-0.2909,0.5526,1.073,0,0.000
3722,5.7112,chips,0.2659,0.1953,1.570,0,0.000
3723,5.7112,tetrapak,0.1620,0.4161,0.084,0,0.000
3724,5.7151,chips,-0.2013,0.7840,2.780,0,0.000
3725,5.7151,can,0.0797,0.7868,1.463,0,0.000
3726,5.7151,can,-0.3211,0.6400,0.183,0,0.000
3727,5.7151,tetrapak,0.0820,0.1809,2.328,0,0.000
3728,5.7197,tetrapak,0.0176,0.7325,1.334,0,0.000
3729,5.7197,chips,0.0638,0.2028,0.383,0,0.000
3730,5.7197,can,0.1021,0.4005,0.243,0,0.000
3731,5.7197,chips,0.0964,0.8395,2.185,0,0.000
3732,5.7233,chips,-0.0744,0.5541,0.060,0,0.000
3733,5.7233,can,0.2879,0.7949,0.534,0,0.000
3734,5.7233,tetrapak,0.1066,0.4597,2.774,0,0.000
3735,5.7233,chips,-0.2506,0.6439,3.065,0,0.000
3736,5.7269,tetrapak,-0.1804,0.3746,2.564,0,0.000
3737,5.7269,can,-0.0598,0.3274,2.800,0,0.000
3738,5.7269,tetrapak,0.3371,0.6799,2.053,0,0.000
3739,5.7269,can,-0.1695,0.1635,2.780,0,0.000
3740,5.7318,chips,0.2726,0.6813,2.341,0,0.000
3741,5.7318,tetrapak,-0.3435,0.1766,2.773,0,0.000
3742,5.7318,can,-0.1756,0.7642,0.037,0,0.000
3743,5.7318,tetrapak,-0.3443,0.5896,1.375,0,0.000
3744,5.7356,tetrapak,0.2068,0.7922,0.508,0,0.000
3745,5.7356,can,0.1401,0.7822,0.924,0,0.000
3746,5.7356,can,0.3233,0.6926,0.878,0,0.000
3747,5.7356,chips,-0.3489,0.3436,0.592,0,0.000
3748,5.7393,chips,0.3224,0.7215,1.148,0,0.000
3749,5.7393,can,-0.3113,0.1781,0.105,0,0.000
3750,5.7393,tetrapak,0.1074,0.6577,2.842,0,0.000
3751,5.7393,tetrapak,-0.1381,0.4367,0.195,0,0.000
3752,5.7431,can,0.2763,0.7324,2.846,0,0.000
3753,5.7431,chips,-0.3208,0.5814,3.099,0,0.000
3754,5.7431,can,0.2665,0.6687,0.376,0,0.000
3755,5.7431,chips,-0.2463,0.7203,2.415,0,0.000
3756,5.7467,can,0.0880,0.1914,3.031,0,0.000
3757,5.7467,can,0.1896,0.5513,2.047,0,0.000
3758,5.7467,tetrapak,0.1791,0.7284,2.574,0,0.000
3759,5.7467,tetrapak,-0.2238,0.1794,2.575,0,0.000
3760,5.7545,can,-0.2243,0.6926,1.784,0,0.000
3761,5.7545,tetrapak,0.0287,0.7176,2.653,0,0.000
3762,5.7545,can,-0.3040,0.4643,2.506,0,0.000
3763,5.7545,chips,-0.3090,0.1823,2.675,0,0.000
3764,5.7594,can,0.0094,0.3559,0.704,0,0.000
3765,5.7594,can,0.1431,0.5997,0.695,0,0.000
3766,5.7594,tetrapak,-0.0815,0.6701,2.679,0,0.000
3767,5.7594,can,0.0395,0.6760,1.344,0,0.000
3768,5.7643,can,0.3025,0.6810,0.375,0,0.000
3769,5.7643,chips,-0.3017,0.3129,0.632,0,0.000
3770,5.7643,tetrapak,0.1916,0.4258,2.309,0,0.000
3771,5.7643,chips,-0.0009,0.7969,2.625,0,0.000
3772,5.7700,tetrapak,0.3234,0.4860,2.707,0,0.000
3773,5.7700,tetrapak,-0.2340,0.5116,2.342,0,0.000
3774,5.7700,chips,0.3492,0.5639,1.386,0,0.000
3775,5.7700,can,0.1268,0.5738,2.437,0,0.000
3776,5.7755,can,0.2355,0.7358,2.555,0,0.000
3777,5.7755,can,0.2974,0.7789,2.760,0,0.000
3778,5.7755,chips,-0.0218,0.5897,1.212,0,0.000
3779,5.7755,can,0.2574,0.7872,1.928,0,0.000
3780,5.7813,chips,-0.2761,0.2341,1.089,0,0.000
3781,5.7813,tetrapak,-0.0282,0.3360,0.652,0,0.000
3782,5.7813,chips,-0.2358,0.4142,2.614,0,0.000
3783,5.7813,tetrapak,0.0525,0.7655,0.311,0,0.000
3784,5.7874,can,0.3240,0.2762,0.797,0,0.000
3785,5.7874,can,0.0224,0.8221,0.752,0,0.000
3786,5.7874,tetrapak,0.3424,0.5233,2.856,0,0.000
3787,5.7874,can,0.1282,0.7249,2.716,0,0.000
3788,5.7942,can,-0.1624,0.8297,2.373,0,0.000
3789,5.7942,tetrapak,0.0247,0.3924,1.249,0,0.000
3790,5.7942,can,0.2164,0.3303,2.349,0,0.000
3791,5.7942,can,0.0495,0.7831,2.260,0,0.000
3792,5.7987,chips,-0.2530,0.4338,3.099,0,0.000
3793,5.7987,tetrapak,-0.2441,0.2387,0.686,0,0.000
3794,5.7987,can,0.2321,0.7756,0.279,0,0.000
3795,5.7987,can,-0.1182,0.2228,2.687,0,0.000
3796,5.8027,tetrapak,-0.2763,0.4851,1.109,0,0.000
3797,5.8027,tetrapak,0.3002,0.1906,2.021,0,0.000
3798,5.8027,chips,0.0887,0.7036,0.345,0,0.000
3799,5.8027,chips,0.0861,0.4080,0.252,0,0.000
3800,5.8071,chips,0.1923,0.7962,1.189,0,0.000
3801,5.8071,can,0.2658,0.4123,0.095,0,0.000
3802,5.8071,tetrapak,-0.0577,0.2283,2.939,0,0.000
3803,5.8071,tetrapak,0.0115,0.3407,2.757,0,0.000
3804,5.8117,can,-0.2212,0.6242,0.234,0,0.000
3805,5.8117,chips,0.1928,0.6318,2.186,0,0.000
3806,5.8117,tetrapak,-0.0356,0.5363,1.610,0,0.000
3807,5.8117,can,-0.2954,0.1716,0.524,0,0.000
3808,5.8158,chips,0.1311,0.4161,2.494,0,0.000
3809,5.8158,tetrapak,-0.2024,0.4342,0.470,0,0.000
3810,5.8158,can,0.1959,0.6082,0.834,0,0.000
3811,5.8158,chips,0.1465,0.5770,0.337,0,0.000
3812,5.8201,tetrapak,-0.0855,0.3622,1.944,0,0.000
3813,5.8201,tetrapak,0.0985,0.1687,2.982,0,0.000
3814,5.8201,chips,-0.2539,0.2393,1.127,0,0.000
3815,5.8201,chips,-0.2208,0.2451,1.458,0,0.000
3816,5.8255,can,-0.2138,0.6520,0.232,0,0.000
3817,5.8255,tetrapak,-0.3020,0.1963,2.616,0,0.000
3818,5.8255,can,0.2521,0.1820,1.524,0,0.000
3819,5.8255,chips,-0.3221,0.2468,1.117,0,0.000
3820,5.8294,tetrapak,0.2956,0.2195,2.841,0,0.000
3821,5.8294,chips,0.2708,0.4564,1.913,0,0.000
3822,5.8294,tetrapak,-0.2959,0.7950,2.526,0,0.000
3823,5.8294,chips,0.1928,0.3326,0.175,0,0.000
3824,5.8332,can,0.1998,0.2267,2.047,0,0.000
3825,5.8332,tetrapak,-0.3050,0.2494,2.393,0,0.000
3826,5.8332,can,0.1316,0.7075,2.927,0,0.000
3827,5.8332,chips,0.0079,0.4638,0.007,0,0.000
3828,5.8372,tetrapak,0.1244,0.3218,2.107,0,0.000
3829,5.8372,can,0.1139,0.3607,1.466,0,0.000
3830,5.8372,tetrapak,0.2799,0.2491,0.166,0,0.000
3831,5.8372,tetrapak,0.2270,0.7767,1.574,0,0.000
3832,5.8418,can,0.3044,0.4096,2.663,0,0.000
3833,5.8418,can,0.2381,0.7156,1.340,0,0.000
3834,5.8418,tetrapak,-0.0104,0.4748,0.424,0,0.000
3835,5.8418,can,0.3451,0.1755,0.023,0,0.000
3836,5.8459,tetrapak,0.0239,0.1908,2.067,0,0.000
3837,5.8459,chips,-0.0124,0.6786,2.709,0,0.000
3838,5.8459,tetrapak,-0.2811,0.5053,1.373,0,0.000
3839,5.8459,tetrapak,0.0391,0.2382,2.479,0,0.000
3840,5.8504,can,-0.2624,0.3277,2.865,0,0.000
3841,5.8504,tetrapak,-0.1119,0.3796,2.886,0,0.000
3842,5.8504,chips,-0.0177,0.4134,2.971,0,0.000
3843,5.8504,chips,0.0405,0.2044,1.399,0,0.000
3844,5.8543,chips,0.2936,0.2447,2.593,0,0.000
3845,5.8543,can,0.3457,0.7833,2.214,0,0.000
3846,5.8543,chips,-0.2983,0.2656,1.116,0,0.000
3847,5.8543,chips,0.1549,0.2113,2.804,0,0.000
3848,5.8612,chips,0.2048,0.6739,0.672,0,0.000
3849,5.8612,can,0.1559,0.4258,2.345,0,0.000
3850,5.8612,tetrapak,0.2068,0.6086,0.459,0,0.000
3851,5.8612,can,0.0197,0.2565,0.168,0,0.000
3852,5.8654,can,-0.1255,0.6208,0.634,0,0.000
3853,5.8654,tetrapak,-0.2062,0.8253,0.506,0,0.000
3854,5.8654,chips,-0.0255,0.3196,1.917,0,0.000
3855,5.8654,can,0.3011,0.7448,0.418,0,0.000
3856,5.8715,can,0.2874,0.3087,2.397,0,0.000
3857,5.8715,chips,0.2894,0.4464,1.318,0,0.000
3858,5.8715,can,0.2164,0.5740,0.410,0,0.000
3859,5.8715,chips,0.2797,0.2660,1.813,0,0.000
3860,5.8759,tetrapak,-0.2297,0.8063,0.207,0,0.000
3861,5.8759,can,0.0856,0.5120,0.158,0,0.000
3862,5.8759,can,0.2927,0.2654,0.290,0,0.000
3863,5.8759,chips,0.0593,0.6932,2.930,0,0.000
3864,5.8803,tetrapak,0.2906,0.6317,0.590,0,0.000
3865,5.8803,tetrapak,-0.0389,0.2196,0.939,0,0.000
3866,5.8803,tetrapak,0.0760,0.7945,2.283,0,0.000
3867,5.8803,chips,0.0637,0.2853,0.655,0,0.000
3868,5.8847,chips,0.0852,0.3989,2.469,0,0.000
3869,5.8847,chips,-0.2515,0.8222,0.430,0,0.000
3870,5.8847,tetrapak,0.2145,0.7422,0.724,0,0.000
3871,5.8847,tetrapak,-0.2593,0.2737,2.166,0,0.000
3872,5.8897,can,-0.2744,0.8430,0.772,0,0.000
3873,5.8897,can,0.3205,0.4618,2.458,0,0.000
3874,5.8897,can,-0.3074,0.3763,0.997,0,0.000
3875,5.8897,chips,0.0599,0.6416,2.647,0,0.000
3876,5.8941,tetrapak,-0.1674,0.6707,1.289,0,0.000
3877,5.8941,chips,0.2190,0.3747,1.825,0,0.000
3878,5.8941,can,0.1814,0.1898,2.691,0,0.000
3879,5.8941,can,-0.2262,0.4276,0.954,0,0.000
3880,5.8987,tetrapak,0.1113,0.5884,0.698,1,0.000
3881,5.8987,chips,-0.1358,0.5417,1.853,0,0.000
3882,5.8987,tetrapak,-0.3264,0.5471,1.735,0,0.000
3883,5.8987,chips,0.1995,0.2183,2.287,0,0.000
3884,5.9055,tetrapak,0.1043,0.6072,2.907,0,0.000
3885,5.9055,can,0.2310,0.5753,1.890,0,0.000
3886,5.9055,chips,-0.2794,0.2805,1.536,0,0.000
3887,5.9055,can,0.2223,0.3734,2.054,0,0.000
3888,5.9104,can,-0.2165,0.2259,0.563,0,0.000
3889,5.9104,tetrapak,-0.3363,0.5387,0.110,0,0.000
3890,5.9104,chips,0.3208,0.8265,0.602,0,0.000
3891,5.9104,chips,0.2923,0.7026,2.749,0,0.000
3892,5.9144,can,0.2274,0.4318,2.042,0,0.000
3893,5.9144,chips,0.0152,0.1533,2.871,0,0.000
3894,5.9144,tetrapak,-0.0895,0.2201,3.004,0,0.000
3895,5.9144,tetrapak,-0.3174,0.6446,2.090,0,0.000
3896,5.9188,tetrapak,0.2262,0.6884,1.546,0,0.000
3897,5.9188,chips,0.2904,0.5665,2.931,0,0.000
3898,5.9188,chips,-0.2315,0.2892,2.916,0,0.000
3899,5.9188,tetrapak,0.3154,0.4407,1.782,0,0.000
3900,5.9233,chips,0.2728,0.7232,0.481,0,0.000
3901,5.9233,can,0.1275,0.7221,1.858,0,0.000
3902,5.9233,chips,-0.3208,0.6978,2.215,0,0.000
3903,5.9233,chips,0.1807,0.6998,2.482,0,0.000
3904,5.9271,can,0.2918,0.1773,1.933,0,0.000
3905,5.9271,chips,0.2593,0.7971,1.507,0,0.000
3906,5.9271,can,0.0589,0.8337,1.406,0,0.000
3907,5.9271,can,-0.2536,0.2704,1.554,0,0.000
3908,5.9316,tetrapak,0.1781,0.6672,0.826,0,0.000
3909,5.9316,chips,-0.3379,0.3397,2.011,0,0.000
3910,5.9316,can,-0.1129,0.1756,0.165,0,0.000
3911,5.9316,can,0.2200,0.4449,2.390,0,0.000
3912,5.9373,tetrapak,0.3004,0.7335,2.957,0,0.000
3913,5.9373,can,0.2873,0.1935,1.147,0,0.000
3914,5.9373,can,0.3034,0.3805,3.051,0,0.000
3915,5.9373,tetrapak,0.1001,0.7883,2.766,0,0.000
3916,5.9422,can,-0.2663,0.4863,0.228,0,0.000
3917,5.9422,tetrapak,-0.3216,0.5820,0.754,0,0.000
3918,5.9422,tetrapak,-0.2450,0.2313,1.317,0,0.000
3919,5.9422,chips,-0.1143,0.7176,2.556,0,0.000
3920,5.9489,chips,-0.0298,0.4065,2.423,0,0.000
3921,5.9489,chips,0.1845,0.6095,1.056,0,0.000
3922,5.9489,can,-0.1628,0.3852,0.045,0,0.000
3923,5.9489,chips,-0.2657,0.2790,1.622,0,0.000
3924,5.9574,can,0.2394,0.2672,1.005,0,0.000
3925,5.9574,chips,-0.0188,0.2456,0.763,0,0.000
3926,5.9574,tetrapak,0.0897,0.6899,1.786,0,0.000
3927,5.9574,tetrapak,0.2782,0.2159,2.628,0,0.000
3928,5.9617,chips,-0.0176,0.5280,2.801,0,0.000
3929,5.9617,can,-0.1996,0.6015,1.853,0,0.000
3930,5.9617,can,0.1913,0.7360,2.661,0,0.000
3931,5.9617,chips,-0.3160,0.7708,1.899,0,0.000
3932,5.9669,tetrapak,-0.1653,0.4313,2.561,0,0.000
3933,5.9669,tetrapak,0.2898,0.5337,0.965,0,0.000
3934,5.9669,chips,0.1818,0.5517,2.445,0,0.000
3935,5.9669,chips,-0.1828,0.3746,0.594,0,0.000
3936,5.9717,can,-0.1621,0.8183,1.783,0,0.000
3937,5.9717,tetrapak,-0.0547,0.1937,2.432,0,0.000
3938,5.9717,can,-0.1569,0.5788,0.055,0,0.000
3939,5.9717,chips,0.1878,0.7089,2.581,0,0.000
3940,5.9759,chips,0.1641,0.5238,0.674,0,0.000
3941,5.9759,tetrapak,-0.1670,0.6729,1.757,0,0.000
3942,5.9759,chips,0.1281,0.4176,3.035,0,0.000
3943,5.9759,chips,-0.0558,0.6106,1.892,0,0.000
3944,5.9802,can,0.2523,0.6547,1.965,0,0.000
3945,5.9802,tetrapak,0.1695,0.4517,0.234,0,0.000
3946,5.9802,can,-0.2828,0.7649,0.079,0,0.000
3947,5.9802,chips,-0.0580,0.2434,2.041,0,0.000
3948,5.9850,tetrapak,0.0280,0.3360,2.914,0,0.000
3949,5.9850,chips,0.2797,0.2390,0.823,0,0.000
3950,5.9850,can,-0.2650,0.7690,0.814,0,0.000
3951,5.9850,chips,-0.1874,0.5687,2.016,0,0.000
3952,5.9900,chips,0.0784,0.4524,1.796,0,0.000
3953,5.9900,tetrapak,-0.2764,0.4307,1.657,0,0.000
3954,5.9900,tetrapak,0.1804,0.6505,0.830,0,0.000
3955,5.9900,chips,-0.2282,0.6884,1.198,0,0.000
3956,5.9941,can,0.1763,0.4262,2.435,0,0.000
3957,5.9941,tetrapak,-0.1185,0.2590,1.450,0,0.000
3958,5.9941,tetrapak,0.2804,0.7514,1.327,0,0.000
3959,5.9941,tetrapak,-0.2147,0.2495,2.290,0,0.000
3960,5.9980,can,0.2949,0.2538,2.190,0,0.000
3961,5.9980,chips,0.1591,0.4478,3.080,0,0.000
3962,5.9980,can,0.0290,0.5932,1.148,0,0.000
3963,5.9980,can,0.1127,0.4323,2.905,0,0.000
3964,6.0017,chips,-0.2055,0.3237,0.535,0,0.000
3965,6.0017,can,0.1096,0.4540,1.815,0,0.000
3966,6.0017,chips,-0.2875,0.7422,1.580,0,0.000
3967,6.0017,chips,-0.0979,0.2894,1.535,0,0.000
3968,6.0059,chips,0.2678,0.4567,0.339,0,0.000
3969,6.0059,can,0.2071,0.1730,0.199,0,0.000
3970,6.0059,chips,-0.3112,0.2657,1.798,0,0.000
3971,6.0059,can,-0.2942,0.5252,3.094,0,0.000
3972,6.0103,chips,0.1741,0.2732,2.903,0,0.000
3973,6.0103,tetrapak,-0.0691,0.7866,2.642,0,0.000
3974,6.0103,can,-0.1590,0.1863,1.837,0,0.000
3975,6.0103,tetrapak,0.3203,0.3854,1.658,0,0.000
3976,6.0167,chips,0.3129,0.5920,1.771,0,0.000
3977,6.0167,tetrapak,-0.0011,0.7198,2.228,0,0.000
3978,6.0167,chips,0.0721,0.5311,1.394,0,0.000
3979,6.0167,can,0.1563,0.2710,0.819,0,0.000
3980,6.0207,tetrapak,0.0180,0.1706,1.992,0,0.000
3981,6.0207,tetrapak,0.2458,0.3853,1.263,0,0.000
3982,6.0207,tetrapak,-0.0528,0.4010,3.023,0,0.000
3983,6.0207,can,-0.0270,0.6741,0.786,0,0.000
3984,6.0261,chips,0.0668,0.2740,0.130,0,0.000
3985,6.0261,can,0.2946,0.1737,3.096,0,0.000
3986,6.0261,tetrapak,0.0252,0.1975,2.552,0,0.000
3987,6.0261,tetrapak,-0.1826,0.5853,1.059,0,0.000
3988,6.0317,chips,0.2750,0.2088,1.198,0,0.000
3989,6.0317,can,0.1940,0.4949,0.781,0,0.000
3990,6.0317,chips,0.2467,0.7370,0.615,0,0.000
3991,6.0317,tetrapak,-0.0454,0.7847,3.093,0,0.000
3992,6.0379,chips,0.0311,0.1823,1.425,0,0.000
3993,6.0379,tetrapak,0.0626,0.4001,0.454,0,0.000
3994,6.0379,chips,0.2433,0.8472,0.447,0,0.000
3995,6.0379,chips,0.1327,0.4136,1.175,0,0.000
3996,6.0428,tetrapak,-0.3098,0.2287,1.191,0,0.000
3997,6.0428,chips,-0.1400,0.3636,2.432,0,0.000
3998,6.0428,tetrapak,0.2268,0.7757,1.400,0,0.000
3999,6.0428,tetrapak,0.0708,0.4837,2.405,0,0.000
4000,6.0488,tetrapak,0.1748,0.8162,1.542,0,0.000
4001,6.0488,tetrapak,0.2315,0.6249,2.996,0,0.000
4002,6.0488,chips,-0.2260,0.2311,1.451,0,0.000
4003,6.0488,tetrapak,-0.2292,0.2837,0.496,0,0.000
4004,6.0560,tetrapak,-0.1757,0.5377,0.559,0,0.000
4005,6.0560,chips,-0.1254,0.7730,3.073,0,0.000
4006,6.0560,chips,-0.1328,0.6071,0.199,0,0.000
4007,6.0560,tetrapak,0.1685,0.1636,0.224,0,0.000
4008,6.0634,chips,-0.0243,0.1977,2.449,0,0.000
4009,6.0634,tetrapak,-0.1510,0.4896,2.764,0,0.000
4010,6.0634,chips,-0.2587,0.5092,0.712,0,0.000
4011,6.0634,can,0.2796,0.5583,1.122,0,0.000
4012,6.0705,chips,0.2359,0.5471,2.234,0,0.000
4013,6.0705,tetrapak,-0.1342,0.6905,2.423,0,0.000
4014,6.0705,chips,0.3318,0.5300,2.246,0,0.000
4015,6.0705,chips,0.3052,0.6967,1.006,0,0.000
4016,6.0767,can,-0.2783,0.7203,1.064,0,0.000
4017,6.0767,tetrapak,-0.0327,0.5889,1.131,0,0.000
4018,6.0767,can,0.2600,0.2401,0.084,0,0.000
4019,6.0767,chips,-0.1674,0.7076,1.232,0,0.000
4020,6.0835,chips,-0.1377,0.4858,0.306,0,0.000
4021,6.0835,tetrapak,-0.2062,0.4641,0.307,0,0.000
4022,6.0835,can,-0.1103,0.3146,2.307,0,0.000
4023,6.0835,chips,0.1388,0.5189,1.978,0,0.000
4024,6.0882,can,0.0325,0.4803,2.779,0,0.000
4025,6.0882,can,0.2148,0.7826,0.727,0,0.000
4026,6.0882,tetrapak,0.1350,0.7839,1.490,0,0.000
4027,6.0882,can,0.2657,0.4884,1.843,0,0.000
4028,6.0936,can,-0.3384,0.7212,0.806,0,0.000
4029,6.0936,can,-0.0517,0.5191,0.308,0,0.000
4030,6.0936,chips,0.0162,0.8299,2.523,0,0.000
4031,6.0936,tetrapak,0.1481,0.8263,1.814,0,0.000
4032,6.0981,chips,0.1090,0.2340,2.606,0,0.000
4033,6.0981,chips,0.0042,0.3048,0.734,0,0.000
4034,6.0981,can,-0.3325,0.4215,1.389,0,0.000
4035,6.0981,tetrapak,-0.2974,0.4717,1.377,0,0.000
4036,6.1154,can,-0.1901,0.4381,0.230,0,0.000
4037,6.1154,tetrapak,-0.0921,0.3190,0.217,0,0.000
4038,6.1154,can,0.1503,0.1712,2.039,0,0.000
4039,6.1154,tetrapak,0.3239,0.5464,1.985,0,0.000
4040,6.1196,can,-0.2097,0.7063,2.862,0,0.000
4041,6.1196,chips,0.0793,0.4097,0.250,0,0.000
4042,6.1196,chips,-0.2017,0.2807,1.789,0,0.000
4043,6.1196,chips,0.1191,0.4819,0.150,0,0.000
4044,6.1267,chips,-0.0282,0.2721,3.101,0,0.000
4045,6.1267,tetrapak,0.1026,0.2097,0.778,0,0.000
4046,6.1267,chips,0.2176,0.3389,2.272,0,0.000
4047,6.1267,can,-0.3315,0.5916,1.357,0,0.000
4048,6.1312,chips,-0.3230,0.2291,0.810,0,0.000
4049,6.1312,can,0.1170,0.7831,0.899,0,0.000
4050,6.1312,can,-0.3198,0.6322,2.690,0,0.000
4051,6.1312,chips,0.1931,0.3346,1.269,0,0.000
4052,6.1356,chips,-0.1128,0.1537,1.554,0,0.000
4053,6.1356,chips,-0.0668,0.7936,2.684,0,0.000
4054,6.1356,can,0.2145,0.7432,0.903,0,0.000
4055,6.1356,chips,-0.2396,0.6693,1.275,0,0.000
4056,6.1399,can,0.2888,0.6906,0.191,0,0.000
4057,6.1399,tetrapak,0.0276,0.3998,2.899,0,0.000
4058,6.1399,can,-0.1814,0.6105,1.912,0,0.000
4059,6.1399,tetrapak,-0.0460,0.5904,2.561,0,0.000
4060,6.1443,chips,0.0570,0.7216,0.471,0,0.000
4061,6.1443,chips,0.1704,0.1835,0.955,0,0.000
4062,6.1443,can,0.0049,0.2283,2.449,0,0.000
4063,6.1443,can,-0.1657,0.6549,0.367,0,0.000
4064,6.1496,tetrapak,0.2418,0.6899,1.255,0,0.000
4065,6.1496,tetrapak,0.0461,0.1939,1.981,0,0.000
4066,6.1496,can,0.0414,0.5989,2.830,0,0.000
4067,6.1496,can,0.3249,0.3713,2.321,0,0.000
4068,6.1551,tetrapak,-0.0209,0.3840,1.564,0,0.000
4069,6.1551,tetrapak,0.1474,0.1564,0.463,0,0.000
4070,6.1551,can,0.2727,0.6790,1.785,0,0.000
4071,6.1551,tetrapak,-0.3274,0.6490,1.962,0,0.000
4072,6.1618,tetrapak,-0.2389,0.1796,0.335,0,0.000
4073,6.1618,can,0.1034,0.4676,2.569,0,0.000
4074,6.1618,tetrapak,0.2596,0.8444,2.238,0,0.000
4075,6.1618,can,-0.2678,0.7142,1.299,0,0.000
4076,6.1658,tetrapak,0.0819,0.1768,2.611,0,0.000
4077,6.1658,chips,-0.2185,0.7847,0.181,0,0.000
4078,6.1658,tetrapak,-0.0359,0.4926,0.556,0,0.000
4079,6.1658,chips,0.0502,0.3415,0.797,0,0.000
4080,6.1721,can,-0.3123,0.6523,0.938,0,0.000
4081,6.1721,can,-0.0115,0.5258,0.267,0,0.000
4082,6.1721,can,-0.1838,0.4521,2.248,0,0.000
4083,6.1721,can,0.1806,0.2860,1.463,0,0.000
4084,6.1780,chips,-0.2654,0.1804,1.829,0,0.000
4085,6.1780,tetrapak,0.0781,0.5205,2.824,0,0.000
4086,6.1780,tetrapak,0.0340,0.2005,1.920,0,0.000
4087,6.1780,tetrapak,0.2926,0.3302,1.324,0,0.000
4088,6.1852,chips,0.2454,0.1837,1.022,0,0.000
4089,6.1852,tetrapak,-0.0727,0.6077,1.772,0,0.000
4090,6.1852,tetrapak,-0.1537,0.2300,2.110,0,0.000
4091,6.1852,can,-0.0459,0.2233,1.802,0,0.000
4092,6.1904,tetrapak,0.1925,0.6436,1.488,0,0.000
4093,6.1904,tetrapak,0.2446,0.7127,0.923,0,0.000
4094,6.1904,can,0.0616,0.4917,0.354,0,0.000
4095,6.1904,can,0.3278,0.1644,0.913,0,0.000
4096,6.1963,chips,0.1042,0.7887,0.388,0,0.000
4097,6.1963,chips,0.3066,0.3410,2.812,0,0.000
4098,6.1963,chips,-0.1037,0.4554,2.101,0,0.000
4099,6.1963,can,-0.2844,0.4131,2.017,0,0.000
4100,6.2020,can,-0.2574,0.8114,0.555,0,0.000
4101,6.2020,chips,-0.2011,0.6248,1.648,0,0.000
4102,6.2020,tetrapak,0.2181,0.5601,2.587,0,0.000
4103,6.2020,can,-0.2298,0.3553,2.315,0,0.000
4104,6.2072,can,-0.0010,0.5906,2.776,0,0.000
4105,6.2072,tetrapak,-0.0291,0.4549,2.565,0,0.000
4106,6.2072,tetrapak,-0.3427,0.8301,0.257,0,0.000
4107,6.2072,can,-0.2682,0.8400,3.011,0,0.000
4108,6.2144,can,-0.0153,0.6541,1.984,0,0.000
4109,6.2144,chips,0.2534,0.1692,0.377,0,0.000
4110,6.2144,tetrapak,0.1767,0.6253,2.994,0,0.000
4111,6.2144,chips,0.2798,0.2900,3.070,0,0.000
4112,6.2212,can,0.3131,0.8138,0.560,0,0.000
4113,6.2212,tetrapak,0.0566,0.4190,3.068,0,0.000
4114,6.2212,can,0.0063,0.4142,2.161,0,0.000
4115,6.2212,tetrapak,-0.1862,0.2397,0.535,0,0.000
4116,6.2259,chips,0.2697,0.6827,0.497,0,0.000
4117,6.2259,chips,-0.0337,0.2379,2.156,0,0.000
4118,6.2259,chips,-0.3058,0.6261,0.645,0,0.000
4119,6.2259,chips,0.2869,0.2044,2.425,0,0.000
4120,6.2326,can,0.0211,0.1749,0.951,0,0.000
4121,6.2326,tetrapak,0.2486,0.3401,0.711,0,0.000
4122,6.2326,tetrapak,0.1826,0.5793,1.056,0,0.000
4123,6.2326,can,0.2189,0.5659,1.996,0,0.000
4124,6.2385,can,0.2875,0.1648,2.965,0,0.000
4125,6.2385,chips,0.2571,0.4870,0.510,0,0.000
4126,6.2385,tetrapak,0.0127,0.3989,1.919,0,0.000
4127,6.2385,can,0.1667,0.8326,1.728,0,0.000
4128,6.2441,can,0.0836,0.7350,0.444,0,0.000
4129,6.2441,chips,-0.0860,0.3063,1.204,0,0.000
4130,6.2441,can,0.1309,0.7810,1.011,0,0.000
4131,6.2441,chips,-0.3180,0.7802,0.590,0,0.000
4132,6.2498,can,0.1811,0.4533,0.476,0,0.000
4133,6.2498,tetrapak,0.2282,0.6896,2.690,0,0.000
4134,6.2498,tetrapak,0.2074,0.6859,0.140,0,0.000
4135,6.2498,chips,-0.3199,0.1757,0.263,0,0.000
4136,6.2542,can,-0.1090,0.4372,0.536,0,0.000
4137,6.2542,can,-0.1917,0.3228,2.216,0,0.000
4138,6.2542,tetrapak,-0.3203,0.6335,2.077,0,0.000
4139,6.2542,chips,0.2277,0.2626,2.999,0,0.000
4140,6.2582,can,0.2636,0.6511,0.313,0,0.000
4141,6.2582,can,-0.0233,0.3711,2.638,0,0.000
4142,6.2582,can,0.3096,0.4609,2.567,0,0.000
4143,6.2582,can,0.2485,0.7472,0.357,0,0.000
4144,6.2632,can,0.0186,0.6030,0.918,0,0.000
4145,6.2632,chips,-0.0730,0.8018,0.440,0,0.000
4146,6.2632,can,-0.1044,0.5830,2.965,0,0.000
4147,6.2632,can,0.3148,0.2194,1.172,0,0.000
4148,6.2684,chips,-0.2737,0.6905,2.694,0,0.000
4149,6.2684,chips,-0.2769,0.4476,0.359,0,0.000
4150,6.2684,tetrapak,-0.1324,0.6865,1.506,0,0.000
4151,6.2684,chips,-0.0817,0.5798,3.017,0,0.000
4152,6.2730,chips,0.2412,0.6441,1.210,0,0.000
4153,6.2730,chips,0.0800,0.6434,3.127,0,0.000
4154,6.2730,chips,0.0422,0.2638,2.370,0,0.000
4155,6.2730,chips,0.0259,0.4424,0.968,0,0.000
4156,6.2775,chips,-0.1105,0.1970,1.934,0,0.000
4157,6.2775,can,0.1709,0.6448,1.814,0,0.000
4158,6.2775,tetrapak,-0.0395,0.7698,2.386,0,0.000
4159,6.2775,tetrapak,-0.0804,0.2884,1.890,0,0.000
4160,6.2819,chips,0.3278,0.6778,2.847,0,0.000
4161,6.2819,can,-0.0736,0.3914,0.048,0,0.000
4162,6.2819,chips,0.3288,0.7224,0.066,0,0.000
4163,6.2819,can,-0.0416,0.4688,2.597,0,0.000
4164,6.2863,tetrapak,-0.0685,0.4091,1.494,0,0.000
4165,6.2863,chips,-0.0137,0.7229,2.798,0,0.000
4166,6.2863,can,-0.1706,0.8410,2.510,0,0.000
4167,6.2863,chips,0.3187,0.7408,1.116,0,0.000
4168,6.2908,can,-0.3446,0.5993,2.151,0,0.000
4169,6.2908,tetrapak,-0.3171,0.7942,0.251,0,0.000
4170,6.2908,tetrapak,0.3349,0.4475,2.141,0,0.000
4171,6.2908,tetrapak,0.1711,0.7916,0.784,0,0.000
4172,6.2969,tetrapak,0.2899,0.4037,0.371,0,0.000
4173,6.2969,chips,0.0606,0.5097,1.819,0,0.000
4174,6.2969,can,-0.1049,0.6888,1.746,0,0.000
4175,6.2969,chips,-0.2142,0.4019,0.206,0,0.000
4176,6.3010,chips,-0.0515,0.3731,0.656,0,0.000
4177,6.3010,can,-0.0225,0.2786,3.126,0,0.000
4178,6.3010,can,0.2478,0.3513,2.609,0,0.000
4179,6.3010,tetrapak,-0.1423,0.3408,1.363,0,0.000
4180,6.3051,chips,0.3168,0.5737,0.588,0,0.000
4181,6.3051,can,0.2388,0.5841,0.730,0,0.000
4182,6.3051,can,-0.1054,0.2387,2.868,0,0.000
4183,6.3051,can,-0.2441,0.7953,2.928,0,0.000
4184,6.3097,tetrapak,0.0680,0.1939,2.287,0,0.000
4185,6.3097,tetrapak,-0.2311,0.7151,2.038,0,0.000
4186,6.3097,chips,-0.1164,0.2120,0.206,0,0.000
4187,6.3097,can,-0.1992,0.5721,1.162,0,0.000
4188,6.3139,chips,0.1705,0.3122,0.630,0,0.000
4189,6.3139,tetrapak,-0.1909,0.6494,2.719,0,0.000
4190,6.3139,chips,-0.1810,0.3245,2.184,0,0.000
4191,6.3139,tetrapak,0.2901,0.5958,1.427,0,0.000
4192,6.3196,tetrapak,-0.2407,0.6430,0.044,0,0.000
4193,6.3196,can,0.0904,0.7844,1.821,0,0.000
4194,6.3196,tetrapak,-0.2612,0.8271,1.980,0,0.000
4195,6.3196,tetrapak,0.2784,0.3706,2.501,0,0.000
4196,6.3238,can,0.2800,0.2638,0.385,0,0.000
4197,6.3238,tetrapak,-0.0683,0.7511,0.517,0,0.000
4198,6.3238,can,-0.2336,0.7143,0.962,0,0.000
4199,6.3238,chips,-0.0727,0.2593,2.749,0,0.000
4200,6.3286,can,0.2517,0.3278,1.606,0,0.000
4201,6.3286,can,-0.3005,0.5181,0.669,0,0.000
4202,6.3286,chips,0.2454,0.7514,2.577,0,0.000
4203,6.3286,chips,-0.1148,0.2725,3.018,0,0.000
4204,6.3340,can,-0.0815,0.4107,1.639,0,0.000
4205,6.3340,chips,-0.1980,0.6664,0.266,0,0.000
4206,6.3340,chips,0.3379,0.6802,2.491,0,0.000
4207,6.3340,tetrapak,0.3307,0.6840,2.315,0,0.000
4208,6.3384,chips,0.0254,0.3624,1.216,0,0.000
4209,6.3384,tetrapak,0.0980,0.7522,0.032,0,0.000
4210,6.3384,can,-0.0218,0.7446,1.337,0,0.000
4211,6.3384,can,0.3365,0.5807,1.970,0,0.000
4212,6.3450,can,-0.0077,0.5996,2.683,0,0.000
4213,6.3450,tetrapak,-0.0607,0.5252,0.566,0,0.000
4214,6.3450,tetrapak,-0.1132,0.3413,0.137,1,0.000
4215,6.3450,tetrapak,-0.1087,0.1582,2.266,0,0.000
4216,6.3496,tetrapak,0.2425,0.7043,2.619,0,0.000
4217,6.3496,chips,-0.0733,0.1807,2.508,0,0.000
4218,6.3496,can,0.3360,0.5696,0.193,0,0.000
4219,6.3496,tetrapak,0.2589,0.1816,0.843,0,0.000
4220,6.3544,can,-0.3055,0.6258,2.456,0,0.000
4221,6.3544,can,0.2158,0.4323,0.361,0,0.000
4222,6.3544,can,-0.1413,0.7862,1.663,0,0.000
4223,6.3544,tetrapak,-0.0325,0.2885,1.180,0,0.000
4224,6.3605,tetrapak,-0.2208,0.3008,0.072,0,0.000
4225,6.3605,chips,-0.3102,0.7216,1.393,0,0.000
4226,6.3605,tetrapak,-0.0601,0.3871,1.216,0,0.000
4227,6.3605,tetrapak,0.0999,0.7786,2.115,0,0.000
4228,6.3670,can,-0.2600,0.5866,1.688,0,0.000
4229,6.3670,can,-0.1104,0.6292,2.385,0,0.000
4230,6.3670,tetrapak,-0.0291,0.3178,0.958,0,0.000
4231,6.3670,chips,0.0818,0.5509,0.255,0,0.000
4232,6.3733,can,-0.3135,0.8323,1.519,0,0.000
4233,6.3733,chips,0.0943,0.7957,1.877,0,0.000
4234,6.3733,can,0.1808,0.5418,2.317,0,0.000
4235,6.3733,tetrapak,-0.0493,0.5233,1.931,0,0.000
4236,6.3777,can,-0.0547,0.4463,1.002,0,0.000
4237,6.3777,can,0.2388,0.4781,0.278,0,0.000
4238,6.3777,chips,0.1775,0.6015,0.385,0,0.000
4239,6.3777,tetrapak,0.1011,0.7056,1.908,0,0.000
4240,6.3824,tetrapak,-0.0593,0.2456,2.256,0,0.000
4241,6.3824,can,0.1220,0.7904,2.842,0,0.000
4242,6.3824,tetrapak,-0.1767,0.7983,2.581,0,0.000
4243,6.3824,tetrapak,-0.0762,0.6999,0.184,0,0.000
4244,6.3864,can,-0.0799,0.3724,0.472,0,0.000
4245,6.3864,chips,-0.1199,0.6133,2.123,0,0.000
4246,6.3864,tetrapak,-0.2504,0.6065,2.189,0,0.000
4247,6.3864,tetrapak,-0.2534,0.7296,0.854,0,0.000
4248,6.3913,chips,0.2999,0.6880,0.543,0,0.000
4249,6.3913,can,-0.2886,0.6915,1.808,0,0.000
4250,6.3913,chips,0.0404,0.2220,0.459,0,0.000
4251,6.3913,can,-0.2598,0.4252,1.721,0,0.000
4252,6.3960,tetrapak,0.2446,0.7902,2.298,0,0.000
4253,6.3960,chips,0.3438,0.2250,2.581,0,0.000
4254,6.3960,can,-0.0808,0.3942,1.524,0,0.000
4255,6.3960,tetrapak,-0.0138,0.2984,0.996,0,0.000
4256,6.4004,tetrapak,-0.2911,0.2935,1.610,0,0.000
4257,6.4004,tetrapak,-0.2198,0.3408,3.006,0,0.000
4258,6.4004,can,-0.2004,0.6782,1.758,0,0.000
4259,6.4004,can,-0.1069,0.6359,2.968,0,0.000
4260,6.4056,chips,0.2134,0.8159,1.508,0,0.000
4261,6.4056,can,-0.2717,0.2936,1.325,0,0.000
4262,6.4056,can,-0.0267,0.3790,0.712,0,0.000
4263,6.4056,chips,0.1259,0.6764,1.764,0,0.000
4264,6.4114,can,-0.1498,0.5987,0.697,0,0.000
4265,6.4114,chips,0.0588,0.5018,0.725,0,0.000
4266,6.4114,tetrapak,0.2440,0.3648,0.872,0,0.000
4267,6.4114,tetrapak,-0.1254,0.4316,2.664,0,0.000
4268,6.4161,can,0.2011,0.6796,1.035,0,0.000
4269,6.4161,chips,0.3296,0.5902,1.982,0,0.000
4270,6.4161,can,-0.3300,0.2329,1.519,0,0.000
4271,6.4161,tetrapak,-0.3111,0.2008,2.962,0,0.000
4272,6.4210,can,-0.3054,0.3031,1.660,0,0.000
4273,6.4210,can,-0.2115,0.3747,1.257,0,0.000
4274,6.4210,tetrapak,0.3203,0.2672,1.348,0,0.000
4275,6.4210,tetrapak,0.0924,0.7919,2.328,0,0.000
4276,6.4259,tetrapak,-0.0655,0.2026,0.189,0,0.000
4277,6.4259,can,0.2747,0.7018,0.245,0,0.000
4278,6.4259,chips,-0.2794,0.6283,2.992,0,0.000
4279,6.4259,tetrapak,-0.2100,0.7211,1.828,0,0.000
4280,6.4304,can,0.2884,0.2364,2.806,0,0.000
4281,6.4304,can,-0.3188,0.7092,2.113,0,0.000
4282,6.4304,can,-0.2309,0.4231,0.069,0,0.000
4283,6.4304,can,-0.1219,0.5643,2.298,0,0.000
4284,6.4349,chips,0.2293,0.8336,1.871,0,0.000
4285,6.4349,can,-0.1834,0.1799,2.444,0,0.000
4286,6.4349,chips,0.1358,0.2412,2.349,0,0.000
4287,6.4349,can,-0.2593,0.2956,2.962,0,0.000
4288,6.4389,chips,-0.2725,0.3220,0.775,0,0.000
4289,6.4389,can,0.0830,0.2596,3.099,0,0.000
4290,6.4389,can,-0.2654,0.7454,0.632,0,0.000
4291,6.4389,tetrapak,-0.1680,0.2993,3.080,0,0.000
4292,6.4434,can,-0.1856,0.6693,1.084,0,0.000
4293,6.4434,chips,0.1863,0.4989,0.143,0,0.000
4294,6.4434,can,0.2652,0.8076,2.229,0,0.000
4295,6.4434,tetrapak,-0.0045,0.2623,2.926,0,0.000
4296,6.4476,chips,-0.1870,0.6975,2.169,0,0.000
4297,6.4476,can,-0.3344,0.5558,2.228,0,0.000
4298,6.4476,chips,0.1566,0.6701,0.358,0,0.000
4299,6.4476,chips,0.3464,0.3622,2.204,0,0.000
4300,6.4516,chips,-0.1897,0.5063,1.260,0,0.000
4301,6.4516,chips,-0.1656,0.5189,1.908,0,0.000
4302,6.4516,can,0.2711,0.1886,0.817,0,0.000
4303,6.4516,tetrapak,0.0202,0.7739,0.742,0,0.000
4304,6.4551,tetrapak,-0.2589,0.3606,2.286,0,0.000
4305,6.4551,tetrapak,-0.2382,0.7696,0.265,0,0.000
4306,6.4551,chips,0.0031,0.2086,1.317,0,0.000
4307,6.4551,chips,-0.3057,0.5024,2.687,0,0.000
4308,6.4591,tetrapak,0.0943,0.8438,2.361,0,0.000
4309,6.4591,chips,0.3054,0.6943,0.063,0,0.000
4310,6.4591,tetrapak,0.1588,0.4671,2.335,0,0.000
4311,6.4591,can,-0.2757,0.6709,1.011,0,0.000
4312,6.4632,chips,-0.1383,0.4640,1.914,0,0.000
4313,6.4632,chips,-0.1273,0.8126,0.889,0,0.000
4314,6.4632,chips,-0.3407,0.2224,1.039,0,0.000
4315,6.4632,can,-0.3246,0.5261,2.582,0,0.000
4316,6.4690,can,-0.3254,0.5107,0.903,0,0.000
4317,6.4690,can,0.2302,0.2636,2.909,0,0.000
4318,6.4690,chips,-0.2723,0.2554,2.003,0,0.000
4319,6.4690,can,-0.2622,0.6010,0.455,0,0.000
4320,6.4729,tetrapak,-0.0602,0.1976,1.762,0,0.000
4321,6.4729,chips,0.1789,0.5690,0.420,0,0.000
4322,6.4729,chips,0.1334,0.7475,2.608,0,0.000
4323,6.4729,chips,0.0732,0.5135,1.311,0,0.000
4324,6.4767,chips,-0.0180,0.4804,0.963,0,0.000
4325,6.4767,tetrapak,-0.2706,0.1641,2.798,0,0.000
4326,6.4767,can,-0.3216,0.3253,2.897,0,0.000
4327,6.4767,tetrapak,0.0978,0.7912,0.584,0,0.000
4328,6.4807,can,-0.0006,0.5195,1.951,0,0.000
4329,6.4807,can,-0.0893,0.5308,1.872,0,0.000
4330,6.4807,can,0.1695,0.6554,2.630,0,0.000
4331,6.4807,chips,0.1734,0.5673,0.215,0,0.000
4332,6.4847,tetrapak,0.0353,0.3601,1.729,0,0.000
4333,6.4847,chips,0.2277,0.1770,0.015,0,0.000
4334,6.4847,can,-0.1182,0.4511,0.145,0,0.000
4335,6.4847,tetrapak,-0.0103,0.3684,2.782,0,0.000
4336,6.4893,can,0.1817,0.3466,2.324,0,0.000
4337,6.4893,chips,0.1199,0.2493,2.494,0,0.000
4338,6.4893,can,-0.1838,0.2812,0.441,0,0.000
4339,6.4893,can,0.2997,0.1867,0.298,0,0.000
4340,6.4932,can,0.2192,0.6746,1.323,0,0.000
4341,6.4932,tetrapak,-0.2437,0.1879,1.461,0,0.000
4342,6.4932,chips,-0.2670,0.4124,1.687,0,0.000
4343,6.4932,chips,0.0016,0.4194,1.939,0,0.000
4344,6.4994,can,0.3035,0.3181,2.744,0,0.000
4345,6.4994,can,-0.2198,0.6070,1.153,0,0.000
4346,6.4994,can,-0.2537,0.5337,1.094,0,0.000
4347,6.4994,chips,0.0136,0.4352,2.237,0,0.000
4348,6.5033,can,-0.1726,0.4220,0.870,0,0.000
4349,6.5033,tetrapak,0.1841,0.8290,0.367,0,0.000
4350,6.5033,can,-0.3290,0.5645,1.765,0,0.000
4351,6.5033,chips,-0.2597,0.7836,2.965,0,0.000
4352,6.5076,can,0.2611,0.3203,3.024,0,0.000
4353,6.5076,can,0.2459,0.4451,3.009,0,0.000
4354,6.5076,can,0.0687,0.4445,0.832,0,0.000
4355,6.5076,tetrapak,0.1799,0.7508,1.398,0,0.000
4356,6.5117,chips,0.2276,0.6093,2.951,0,0.000
4357,6.5117,can,-0.1235,0.7917,0.531,0,0.000
4358,6.5117,can,-0.2754,0.4095,0.210,0,0.000
4359,6.5117,tetrapak,-0.0769,0.5838,0.341,0,0.000
4360,6.5163,chips,0.0329,0.5972,2.670,0,0.000
4361,6.5163,tetrapak,0.2680,0.2347,3.057,0,0.000
4362,6.5163,can,0.1865,0.7381,2.443,0,0.000
4363,6.5163,can,0.1766,0.1966,0.881,0,0.000
4364,6.5209,tetrapak,0.2111,0.2705,2.845,0,0.000
4365,6.5209,tetrapak,-0.3245,0.5327,2.303,0,0.000
4366,6.5209,tetrapak,0.2467,0.3830,1.068,0,0.000
4367,6.5209,can,0.2447,0.4169,1.806,0,0.000
4368,6.5246,chips,-0.0747,0.2021,0.148,0,0.000
4369,6.5246,chips,-0.2546,0.3885,1.251,0,0.000
4370,6.5246,chips,-0.0179,0.6262,2.651,0,0.000
4371,6.5246,can,0.0909,0.6308,2.079,0,0.000
4372,6.5285,can,0.1609,0.3785,2.729,0,0.000
4373,6.5285,can,-0.1996,0.3444,0.702,0,0.000
4374,6.5285,tetrapak,0.0225,0.5232,1.415,0,0.000
4375,6.5285,tetrapak,-0.2594,0.6892,1.768,0,0.000
4376,6.5328,chips,0.3060,0.3902,3.033,0,0.000
4377,6.5328,tetrapak,-0.1135,0.8071,0.054,0,0.000
4378,6.5328,chips,-0.0716,0.7191,2.065,0,0.000
4379,6.5328,tetrapak,0.0500,0.6496,0.611,0,0.000
4380,6.5371,can,0.1351,0.2551,1.758,0,0.000
4381,6.5371,tetrapak,-0.1337,0.8195,0.345,0,0.000
4382,6.5371,tetrapak,-0.2319,0.1970,0.217,0,0.000
4383,6.5371,chips,0.3094,0.3801,1.277,0,0.000
4384,6.5412,chips,-0.2938,0.1714,2.628,0,0.000
4385,6.5412,tetrapak,-0.3223,0.7642,1.165,0,0.000
4386,6.5412,chips,-0.3462,0.7803,2.287,0,0.000
4387,6.5412,tetrapak,-0.1488,0.4250,0.641,0,0.000
4388,6.5456,tetrapak,0.2131,0.6038,2.228,0,0.000
4389,6.5456,can,-0.1641,0.1745,2.659,0,0.000
4390,6.5456,chips,-0.3181,0.3916,2.568,0,0.000
4391,6.5456,chips,0.2763,0.3811,2.922,0,0.000
4392,6.5495,chips,0.3372,0.8175,0.878,0,0.000
4393,6.5495,chips,0.2311,0.6060,1.699,0,0.000
4394,6.5495,chips,-0.0846,0.4790,1.537,0,0.000
4395,6.5495,chips,-0.2532,0.3781,1.277,0,0.000
4396,6.5537,chips,-0.1567,0.7725,0.728,0,0.000
4397,6.5537,chips,-0.3026,0.2213,0.018,0,0.000
4398,6.5537,can,-0.0031,0.2212,2.375,0,0.000
4399,6.5537,chips,0.0612,0.3509,2.440,0,0.000
4400,6.5578,can,0.2749,0.1980,0.672,0,0.000
4401,6.5578,chips,-0.3216,0.4284,0.551,0,0.000
4402,6.5578,chips,0.0399,0.5865,1.774,0,0.000
4403,6.5578,can,-0.3034,0.2140,1.781,0,0.000
4404,6.5619,can,0.1602,0.3188,0.894,0,0.000
4405,6.5619,can,-0.0597,0.6588,0.454,0,0.000
4406,6.5619,chips,0.0271,0.5557,2.657,0,0.000
4407,6.5619,can,-0.1092,0.5092,2.094,0,0.000
4408,6.5663,chips,-0.1417,0.6686,0.017,0,0.000
4409,6.5663,can,-0.2593,0.4659,0.389,0,0.000
4410,6.5663,chips,-0.2388,0.6226,0.571,0,0.000
4411,6.5663,tetrapak,-0.2391,0.3437,2.246,0,0.000
4412,6.5706,chips,0.2581,0.3504,2.440,0,0.000
4413,6.5706,tetrapak,0.0975,0.4010,2.648,0,0.000
4414,6.5706,tetrapak,0.2857,0.3201,1.798,0,0.000
4415,6.5706,chips,-0.2292,0.1637,0.349,0,0.000
4416,6.5747,chips,-0.2619,0.8345,1.431,0,0.000
4417,6.5747,tetrapak,0.0626,0.1706,1.177,0,0.000
4418,6.5747,chips,0.0592,0.3785,0.244,0,0.000
4419,6.5747,tetrapak,0.2781,0.7303,2.410,0,0.000
4420,6.5791,can,-0.1782,0.6286,2.835,0,0.000
4421,6.5791,chips,0.1184,0.6161,1.697,0,0.000
4422,6.5791,can,-0.0731,0.1601,1.217,0,0.000
4423,6.5791,can,-0.1802,0.4518,2.450,0,0.000
4424,6.5833,can,0.2178,0.1861,1.356,0,0.000
4425,6.5833,can,0.2363,0.7576,0.184,0,0.000
4426,6.5833,chips,0.1864,0.5564,2.942,0,0.000
4427,6.5833,tetrapak,-0.2828,0.7767,0.756,0,0.000
4428,6.5874,can,-0.0507,0.6928,0.386,0,0.000
4429,6.5874,can,-0.0815,0.6241,1.342,0,0.000
4430,6.5874,chips,-0.1966,0.8150,0.626,0,0.000
4431,6.5874,tetrapak,0.1923,0.7236,1.649,0,0.000
4432,6.5915,tetrapak,0.0985,0.5153,0.585,0,0.000
4433,6.5915,tetrapak,-0.0523,0.5782,2.414,0,0.000
4434,6.5915,chips,-0.3178,0.6753,2.776,0,0.000
4435,6.5915,chips,0.0317,0.3718,0.165,0,0.000
4436,6.5944,chips,-0.3179,0.7002,1.828,0,0.000
4437,6.5944,tetrapak,0.3366,0.4864,1.340,0,0.000
4438,6.5944,can,-0.2361,0.6705,1.028,0,0.000
4439,6.5944,tetrapak,0.2323,0.4670,1.096,0,0.000
4440,6.5987,chips,0.0229,0.6048,1.764,0,0.000
4441,6.5987,tetrapak,0.3004,0.5636,2.475,0,0.000
4442,6.5987,can,-0.0817,0.4547,1.562,0,0.000
4443,6.5987,chips,-0.1206,0.2291,1.684,0,0.000
4444,6.6028,chips,0.3466,0.1630,1.936,0,0.000
4445,6.6028,can,0.2595,0.2614,0.151,0,0.000
4446,6.6028,tetrapak,-0.1466,0.8277,0.484,0,0.000
4447,6.6028,chips,-0.0167,0.8362,0.211,0,0.000
4448,6.6071,tetrapak,-0.1465,0.2082,2.842,0,0.000
4449,6.6071,can,0.0833,0.4224,2.166,0,0.000
4450,6.6071,tetrapak,0.2669,0.5120,2.683,0,0.000
4451,6.6071,chips,-0.2672,0.5071,2.847,0,0.000
4452,6.6115,tetrapak,0.3029,0.7936,1.285,0,0.000
4453,6.6115,tetrapak,-0.1561,0.4315,1.527,0,0.000
4454,6.6115,can,0.2701,0.2765,0.411,0,0.000
4455,6.6115,can,0.0537,0.2601,2.119,0,0.000
4456,6.6278,chips,-0.3453,0.7660,0.328,0,0.000
4457,6.6278,can,-0.1853,0.6911,0.850,0,0.000
4458,6.6278,tetrapak,0.3343,0.7595,0.182,0,0.000
4459,6.6278,tetrapak,0.2879,0.6394,0.667,0,0.000
4460,6.6315,can,0.2825,0.1619,0.308,0,0.000
4461,6.6315,chips,-0.2696,0.1661,2.650,0,0.000
4462,6.6315,chips,0.3198,0.2706,2.120,0,0.000
4463,6.6315,tetrapak,-0.0580,0.7088,1.809,0,0.000
4464,6.6355,chips,-0.0362,0.4450,2.600,0,0.000
4465,6.6355,tetrapak,-0.2569,0.3594,1.873,0,0.000
4466,6.6355,chips,0.2740,0.3668,2.859,0,0.000
4467,6.6355,chips,0.0761,0.7653,1.537,0,0.000
4468,6.6416,can,-0.2009,0.7558,0.795,0,0.000
4469,6.6416,can,0.1252,0.5821,1.757,0,0.000
4470,6.6416,chips,-0.2606,0.2422,0.376,0,0.000
4471,6.6416,can,-0.0917,0.5416,2.443,0,0.000
4472,6.6455,tetrapak,-0.1394,0.4460,1.378,0,0.000
4473,6.6455,tetrapak,-0.1283,0.7774,2.801,0,0.000
4474,6.6455,chips,-0.2367,0.1869,1.439,0,0.000
4475,6.6455,can,0.1877,0.7187,0.357,0,0.000
4476,6.6510,chips,0.2321,0.5158,2.655,0,0.000
4477,6.6510,chips,-0.2323,0.3257,2.927,0,0.000
4478,6.6510,can,0.0169,0.5806,2.235,0,0.000
4479,6.6510,chips,0.0154,0.7811,2.897,0,0.000
4480,6.6550,chips,-0.1495,0.5141,1.277,0,0.000
4481,6.6550,can,-0.0767,0.3190,1.485,0,0.000
4482,6.6550,chips,-0.3126,0.7240,0.534,0,0.000
4483,6.6550,tetrapak,-0.0117,0.3365,2.969,0,0.000
4484,6.6591,can,-0.2387,0.4108,1.174,0,0.000
4485,6.6591,tetrapak,-0.0747,0.1926,0.469,0,0.000
4486,6.6591,can,-0.1750,0.7694,2.770,0,0.000
4487,6.6591,can,-0.1502,0.5654,0.697,0,0.000
4488,6.6634,can,0.1957,0.1578,0.270,0,0.000
4489,6.6634,chips,0.2613,0.5513,0.543,0,0.000
4490,6.6634,tetrapak,-0.2678,0.1683,2.843,0,0.000
4491,6.6634,chips,0.3128,0.2682,0.054,0,0.000
4492,6.6667,chips,0.0729,0.4790,2.539,0,0.000
4493,6.6667,chips,0.1133,0.1932,2.027,0,0.000
4494,6.6667,can,-0.2751,0.5899,1.803,0,0.000
4495,6.6667,tetrapak,0.0735,0.4447,1.380,0,0.000
4496,6.6705,can,0.3137,0.5748,1.325,0,0.000
4497,6.6705,can,-0.1021,0.6292,0.767,0,0.000
4498,6.6705,chips,-0.2863,0.7806,2.370,0,0.000
4499,6.6705,can,-0.2280,0.4989,1.138,0,0.000
4500,6.6747,chips,-0.0450,0.7299,1.674,0,0.000
4501,6.6747,can,-0.1693,0.2462,2.178,0,0.000
4502,6.6747,can,-0.0692,0.6093,2.965,0,0.000
4503,6.6747,chips,-0.0137,0.6758,3.085,0,0.000
4504,6.6787,tetrapak,0.2049,0.5828,1.394,0,0.000
4505,6.6787,tetrapak,-0.0734,0.6612,2.973,0,0.000
4506,6.6787,chips,0.2966,0.2117,1.391,0,0.000
4507,6.6787,tetrapak,0.1219,0.6200,1.852,0,0.000
4508,6.6833,can,-0.1933,0.7818,0.946,0,0.000
4509,6.6833,chips,0.0548,0.6565,0.038,0,0.000
4510,6.6833,chips,0.3077,0.7271,1.271,0,0.000
4511,6.6833,tetrapak,-0.1818,0.7038,0.491,0,0.000
4512,6.6876,chips,-0.2867,0.7657,0.554,0,0.000
4513,6.6876,tetrapak,0.1068,0.6139,2.576,0,0.000
4514,6.6876,tetrapak,0.1159,0.6835,0.132,0,0.000
4515,6.6876,chips,0.2981,0.1593,2.823,0,0.000
4516,6.6916,tetrapak,-0.2453,0.2403,2.692,0,0.000
4517,6.6916,tetrapak,-0.1961,0.2690,2.958,0,0.000
4518,6.6916,tetrapak,-0.1482,0.7050,2.999,0,0.000
4519,6.6916,tetrapak,-0.2293,0.8133,1.523,0,0.000
4520,6.6959,tetrapak,0.0982,0.1967,0.228,0,0.000
4521,6.6959,can,-0.1895,0.3406,0.738,0,0.000
4522,6.6959,tetrapak,0.2709,0.5424,2.507,0,0.000
4523,6.6959,can,-0.1669,0.1901,2.026,0,0.000
4524,6.7001,tetrapak,-0.2663,0.4497,2.466,0,0.000
4525,6.7001,can,0.3206,0.6765,1.440,0,0.000
4526,6.7001,can,0.1403,0.3144,1.674,0,0.000
4527,6.7001,can,-0.1298,0.7367,1.859,0,0.000
4528,6.7038,chips,-0.2475,0.4142,2.387,0,0.000
4529,6.7038,can,0.3233,0.6061,2.746,0,0.000
4530,6.7038,can,-0.1334,0.4240,0.313,0,0.000
4531,6.7038,chips,0.2809,0.4858,0.869,0,0.000
4532,6.7082,tetrapak,0.1130,0.5980,0.863,0,0.000
4533,6.7082,can,0.1364,0.6486,0.527,0,0.000
4534,6.7082,can,-0.2056,0.7816,0.118,0,0.000
4535,6.7082,tetrapak,0.0604,0.8177,0.316,0,0.000
4536,6.7126,can,-0.2232,0.5853,2.677,0,0.000
4537,6.7126,chips,0.0248,0.1727,1.709,0,0.000
4538,6.7126,chips,0.3182,0.2928,0.676,0,0.000
4539,6.7126,chips,0.2016,0.2894,2.309,0,0.000
4540,6.7166,tetrapak,0.1628,0.7574,2.271,0,0.000
4541,6.7166,chips,0.3330,0.3704,0.273,0,0.000
4542,6.7166,chips,0.2301,0.7958,3.051,0,0.000
4543,6.7166,chips,0.2390,0.5629,2.159,0,0.000
4544,6.7210,tetrapak,0.1453,0.8257,2.991,0,0.000
4545,6.7210,tetrapak,-0.1387,0.6350,0.569,0,0.000
4546,6.7210,tetrapak,0.0041,0.2610,1.949,0,0.000
4547,6.7210,tetrapak,0.2473,0.3147,1.040,0,0.000
4548,6.7251,can,0.1508,0.2812,2.860,0,0.000
4549,6.7251,can,0.3032,0.7904,2.606,0,0.000
4550,6.7251,chips,0.2819,0.2901,0.569,0,0.000
4551,6.7251,tetrapak,-0.1249,0.5861,3.030,0,0.000
4552,6.7293,chips,0.2580,0.8008,0.390,0,0.000
4553,6.7293,chips,0.2119,0.1775,1.351,0,0.000
4554,6.7293,chips,0.1125,0.2488,0.578,0,0.000
4555,6.7293,chips,0.2720,0.2571,0.180,0,0.000
4556,6.7334,can,-0.0837,0.3405,0.471,0,0.000
4557,6.7334,tetrapak,0.3169,0.4712,2.176,0,0.000
4558,6.7334,can,0.1672,0.3776,2.652,0,0.000
4559,6.7334,can,0.2366,0.3956,2.731,0,0.000
4560,6.7373,tetrapak,0.0929,0.6541,0.396,0,0.000
4561,6.7373,chips,-0.1708,0.2330,2.802,0,0.000
4562,6.7373,chips,0.0648,0.3800,1.076,0,0.000
4563,6.7373,can,0.2504,0.5986,1.694,0,0.000
4564,6.7417,tetrapak,0.0831,0.3444,0.797,0,0.000
4565,6.7417,chips,0.1218,0.1705,0.684,0,0.000
4566,6.7417,tetrapak,-0.2379,0.7471,2.162,0,0.000
4567,6.7417,chips,0.3030,0.6729,2.424,0,0.000
4568,6.7461,chips,-0.2086,0.2592,1.576,0,0.000
4569,6.7461,tetrapak,0.2218,0.7957,3.020,0,0.000
4570,6.7461,can,0.0042,0.7979,1.119,0,0.000
4571,6.7461,chips,-0.1975,0.4589,1.033,0,0.000
4572,6.7520,chips,0.0896,0.5565,1.435,0,0.000
4573,6.7520,can,0.1471,0.7845,2.552,0,0.000
4574,6.7520,can,0.2315,0.6159,1.109,0,0.000
4575,6.7520,chips,-0.1101,0.6136,2.584,0,0.000
4576,6.7563,can,-0.1697,0.4266,1.569,0,0.000
4577,6.7563,can,0.0318,0.2205,1.609,0,0.000
4578,6.7563,can,0.1984,0.7275,1.287,0,0.000
4579,6.7563,tetrapak,-0.2432,0.6783,1.273,0,0.000
4580,6.7605,chips,0.1764,0.3678,2.993,0,0.000
4581,6.7605,can,-0.1055,0.5710,2.641,0,0.000
4582,6.7605,chips,0.0211,0.5347,1.652,0,0.000
4583,6.7605,tetrapak,0.1832,0.3006,0.915,0,0.000
4584,6.7661,chips,0.0192,0.2078,1.255,0,0.000
4585,6.7661,chips,0.0986,0.7741,0.697,0,0.000
4586,6.7661,chips,-0.0473,0.7876,1.635,0,0.000
4587,6.7661,chips,-0.1352,0.2866,2.188,0,0.000
4588,6.7702,can,0.1218,0.7743,2.425,0,0.000
4589,6.7702,can,0.3177,0.4375,0.492,0,0.000
4590,6.7702,tetrapak,0.2374,0.6800,1.857,0,0.000
4591,6.7702,tetrapak,-0.3302,0.7495,2.306,0,0.000
4592,6.7749,can,0.2628,0.3569,1.460,0,0.000
4593,6.7749,tetrapak,-0.0130,0.3078,1.739,0,0.000
4594,6.7749,tetrapak,-0.1312,0.7629,0.979,0,0.000
4595,6.7749,chips,0.2416,0.6742,1.470,0,0.000
4596,6.7793,tetrapak,-0.2671,0.6818,2.796,0,0.000
4597,6.7793,can,-0.2981,0.2375,3.055,0,0.000
4598,6.7793,chips,-0.0933,0.7029,1.176,0,0.000
4599,6.7793,tetrapak,-0.0792,0.5120,1.010,0,0.000
4600,6.7845,chips,0.1960,0.2389,0.362,0,0.000
4601,6.7845,chips,-0.0274,0.7734,1.907,0,0.000
4602,6.7845,can,0.2033,0.7130,2.519,0,0.000
4603,6.7845,chips,0.2201,0.3360,2.100,0,0.000
4604,6.7885,tetrapak,-0.2621,0.3149,0.995,0,0.000
4605,6.7885,chips,-0.0454,0.6837,1.140,0,0.000
4606,6.7885,chips,0.2372,0.6404,0.184,0,0.000
4607,6.7885,tetrapak,-0.2288,0.5699,1.384,0,0.000
4608,6.7923,tetrapak,0.2771,0.7683,2.910,0,0.000
4609,6.7923,can,0.1777,0.5375,2.915,0,0.000
4610,6.7923,chips,-0.0553,0.8390,0.398,0,0.000
4611,6.7923,can,0.2431,0.3597,1.885,0,0.000
4612,6.7962,can,0.0803,0.3706,0.362,0,0.000
4613,6.7962,tetrapak,0.0236,0.2431,2.914,0,0.000
4614,6.7962,chips,0.1544,0.6404,2.076,0,0.000
4615,6.7962,tetrapak,-0.0757,0.5705,0.889,0,0.000
4616,6.8004,chips,-0.0568,0.6785,3.061,0,0.000
4617,6.8004,chips,-0.0444,0.2475,0.403,0,0.000
4618,6.8004,tetrapak,0.0779,0.2095,3.068,0,0.000
4619,6.8004,can,-0.3247,0.6370,2.259,0,0.000
4620,6.8049,can,-0.0231,0.8143,1.733,0,0.000
4621,6.8049,tetrapak,0.1560,0.4202,1.913,0,0.000
4622,6.8049,tetrapak,-0.2873,0.4645,2.483,0,0.000
4623,6.8049,tetrapak,0.3250,0.8252,2.452,0,0.000
4624,6.8109,tetrapak,-0.0278,0.6232,2.769,0,0.000
4625,6.8109,chips,-0.1111,0.2607,2.702,0,0.000
4626,6.8109,chips,-0.1883,0.3105,1.002,0,0.000
4627,6.8109,tetrapak,-0.1795,0.6107,1.883,0,0.000
4628,6.8162,chips,-0.1992,0.7986,3.049,0,0.000
4629,6.8162,chips,0.3434,0.2495,0.995,0,0.000
4630,6.8162,chips,0.0381,0.2167,1.173,0,0.000
4631,6.8162,tetrapak,0.3083,0.3038,1.127,0,0.000
4632,6.8206,can,0.1226,0.4529,2.136,0,0.000
4633,6.8206,tetrapak,-0.0937,0.5291,2.057,0,0.000
4634,6.8206,tetrapak,-0.0870,0.5493,1.847,0,0.000
4635,6.8206,chips,0.0415,0.5238,2.130,0,0.000
4636,6.8267,can,0.3036,0.1761,2.829,0,0.000
4637,6.8267,can,0.1248,0.3582,2.663,0,0.000
4638,6.8267,can,-0.0858,0.2093,1.188,0,0.000
4639,6.8267,chips,0.0925,0.6954,2.895,0,0.000
4640,6.8315,chips,-0.3139,0.4668,0.053,0,0.000
4641,6.8315,tetrapak,0.3146,0.6859,1.263,0,0.000
4642,6.8315,can,0.1882,0.6759,1.256,0,0.000
4643,6.8315,can,0.2466,0.1603,2.050,0,0.000
4644,6.8357,chips,-0.0069,0.2795,0.628,0,0.000
4645,6.8357,tetrapak,0.2677,0.7755,2.328,0,0.000
4646,6.8357,can,0.1270,0.3620,2.299,0,0.000
4647,6.8357,can,-0.0810,0.4248,0.190,0,0.000
4648,6.8398,chips,-0.1136,0.6496,1.644,0,0.000
4649,6.8398,tetrapak,0.2585,0.6858,0.166,0,0.000
4650,6.8398,can,-0.0199,0.4166,1.220,0,0.000
4651,6.8398,chips,-0.1340,0.6810,2.903,0,0.000
4652,6.8438,tetrapak,0.2853,0.3082,1.092,0,0.000
4653,6.8438,tetrapak,0.0947,0.8267,0.261,0,0.000
4654,6.8438,chips,0.0414,0.1581,3.081,0,0.000
4655,6.8438,can,0.1876,0.6500,3.059,0,0.000
4656,6.8481,can,0.3065,0.7998,0.099,0,0.000
4657,6.8481,tetrapak,0.0132,0.2530,2.631,0,0.000
4658,6.8481,can,0.2662,0.3564,1.616,0,0.000
4659,6.8481,chips,-0.0557,0.4010,1.519,0,0.000
4660,6.8520,can,-0.3257,0.6022,2.360,0,0.000
4661,6.8520,can,-0.0402,0.7932,1.575,0,0.000
4662,6.8520,tetrapak,0.0416,0.5851,0.063,0,0.000
4663,6.8520,can,-0.0928,0.6616,2.675,0,0.000
4664,6.8558,tetrapak,-0.2292,0.6001,1.897,0,0.000
4665,6.8558,can,0.1798,0.2926,2.091,0,0.000
4666,6.8558,chips,-0.3260,0.2515,3.092,0,0.000
4667,6.8558,tetrapak,0.1663,0.3826,1.931,0,0.000
4668,6.8601,can,-0.1740,0.7308,0.292,0,0.000
4669,6.8601,tetrapak,0.0804,0.7897,0.247,0,0.000
4670,6.8601,tetrapak,-0.0733,0.2443,2.975,0,0.000
4671,6.8601,tetrapak,0.1402,0.5716,2.552,0,0.000
4672,6.8639,chips,-0.1035,0.2481,2.955,0,0.000
4673,6.8639,chips,-0.1770,0.5611,0.572,0,0.000
4674,6.8639,tetrapak,-0.0166,0.5035,2.125,0,0.000
4675,6.8639,tetrapak,0.1594,0.2411,0.850,0,0.000
4676,6.8677,can,0.1772,0.5277,1.122,0,0.000
4677,6.8677,tetrapak,-0.0250,0.8147,0.551,0,0.000
4678,6.8677,can,0.1434,0.2335,1.325,0,0.000
4679,6.8677,can,0.2140,0.8007,2.934,0,0.000
4680,6.8728,tetrapak,0.0250,0.5115,2.656,0,0.000
4681,6.8728,tetrapak,0.3484,0.2178,0.413,0,0.000
4682,6.8728,can,-0.2848,0.8038,2.907,0,0.000
4683,6.8728,chips,0.0544,0.2809,0.634,0,0.000
4684,6.8769,can,0.0541,0.5994,0.779,0,0.000
4685,6.8769,chips,0.0879,0.6617,0.109,0,0.000
4686,6.8769,chips,0.3130,0.2069,2.300,0,0.000
4687,6.8769,chips,-0.2877,0.3112,0.978,0,0.000
4688,6.8808,can,-0.0547,0.6353,0.928,0,0.000
4689,6.8808,tetrapak,-0.2207,0.4916,1.450,0,0.000
4690,6.8808,tetrapak,0.3054,0.2890,1.828,0,0.000
4691,6.8808,chips,-0.0146,0.4102,0.619,0,0.000
4692,6.8862,tetrapak,-0.1249,0.4213,0.698,0,0.000
4693,6.8862,chips,-0.0608,0.4753,2.936,0,0.000
4694,6.8862,tetrapak,-0.2016,0.5812,1.006,0,0.000
4695,6.8862,tetrapak,0.0749,0.4838,2.277,0,0.000
4696,6.8903,tetrapak,-0.1172,0.3307,0.131,0,0.000
4697,6.8903,can,-0.1658,0.7949,2.120,0,0.000
4698,6.8903,can,-0.1107,0.4257,2.650,0,0.000
4699,6.8903,can,0.1923,0.5494,2.745,0,0.000
4700,6.8943,chips,0.2631,0.3535,2.825,0,0.000
4701,6.8943,chips,-0.1995,0.7699,0.515,0,0.000
4702,6.8943,can,-0.1877,0.2377,1.288,0,0.000
4703,6.8943,chips,-0.2030,0.3007,0.887,0,0.000
4704,6.8985,can,-0.3334,0.3269,2.972,0,0.000
4705,6.8985,chips,-0.1765,0.7145,1.519,0,0.000
4706,6.8985,chips,-0.3013,0.3112,2.926,0,0.000
4707,6.8985,tetrapak,0.2170,0.3683,0.731,0,0.000
4708,6.9026,chips,0.0578,0.5979,1.090,0,0.000
4709,6.9026,chips,0.0739,0.3049,3.053,0,0.000
4710,6.9026,can,-0.2083,0.5441,1.553,0,0.000
4711,6.9026,tetrapak,-0.0083,0.3635,1.851,0,0.000
4712,6.9073,tetrapak,-0.0441,0.5217,1.131,0,0.000
4713,6.9073,chips,-0.3327,0.2368,2.072,0,0.000
4714,6.9073,can,0.0403,0.6134,1.414,0,0.000
4715,6.9073,tetrapak,-0.2583,0.2868,2.219,0,0.000
4716,6.9115,can,-0.0372,0.4737,0.717,0,0.000
4717,6.9115,can,-0.2034,0.6614,0.722,0,0.000
4718,6.9115,can,0.2427,0.2731,0.610,0,0.000
4719,6.9115,tetrapak,-0.1865,0.5567,2.651,0,0.000
4720,6.9155,tetrapak,0.3258,0.4093,0.611,0,0.000
4721,6.9155,tetrapak,-0.0919,0.6887,0.497,0,0.000
4722,6.9155,chips,0.0197,0.6822,0.043,0,0.000
4723,6.9155,chips,-0.0907,0.6809,2.755,0,0.000
4724,6.9195,tetrapak,-0.1571,0.6227,2.970,0,0.000
4725,6.9195,tetrapak,0.2054,0.3108,2.962,0,0.000
4726,6.9195,chips,-0.2474,0.4078,2.912,0,0.000
4727,6.9195,can,0.2113,0.4741,2.288,0,0.000
4728,6.9234,chips,-0.1232,0.6536,0.457,0,0.000
4729,6.9234,chips,-0.3193,0.4637,1.079,0,0.000
4730,6.9234,chips,-0.2395,0.8246,1.806,0,0.000
4731,6.9234,can,-0.2193,0.1716,1.950,0,0.000
4732,6.9274,chips,-0.0033,0.6817,1.362,0,0.000
4733,6.9274,tetrapak,0.3046,0.2071,2.056,0,0.000
4734,6.9274,chips,0.3167,0.8251,2.859,0,0.000
4735,6.9274,tetrapak,-0.2074,0.4489,0.507,0,0.000
4736,6.9316,chips,-0.3212,0.3304,2.554,0,0.000
4737,6.9316,chips,-0.0143,0.8345,1.781,0,0.000
4738,6.9316,chips,-0.2623,0.6628,2.650,0,0.000
4739,6.9316,can,0.0235,0.6979,2.659,0,0.000
4740,6.9357,tetrapak,0.3051,0.7447,1.307,0,0.000
4741,6.9357,can,0.0762,0.3990,2.526,0,0.000
4742,6.9357,can,-0.0087,0.6809,0.427,0,0.000
4743,6.9357,tetrapak,-0.1278,0.7134,0.704,0,0.000
4744,6.9397,tetrapak,0.0527,0.8352,2.579,0,0.000
4745,6.9397,tetrapak,0.2982,0.7459,0.299,0,0.000
4746,6.9397,tetrapak,-0.2208,0.4646,0.691,0,0.000
4747,6.9397,can,0.3070,0.2802,1.265,0,0.000
4748,6.9436,chips,-0.1332,0.7392,3.077,0,0.000
4749,6.9436,tetrapak,-0.3335,0.3766,2.794,0,0.000
4750,6.9436,tetrapak,-0.2633,0.4710,0.104,0,0.000
4751,6.9436,chips,0.1203,0.4526,1.533,0,0.000
4752,6.9475,can,-0.2143,0.1778,0.979,0,0.000
4753,6.9475,chips,-0.2374,0.2106,2.561,0,0.000
4754,6.9475,chips,-0.3101,0.3450,2.444,0,0.000
4755,6.9475,can,0.0653,0.6987,2.578,0,0.000
4756,6.9511,tetrapak,0.0087,0.7513,2.191,0,0.000
4757,6.9511,chips,0.2629,0.2721,0.386,0,0.000
4758,6.9511,chips,-0.2342,0.7506,1.984,0,0.000
4759,6.9511,chips,-0.2779,0.3778,2.825,0,0.000
4760,6.9550,can,0.2771,0.4933,2.150,0,0.000
4761,6.9550,chips,0.2579,0.2541,3.061,0,0.000
4762,6.9550,can,-0.2539,0.6269,0.460,0,0.000
4763,6.9550,can,-0.2381,0.5931,1.973,0,0.000
4764,6.9591,chips,0.0547,0.7517,2.730,0,0.000
4765,6.9591,tetrapak,0.2511,0.7279,0.909,0,0.000
4766,6.9591,can,-0.2984,0.4327,2.677,0,0.000
4767,6.9591,tetrapak,0.1054,0.7947,1.011,0,0.000
4768,6.9630,chips,-0.2377,0.4097,0.993,0,0.000
4769,6.9630,can,-0.1228,0.2345,0.209,0,0.000
4770,6.9630,tetrapak,0.0488,0.7694,0.810,0,0.000
4771,6.9630,tetrapak,0.0543,0.5483,2.827,0,0.000
4772,6.9668,chips,0.2906,0.8110,0.708,0,0.000
4773,6.9668,tetrapak,0.2814,0.7350,2.772,0,0.000
4774,6.9668,can,0.0056,0.8245,1.236,0,0.000
4775,6.9668,tetrapak,0.3316,0.3058,1.140,0,0.000
4776,6.9710,can,0.2249,0.5260,2.078,0,0.000
4777,6.9710,can,-0.2814,0.2536,0.431,0,0.000
4778,6.9710,tetrapak,-0.0205,0.6782,1.802,0,0.000
4779,6.9710,can,0.0174,0.2390,2.598,0,0.000
4780,6.9752,can,-0.3084,0.1638,0.848,0,0.000
4781,6.9752,can,0.2322,0.6381,1.748,0,0.000
4782,6.9752,tetrapak,0.3083,0.1697,3.018,0,0.000
4783,6.9752,tetrapak,0.1833,0.2589,1.813,0,0.000
4784,6.9812,tetrapak,-0.0697,0.3770,2.174,0,0.000
4785,6.9812,tetrapak,-0.2456,0.6223,1.526,0,0.000
4786,6.9812,chips,-0.2771,0.6050,1.739,0,0.000
4787,6.9812,chips,-0.2146,0.8233,2.581,0,0.000
4788,6.9851,chips,-0.3101,0.4738,1.871,0,0.000
4789,6.9851,chips,-0.0519,0.2446,0.674,0,0.000
4790,6.9851,tetrapak,-0.1680,0.3238,2.491,0,0.000
4791,6.9851,can,-0.3034,0.6341,0.089,0,0.000
4792,6.9889,tetrapak,0.3290,0.3324,2.139,0,0.000
4793,6.9889,chips,-0.1992,0.2360,1.788,0,0.000
4794,6.9889,can,0.0090,0.7505,3.131,0,0.000
4795,6.9889,tetrapak,-0.2504,0.7975,0.075,0,0.000
4796,6.9929,chips,0.2390,0.5389,1.490,0,0.000
4797,6.9929,can,0.1874,0.4510,1.884,0,0.000
4798,6.9929,can,0.0872,0.2488,1.285,0,0.000
4799,6.9929,tetrapak,-0.2659,0.7724,3.065,0,0.000
4800,6.9973,can,-0.2225,0.1827,2.245,0,0.000
4801,6.9973,tetrapak,0.1465,0.4288,0.973,0,0.000
4802,6.9973,tetrapak,0.2667,0.1832,1.678,0,0.000
4803,6.9973,tetrapak,0.2984,0.5505,1.612,0,0.000
4804,7.0017,can,-0.0894,0.7156,2.273,0,0.000
4805,7.0017,can,-0.2572,0.5427,1.107,0,0.000
4806,7.0017,can,-0.1253,0.5912,0.672,0,0.000
4807,7.0017,tetrapak,0.3413,0.8025,0.077,0,0.000
4808,7.0053,can,0.0074,0.3481,2.993,0,0.000
4809,7.0053,chips,0.1212,0.2300,2.796,0,0.000
4810,7.0053,chips,-0.2416,0.3715,3.091,0,0.000
4811,7.0053,tetrapak,0.3047,0.6432,2.628,0,0.000
4812,7.0090,tetrapak,-0.3382,0.6727,3.046,0,0.000
4813,7.0090,can,0.1254,0.5475,2.787,0,0.000
4814,7.0090,chips,-0.1809,0.3461,2.141,0,0.000
4815,7.0090,tetrapak,-0.0859,0.3520,3.109,0,0.000
4816,7.0128,tetrapak,-0.1934,0.7270,1.677,0,0.000
4817,7.0128,tetrapak,-0.2330,0.7799,0.692,0,0.000
4818,7.0128,chips,0.3292,0.6199,2.085,0,0.000
4819,7.0128,tetrapak,-0.0209,0.5213,2.921,0,0.000
4820,7.0168,can,0.2796,0.3387,1.543,0,0.000
4821,7.0168,tetrapak,-0.1677,0.6017,0.071,0,0.000
4822,7.0168,chips,0.1089,0.2247,1.401,0,0.000
4823,7.0168,can,-0.1557,0.1641,1.961,0,0.000
4824,7.0206,can,-0.2022,0.5903,2.814,0,0.000
4825,7.0206,tetrapak,-0.0868,0.3602,1.575,0,0.000
4826,7.0206,can,-0.3197,0.1771,1.411,0,0.000
4827,7.0206,tetrapak,-0.0131,0.5543,2.470,0,0.000
4828,7.0247,chips,0.0313,0.8076,1.379,0,0.000
4829,7.0247,tetrapak,-0.2585,0.4440,1.844,0,0.000
4830,7.0247,tetrapak,0.0527,0.6691,1.837,0,0.000
4831,7.0247,chips,-0.2364,0.2132,1.553,0,0.000
4832,7.0287,chips,0.2927,0.7915,1.707,0,0.000
4833,7.0287,can,0.3146,0.6568,0.157,0,0.000
4834,7.0287,can,0.2586,0.2693,0.032,0,0.000
4835,7.0287,can,0.1347,0.3440,2.609,0,0.000
4836,7.0334,can,0.2878,0.5444,3.047,0,0.000
4837,7.0334,can,0.3082,0.5996,2.354,0,0.000
4838,7.0334,chips,-0.1611,0.6123,2.037,0,0.000
4839,7.0334,tetrapak,-0.1382,0.7744,1.900,0,0.000
4840,7.0374,can,0.1801,0.7360,2.017,0,0.000
4841,7.0374,tetrapak,-0.2857,0.7643,1.142,0,0.000
4842,7.0374,can,0.1715,0.4725,1.889,0,0.000
4843,7.0374,can,0.2779,0.3323,1.870,0,0.000
4844,7.0414,can,0.1304,0.2948,1.881,0,0.000
4845,7.0414,tetrapak,-0.0841,0.6612,2.305,0,0.000
4846,7.0414,tetrapak,0.1184,0.7166,1.193,0,0.000
4847,7.0414,tetrapak,0.2891,0.7103,1.314,0,0.000
4848,7.0462,can,-0.1373,0.4264,0.143,0,0.000
4849,7.0462,can,0.3275,0.1923,2.710,0,0.000
4850,7.0462,tetrapak,-0.2031,0.3225,0.091,0,0.000
4851,7.0462,tetrapak,0.1360,0.7142,1.628,0,0.000
4852,7.0500,can,0.2367,0.2142,0.789,0,0.000
4853,7.0500,tetrapak,-0.0882,0.7350,1.705,0,0.000
4854,7.0500,chips,-0.3406,0.3277,0.348,0,0.000
4855,7.0500,chips,0.2004,0.1834,2.016,0,0.000
4856,7.0539,chips,-0.3097,0.4459,3.016,0,0.000
4857,7.0539,tetrapak,0.3112,0.5566,0.769,0,0.000
4858,7.0539,can,-0.3375,0.3741,0.370,0,0.000
4859,7.0539,can,-0.0910,0.6894,1.424,0,0.000
4860,7.0597,tetrapak,-0.2055,0.2806,0.730,0,0.000
4861,7.0597,chips,-0.1890,0.2652,1.293,0,0.000
4862,7.0597,tetrapak,-0.2578,0.6190,1.618,0,0.000
4863,7.0597,chips,0.0058,0.4468,2.057,0,0.000
4864,7.0642,tetrapak,-0.1826,0.8005,3.014,0,0.000
4865,7.0642,can,0.2272,0.4146,1.923,0,0.000
4866,7.0642,can,-0.0648,0.6037,0.884,0,0.000
4867,7.0642,tetrapak,-0.2999,0.2183,2.942,0,0.000
4868,7.0684,chips,0.2780,0.7901,2.370,0,0.000
4869,7.0684,can,0.1256,0.4655,1.542,0,0.000
4870,7.0684,can,-0.0699,0.2226,2.436,0,0.000
4871,7.0684,chips,0.0225,0.6197,0.746,0,0.000
4872,7.0738,tetrapak,0.0990,0.5360,2.614,0,0.000
4873,7.0738,chips,0.1820,0.6862,0.686,0,0.000
4874,7.0738,can,-0.2109,0.2813,0.272,0,0.000
4875,7.0738,tetrapak,0.1890,0.2764,0.652,0,0.000
4876,7.0779,can,-0.2069,0.7560,2.578,0,0.000
4877,7.0779,can,-0.3342,0.5038,0.170,0,0.000
4878,7.0779,can,-0.1722,0.6523,1.585,0,0.000
4879,7.0779,tetrapak,0.0030,0.7110,1.168,0,0.000
4880,7.0818,chips,-0.1458,0.6960,0.932,0,0.000
4881,7.0818,tetrapak,0.0268,0.5975,1.317,0,0.000
4882,7.0818,can,-0.2296,0.5030,0.732,0,0.000
4883,7.0818,can,-0.0603,0.3763,0.299,0,0.000
4884,7.0861,tetrapak,-0.0816,0.6811,0.913,0,0.000
4885,7.0861,can,-0.0667,0.6423,0.230,0,0.000
4886,7.0861,chips,0.1895,0.6421,1.980,0,0.000
4887,7.0861,tetrapak,0.1257,0.4556,1.723,0,0.000
4888,7.0894,tetrapak,-0.2509,0.4555,0.151,0,0.000
4889,7.0894,can,-0.1223,0.4212,2.723,0,0.000
4890,7.0894,tetrapak,-0.2800,0.5605,2.019,0,0.000
4891,7.0894,chips,-0.0385,0.6125,0.944,0,0.000
4892,7.0931,can,0.1849,0.8140,2.643,0,0.000
4893,7.0931,can,-0.3267,0.7656,0.424,0,0.000
4894,7.0931,can,-0.0785,0.8183,0.511,0,0.000
4895,7.0931,can,0.1950,0.2630,1.737,0,0.000
4896,7.0973,tetrapak,-0.2291,0.2022,0.924,0,0.000
4897,7.0973,tetrapak,-0.0783,0.5458,0.223,0,0.000
4898,7.0973,chips,0.0773,0.8331,0.699,0,0.000
4899,7.0973,can,0.3439,0.2130,0.615,0,0.000
4900,7.1016,chips,0.1855,0.8083,2.796,0,0.000
4901,7.1016,tetrapak,-0.2884,0.7600,0.861,0,0.000
4902,7.1016,tetrapak,0.2897,0.4131,2.660,0,0.000
4903,7.1016,can,0.0604,0.5296,0.404,0,0.000
4904,7.1059,can,0.2532,0.7335,0.057,0,0.000
4905,7.1059,tetrapak,-0.1920,0.2384,0.098,0,0.000
4906,7.1059,can,-0.0065,0.7260,1.706,0,0.000
4907,7.1059,chips,0.1031,0.6155,0.854,0,0.000
4908,7.1098,tetrapak,0.2549,0.5726,0.363,0,0.000
4909,7.1098,chips,0.0105,0.7944,1.071,0,0.000
4910,7.1098,can,0.2974,0.2870,0.446,0,0.000
4911,7.1098,chips,0.0334,0.5133,2.890,0,0.000
4912,7.1138,chips,-0.1092,0.5151,1.376,0,0.000
4913,7.1138,can,0.0382,0.3010,1.679,0,0.000
4914,7.1138,tetrapak,-0.1166,0.7767,2.090,0,0.000
4915,7.1138,can,-0.0922,0.5248,2.347,0,0.000
4916,7.1183,chips,0.3133,0.7560,0.572,0,0.000
4917,7.1183,chips,-0.0336,0.3776,0.061,0,0.000
4918,7.1183,tetrapak,0.0244,0.2051,2.290,0,0.000
4919,7.1183,tetrapak,-0.0970,0.6946,1.554,0,0.000
4920,7.1227,tetrapak,0.0776,0.2622,1.721,0,0.000
4921,7.1227,can,0.1775,0.3768,2.341,0,0.000
4922,7.1227,chips,-0.1211,0.7072,3.008,0,0.000
4923,7.1227,can,-0.0328,0.5226,0.515,0,0.000
4924,7.1271,tetrapak,0.3430,0.6618,0.134,0,0.000
4925,7.1271,tetrapak,0.2521,0.5951,1.192,0,0.000
4926,7.1271,tetrapak,-0.2835,0.5023,2.829,0,0.000
4927,7.1271,chips,-0.1003,0.6468,1.393,0,0.000
4928,7.1429,chips,0.0352,0.1810,2.775,0,0.000
4929,7.1429,can,-0.1275,0.6210,2.040,0,0.000
4930,7.1429,chips,0.0051,0.7286,2.831,0,0.000
4931,7.1429,tetrapak,0.2818,0.3628,1.600,0,0.000
4932,7.1470,chips,0.2992,0.6062,2.413,0,0.000
4933,7.1470,can,-0.2225,0.2261,0.716,0,0.000
4934,7.1470,chips,-0.1019,0.1926,0.948,0,0.000
4935,7.1470,tetrapak,-0.0267,0.6274,2.276,0,0.000
4936,7.1530,chips,0.1260,0.4831,1.966,0,0.000
4937,7.1530,can,-0.0623,0.2145,2.327,0,0.000
4938,7.1530,can,0.0250,0.8114,2.330,0,0.000
4939,7.1530,tetrapak,0.0777,0.4220,2.656,0,0.000
4940,7.1569,can,-0.0345,0.3419,2.277,0,0.000
4941,7.1569,chips,0.3160,0.4590,0.950,0,0.000
4942,7.1569,can,-0.2343,0.6211,0.192,0,0.000
4943,7.1569,can,0.0585,0.4696,1.591,0,0.000
4944,7.1610,tetrapak,-0.2646,0.8066,2.522,0,0.000
4945,7.1610,tetrapak,-0.2694,0.5226,2.309,0,0.000
4946,7.1610,can,-0.3022,0.2320,2.467,0,0.000
4947,7.1610,tetrapak,-0.0045,0.4333,0.584,0,0.000
4948,7.1658,tetrapak,-0.1787,0.6272,0.359,0,0.000
4949,7.1658,tetrapak,-0.3006,0.7508,2.552,0,0.000
4950,7.1658,tetrapak,-0.2184,0.3963,1.994,0,0.000
4951,7.1658,tetrapak,0.2218,0.4778,1.613,0,0.000
4952,7.1708,can,0.2458,0.5409,2.275,0,0.000
4953,7.1708,can,-0.3361,0.3388,2.602,0,0.000
4954,7.1708,chips,-0.0945,0.7437,2.749,0,0.000
4955,7.1708,can,-0.1208,0.4027,2.732,0,0.000
4956,7.1768,tetrapak,0.1687,0.5966,1.650,0,0.000
4957,7.1768,can,-0.2846,0.2808,2.843,0,0.000
4958,7.1768,tetrapak,0.0709,0.2260,1.605,0,0.000
4959,7.1768,can,0.0288,0.2909,2.835,0,0.000
4960,7.1810,can,0.3265,0.7094,2.502,0,0.000
4961,7.1810,can,0.1750,0.4641,0.976,0,0.000
4962,7.1810,tetrapak,0.2018,0.7968,2.780,0,0.000
4963,7.1810,can,-0.0184,0.4540,3.010,0,0.000
4964,7.1855,tetrapak,-0.0891,0.4302,2.833,0,0.000
4965,7.1855,chips,0.1854,0.7954,1.711,0,0.000
4966,7.1855,chips,-0.2393,0.2732,0.901,0,0.000
4967,7.1855,chips,0.1297,0.2365,2.001,0,0.000
4968,7.1895,chips,-0.2960,0.3846,1.621,0,0.000
4969,7.1895,can,-0.0262,0.2339,2.192,0,0.000
4970,7.1895,can,-0.3131,0.6539,2.007,0,0.000
4971,7.1895,tetrapak,0.0556,0.7530,2.367,0,0.000
4972,7.1939,chips,-0.2586,0.6807,0.794,0,0.000
4973,7.1939,chips,-0.3157,0.1924,1.259,0,0.000
4974,7.1939,can,-0.2595,0.5855,2.406,0,0.000
4975,7.1939,tetrapak,0.1455,0.4285,2.788,0,0.000
4976,7.1979,tetrapak,-0.2902,0.7217,1.883,0,0.000
4977,7.1979,can,0.2024,0.2650,0.211,0,0.000
4978,7.1979,chips,-0.2090,0.7504,2.817,0,0.000
4979,7.1979,tetrapak,-0.3028,0.1906,2.089,0,0.000
4980,7.2022,tetrapak,0.0693,0.2617,2.751,0,0.000
4981,7.2022,tetrapak,0.0592,0.3619,0.289,0,0.000
4982,7.2022,tetrapak,-0.0402,0.6788,1.489,0,0.000
4983,7.2022,chips,0.2483,0.4372,2.850,0,0.000
4984,7.2065,can,0.0528,0.7643,2.857,0,0.000
4985,7.2065,can,0.2637,0.3914,0.392,0,0.000
4986,7.2065,can,0.0384,0.3586,2.828,0,0.000
4987,7.2065,chips,0.0569,0.6736,0.769,0,0.000
4988,7.2112,can,-0.0780,0.3095,2.142,0,0.000
4989,7.2112,chips,0.2773,0.3052,2.517,0,0.000
4990,7.2112,can,-0.1264,0.7383,2.024,0,0.000
4991,7.2112,can,0.1362,0.3478,0.145,0,0.000
4992,7.2152,tetrapak,0.1692,0.8058,0.093,0,0.000
4993,7.2152,can,-0.1290,0.7090,2.241,0,0.000
4994,7.2152,can,0.2236,0.1676,1.030,0,0.000
4995,7.2152,can,-0.0782,0.1851,1.131,0,0.000
4996,7.2199,chips,-0.1960,0.5280,1.581,0,0.000
4997,7.2199,can,-0.0968,0.6419,0.837,0,0.000
4998,7.2199,can,-0.0047,0.4335,0.858,0,0.000
4999,7.2199,tetrapak,0.0271,0.4869,1.094,0,0.000
5000,7.2236,can,0.2005,0.5586,1.753,0,0.000
5001,7.2236,can,-0.3127,0.2797,2.028,0,0.000
5002,7.2236,can,0.2269,0.3224,2.259,0,0.000
5003,7.2236,chips,0.0968,0.1692,0.445,0,0.000
5004,7.2278,chips,-0.0790,0.7497,1.088,0,0.000
5005,7.2278,tetrapak,-0.1035,0.5487,1.021,0,0.000
5006,7.2278,chips,0.0781,0.3846,2.085,0,0.000
5007,7.2278,chips,-0.0277,0.2428,1.130,0,0.000
5008,7.2319,chips,0.1382,0.2301,3.131,0,0.000
5009,7.2319,tetrapak,0.2901,0.7148,1.373,0,0.000
5010,7.2319,chips,0.2567,0.3662,2.513,0,0.000
5011,7.2319,chips,-0.2028,0.7061,2.052,0,0.000
5012,7.2359,tetrapak,-0.0331,0.4610,3.073,0,0.000
5013,7.2359,tetrapak,-0.0835,0.4340,0.096,0,0.000
5014,7.2359,can,-0.2972,0.2796,0.519,0,0.000
5015,7.2359,chips,0.0516,0.3160,2.224,0,0.000
5016,7.2399,can,0.0878,0.6480,2.802,0,0.000
5017,7.2399,can,0.2940,0.1769,0.520,0,0.000
5018,7.2399,chips,-0.2043,0.7783,1.632,0,0.000
5019,7.2399,tetrapak,0.1720,0.7903,0.151,0,0.000
5020,7.2437,tetrapak,0.2898,0.5295,2.931,0,0.000
5021,7.2437,tetrapak,0.3190,0.6047,1.638,0,0.000
5022,7.2437,chips,-0.1529,0.2103,1.801,0,0.000
5023,7.2437,tetrapak,0.2572,0.7952,0.087,0,0.000
5024,7.2476,can,-0.1510,0.5365,2.571,0,0.000
5025,7.2476,chips,0.2181,0.3419,2.146,0,0.000
5026,7.2476,can,0.2798,0.2545,3.017,0,0.000
5027,7.2476,can,0.1647,0.6666,2.872,0,0.000
5028,7.2525,tetrapak,-0.1155,0.4714,1.996,0,0.000
5029,7.2525,can,-0.1637,0.4522,0.875,0,0.000
5030,7.2525,can,-0.3332,0.6064,1.042,0,0.000
5031,7.2525,can,-0.0160,0.5970,2.265,0,0.000
5032,7.2565,tetrapak,0.0450,0.1796,2.404,0,0.000
5033,7.2565,chips,-0.3476,0.4938,1.285,0,0.000
5034,7.2565,chips,0.2383,0.8176,0.801,0,0.000
5035,7.2565,chips,0.1375,0.7369,2.135,0,0.000
5036,7.2606,chips,-0.0552,0.6576,0.679,0,0.000
5037,7.2606,can,0.2624,0.2948,2.877,0,0.000
5038,7.2606,chips,-0.3013,0.3851,1.106,0,0.000
5039,7.2606,tetrapak,-0.1457,0.4537,0.492,0,0.000
5040,7.2657,can,0.3187,0.6980,2.470,0,0.000
5041,7.2657,chips,0.3076,0.6480,1.642,0,0.000
5042,7.2657,tetrapak,-0.0306,0.7222,0.947,0,0.000
5043,7.2657,tetrapak,0.1930,0.3368,0.775,0,0.000
5044,7.2703,can,-0.0763,0.3423,1.238,0,0.000
5045,7.2703,can,0.2694,0.3730,1.758,0,0.000
5046,7.2703,can,-0.2601,0.7230,1.983,0,0.000
5047,7.2703,chips,-0.1603,0.5696,1.374,0,0.000
5048,7.2753,can,0.1529,0.5877,1.346,0,0.000
5049,7.2753,chips,0.2503,0.6395,2.547,0,0.000
5050,7.2753,can,-0.1029,0.6584,3.058,0,0.000
5051,7.2753,tetrapak,0.0990,0.4793,0.636,0,0.000
5052,7.2809,tetrapak,-0.0847,0.8221,2.649,0,0.000
5053,7.2809,tetrapak,0.0143,0.6435,2.039,0,0.000
5054,7.2809,tetrapak,-0.1598,0.4175,1.491,0,0.000
5055,7.2809,can,0.2910,0.4213,2.193,0,0.000
5056,7.2852,tetrapak,0.0697,0.7387,1.426,0,0.000
5057,7.2852,can,-0.1296,0.5935,0.460,0,0.000
5058,7.2852,tetrapak,-0.0411,0.1850,2.547,0,0.000
5059,7.2852,chips,-0.2455,0.6140,0.334,0,0.000
5060,7.2894,can,-0.2587,0.1600,0.175,0,0.000
5061,7.2894,can,-0.2848,0.7166,1.093,0,0.000
5062,7.2894,can,0.0927,0.4286,0.491,0,0.000
5063,7.2894,chips,0.3351,0.5333,0.121,0,0.000
5064,7.2937,chips,-0.0383,0.7858,2.791,0,0.000
5065,7.2937,can,-0.1398,0.7364,0.174,0,0.000
5066,7.2937,tetrapak,0.3292,0.4293,0.024,0,0.000
5067,7.2937,tetrapak,0.2727,0.2895,1.134,0,0.000
5068,7.2976,tetrapak,0.2815,0.6601,2.819,0,0.000
5069,7.2976,can,0.1251,0.7933,2.294,0,0.000
5070,7.2976,chips,-0.2212,0.6336,0.500,0,0.000
5071,7.2976,tetrapak,0.0530,0.8070,0.061,0,0.000
5072,7.3017,can,0.0777,0.6078,2.724,0,0.000
5073,7.3017,chips,-0.2779,0.2048,2.119,0,0.000
5074,7.3017,tetrapak,0.1335,0.1723,1.664,0,0.000
5075,7.3017,tetrapak,-0.0958,0.6437,2.528,0,0.000
5076,7.3052,can,-0.0383,0.2072,2.917,0,0.000
5077,7.3052,can,0.1932,0.7499,1.682,0,0.000
5078,7.3052,chips,0.1570,0.1856,0.571,0,0.000
5079,7.3052,chips,-0.3266,0.2280,0.209,0,0.000
5080,7.3094,can,-0.1612,0.7166,3.079,0,0.000
5081,7.3094,can,0.0693,0.7884,2.141,0,0.000
5082,7.3094,can,0.0375,0.5008,0.449,0,0.000
5083,7.3094,tetrapak,-0.1122,0.6467,2.235,0,0.000
5084,7.3140,tetrapak,0.2465,0.3515,2.966,0,0.000
5085,7.3140,can,-0.1885,0.4154,2.944,0,0.000
5086,7.3140,can,0.2591,0.7140,1.807,0,0.000
5087,7.3140,chips,-0.0747,0.5672,1.749,0,0.000
5088,7.3187,can,0.3142,0.5855,2.622,0,0.000
5089,7.3187,chips,-0.0980,0.5158,1.469,0,0.000
5090,7.3187,tetrapak,-0.3139,0.2792,0.202,0,0.000
5091,7.3187,can,0.2863,0.6759,1.866,0,0.000
5092,7.3252,chips,-0.3223,0.2723,2.649,0,0.000
5093,7.3252,tetrapak,-0.1405,0.5359,1.798,0,0.000
5094,7.3252,tetrapak,-0.1181,0.6177,2.067,0,0.000
5095,7.3252,chips,0.0799,0.2980,2.218,0,0.000
5096,7.3309,can,-0.0138,0.3701,0.940,0,0.000
5097,7.3309,can,0.3100,0.8036,2.807,0,0.000
5098,7.3309,tetrapak,-0.3159,0.7028,0.333,0,0.000
5099,7.3309,can,0.3296,0.7601,3.106,0,0.000
5100,7.3354,can,-0.2732,0.3667,1.395,0,0.000
5101,7.3354,tetrapak,-0.3070,0.2632,2.490,0,0.000
5102,7.3354,tetrapak,0.1153,0.6204,1.102,0,0.000
5103,7.3354,chips,0.0748,0.1700,0.247,0,0.000
5104,7.3403,tetrapak,0.2373,0.6439,2.843,0,0.000
5105,7.3403,chips,0.2362,0.5079,0.285,0,0.000
5106,7.3403,tetrapak,0.0486,0.8399,1.218,0,0.000
5107,7.3403,chips,-0.2410,0.3887,0.596,0,0.000
5108,7.3446,tetrapak,0.0116,0.7026,2.401,0,0.000
5109,7.3446,can,0.3296,0.7712,0.482,0,0.000
5110,7.3446,chips,-0.1713,0.1648,0.632,0,0.000
5111,7.3446,tetrapak,0.0129,0.6397,1.579,0,0.000
5112,7.3489,tetrapak,0.0295,0.3562,0.698,0,0.000
5113,7.3489,can,0.3335,0.7639,0.240,0,0.000
5114,7.3489,chips,0.3097,0.3011,3.003,0,0.000
5115,7.3489,tetrapak,-0.1496,0.8152,2.297,0,0.000
5116,7.3532,tetrapak,0.0135,0.3385,1.604,0,0.000
5117,7.3532,chips,0.0741,0.8082,2.066,0,0.000
5118,7.3532,can,-0.2291,0.3405,1.921,0,0.000
5119,7.3532,tetrapak,-0.1369,0.3493,2.845,0,0.000
5120,7.3571,tetrapak,0.3243,0.4244,2.964,0,0.000
5121,7.3571,chips,-0.0134,0.2194,2.519,0,0.000
5122,7.3571,can,-0.0146,0.5368,1.585,0,0.000
5123,7.3571,tetrapak,0.0374,0.7623,1.989,0,0.000
5124,7.3613,can,-0.1494,0.3121,2.992,0,0.000
5125,7.3613,can,-0.2995,0.1661,1.553,0,0.000
5126,7.3613,can,-0.2418,0.3771,3.111,0,0.000
5127,7.3613,tetrapak,0.1808,0.3238,0.246,0,0.000
5128,7.3653,chips,-0.1558,0.6859,2.347,0,0.000
5129,7.3653,chips,-0.2570,0.4017,2.897,0,0.000
5130,7.3653,can,0.2011,0.2296,0.822,0,0.000
5131,7.3653,can,0.0746,0.2895,2.801,0,0.000
5132,7.3695,chips,-0.3275,0.3033,1.143,0,0.000
5133,7.3695,tetrapak,0.3357,0.2386,0.498,0,0.000
5134,7.3695,can,0.0731,0.2744,1.819,0,0.000
5135,7.3695,tetrapak,0.1295,0.5322,0.918,0,0.000
5136,7.3736,can,0.0133,0.6219,2.008,0,0.000
5137,7.3736,chips,-0.0249,0.7454,0.475,0,0.000
5138,7.3736,tetrapak,0.2861,0.1799,1.772,0,0.000
5139,7.3736,tetrapak,0.2880,0.3757,0.669,0,0.000
5140,7.3783,can,0.1400,0.4563,2.755,0,0.000
5141,7.3783,tetrapak,-0.1412,0.8012,1.324,0,0.000
5142,7.3783,can,0.0477,0.3586,0.411,0,0.000
5143,7.3783,can,0.0177,0.2104,1.293,0,0.000
5144,7.3818,tetrapak,0.2445,0.8285,2.531,0,0.000
5145,7.3818,tetrapak,0.2104,0.7581,2.918,0,0.000
5146,7.3818,can,0.3126,0.7243,2.772,0,0.000
5147,7.3818,can,-0.2758,0.3589,1.820,0,0.000
5148,7.3867,can,0.0293,0.4005,0.335,0,0.000
5149,7.3867,chips,-0.1412,0.7989,2.899,0,0.000
5150,7.3867,chips,-0.3186,0.7833,2.411,0,0.000
5151,7.3867,can,-0.2910,0.5891,1.529,0,0.000
5152,7.3904,chips,0.1605,0.7574,1.463,0,0.000
5153,7.3904,tetrapak,-0.1671,0.4170,0.483,0,0.000
5154,7.3904,tetrapak,0.1763,0.7657,1.946,0,0.000
5155,7.3904,chips,0.0569,0.7249,2.529,0,0.000
5156,7.3942,tetrapak,0.1376,0.3728,0.489,0,0.000
5157,7.3942,tetrapak,-0.0068,0.7898,2.732,0,0.000
5158,7.3942,can,-0.3218,0.6633,0.204,0,0.000
5159,7.3942,chips,-0.3479,0.4957,0.420,0,0.000
5160,7.3983,tetrapak,-0.2674,0.1831,2.562,0,0.000
5161,7.3983,can,0.2210,0.5278,0.671,0,0.000
5162,7.3983,tetrapak,0.2380,0.3331,2.909,0,0.000
5163,7.3983,tetrapak,0.1132,0.4182,0.910,0,0.000
5164,7.4020,tetrapak,-0.2737,0.2018,0.331,0,0.000
5165,7.4020,chips,0.2431,0.2322,2.744,0,0.000
5166,7.4020,chips,0.2372,0.4755,0.550,0,0.000
5167,7.4020,chips,0.1442,0.7741,0.530,0,0.000
5168,7.4061,can,-0.2679,0.2734,0.275,0,0.000
5169,7.4061,chips,0.1622,0.5771,2.230,0,0.000
5170,7.4061,chips,0.1134,0.2045,0.165,0,0.000
5171,7.4061,can,0.3196,0.6471,0.218,0,0.000
5172,7.4111,can,0.0049,0.1925,2.353,0,0.000
5173,7.4111,chips,0.0102,0.2905,2.717,0,0.000
5174,7.4111,tetrapak,-0.0653,0.1911,3.031,0,0.000
5175,7.4111,tetrapak,0.2659,0.3531,0.261,0,0.000
5176,7.4152,tetrapak,0.2925,0.5995,2.747,0,0.000
5177,7.4152,chips,-0.0902,0.5385,2.363,0,0.000
5178,7.4152,tetrapak,0.3263,0.8209,0.687,0,0.000
5179,7.4152,tetrapak,-0.2590,0.2199,3.074,0,0.000
5180,7.4196,tetrapak,-0.1408,0.7208,0.096,0,0.000
5181,7.4196,chips,0.0939,0.5964,1.174,0,0.000
5182,7.4196,chips,0.2676,0.4407,0.042,0,0.000
5183,7.4196,tetrapak,-0.1848,0.7200,0.759,0,0.000
5184,7.4243,can,-0.2665,0.5920,2.920,0,0.000
5185,7.4243,chips,-0.1228,0.3765,2.946,0,0.000
5186,7.4243,chips,-0.2041,0.2021,0.697,0,0.000
5187,7.4243,tetrapak,0.1284,0.3234,0.969,0,0.000
5188,7.4280,tetrapak,-0.2768,0.7034,2.986,0,0.000
5189,7.4280,tetrapak,-0.1022,0.6622,1.779,0,0.000
5190,7.4280,tetrapak,-0.0220,0.6115,1.286,0,0.000
5191,7.4280,chips,0.1663,0.2960,0.980,0,0.000
5192,7.4321,tetrapak,-0.0280,0.7495,1.466,0,0.000
5193,7.4321,chips,0.1666,0.6276,2.796,0,0.000
5194,7.4321,can,0.2824,0.5894,2.983,0,0.000
5195,7.4321,can,-0.0910,0.2671,2.618,0,0.000
5196,7.4365,chips,0.2533,0.2645,2.221,0,0.000
5197,7.4365,tetrapak,0.3205,0.5644,0.951,0,0.000
5198,7.4365,tetrapak,-0.0311,0.4652,0.754,0,0.000
5199,7.4365,can,0.1664,0.5577,1.464,0,0.000
5200,7.4407,chips,-0.2991,0.2589,0.160,0,0.000
5201,7.4407,can,-0.3218,0.7109,2.302,0,0.000
5202,7.4407,chips,0.1280,0.5565,2.067,0,0.000
5203,7.4407,chips,-0.2095,0.4865,1.282,0,0.000
5204,7.4447,chips,-0.0332,0.3211,2.225,0,0.000
5205,7.4447,can,-0.1570,0.1544,1.145,0,0.000
5206,7.4447,tetrapak,-0.3334,0.8040,2.218,0,0.000
5207,7.4447,chips,-0.2813,0.4066,2.234,0,0.000
5208,7.4490,chips,-0.0639,0.4234,2.808,0,0.000
5209,7.4490,chips,0.0300,0.6104,0.171,0,0.000
5210,7.4490,tetrapak,-0.1089,0.6498,0.253,0,0.000
5211,7.4490,chips,0.2741,0.7469,0.019,0,0.000
5212,7.4530,chips,-0.3029,0.2549,2.585,0,0.000
5213,7.4530,can,0.0282,0.5417,1.430,0,0.000
5214,7.4530,can,-0.1273,0.6716,2.341,0,0.000
5215,7.4530,can,0.0174,0.1796,0.301,0,0.000
5216,7.4572,chips,0.3209,0.4695,1.960,0,0.000
5217,7.4572,can,-0.0661,0.5071,0.296,0,0.000
5218,7.4572,chips,0.3290,0.4688,2.384,0,0.000
5219,7.4572,tetrapak,-0.0353,0.1967,2.489,0,0.000
5220,7.4611,chips,0.1908,0.3779,2.394,0,0.000
5221,7.4611,can,0.2700,0.4047,1.806,0,0.000
5222,7.4611,chips,0.1528,0.6776,1.303,0,0.000
5223,7.4611,tetrapak,-0.1676,0.4348,2.901,0,0.000
5224,7.4654,chips,0.2441,0.6242,1.062,0,0.000
5225,7.4654,chips,-0.0319,0.7704,2.244,0,0.000
5226,7.4654,chips,-0.2635,0.5138,2.656,0,0.000
5227,7.4654,tetrapak,-0.2602,0.8218,2.715,0,0.000
5228,7.4694,tetrapak,-0.2392,0.7388,1.531,0,0.000
5229,7.4694,tetrapak,-0.1967,0.7884,1.905,0,0.000
5230,7.4694,chips,0.1232,0.5584,1.036,0,0.000
5231,7.4694,chips,-0.0656,0.6476,0.583,0,0.000
5232,7.4740,chips,-0.0868,0.3564,3.016,0,0.000
5233,7.4740,chips,-0.0373,0.3383,1.634,0,0.000
5234,7.4740,tetrapak,-0.3335,0.3315,0.088,0,0.000
5235,7.4740,tetrapak,0.1414,0.8312,0.412,0,0.000
5236,7.4782,tetrapak,0.3437,0.3062,0.349,0,0.000
5237,7.4782,chips,0.3322,0.6915,0.528,0,0.000
5238,7.4782,can,0.3072,0.5609,2.323,0,0.000
5239,7.4782,chips,0.2226,0.6529,0.745,0,0.000
5240,7.4825,can,0.2363,0.4519,0.606,0,0.000
5241,7.4825,chips,0.0771,0.4566,2.633,0,0.000
5242,7.4825,chips,-0.0759,0.4940,1.071,0,0.000
5243,7.4825,tetrapak,0.0250,0.8053,2.824,0,0.000
5244,7.4867,tetrapak,-0.2630,0.3856,1.766,0,0.000
5245,7.4867,can,-0.1195,0.3649,1.471,0,0.000
5246,7.4867,chips,-0.1535,0.8134,3.081,0,0.000
5247,7.4867,chips,-0.1662,0.7626,2.394,0,0.000
5248,7.4907,tetrapak,-0.0129,0.4413,2.331,0,0.000
5249,7.4907,chips,0.2190,0.4643,0.091,0,0.000
5250,7.4907,can,0.0203,0.5741,1.804,0,0.000
5251,7.4907,tetrapak,0.1706,0.6085,1.739,0,0.000
5252,7.4969,chips,0.0621,0.7843,0.366,0,0.000
5253,7.4969,tetrapak,-0.1575,0.7742,2.430,0,0.000
5254,7.4969,chips,-0.1938,0.2902,1.062,0,0.000
5255,7.4969,tetrapak,-0.2941,0.6141,1.172,0,0.000
5256,7.5010,chips,0.0419,0.1867,0.954,0,0.000
5257,7.5010,tetrapak,-0.1857,0.6162,2.762,0,0.000
5258,7.5010,can,-0.3340,0.8383,2.293,0,0.000
5259,7.5010,chips,0.3021,0.3344,0.712,0,0.000
5260,7.5062,chips,0.1494,0.6469,0.187,0,0.000
5261,7.5062,tetrapak,0.1243,0.7326,2.094,0,0.000
5262,7.5062,chips,-0.3020,0.3199,0.033,0,0.000
5263,7.5062,chips,-0.0588,0.6038,2.648,0,0.000
5264,7.5102,tetrapak,0.1308,0.6695,0.876,0,0.000
5265,7.5102,can,-0.1801,0.5744,1.037,0,0.000
5266,7.5102,can,0.1134,0.5774,2.217,0,0.000
5267,7.5102,chips,0.2857,0.1790,2.871,0,0.000
5268,7.5143,can,0.0816,0.5432,0.385,0,0.000
5269,7.5143,chips,0.1597,0.5843,0.863,0,0.000
5270,7.5143,chips,-0.1277,0.8225,2.013,0,0.000
5271,7.5143,can,-0.0809,0.2020,1.485,0,0.000
5272,7.5184,can,-0.2857,0.3021,0.120,0,0.000
5273,7.5184,can,-0.1824,0.3835,0.855,0,0.000
5274,7.5184,chips,0.1991,0.5152,1.903,0,0.000
5275,7.5184,tetrapak,-0.3209,0.7553,1.634,0,0.000
5276,7.5223,tetrapak,-0.2715,0.7828,0.039,0,0.000
5277,7.5223,chips,-0.0302,0.6707,3.000,0,0.000
5278,7.5223,chips,0.2408,0.3875,1.478,0,0.000
5279,7.5223,chips,-0.0723,0.5803,2.831,0,0.000
5280,7.5271,can,0.3181,0.3401,1.850,0,0.000
5281,7.5271,can,0.1979,0.4218,2.215,0,0.000
5282,7.5271,chips,-0.2096,0.2160,1.073,0,0.000
5283,7.5271,chips,-0.1649,0.4650,0.490,0,0.000
5284,7.5320,can,0.1870,0.4039,1.256,0,0.000
5285,7.5320,can,-0.0350,0.8129,2.108,0,0.000
5286,7.5320,tetrapak,0.2045,0.7189,0.403,0,0.000
5287,7.5320,tetrapak,-0.1972,0.7254,0.606,0,0.000
5288,7.5399,chips,0.2892,0.7589,3.007,0,0.000
5289,7.5399,tetrapak,0.3063,0.5331,1.704,0,0.000
5290,7.5399,can,0.0385,0.4997,2.583,0,0.000
5291,7.5399,can,-0.2548,0.2588,0.776,0,0.000
5292,7.5439,tetrapak,0.2542,0.1939,1.106,0,0.000
5293,7.5439,can,0.2332,0.7780,2.579,0,0.000
5294,7.5439,chips,-0.0797,0.3721,1.441,0,0.000
5295,7.5439,chips,-0.1043,0.6800,0.226,0,0.000
5296,7.5479,can,-0.1008,0.5620,2.218,0,0.000
5297,7.5479,chips,0.0023,0.7385,1.761,0,0.000
5298,7.5479,can,-0.3196,0.8419,0.376,0,0.000
5299,7.5479,can,0.2705,0.2381,2.833,0,0.000
5300,7.5522,can,-0.2460,0.4678,0.513,0,0.000
5301,7.5522,can,-0.2484,0.3149,2.350,0,0.000
5302,7.5522,chips,0.0919,0.3700,3.015,0,0.000
5303,7.5522,can,0.0214,0.5449,0.778,0,0.000
5304,7.5565,can,-0.2825,0.8028,1.975,0,0.000
5305,7.5565,tetrapak,-0.1868,0.3978,0.089,0,0.000
5306,7.5565,tetrapak,-0.1320,0.7754,0.980,0,0.000
5307,7.5565,chips,0.0140,0.3858,2.366,0,0.000
5308,7.5604,tetrapak,0.0971,0.2090,2.045,0,0.000
5309,7.5604,tetrapak,0.3307,0.8218,2.223,0,0.000
5310,7.5604,can,-0.1564,0.4812,1.167,0,0.000
5311,7.5604,chips,0.0617,0.7995,2.647,0,0.000
5312,7.5644,can,0.2730,0.5756,2.328,0,0.000
5313,7.5644,can,0.2410,0.7404,2.091,0,0.000
5314,7.5644,chips,0.2474,0.8134,0.285,0,0.000
5315,7.5644,tetrapak,-0.2438,0.7171,1.964,0,0.000
5316,7.5682,tetrapak,-0.2770,0.7944,1.948,0,0.000
5317,7.5682,can,-0.1892,0.5871,0.052,0,0.000
5318,7.5682,can,-0.1477,0.1718,0.324,0,0.000
5319,7.5682,can,-0.2272,0.6154,1.047,0,0.000
5320,7.5732,tetrapak,0.1507,0.2793,2.931,0,0.000
5321,7.5732,tetrapak,0.1383,0.7333,2.252,0,0.000
5322,7.5732,chips,0.1077,0.7691,0.449,0,0.000
5323,7.5732,chips,-0.1465,0.5909,1.541,0,0.000
5324,7.5803,can,-0.3282,0.6583,0.841,0,0.000
5325,7.5803,can,0.2348,0.1590,0.897,0,0.000
5326,7.5803,can,-0.2596,0.6882,0.436,0,0.000
5327,7.5803,can,0.1054,0.3436,0.945,0,0.000
5328,7.5867,can,0.2679,0.4538,1.268,0,0.000
5329,7.5867,can,0.0385,0.4162,2.990,0,0.000
5330,7.5867,tetrapak,0.3194,0.3807,2.536,0,0.000
5331,7.5867,can,0.1338,0.5858,0.491,0,0.000
5332,7.5912,tetrapak,-0.1572,0.1942,2.149,0,0.000
5333,7.5912,tetrapak,-0.1823,0.5089,2.156,0,0.000
5334,7.5912,tetrapak,-0.2676,0.2442,1.883,0,0.000
5335,7.5912,chips,-0.2146,0.2934,1.921,0,0.000
5336,7.5968,can,-0.1350,0.7696,0.258,0,0.000
5337,7.5968,can,-0.0724,0.3350,1.311,0,0.000
5338,7.5968,chips,-0.2447,0.1652,0.589,0,0.000
5339,7.5968,tetrapak,-0.3069,0.5238,2.936,0,0.000
5340,7.6028,tetrapak,-0.2523,0.5673,0.556,0,0.000
5341,7.6028,tetrapak,0.0953,0.4208,1.680,0,0.000
5342,7.6028,tetrapak,0.0765,0.5766,2.029,0,0.000
5343,7.6028,tetrapak,-0.1765,0.2847,0.980,0,0.000
5344,7.6073,chips,0.1103,0.7529,0.647,0,0.000
5345,7.6073,tetrapak,-0.0019,0.4742,0.045,0,0.000
5346,7.6073,tetrapak,0.2893,0.1622,2.995,0,0.000
5347,7.6073,chips,0.2351,0.7455,2.871,0,0.000
5348,7.6111,chips,-0.2269,0.7473,0.430,0,0.000
5349,7.6111,can,0.1895,0.4874,0.075,0,0.000
5350,7.6111,tetrapak,0.2279,0.2203,1.220,0,0.000
5351,7.6111,chips,-0.1488,0.2113,2.251,0,0.000
5352,7.6159,can,-0.0473,0.5667,1.157,0,0.000
5353,7.6159,chips,0.1531,0.3821,2.046,0,0.000
5354,7.6159,can,-0.3272,0.7946,2.487,0,0.000
5355,7.6159,can,-0.2944,0.6015,1.778,0,0.000
5356,7.6203,can,-0.0674,0.2501,1.357,0,0.000
5357,7.6203,chips,0.1609,0.7643,0.860,0,0.000
5358,7.6203,can,0.0702,0.4853,2.744,0,0.000
5359,7.6203,chips,-0.1438,0.1960,2.018,0,0.000
5360,7.6253,can,0.0998,0.6853,2.931,0,0.000
5361,7.6253,chips,0.1203,0.6552,1.128,0,0.000
5362,7.6253,tetrapak,0.3446,0.2917,2.182,0,0.000
5363,7.6253,tetrapak,-0.1280,0.3638,1.350,0,0.000
5364,7.6332,can,-0.2439,0.6243,0.471,0,0.000
5365,7.6332,tetrapak,0.1924,0.3455,1.555,0,0.000
5366,7.6332,chips,-0.2451,0.6948,0.808,0,0.000
5367,7.6332,tetrapak,-0.1014,0.7464,0.667,0,0.000
5368,7.6378,chips,-0.2641,0.2436,3.097,0,0.000
5369,7.6378,tetrapak,0.1234,0.4556,2.399,0,0.000
5370,7.6378,can,0.2014,0.2608,2.276,0,0.000
5371,7.6378,tetrapak,0.1593,0.8183,0.666,0,0.000
5372,7.6423,tetrapak,0.2105,0.3150,2.355,0,0.000
5373,7.6423,chips,-0.0058,0.4904,2.240,0,0.000
5374,7.6423,can,0.3293,0.3860,3.097,0,0.000
5375,7.6423,chips,0.3418,0.5586,1.877,0,0.000
5376,7.6593,tetrapak,-0.0935,0.3895,0.461,0,0.000
5377,7.6593,tetrapak,0.1611,0.3659,2.195,0,0.000
5378,7.6593,can,-0.3060,0.7000,1.808,0,0.000
5379,7.6593,can,0.0180,0.7455,1.487,0,0.000
5380,7.6659,tetrapak,0.1515,0.3128,0.730,0,0.000
5381,7.6659,chips,0.0490,0.2665,0.426,0,0.000
5382,7.6659,can,-0.1779,0.6060,2.035,0,0.000
5383,7.6659,can,0.3029,0.6605,0.319,0,0.000
5384,7.6699,chips,-0.1756,0.7933,3.116,0,0.000
5385,7.6699,can,-0.2793,0.4887,1.290,0,0.000
5386,7.6699,chips,-0.0353,0.7019,0.920,0,0.000
5387,7.6699,chips,-0.3127,0.4374,3.120,0,0.000
5388,7.6746,can,0.0558,0.5011,0.138,0,0.000
5389,7.6746,tetrapak,-0.0994,0.8027,1.299,0,0.000
5390,7.6746,can,-0.2755,0.3412,2.054,0,0.000
5391,7.6746,chips,0.2193,0.3868,1.278,0,0.000
5392,7.6788,can,0.1596,0.4881,1.485,0,0.000
5393,7.6788,can,0.0955,0.6733,2.027,0,0.000
5394,7.6788,tetrapak,-0.1720,0.6987,0.508,0,0.000
5395,7.6788,chips,-0.3367,0.7617,0.297,0,0.000
5396,7.6831,can,-0.2594,0.5772,2.835,0,0.000
5397,7.6831,tetrapak,-0.1074,0.2551,2.461,0,0.000
5398,7.6831,chips,0.2136,0.5397,1.356,0,0.000
5399,7.6831,can,0.1358,0.6024,1.826,0,0.000
5400,7.6874,chips,-0.2850,0.7424,1.931,0,0.000
5401,7.6874,can,0.3016,0.1720,3.073,0,0.000
5402,7.6874,tetrapak,-0.3229,0.5298,2.287,0,0.000
5403,7.6874,tetrapak,-0.1958,0.6647,1.713,0,0.000
5404,7.6917,chips,0.0548,0.2283,3.033,0,0.000
5405,7.6917,can,0.0852,0.3261,2.339,0,0.000
5406,7.6917,can,-0.0113,0.4000,1.460,0,0.000
5407,7.6917,tetrapak,-0.3248,0.8422,1.216,0,0.000
5408,7.6973,tetrapak,-0.2597,0.1597,0.190,0,0.000
5409,7.6973,can,0.0452,0.6598,0.173,0,0.000
5410,7.6973,can,-0.1673,0.5909,2.560,0,0.000
5411,7.6973,tetrapak,0.1832,0.5669,1.080,0,0.000
5412,7.7011,tetrapak,0.2041,0.4807,2.684,0,0.000
5413,7.7011,tetrapak,-0.2681,0.5810,1.087,0,0.000
5414,7.7011,tetrapak,0.2410,0.5558,1.069,0,0.000
5415,7.7011,chips,-0.3256,0.6569,0.235,0,0.000
5416,7.7057,chips,0.0673,0.1551,2.938,0,0.000
5417,7.7057,chips,-0.1437,0.6455,2.569,0,0.000
5418,7.7057,can,0.2830,0.3079,0.702,0,0.000
5419,7.7057,can,-0.2956,0.5372,0.741,0,0.000
5420,7.7109,tetrapak,0.0430,0.6771,2.799,0,0.000
5421,7.7109,chips,0.2500,0.7160,0.392,0,0.000
5422,7.7109,can,-0.0204,0.2961,0.772,0,0.000
5423,7.7109,chips,-0.0412,0.7089,1.249,0,0.000
5424,7.7162,can,0.0305,0.2270,2.235,0,0.000
5425,7.7162,tetrapak,-0.2875,0.6808,1.412,0,0.000
5426,7.7162,tetrapak,0.1242,0.4011,1.815,0,0.000
5427,7.7162,can,0.0432,0.2234,3.043,0,0.000
5428,7.7206,chips,0.0349,0.3934,2.741,0,0.000
5429,7.7206,chips,0.1975,0.7277,1.004,0,0.000
5430,7.7206,can,-0.0521,0.2320,1.703,0,0.000
5431,7.7206,tetrapak,-0.2701,0.7041,1.770,0,0.000
5432,7.7247,can,0.2194,0.3684,0.647,0,0.000
5433,7.7247,can,-0.2573,0.5577,1.457,0,0.000
5434,7.7247,tetrapak,0.1128,0.1724,0.245,0,0.000
5435,7.7247,can,-0.3131,0.7460,2.936,0,0.000
5436,7.7294,chips,0.2735,0.2469,1.699,0,0.000
5437,7.7294,chips,0.1792,0.2347,0.356,0,0.000
5438,7.7294,can,0.0256,0.1600,2.719,0,0.000
5439,7.7294,can,0.3250,0.2745,2.063,0,0.000
5440,7.7339,tetrapak,-0.0293,0.6201,2.082,0,0.000
5441,7.7339,chips,-0.0292,0.3728,2.259,0,0.000
5442,7.7339,chips,-0.1063,0.7116,0.403,0,0.000
5443,7.7339,chips,-0.1519,0.1759,1.198,0,0.000
5444,7.7385,tetrapak,-0.0622,0.6295,1.834,0,0.000
5445,7.7385,tetrapak,0.3180,0.1904,0.498,0,0.000
5446,7.7385,tetrapak,-0.3157,0.3834,1.807,0,0.000
5447,7.7385,tetrapak,-0.2419,0.3433,0.652,0,0.000
5448,7.7434,tetrapak,0.1983,0.3671,1.601,0,0.000
5449,7.7434,chips,0.0854,0.2430,2.354,0,0.000
5450,7.7434,chips,-0.0803,0.5823,0.475,0,0.000
5451,7.7434,can,0.1493,0.6461,1.104,0,0.000
5452,7.7477,can,-0.2436,0.4264,2.236,0,0.000
5453,7.7477,can,0.2938,0.1956,2.950,0,0.000
5454,7.7477,can,-0.1374,0.4745,2.392,0,0.000
5455,7.7477,tetrapak,0.2796,0.7499,1.759,0,0.000
5456,7.7534,tetrapak,-0.2961,0.1663,0.336,0,0.000
5457,7.7534,can,-0.1557,0.4024,0.184,0,0.000
5458,7.7534,chips,0.0127,0.4625,1.931,0,0.000
5459,7.7534,tetrapak,0.3468,0.5726,1.490,0,0.000
5460,7.7582,can,-0.1987,0.5055,2.131,0,0.000
5461,7.7582,can,0.1157,0.7877,1.703,0,0.000
5462,7.7582,chips,0.0125,0.2541,0.601,0,0.000
5463,7.7582,tetrapak,0.1748,0.5705,0.605,0,0.000
5464,7.7626,can,0.2080,0.2287,1.220,0,0.000
5465,7.7626,chips,0.2623,0.4800,0.569,0,0.000
5466,7.7626,can,0.1778,0.6058,0.587,0,0.000
5467,7.7626,chips,0.0513,0.3688,1.281,0,0.000
5468,7.7676,can,-0.3115,0.3451,2.534,0,0.000
5469,7.7676,chips,0.2590,0.3404,3.045,0,0.000
5470,7.7676,chips,0.0321,0.4702,1.681,0,0.000
5471,7.7676,can,-0.2614,0.2421,0.101,0,0.000
5472,7.7724,can,-0.3211,0.4476,2.262,0,0.000
5473,7.7724,can,-0.1686,0.7701,1.748,0,0.000
5474,7.7724,tetrapak,0.0914,0.2021,2.052,0,0.000
5475,7.7724,can,-0.2694,0.8005,1.369,0,0.000
5476,7.7774,tetrapak,-0.0026,0.3820,0.855,0,0.000
5477,7.7774,can,-0.0702,0.8158,1.844,0,0.000
5478,7.7774,tetrapak,0.0163,0.5385,1.319,0,0.000
5479,7.7774,chips,0.0666,0.7484,1.252,0,0.000
5480,7.7812,chips,0.3177,0.2056,1.324,0,0.000
5481,7.7812,can,-0.1727,0.5576,1.597,0,0.000
5482,7.7812,tetrapak,0.2711,0.3857,0.082,0,0.000
5483,7.7812,chips,-0.0482,0.5440,0.698,0,0.000
5484,7.7886,tetrapak,-0.3461,0.3925,0.562,0,0.000
5485,7.7886,tetrapak,-0.0265,0.6233,2.853,0,0.000
5486,7.7886,tetrapak,-0.2850,0.2932,2.918,0,0.000
5487,7.7886,can,0.3344,0.6279,2.958,0,0.000
5488,7.7931,tetrapak,0.2180,0.1655,0.853,0,0.000
5489,7.7931,can,0.2989,0.7782,0.823,0,0.000
5490,7.7931,chips,-0.3289,0.2469,1.270,0,0.000
5491,7.7931,chips,0.2162,0.8259,1.923,0,0.000
5492,7.7989,chips,-0.1951,0.7123,1.243,0,0.000
5493,7.7989,tetrapak,0.2646,0.7645,1.321,0,0.000
5494,7.7989,can,-0.1629,0.7851,2.438,0,0.000
5495,7.7989,can,-0.2170,0.5810,0.065,0,0.000
5496,7.8038,can,0.1698,0.4507,2.319,0,0.000
5497,7.8038,can,-0.2385,0.2615,0.102,0,0.000
5498,7.8038,can,0.2451,0.3731,1.867,0,0.000
5499,7.8038,can,0.2418,0.7401,0.945,0,0.000
5500,7.8085,chips,0.3197,0.2842,2.390,0,0.000
5501,7.8085,tetrapak,0.1130,0.3115,1.391,0,0.000
5502,7.8085,can,0.2546,0.6020,0.069,0,0.000
5503,7.8085,tetrapak,0.2328,0.1772,2.780,0,0.000
5504,7.8126,can,-0.2357,0.6672,0.613,0,0.000
5505,7.8126,can,0.0777,0.4212,2.408,0,0.000
5506,7.8126,can,0.0567,0.4071,2.565,0,0.000
5507,7.8126,can,-0.1492,0.1751,1.553,0,0.000
5508,7.8169,tetrapak,-0.0385,0.6681,1.753,0,0.000
5509,7.8169,tetrapak,0.2333,0.2225,1.363,0,0.000
5510,7.8169,tetrapak,0.3341,0.4879,2.111,0,0.000
5511,7.8169,chips,0.3213,0.1970,1.991,0,0.000
5512,7.8216,can,0.0271,0.5467,1.703,0,0.000
5513,7.8216,chips,-0.1123,0.7750,0.090,0,0.000
5514,7.8216,tetrapak,-0.2235,0.2003,2.474,0,0.000
5515,7.8216,tetrapak,-0.1021,0.1811,0.034,0,0.000
5516,7.8254,tetrapak,-0.1570,0.3814,2.865,0,0.000
5517,7.8254,can,-0.2232,0.3743,2.977,0,0.000
5518,7.8254,tetrapak,0.2975,0.7682,1.951,0,0.000
5519,7.8254,chips,0.1440,0.7778,0.075,0,0.000
5520,7.8296,can,0.1966,0.6302,2.534,0,0.000
5521,7.8296,chips,0.3280,0.5728,3.026,0,0.000
5522,7.8296,can,0.2232,0.5793,2.582,0,0.000
5523,7.8296,can,-0.2501,0.3268,0.737,0,0.000
5524,7.8362,tetrapak,-0.0318,0.2072,1.804,0,0.000
5525,7.8362,can,0.1588,0.3310,0.807,0,0.000
5526,7.8362,chips,0.2401,0.3730,2.864,0,0.000
5527,7.8362,can,0.3067,0.7689,0.917,0,0.000
5528,7.8403,chips,0.3029,0.4184,2.063,0,0.000
5529,7.8403,can,0.0311,0.2140,2.149,0,0.000
5530,7.8403,tetrapak,0.1993,0.2082,0.701,0,0.000
5531,7.8403,chips,-0.3132,0.7654,2.251,0,0.000
5532,7.8445,tetrapak,0.3057,0.3262,1.058,0,0.000
5533,7.8445,tetrapak,0.1220,0.8327,1.434,0,0.000
5534,7.8445,chips,-0.1031,0.4580,3.009,0,0.000
5535,7.8445,tetrapak,-0.2890,0.5963,1.810,0,0.000
5536,7.8498,chips,-0.1483,0.6601,1.883,0,0.000
5537,7.8498,tetrapak,-0.0658,0.5279,1.611,0,0.000
5538,7.8498,can,0.1398,0.2608,0.898,0,0.000
5539,7.8498,tetrapak,-0.3337,0.6387,1.789,0,0.000
5540,7.8542,tetrapak,0.1676,0.6369,0.731,0,0.000
5541,7.8542,chips,0.3238,0.1561,1.195,0,0.000
5542,7.8542,chips,-0.3362,0.2971,2.014,0,0.000
5543,7.8542,can,-0.3104,0.3749,2.621,0,0.000
5544,7.8590,tetrapak,0.0407,0.4669,1.208,0,0.000
5545,7.8590,tetrapak,0.3088,0.5580,2.023,0,0.000
5546,7.8590,chips,-0.3084,0.5294,2.481,0,0.000
5547,7.8590,chips,0.2680,0.6297,1.723,0,0.000
5548,7.8633,can,0.1434,0.8478,1.217,0,0.000
5549,7.8633,can,0.0907,0.4722,2.706,0,0.000
5550,7.8633,can,-0.1252,0.2395,2.163,0,0.000
5551,7.8633,tetrapak,-0.0794,0.3916,2.832,0,0.000
5552,7.8676,tetrapak,0.1125,0.4678,0.941,0,0.000
5553,7.8676,can,-0.1987,0.2094,2.468,0,0.000
5554,7.8676,chips,0.2002,0.2969,0.685,0,0.000
5555,7.8676,can,-0.1713,0.8164,2.172,0,0.000
5556,7.8716,chips,0.0554,0.8343,0.396,0,0.000
5557,7.8716,can,-0.1798,0.7088,1.325,0,0.000
5558,7.8716,can,-0.1661,0.5683,2.618,0,0.000
5559,7.8716,chips,-0.2937,0.6933,1.415,0,0.000
5560,7.8754,chips,0.0602,0.6670,2.045,0,0.000
5561,7.8754,chips,-0.1890,0.5255,1.118,0,0.000
5562,7.8754,can,-0.1487,0.4033,0.156,0,0.000
5563,7.8754,can,-0.1244,0.2817,1.568,0,0.000
5564,7.8790,tetrapak,-0.2834,0.2203,3.043,0,0.000
5565,7.8790,can,0.2557,0.4814,1.740,0,0.000
5566,7.8790,chips,-0.3394,0.5540,0.592,0,0.000
5567,7.8790,can,-0.2725,0.6852,0.453,0,0.000
5568,7.8834,tetrapak,-0.1703,0.6317,2.792,0,0.000
5569,7.8834,can,0.1443,0.4722,0.925,0,0.000
5570,7.8834,tetrapak,-0.1794,0.1704,1.567,0,0.000
5571,7.8834,tetrapak,-0.0918,0.8391,2.353,0,0.000
5572,7.8883,chips,-0.1961,0.6986,2.677,0,0.000
5573,7.8883,tetrapak,-0.2312,0.7812,1.762,0,0.000
5574,7.8883,can,0.1271,0.7363,1.214,0,0.000
5575,7.8883,tetrapak,0.1470,0.2014,1.372,0,0.000
5576,7.8935,tetrapak,-0.2673,0.2225,0.818,0,0.000
5577,7.8935,can,-0.2401,0.6401,2.878,0,0.000
5578,7.8935,chips,0.2242,0.4096,1.541,0,0.000
5579,7.8935,can,-0.0370,0.3044,0.181,0,0.000
5580,7.8987,can,0.1052,0.6488,2.479,0,0.000
5581,7.8987,tetrapak,-0.2087,0.3393,0.399,0,0.000
5582,7.8987,can,-0.3366,0.8331,2.961,0,0.000
5583,7.8987,can,0.2093,0.3916,1.124,0,0.000
5584,7.9028,chips,-0.3182,0.4105,0.344,0,0.000
5585,7.9028,chips,0.0404,0.7266,1.784,0,0.000
5586,7.9028,chips,0.0736,0.2015,3.059,0,0.000
5587,7.9028,chips,-0.0427,0.5790,0.122,0,0.000
5588,7.9076,tetrapak,-0.0539,0.7993,0.436,0,0.000
5589,7.9076,chips,-0.2157,0.8254,2.393,0,0.000
5590,7.9076,tetrapak,0.1424,0.4533,2.301,0,0.000
5591,7.9076,tetrapak,-0.3135,0.7840,2.465,0,0.000
5592,7.9118,can,-0.1300,0.3955,1.740,0,0.000
5593,7.9118,chips,0.2774,0.5435,1.832,0,0.000
5594,7.9118,can,-0.2199,0.1917,1.787,0,0.000
5595,7.9118,chips,-0.2770,0.3477,0.668,0,0.000
5596,7.9159,can,0.1587,0.5423,0.144,0,0.000
5597,7.9159,chips,0.1258,0.2988,0.657,0,0.000
5598,7.9159,chips,0.2544,0.1703,0.624,0,0.000
5599,7.9159,chips,0.3047,0.2332,2.799,0,0.000
5600,7.9196,chips,0.0900,0.2509,2.768,0,0.000
5601,7.9196,can,0.2865,0.3253,1.402,0,0.000
5602,7.9196,chips,0.2885,0.5940,0.593,0,0.000
5603,7.9196,tetrapak,-0.2424,0.1986,0.891,0,0.000
5604,7.9232,tetrapak,-0.2617,0.2153,1.852,0,0.000
5605,7.9232,can,-0.2197,0.2466,1.438,0,0.000
5606,7.9232,chips,-0.0921,0.7319,1.665,0,0.000
5607,7.9232,can,-0.2570,0.4210,2.756,0,0.000
5608,7.9271,chips,0.2484,0.5998,0.654,0,0.000
5609,7.9271,can,-0.3239,0.7434,0.076,0,0.000
5610,7.9271,tetrapak,-0.1545,0.3718,1.822,0,0.000
5611,7.9271,tetrapak,-0.0486,0.5530,1.542,0,0.000
5612,7.9311,can,0.3253,0.4474,2.353,0,0.000
5613,7.9311,tetrapak,-0.2196,0.3350,1.673,0,0.000
5614,7.9311,chips,-0.2534,0.3686,1.965,0,0.000
5615,7.9311,chips,0.0582,0.4169,1.061,0,0.000
5616,7.9360,can,0.0393,0.7887,2.125,0,0.000
5617,7.9360,tetrapak,0.3259,0.7178,1.339,0,0.000
5618,7.9360,can,0.3264,0.7140,2.135,0,0.000
5619,7.9360,tetrapak,0.2170,0.7781,2.222,0,0.000
5620,7.9402,chips,0.3126,0.2716,2.425,0,0.000
5621,7.9402,tetrapak,-0.2838,0.2586,2.317,0,0.000
5622,7.9402,chips,0.2001,0.3127,3.090,0,0.000
5623,7.9402,chips,0.2716,0.1714,0.257,0,0.000
5624,7.9446,can,-0.0788,0.6594,1.142,0,0.000
5625,7.9446,tetrapak,-0.3046,0.6360,0.306,0,0.000
5626,7.9446,can,0.3059,0.6887,2.984,0,0.000
5627,7.9446,tetrapak,0.1675,0.7394,1.910,0,0.000
5628,7.9490,can,-0.2860,0.7463,2.696,0,0.000
5629,7.9490,tetrapak,0.2082,0.7664,0.340,0,0.000
5630,7.9490,can,-0.1982,0.7198,1.705,0,0.000
5631,7.9490,can,0.0974,0.2456,2.542,0,0.000
5632,7.9528,chips,-0.2122,0.4052,2.496,0,0.000
5633,7.9528,chips,0.0618,0.2286,0.781,0,0.000
5634,7.9528,chips,-0.1568,0.8333,1.473,0,0.000
5635,7.9528,can,0.1796,0.4711,0.191,0,0.000
5636,7.9566,tetrapak,-0.1128,0.5724,0.797,0,0.000
5637,7.9566,tetrapak,-0.1213,0.6349,1.598,0,0.000
5638,7.9566,chips,-0.1951,0.4176,2.569,0,0.000
5639,7.9566,can,-0.1485,0.4117,2.587,0,0.000
5640,7.9607,can,0.1259,0.2853,0.970,0,0.000
5641,7.9607,can,-0.2772,0.2716,2.651,0,0.000
5642,7.9607,tetrapak,0.0390,0.2242,1.388,0,0.000
5643,7.9607,can,0.1550,0.4697,0.487,0,0.000
5644,7.9656,can,-0.0761,0.7445,0.187,0,0.000
5645,7.9656,can,-0.1139,0.3191,0.349,0,0.000
5646,7.9656,chips,0.0505,0.2855,2.797,0,0.000
5647,7.9656,can,-0.2438,0.8362,2.983,0,0.000
5648,7.9696,can,-0.3060,0.6472,2.370,0,0.000
5649,7.9696,tetrapak,0.2401,0.4575,1.375,0,0.000
5650,7.9696,can,-0.0098,0.6445,2.922,0,0.000
5651,7.9696,tetrapak,0.0898,0.7818,1.340,0,0.000
5652,7.9738,can,0.2227,0.6508,0.437,0,0.000
5653,7.9738,can,-0.3186,0.8071,1.482,0,0.000
5654,7.9738,tetrapak,-0.3453,0.3471,1.388,0,0.000
5655,7.9738,can,-0.0213,0.7371,2.381,0,0.000
5656,7.9784,tetrapak,-0.1067,0.4590,1.751,0,0.000
5657,7.9784,tetrapak,-0.0075,0.5953,1.034,0,0.000
5658,7.9784,chips,0.0300,0.6130,0.288,0,0.000
5659,7.9784,can,0.0497,0.7387,2.354,0,0.000
5660,7.9824,chips,0.2665,0.6101,2.116,0,0.000
5661,7.9824,tetrapak,-0.2037,0.4072,0.193,0,0.000
5662,7.9824,can,0.1958,0.5059,2.300,0,0.000
5663,7.9824,tetrapak,-0.3310,0.1876,2.535,0,0.000
5664,7.9867,can,0.2139,0.3877,1.752,0,0.000
5665,7.9867,chips,-0.1125,0.4297,2.037,0,0.000
5666,7.9867,tetrapak,0.1213,0.3951,2.663,0,0.000
5667,7.9867,can,0.1732,0.7666,2.332,0,0.000
5668,7.9905,chips,-0.0121,0.2953,1.734,0,0.000
5669,7.9905,chips,-0.0742,0.2871,0.954,0,0.000
5670,7.9905,chips,-0.2658,0.2876,0.103,0,0.000
5671,7.9905,can,-0.3066,0.8475,1.409,0,0.000
5672,7.9958,can,0.2667,0.2414,2.441,0,0.000
5673,7.9958,can,-0.1326,0.3461,0.065,0,0.000
5674,7.9958,tetrapak,0.1498,0.3640,0.895,0,0.000
5675,7.9958,can,0.2459,0.6349,1.361,0,0.000
5676,8.0009,can,-0.0013,0.2508,2.927,0,0.000
5677,8.0009,can,-0.1949,0.1651,1.058,0,0.000
5678,8.0009,chips,-0.1987,0.5152,1.536,0,0.000
5679,8.0009,can,0.1359,0.3933,1.565,0,0.000
